id,name,poblado_id:id,l10n_pa_code
barrio_pa_1_1_1_11_1,Bocas del Toro (P),poblado_pa_1_1_1_11,1-1-1-11-1
barrio_pa_1_1_1_11_3,Barriada la Solución,poblado_pa_1_1_1_11,1-1-1-11-3
barrio_pa_1_1_1_11_4,Loma del Espino,poblado_pa_1_1_1_11,1-1-1-11-4
barrio_pa_1_1_6_2_1,Bocas del Toro (P),poblado_pa_1_1_6_2,1-1-6-2-1
barrio_pa_1_1_6_2_2,Saigón,poblado_pa_1_1_6_2,1-1-6-2-2
barrio_pa_1_2_1_12_2,Base Line,poblado_pa_1_2_1_12,1-2-1-12-2
barrio_pa_1_2_1_12_3,Changuinola,poblado_pa_1_2_1_12,1-2-1-12-3
barrio_pa_1_2_1_12_6,Finca 11 (P),poblado_pa_1_2_1_12,1-2-1-12-6
barrio_pa_1_2_1_12_14,Finca 66 (P),poblado_pa_1_2_1_12,1-2-1-12-14
barrio_pa_1_2_1_12_40,Switch 4,poblado_pa_1_2_1_12,1-2-1-12-40
barrio_pa_1_2_1_12_43,Barriada Quintas de Villa Verde,poblado_pa_1_2_1_12,1-2-1-12-43
barrio_pa_1_2_1_12_44,Barriada 21 de Septiembre,poblado_pa_1_2_1_12,1-2-1-12-44
barrio_pa_1_2_1_12_45,Barriada Nueva Visión,poblado_pa_1_2_1_12,1-2-1-12-45
barrio_pa_1_2_1_12_46,Precarismo de Corrugado (P),poblado_pa_1_2_1_12,1-2-1-12-46
barrio_pa_1_2_3_11_1,Barriada Administración,poblado_pa_1_2_3_11,1-2-3-11-1
barrio_pa_1_2_3_11_2,Barriada el Tecal,poblado_pa_1_2_3_11,1-2-3-11-2
barrio_pa_1_2_3_11_3,Barriada Patria Nueva,poblado_pa_1_2_3_11,1-2-3-11-3
barrio_pa_1_2_3_11_4,Guabito (P),poblado_pa_1_2_3_11,1-2-3-11-4
barrio_pa_1_2_3_11_5,Rubén Dario Paredes,poblado_pa_1_2_3_11,1-2-3-11-5
barrio_pa_1_2_3_11_6,Barriada 23 de Agosto,poblado_pa_1_2_3_11,1-2-3-11-6
barrio_pa_1_2_3_11_7,La Cúcula,poblado_pa_1_2_3_11,1-2-3-11-7
barrio_pa_1_2_3_11_8,Nueva Generación,poblado_pa_1_2_3_11,1-2-3-11-8
barrio_pa_1_2_3_11_9,Guabito Gardens,poblado_pa_1_2_3_11,1-2-3-11-9
barrio_pa_1_2_3_11_10,Barriada 26 de Enero,poblado_pa_1_2_3_11,1-2-3-11-10
barrio_pa_1_2_6_15_1,Barriada Universitaria,poblado_pa_1_2_6_15,1-2-6-15-1
barrio_pa_1_2_6_15_2,Coibita,poblado_pa_1_2_6_15,1-2-6-15-2
barrio_pa_1_2_6_15_3,El Empalme,poblado_pa_1_2_6_15,1-2-6-15-3
barrio_pa_1_2_6_15_4,Finca 13,poblado_pa_1_2_6_15,1-2-6-15-4
barrio_pa_1_2_6_15_5,Finca 15,poblado_pa_1_2_6_15,1-2-6-15-5
barrio_pa_1_2_6_15_6,Finca 65 (P),poblado_pa_1_2_6_15,1-2-6-15-6
barrio_pa_1_2_6_15_7,Luzón,poblado_pa_1_2_6_15,1-2-6-15-7
barrio_pa_1_2_6_15_8,Barriada Lincoln Creek,poblado_pa_1_2_6_15,1-2-6-15-8
barrio_pa_1_2_6_15_9,Barriada el Mayor A,poblado_pa_1_2_6_15,1-2-6-15-9
barrio_pa_1_2_6_15_10,Balas Pit,poblado_pa_1_2_6_15,1-2-6-15-10
barrio_pa_1_2_6_15_11,Barriada el Mayor B,poblado_pa_1_2_6_15,1-2-6-15-11
barrio_pa_1_2_6_15_12,La Loma o Barriada Nueva Esperanza,poblado_pa_1_2_6_15,1-2-6-15-12
barrio_pa_1_2_6_15_13,Luzón D,poblado_pa_1_2_6_15,1-2-6-15-13
barrio_pa_1_2_6_15_14,Planta de Molde,poblado_pa_1_2_6_15,1-2-6-15-14
barrio_pa_1_2_6_15_15,Festival del Banano,poblado_pa_1_2_6_15,1-2-6-15-15
barrio_pa_1_2_6_15_18,Barrio Dulce,poblado_pa_1_2_6_15,1-2-6-15-18
barrio_pa_1_2_6_15_19,La Primavera,poblado_pa_1_2_6_15,1-2-6-15-19
barrio_pa_1_2_6_15_20,Pueblo Nuevo de Transportación,poblado_pa_1_2_6_15,1-2-6-15-20
barrio_pa_1_2_6_15_21,Barriada los Ángeles,poblado_pa_1_2_6_15,1-2-6-15-21
barrio_pa_1_2_7_25_1,Las Tablas,poblado_pa_1_2_7_25,1-2-7-25-1
barrio_pa_1_2_7_25_2,100 Casas,poblado_pa_1_2_7_25,1-2-7-25-2
barrio_pa_1_2_13_5_1,Barriada 4 de Abril o los Precaristas,poblado_pa_1_2_13_5,1-2-13-5-1
barrio_pa_1_2_13_5_2,Barriada 22 de Septiembre,poblado_pa_1_2_13_5,1-2-13-5-2
barrio_pa_1_2_13_5_3,Barriada el Cartón,poblado_pa_1_2_13_5,1-2-13-5-3
barrio_pa_1_2_13_5_4,Barriada Vista Alegre,poblado_pa_1_2_13_5,1-2-13-5-4
barrio_pa_1_2_13_5_5,Corrugado (P),poblado_pa_1_2_13_5,1-2-13-5-5
barrio_pa_1_2_13_5_6,Eben-Ezer,poblado_pa_1_2_13_5,1-2-13-5-6
barrio_pa_1_2_13_5_7,Finca 11 (P),poblado_pa_1_2_13_5,1-2-13-5-7
barrio_pa_1_2_15_3_2,Barriada Arco Iris,poblado_pa_1_2_15_3,1-2-15-3-2
barrio_pa_1_2_15_3_3,Barriada Betel,poblado_pa_1_2_15_3,1-2-15-3-3
barrio_pa_1_2_15_3_4,Barriada el Cangrejo,poblado_pa_1_2_15_3,1-2-15-3-4
barrio_pa_1_2_15_3_5,Barriada el Paraíso o Finca 42,poblado_pa_1_2_15_3,1-2-15-3-5
barrio_pa_1_2_15_3_6,Barriada los Laureles,poblado_pa_1_2_15_3,1-2-15-3-6
barrio_pa_1_2_15_3_7,Barriada Nueva Esperanza,poblado_pa_1_2_15_3,1-2-15-3-7
barrio_pa_1_2_15_3_9,Cobana,poblado_pa_1_2_15_3,1-2-15-3-9
barrio_pa_1_2_15_3_10,Corrugado (P),poblado_pa_1_2_15_3,1-2-15-3-10
barrio_pa_1_2_15_3_11,Finca 41,poblado_pa_1_2_15_3,1-2-15-3-11
barrio_pa_1_2_15_3_12,Finca 42,poblado_pa_1_2_15_3,1-2-15-3-12
barrio_pa_1_2_15_3_13,Finca 6,poblado_pa_1_2_15_3,1-2-15-3-13
barrio_pa_1_2_15_3_14,San Bosco,poblado_pa_1_2_15_3,1-2-15-3-14
barrio_pa_1_2_15_3_15,Urbanización Villa Esperanza,poblado_pa_1_2_15_3,1-2-15-3-15
barrio_pa_1_2_15_3_16,Villa Marina,poblado_pa_1_2_15_3,1-2-15-3-16
barrio_pa_1_2_15_3_20,Barrio Adonai,poblado_pa_1_2_15_3,1-2-15-3-20
barrio_pa_1_2_15_3_22,El Lero,poblado_pa_1_2_15_3,1-2-15-3-22
barrio_pa_1_2_15_3_23,Precarismo de Corrugado (P),poblado_pa_1_2_15_3,1-2-15-3-23
barrio_pa_1_2_15_3_24,Sector 3,poblado_pa_1_2_15_3,1-2-15-3-24
barrio_pa_1_2_15_3_25,Barrio Shalom,poblado_pa_1_2_15_3,1-2-15-3-25
barrio_pa_1_2_15_3_26,Sector 4 Ó 5 de Mayo,poblado_pa_1_2_15_3,1-2-15-3-26
barrio_pa_1_2_20_1_1,Barriada Barnett,poblado_pa_1_2_20_1,1-2-20-1-1
barrio_pa_1_2_20_1_2,Barriada Switch,poblado_pa_1_2_20_1,1-2-20-1-2
barrio_pa_1_2_20_1_3,El Puré,poblado_pa_1_2_20_1,1-2-20-1-3
barrio_pa_1_2_20_1_4,Finca 8 (P),poblado_pa_1_2_20_1,1-2-20-1-4
barrio_pa_1_2_20_1_5,Finca 12,poblado_pa_1_2_20_1,1-2-20-1-5
barrio_pa_1_2_21_10_1,Guabito (P),poblado_pa_1_2_21_10,1-2-21-10-1
barrio_pa_1_2_22_1_1,Barrio Lindo,poblado_pa_1_2_22_1,1-2-22-1-1
barrio_pa_1_2_22_1_2,El Cuadrante,poblado_pa_1_2_22_1,1-2-22-1-2
barrio_pa_1_2_22_1_3,Finca 8 (P),poblado_pa_1_2_22_1,1-2-22-1-3
barrio_pa_1_2_22_1_4,Finca 65 (P),poblado_pa_1_2_22_1,1-2-22-1-4
barrio_pa_1_2_22_1_5,Finca 66 (P),poblado_pa_1_2_22_1,1-2-22-1-5
barrio_pa_1_3_1_17_1,Chiriquí Grande,poblado_pa_1_3_1_17,1-3-1-17-1
barrio_pa_1_4_1_1_1,Almirante,poblado_pa_1_4_1_1,1-4-1-1-1
barrio_pa_1_4_1_1_2,Barrio Conejo,poblado_pa_1_4_1_1,1-4-1-1-2
barrio_pa_1_4_1_1_3,Barrio Francés (P),poblado_pa_1_4_1_1,1-4-1-1-3
barrio_pa_1_4_1_1_5,La Zona,poblado_pa_1_4_1_1,1-4-1-1-5
barrio_pa_1_4_1_1_6,Media Milla (P),poblado_pa_1_4_1_1,1-4-1-1-6
barrio_pa_1_4_1_1_7,Milla Uno (P),poblado_pa_1_4_1_1,1-4-1-1-7
barrio_pa_1_4_1_1_11,Zegla,poblado_pa_1_4_1_1,1-4-1-1-11
barrio_pa_1_4_1_1_13,Barriada las Vegas,poblado_pa_1_4_1_1,1-4-1-1-13
barrio_pa_1_4_1_1_14,Barriada Mivi (P),poblado_pa_1_4_1_1,1-4-1-1-14
barrio_pa_1_4_1_1_15,Barriada San José,poblado_pa_1_4_1_1,1-4-1-1-15
barrio_pa_1_4_1_1_17,La Golondrina (P),poblado_pa_1_4_1_1,1-4-1-1-17
barrio_pa_1_4_1_1_19,Barriada Loma Brava,poblado_pa_1_4_1_1,1-4-1-1-19
barrio_pa_1_4_2_1_2,Barrio Francés (P),poblado_pa_1_4_2_1,1-4-2-1-2
barrio_pa_1_4_2_1_3,La Golondrina (P),poblado_pa_1_4_2_1,1-4-2-1-3
barrio_pa_1_4_2_1_4,La Loma de Golondrina,poblado_pa_1_4_2_1,1-4-2-1-4
barrio_pa_1_4_2_1_6,Media Milla (P),poblado_pa_1_4_2_1,1-4-2-1-6
barrio_pa_1_4_2_1_7,Punta Domínguez,poblado_pa_1_4_2_1,1-4-2-1-7
barrio_pa_1_4_2_1_8,Tampico,poblado_pa_1_4_2_1,1-4-2-1-8
barrio_pa_1_4_3_1_1,Barriada  Aeropuerto,poblado_pa_1_4_3_1,1-4-3-1-1
barrio_pa_1_4_3_1_2,Barriada Mivi (P),poblado_pa_1_4_3_1,1-4-3-1-2
barrio_pa_1_4_3_1_5,Barrio Guaymí,poblado_pa_1_4_3_1,1-4-3-1-5
barrio_pa_1_4_3_1_6,Milla Uno (P),poblado_pa_1_4_3_1,1-4-3-1-6
barrio_pa_1_4_3_1_7,Villa del Indio,poblado_pa_1_4_3_1,1-4-3-1-7
barrio_pa_2_1_1_1_1,Aguadulce,poblado_pa_2_1_1_1,2-1-1-1-1
barrio_pa_2_1_1_1_3,Barriada Pozo Azul (P),poblado_pa_2_1_1_1,2-1-1-1-3
barrio_pa_2_1_1_1_4,Barriada Chopo Real,poblado_pa_2_1_1_1,2-1-1-1-4
barrio_pa_2_1_1_1_6,Barrio la Siesta,poblado_pa_2_1_1_1,2-1-1-1-6
barrio_pa_2_1_1_1_7,Barrio Lindo (P),poblado_pa_2_1_1_1,2-1-1-1-7
barrio_pa_2_1_1_1_8,Barriada los Marineros,poblado_pa_2_1_1_1,2-1-1-1-8
barrio_pa_2_1_1_1_9,Barriada Malambo,poblado_pa_2_1_1_1,2-1-1-1-9
barrio_pa_2_1_1_1_10,Barriada Pueblo Nuevo,poblado_pa_2_1_1_1,2-1-1-1-10
barrio_pa_2_1_1_1_12,Urbanización Boulevar,poblado_pa_2_1_1_1,2-1-1-1-12
barrio_pa_2_1_1_1_13,Urbanización la Luna,poblado_pa_2_1_1_1,2-1-1-1-13
barrio_pa_2_1_1_1_14,Barrio el Arranque No.1,poblado_pa_2_1_1_1,2-1-1-1-14
barrio_pa_2_1_1_1_15,Barriada el Nance o Virgen Guadalupe,poblado_pa_2_1_1_1,2-1-1-1-15
barrio_pa_2_1_1_1_16,Barriada la Providencia,poblado_pa_2_1_1_1,2-1-1-1-16
barrio_pa_2_1_1_1_17,Barriada San Roque,poblado_pa_2_1_1_1,2-1-1-1-17
barrio_pa_2_1_1_1_18,Barriada la Trinidad,poblado_pa_2_1_1_1,2-1-1-1-18
barrio_pa_2_1_1_1_19,Barriada la Vencedora,poblado_pa_2_1_1_1,2-1-1-1-19
barrio_pa_2_1_1_1_20,Barriada los Ángeles,poblado_pa_2_1_1_1,2-1-1-1-20
barrio_pa_2_1_1_1_21,Villa Verónica,poblado_pa_2_1_1_1,2-1-1-1-21
barrio_pa_2_1_1_1_22,Urbanización la Condesa,poblado_pa_2_1_1_1,2-1-1-1-22
barrio_pa_2_1_1_1_23,Urbanización Villas del Sol,poblado_pa_2_1_1_1,2-1-1-1-23
barrio_pa_2_1_1_1_24,Villa Belén,poblado_pa_2_1_1_1,2-1-1-1-24
barrio_pa_2_1_1_1_25,Barriada la Esmeralda,poblado_pa_2_1_1_1,2-1-1-1-25
barrio_pa_2_1_1_1_26,Residencial Coopeve,poblado_pa_2_1_1_1,2-1-1-1-26
barrio_pa_2_1_1_1_27,Residencial la Florida,poblado_pa_2_1_1_1,2-1-1-1-27
barrio_pa_2_1_1_1_28,Barriada la Pilarica,poblado_pa_2_1_1_1,2-1-1-1-28
barrio_pa_2_1_1_1_29,Las Joyas de la Corona,poblado_pa_2_1_1_1,2-1-1-1-29
barrio_pa_2_1_4_6_1,Barriada las Mercedes,poblado_pa_2_1_4_6,2-1-4-6-1
barrio_pa_2_1_4_6_2,Barrio San Martín,poblado_pa_2_1_4_6,2-1-4-6-2
barrio_pa_2_1_4_6_3,El Paraíso,poblado_pa_2_1_4_6,2-1-4-6-3
barrio_pa_2_1_4_6_4,Llano Bonito,poblado_pa_2_1_4_6,2-1-4-6-4
barrio_pa_2_1_4_6_6,Pocrí (P),poblado_pa_2_1_4_6,2-1-4-6-6
barrio_pa_2_1_4_6_7,Urbanización el Carmen,poblado_pa_2_1_4_6,2-1-4-6-7
barrio_pa_2_1_4_6_8,Villa Mónica,poblado_pa_2_1_4_6,2-1-4-6-8
barrio_pa_2_1_4_6_9,Barrio Hollywood,poblado_pa_2_1_4_6,2-1-4-6-9
barrio_pa_2_1_4_6_12,Barriada San Judas Tadeo,poblado_pa_2_1_4_6,2-1-4-6-12
barrio_pa_2_1_4_6_13,Barriada Caicedo,poblado_pa_2_1_4_6,2-1-4-6-13
barrio_pa_2_1_4_6_16,Matamoros,poblado_pa_2_1_4_6,2-1-4-6-16
barrio_pa_2_1_4_6_17,Nuevo Reparto el Carmen,poblado_pa_2_1_4_6,2-1-4-6-17
barrio_pa_2_1_4_6_20,Altos de Llano Bonito,poblado_pa_2_1_4_6,2-1-4-6-20
barrio_pa_2_1_4_6_23,Barriada la Unión,poblado_pa_2_1_4_6,2-1-4-6-23
barrio_pa_2_1_4_6_24,Residencial el Alto,poblado_pa_2_1_4_6,2-1-4-6-24
barrio_pa_2_1_5_2_1,Barriada Don Bosco,poblado_pa_2_1_5_2,2-1-5-2-1
barrio_pa_2_1_5_2_2,Barrio el Coco,poblado_pa_2_1_5_2,2-1-5-2-2
barrio_pa_2_1_5_2_3,Barriada Jesús Nazareno,poblado_pa_2_1_5_2,2-1-5-2-3
barrio_pa_2_1_5_2_4,Barrio Lindo (P),poblado_pa_2_1_5_2,2-1-5-2-4
barrio_pa_2_1_5_2_5,Barriada Pozo Azul (P),poblado_pa_2_1_5_2,2-1-5-2-5
barrio_pa_2_1_5_2_6,Barriada San Juan de Dios,poblado_pa_2_1_5_2,2-1-5-2-6
barrio_pa_2_1_5_2_7,Barrios Unidos,poblado_pa_2_1_5_2,2-1-5-2-7
barrio_pa_2_1_5_2_8,Barriada Vista del Mar,poblado_pa_2_1_5_2,2-1-5-2-8
barrio_pa_2_1_5_2_9,Residencial San Francisco de Asís,poblado_pa_2_1_5_2,2-1-5-2-9
barrio_pa_2_1_5_2_10,Paseo Doral,poblado_pa_2_1_5_2,2-1-5-2-10
barrio_pa_2_1_5_2_11,Villa del Sur,poblado_pa_2_1_5_2,2-1-5-2-11
barrio_pa_2_1_5_2_12,Barriada Costa del Mar,poblado_pa_2_1_5_2,2-1-5-2-12
barrio_pa_2_1_5_2_14,Villa Florencia,poblado_pa_2_1_5_2,2-1-5-2-14
barrio_pa_2_1_7_4_1,Barriada el Refugio,poblado_pa_2_1_7_4,2-1-7-4-1
barrio_pa_2_1_7_4_2,Barriada las Margaritas,poblado_pa_2_1_7_4,2-1-7-4-2
barrio_pa_2_1_7_4_3,Barriada los Girasoles,poblado_pa_2_1_7_4,2-1-7-4-3
barrio_pa_2_1_7_4_4,Brisas de Aguadulce,poblado_pa_2_1_7_4,2-1-7-4-4
barrio_pa_2_1_7_4_5,Camino Al Cristo,poblado_pa_2_1_7_4,2-1-7-4-5
barrio_pa_2_1_7_4_6,El Playón,poblado_pa_2_1_7_4,2-1-7-4-6
barrio_pa_2_1_7_4_7,Nuevo Perú,poblado_pa_2_1_7_4,2-1-7-4-7
barrio_pa_2_1_7_4_8,Pocrí (P),poblado_pa_2_1_7_4,2-1-7-4-8
barrio_pa_2_1_7_4_9,Residencial Perla Dorada,poblado_pa_2_1_7_4,2-1-7-4-9
barrio_pa_2_1_7_4_10,Urbanización el Playón,poblado_pa_2_1_7_4,2-1-7-4-10
barrio_pa_2_2_1_1_1,Antón,poblado_pa_2_2_1_1,2-2-1-1-1
barrio_pa_2_2_1_1_2,Barrio Kennedy,poblado_pa_2_2_1_1,2-2-1-1-2
barrio_pa_2_2_1_1_3,El Ciruelito,poblado_pa_2_2_1_1,2-2-1-1-3
barrio_pa_2_2_1_1_4,Las Guabas Abajo,poblado_pa_2_2_1_1,2-2-1-1-4
barrio_pa_2_2_1_1_5,Pozo Rico,poblado_pa_2_2_1_1,2-2-1-1-5
barrio_pa_2_2_1_1_6,Villa Elisa,poblado_pa_2_2_1_1,2-2-1-1-6
barrio_pa_2_2_1_1_7,Bellas Brisas,poblado_pa_2_2_1_1,2-2-1-1-7
barrio_pa_2_2_1_1_8,Las Delicias,poblado_pa_2_2_1_1,2-2-1-1-8
barrio_pa_2_2_1_1_9,Barriada 15 de Enero o Canta Rana,poblado_pa_2_2_1_1,2-2-1-1-9
barrio_pa_2_2_1_1_10,Hacienda el Mirador,poblado_pa_2_2_1_1,2-2-1-1-10
barrio_pa_2_2_1_1_11,Los Guyacanes,poblado_pa_2_2_1_1,2-2-1-1-11
barrio_pa_2_2_1_1_12,Barriada Arco Iris,poblado_pa_2_2_1_1,2-2-1-1-12
barrio_pa_2_2_1_1_13,Brisas del Panamá,poblado_pa_2_2_1_1,2-2-1-1-13
barrio_pa_2_2_1_1_14,Barriada San Pancracio,poblado_pa_2_2_1_1,2-2-1-1-14
barrio_pa_2_2_1_1_16,San Pancracio,poblado_pa_2_2_1_1,2-2-1-1-16
barrio_pa_2_2_1_21_1,Sunset Village,poblado_pa_2_2_1_21,2-2-1-21-1
barrio_pa_2_2_2_48_1,Las Medinas (P),poblado_pa_2_2_2_48,2-2-2-48-1
barrio_pa_2_2_3_15_2,Bristol Residences,poblado_pa_2_2_3_15,2-2-3-15-2
barrio_pa_2_2_3_15_3,Bristol Villas,poblado_pa_2_2_3_15,2-2-3-15-3
barrio_pa_2_2_3_15_4,Club States,poblado_pa_2_2_3_15,2-2-3-15-4
barrio_pa_2_2_3_15_5,Del Mar,poblado_pa_2_2_3_15,2-2-3-15-5
barrio_pa_2_2_3_15_6,Hacienda del Lago,poblado_pa_2_2_3_15,2-2-3-15-6
barrio_pa_2_2_3_15_7,Los Portales,poblado_pa_2_2_3_15,2-2-3-15-7
barrio_pa_2_2_3_15_8,Martini Beach,poblado_pa_2_2_3_15,2-2-3-15-8
barrio_pa_2_2_3_15_9,Oceanlake Golf Villas,poblado_pa_2_2_3_15,2-2-3-15-9
barrio_pa_2_2_3_15_10,Paseo de las Casas,poblado_pa_2_2_3_15,2-2-3-15-10
barrio_pa_2_2_3_15_11,Península,poblado_pa_2_2_3_15,2-2-3-15-11
barrio_pa_2_2_3_15_12,Puntarena Ocean Village,poblado_pa_2_2_3_15,2-2-3-15-12
barrio_pa_2_2_3_15_13,Riviera del Mar,poblado_pa_2_2_3_15,2-2-3-15-13
barrio_pa_2_2_5_1_1,Barriada Mariagar,poblado_pa_2_2_5_1,2-2-5-1-1
barrio_pa_2_2_5_1_2,Capirita,poblado_pa_2_2_5_1,2-2-5-1-2
barrio_pa_2_2_5_1_3,Ca?A Blanca,poblado_pa_2_2_5_1,2-2-5-1-3
barrio_pa_2_2_5_1_4,Barrio las Mozas o la Pomarosa,poblado_pa_2_2_5_1,2-2-5-1-4
barrio_pa_2_2_5_1_5,El Hato,poblado_pa_2_2_5_1,2-2-5-1-5
barrio_pa_2_2_5_1_6,El Valle,poblado_pa_2_2_5_1,2-2-5-1-6
barrio_pa_2_2_5_1_7,La Compa?Ía,poblado_pa_2_2_5_1,2-2-5-1-7
barrio_pa_2_2_5_1_8,La Pintada,poblado_pa_2_2_5_1,2-2-5-1-8
barrio_pa_2_2_5_1_9,La Reforma,poblado_pa_2_2_5_1,2-2-5-1-9
barrio_pa_2_2_5_1_10,Las Medinas (P),poblado_pa_2_2_5_1,2-2-5-1-10
barrio_pa_2_2_5_1_11,Los Millonarios,poblado_pa_2_2_5_1,2-2-5-1-11
barrio_pa_2_2_5_1_12,La India,poblado_pa_2_2_5_1,2-2-5-1-12
barrio_pa_2_2_5_1_13,Llano Grande,poblado_pa_2_2_5_1,2-2-5-1-13
barrio_pa_2_2_7_30_1,Barrio Lindo,poblado_pa_2_2_7_30,2-2-7-30-1
barrio_pa_2_2_7_30_2,Canta Rana,poblado_pa_2_2_7_30,2-2-7-30-2
barrio_pa_2_2_7_30_3,La Loma,poblado_pa_2_2_7_30,2-2-7-30-3
barrio_pa_2_2_7_30_4,La Frontera,poblado_pa_2_2_7_30,2-2-7-30-4
barrio_pa_2_2_7_30_5,La Tuza,poblado_pa_2_2_7_30,2-2-7-30-5
barrio_pa_2_2_7_30_6,Loma Bonita,poblado_pa_2_2_7_30,2-2-7-30-6
barrio_pa_2_2_7_30_7,Mara?Ón,poblado_pa_2_2_7_30,2-2-7-30-7
barrio_pa_2_2_7_30_8,Río Hato Centro,poblado_pa_2_2_7_30,2-2-7-30-8
barrio_pa_2_2_7_30_9,Río Hato Sur o Bique,poblado_pa_2_2_7_30,2-2-7-30-9
barrio_pa_2_2_7_30_10,Urbanización Loma Bonita,poblado_pa_2_2_7_30,2-2-7-30-10
barrio_pa_2_2_7_30_11,Barriada Milla de Oro,poblado_pa_2_2_7_30,2-2-7-30-11
barrio_pa_2_2_7_59_1,Balboa Tower,poblado_pa_2_2_7_59,2-2-7-59-1
barrio_pa_2_2_7_59_2,Cocoli,poblado_pa_2_2_7_59,2-2-7-59-2
barrio_pa_2_2_7_59_3,Gatun,poblado_pa_2_2_7_59,2-2-7-59-3
barrio_pa_2_2_7_59_4,Miraflores,poblado_pa_2_2_7_59,2-2-7-59-4
barrio_pa_2_2_7_59_5,Quarry Heights,poblado_pa_2_2_7_59,2-2-7-59-5
barrio_pa_2_2_7_59_6,Quarry Heights States,poblado_pa_2_2_7_59,2-2-7-59-6
barrio_pa_2_2_7_59_7,Rodman,poblado_pa_2_2_7_59,2-2-7-59-7
barrio_pa_2_2_7_63_1,Laguna,poblado_pa_2_2_7_63,2-2-7-63-1
barrio_pa_2_2_7_63_2,Marina Village,poblado_pa_2_2_7_63,2-2-7-63-2
barrio_pa_2_2_7_63_3,Velamar,poblado_pa_2_2_7_63,2-2-7-63-3
barrio_pa_2_3_1_14_1,La Pintada,poblado_pa_2_3_1_14,2-3-1-14-1
barrio_pa_2_3_1_14_2,Barriada Don Bosco,poblado_pa_2_3_1_14,2-3-1-14-2
barrio_pa_2_4_1_13_1,Barriada San Juan de Dios,poblado_pa_2_4_1_13,2-4-1-13-1
barrio_pa_2_4_1_13_2,Natá,poblado_pa_2_4_1_13,2-4-1-13-2
barrio_pa_2_4_1_13_3,Urbanización Villa Lola,poblado_pa_2_4_1_13,2-4-1-13-3
barrio_pa_2_4_1_13_4,Barriada San Cristóbal,poblado_pa_2_4_1_13,2-4-1-13-4
barrio_pa_2_4_1_13_5,La Zona,poblado_pa_2_4_1_13,2-4-1-13-5
barrio_pa_2_4_1_13_6,Barriada Pueblo Nuevo,poblado_pa_2_4_1_13,2-4-1-13-6
barrio_pa_2_4_1_13_7,Barriada Nuestra Se?Ora de los Ángeles,poblado_pa_2_4_1_13,2-4-1-13-7
barrio_pa_2_4_1_13_9,Villa Santorini,poblado_pa_2_4_1_13,2-4-1-13-9
barrio_pa_2_6_1_2_1,Chigoré,poblado_pa_2_6_1_2,2-6-1-2-1
barrio_pa_2_6_1_2_2,Barriada Cristo Rey,poblado_pa_2_6_1_2,2-6-1-2-2
barrio_pa_2_6_1_2_3,Barriada el Carmen,poblado_pa_2_6_1_2,2-6-1-2-3
barrio_pa_2_6_1_2_4,Residencial Don Samy,poblado_pa_2_6_1_2,2-6-1-2-4
barrio_pa_2_6_1_2_5,Villas del Zaratí,poblado_pa_2_6_1_2,2-6-1-2-5
barrio_pa_2_6_1_8_1,Alto el Chorro,poblado_pa_2_6_1_8,2-6-1-8-1
barrio_pa_2_6_1_8_2,Barriada I.V.U.,poblado_pa_2_6_1_8,2-6-1-8-2
barrio_pa_2_6_1_8_3,Barriada la Alameda,poblado_pa_2_6_1_8,2-6-1-8-3
barrio_pa_2_6_1_8_4,Barrio el Límite,poblado_pa_2_6_1_8,2-6-1-8-4
barrio_pa_2_6_1_8_5,Brizas del Zaratí,poblado_pa_2_6_1_8,2-6-1-8-5
barrio_pa_2_6_1_8_6,Calle Chiquita,poblado_pa_2_6_1_8,2-6-1-8-6
barrio_pa_2_6_1_8_7,Barriada Cerro Centenario,poblado_pa_2_6_1_8,2-6-1-8-7
barrio_pa_2_6_1_8_8,El Bajito,poblado_pa_2_6_1_8,2-6-1-8-8
barrio_pa_2_6_1_8_9,El Chorrillo,poblado_pa_2_6_1_8,2-6-1-8-9
barrio_pa_2_6_1_8_10,El Encanto,poblado_pa_2_6_1_8,2-6-1-8-10
barrio_pa_2_6_1_8_11,El Higuerón,poblado_pa_2_6_1_8,2-6-1-8-11
barrio_pa_2_6_1_8_12,El Prado,poblado_pa_2_6_1_8,2-6-1-8-12
barrio_pa_2_6_1_8_13,Entrada A Sonadora,poblado_pa_2_6_1_8,2-6-1-8-13
barrio_pa_2_6_1_8_14,La Esperanza,poblado_pa_2_6_1_8,2-6-1-8-14
barrio_pa_2_6_1_8_15,Las Mendozas,poblado_pa_2_6_1_8,2-6-1-8-15
barrio_pa_2_6_1_8_16,Miraflores,poblado_pa_2_6_1_8,2-6-1-8-16
barrio_pa_2_6_1_8_17,Nuevo San Antonio,poblado_pa_2_6_1_8,2-6-1-8-17
barrio_pa_2_6_1_8_18,Barrio 11 de Octubre,poblado_pa_2_6_1_8,2-6-1-8-18
barrio_pa_2_6_1_8_19,Penonomé,poblado_pa_2_6_1_8,2-6-1-8-19
barrio_pa_2_6_1_8_20,Pueblo Nuevo,poblado_pa_2_6_1_8,2-6-1-8-20
barrio_pa_2_6_1_8_21,San Antonio,poblado_pa_2_6_1_8,2-6-1-8-21
barrio_pa_2_6_1_8_22,San Antonio Final,poblado_pa_2_6_1_8,2-6-1-8-22
barrio_pa_2_6_1_8_23,San José,poblado_pa_2_6_1_8,2-6-1-8-23
barrio_pa_2_6_1_8_24,Barriada Santa Rosa,poblado_pa_2_6_1_8,2-6-1-8-24
barrio_pa_2_6_1_8_25,Tres de Noviembre,poblado_pa_2_6_1_8,2-6-1-8-25
barrio_pa_2_6_1_8_26,Urbanización 8 de Diciembre,poblado_pa_2_6_1_8,2-6-1-8-26
barrio_pa_2_6_1_8_27,Urbanización Buenos Aires,poblado_pa_2_6_1_8,2-6-1-8-27
barrio_pa_2_6_1_8_28,Villa Nomé,poblado_pa_2_6_1_8,2-6-1-8-28
barrio_pa_2_6_1_8_29,Altos del Chorrillo,poblado_pa_2_6_1_8,2-6-1-8-29
barrio_pa_2_6_1_8_30,Barriada Santa Eduviges,poblado_pa_2_6_1_8,2-6-1-8-30
barrio_pa_2_6_1_8_31,El Bajo o Barriada San Agustín,poblado_pa_2_6_1_8,2-6-1-8-31
barrio_pa_2_6_1_8_32,Las Raíces,poblado_pa_2_6_1_8,2-6-1-8-32
barrio_pa_2_6_1_8_33,Urbanización Cumbreras,poblado_pa_2_6_1_8,2-6-1-8-33
barrio_pa_2_6_1_8_34,Villa Aranca,poblado_pa_2_6_1_8,2-6-1-8-34
barrio_pa_2_6_1_8_35,Villa Inmaculada,poblado_pa_2_6_1_8,2-6-1-8-35
barrio_pa_2_6_1_8_36,Barriada Villa Bonita,poblado_pa_2_6_1_8,2-6-1-8-36
barrio_pa_2_6_1_8_37,Barriada la Granja,poblado_pa_2_6_1_8,2-6-1-8-37
barrio_pa_2_6_1_8_38,Villa Nueva Esperanza,poblado_pa_2_6_1_8,2-6-1-8-38
barrio_pa_2_6_1_8_39,Villa Ecológica,poblado_pa_2_6_1_8,2-6-1-8-39
barrio_pa_2_6_1_8_40,Quintas del Encanto,poblado_pa_2_6_1_8,2-6-1-8-40
barrio_pa_2_6_1_8_41,Villa Belén,poblado_pa_2_6_1_8,2-6-1-8-41
barrio_pa_2_6_1_8_42,Villa Lucy,poblado_pa_2_6_1_8,2-6-1-8-42
barrio_pa_2_6_1_8_43,Villa María,poblado_pa_2_6_1_8,2-6-1-8-43
barrio_pa_2_6_1_8_44,Villa Karola,poblado_pa_2_6_1_8,2-6-1-8-44
barrio_pa_2_6_1_8_45,Alto Prado,poblado_pa_2_6_1_8,2-6-1-8-45
barrio_pa_2_6_1_8_46,Brisas del Llano,poblado_pa_2_6_1_8,2-6-1-8-46
barrio_pa_2_6_1_8_47,Praderas de Monte Verde,poblado_pa_2_6_1_8,2-6-1-8-47
barrio_pa_2_6_1_8_49,Residencial Santo Domingo,poblado_pa_2_6_1_8,2-6-1-8-49
barrio_pa_2_6_1_8_50,Residencial Jardínes de San José,poblado_pa_2_6_1_8,2-6-1-8-50
barrio_pa_2_6_1_8_51,Residencial la Rosaleda,poblado_pa_2_6_1_8,2-6-1-8-51
barrio_pa_2_6_1_8_52,Residencial Miraflores,poblado_pa_2_6_1_8,2-6-1-8-52
barrio_pa_2_6_1_8_53,Residencial San Martín,poblado_pa_2_6_1_8,2-6-1-8-53
barrio_pa_2_6_1_8_54,Valle del Río,poblado_pa_2_6_1_8,2-6-1-8-54
barrio_pa_2_6_1_8_55,Villa Eny,poblado_pa_2_6_1_8,2-6-1-8-55
barrio_pa_2_6_1_8_56,Villas de Penonomé,poblado_pa_2_6_1_8,2-6-1-8-56
barrio_pa_2_6_1_8_57,Residencial la Toscana,poblado_pa_2_6_1_8,2-6-1-8-57
barrio_pa_2_6_2_12_1,Vista Hermosa,poblado_pa_2_6_2_12,2-6-2-12-1
barrio_pa_2_6_3_3_1,Coclé,poblado_pa_2_6_3_3,2-6-3-3-1
barrio_pa_2_6_3_3_2,El Congo,poblado_pa_2_6_3_3,2-6-3-3-2
barrio_pa_2_6_3_3_3,Residencial Brisas del Congo,poblado_pa_2_6_3_3,2-6-3-3-3
barrio_pa_2_6_3_3_4,Residencial los Abanicos,poblado_pa_2_6_3_3,2-6-3-3-4
barrio_pa_2_6_3_3_5,Residencial la Riviera,poblado_pa_2_6_3_3,2-6-3-3-5
barrio_pa_2_6_5_13_1,Llano Marín,poblado_pa_2_6_5_13,2-6-5-13-1
barrio_pa_2_6_5_13_2,Barriada Cuarto Centenario,poblado_pa_2_6_5_13,2-6-5-13-2
barrio_pa_2_6_5_13_3,Paseo del Río,poblado_pa_2_6_5_13,2-6-5-13-3
barrio_pa_2_6_5_13_4,Villas de Llano Marín,poblado_pa_2_6_5_13,2-6-5-13-4
barrio_pa_2_6_5_13_5,Residencial Palo Verde,poblado_pa_2_6_5_13,2-6-5-13-5
barrio_pa_2_6_5_13_6,Llano Hermoso,poblado_pa_2_6_5_13,2-6-5-13-6
barrio_pa_2_6_5_13_7,Vista Verde,poblado_pa_2_6_5_13,2-6-5-13-7
barrio_pa_3_1_1_1_1,Barrio Norte,poblado_pa_3_1_1_1,3-1-1-1-1
barrio_pa_3_1_2_1_1,Barrio Sur,poblado_pa_3_1_2_1,3-1-2-1-1
barrio_pa_3_1_3_4_1,Buena Vista,poblado_pa_3_1_3_4,3-1-3-4-1
barrio_pa_3_1_3_4_2,El Vivero,poblado_pa_3_1_3_4,3-1-3-4-2
barrio_pa_3_1_3_4_3,Calle 50,poblado_pa_3_1_3_4,3-1-3-4-3
barrio_pa_3_1_3_4_4,El Llano,poblado_pa_3_1_3_4,3-1-3-4-4
barrio_pa_3_1_3_4_5,Roca Fuerte,poblado_pa_3_1_3_4,3-1-3-4-5
barrio_pa_3_1_3_4_6,Brisas de Buena Vista,poblado_pa_3_1_3_4,3-1-3-4-6
barrio_pa_3_1_3_4_7,Residencial Buena Vista,poblado_pa_3_1_3_4,3-1-3-4-7
barrio_pa_3_1_3_4_8,Pradera de Buena Vista,poblado_pa_3_1_3_4,3-1-3-4-8
barrio_pa_3_1_3_4_9,Villa de Oro,poblado_pa_3_1_3_4,3-1-3-4-9
barrio_pa_3_1_3_4_10,Altos de Villa de Oro,poblado_pa_3_1_3_4,3-1-3-4-10
barrio_pa_3_1_3_4_11,Nueva Generación,poblado_pa_3_1_3_4,3-1-3-4-11
barrio_pa_3_1_4_2_1,Barriada 11 de Octubre,poblado_pa_3_1_4_2,3-1-4-2-1
barrio_pa_3_1_4_2_3,Barriada el Límite o Gracias A Dios,poblado_pa_3_1_4_2,3-1-4-2-3
barrio_pa_3_1_4_2_4,Barriada Loma Bonita,poblado_pa_3_1_4_2,3-1-4-2-4
barrio_pa_3_1_4_2_5,Barriada Nuevo Oásis,poblado_pa_3_1_4_2,3-1-4-2-5
barrio_pa_3_1_4_2_6,Barriada Progreso Kuna,poblado_pa_3_1_4_2,3-1-4-2-6
barrio_pa_3_1_4_2_7,Barriada San Isidro,poblado_pa_3_1_4_2,3-1-4-2-7
barrio_pa_3_1_4_2_8,Barriada San Judas Tadeo,poblado_pa_3_1_4_2,3-1-4-2-8
barrio_pa_3_1_4_2_9,Barriada San Pedro C,poblado_pa_3_1_4_2,3-1-4-2-9
barrio_pa_3_1_4_2_10,Barriada San Pedro A  o  No.1,poblado_pa_3_1_4_2,3-1-4-2-10
barrio_pa_3_1_4_2_11,Barriada San Pedro B  o  No.2,poblado_pa_3_1_4_2,3-1-4-2-11
barrio_pa_3_1_4_2_12,Barriada Villa Guadalupe,poblado_pa_3_1_4_2,3-1-4-2-12
barrio_pa_3_1_4_2_13,Barriada Vista Alegre No.1,poblado_pa_3_1_4_2,3-1-4-2-13
barrio_pa_3_1_4_2_14,Barriada Vista Tropical,poblado_pa_3_1_4_2,3-1-4-2-14
barrio_pa_3_1_4_2_15,Cativá (P),poblado_pa_3_1_4_2,3-1-4-2-15
barrio_pa_3_1_4_2_16,El Valle de San Judas Tadeo,poblado_pa_3_1_4_2,3-1-4-2-16
barrio_pa_3_1_4_2_17,Guayabal,poblado_pa_3_1_4_2,3-1-4-2-17
barrio_pa_3_1_4_2_18,La Verbena,poblado_pa_3_1_4_2,3-1-4-2-18
barrio_pa_3_1_4_2_19,Pueblo Nuevo,poblado_pa_3_1_4_2,3-1-4-2-19
barrio_pa_3_1_4_2_20,Residencial la Amistad,poblado_pa_3_1_4_2,3-1-4-2-20
barrio_pa_3_1_4_2_21,Residencial Simón Urbina,poblado_pa_3_1_4_2,3-1-4-2-21
barrio_pa_3_1_4_2_22,Urbanización Martin Luther King,poblado_pa_3_1_4_2,3-1-4-2-22
barrio_pa_3_1_4_2_23,Urbanización San Martín,poblado_pa_3_1_4_2,3-1-4-2-23
barrio_pa_3_1_4_2_24,Villa los Ángeles,poblado_pa_3_1_4_2,3-1-4-2-24
barrio_pa_3_1_4_2_25,Villa Luzmila,poblado_pa_3_1_4_2,3-1-4-2-25
barrio_pa_3_1_4_2_26,Altos de San Judas,poblado_pa_3_1_4_2,3-1-4-2-26
barrio_pa_3_1_4_2_27,Barriada Progreso,poblado_pa_3_1_4_2,3-1-4-2-27
barrio_pa_3_1_4_2_28,Barriada Ibeorgun,poblado_pa_3_1_4_2,3-1-4-2-28
barrio_pa_3_1_4_2_29,Barriada Santa Teresita,poblado_pa_3_1_4_2,3-1-4-2-29
barrio_pa_3_1_4_2_30,El Polvorín,poblado_pa_3_1_4_2,3-1-4-2-30
barrio_pa_3_1_4_2_31,El Éxodo,poblado_pa_3_1_4_2,3-1-4-2-31
barrio_pa_3_1_4_2_32,La Loma,poblado_pa_3_1_4_2,3-1-4-2-32
barrio_pa_3_1_4_2_33,La Posada del Peregrino,poblado_pa_3_1_4_2,3-1-4-2-33
barrio_pa_3_1_4_2_34,Altos de San Martín,poblado_pa_3_1_4_2,3-1-4-2-34
barrio_pa_3_1_4_2_35,Renovación Residencial Villa,poblado_pa_3_1_4_2,3-1-4-2-35
barrio_pa_3_1_4_2_36,Urbanización las Nuevas Palmeras,poblado_pa_3_1_4_2,3-1-4-2-36
barrio_pa_3_1_4_2_37,Villa Liriola,poblado_pa_3_1_4_2,3-1-4-2-37
barrio_pa_3_1_4_2_38,Barriada Vista Alegre No.2,poblado_pa_3_1_4_2,3-1-4-2-38
barrio_pa_3_1_4_2_39,Nuevo Colón No.1 (P),poblado_pa_3_1_4_2,3-1-4-2-39
barrio_pa_3_1_4_2_40,Urbanización Costa de Oro No.1 (P),poblado_pa_3_1_4_2,3-1-4-2-40
barrio_pa_3_1_4_2_41,Los Portales de San Judas,poblado_pa_3_1_4_2,3-1-4-2-41
barrio_pa_3_1_4_2_42,Urbanización la Alborada,poblado_pa_3_1_4_2,3-1-4-2-42
barrio_pa_3_1_4_2_43,Urbanización Altos de San Judas,poblado_pa_3_1_4_2,3-1-4-2-43
barrio_pa_3_1_4_2_44,Barriada el Peregrino,poblado_pa_3_1_4_2,3-1-4-2-44
barrio_pa_3_1_4_2_46,Barriada Villa del Carmen (P),poblado_pa_3_1_4_2,3-1-4-2-46
barrio_pa_3_1_4_2_47,Barriada Vista Al Mar,poblado_pa_3_1_4_2,3-1-4-2-47
barrio_pa_3_1_4_2_48,Samba Bonita,poblado_pa_3_1_4_2,3-1-4-2-48
barrio_pa_3_1_4_2_51,Residencial Altos de Zona Libre,poblado_pa_3_1_4_2,3-1-4-2-51
barrio_pa_3_1_4_2_52,Residencial los Portales de Altos de San Judas,poblado_pa_3_1_4_2,3-1-4-2-52
barrio_pa_3_1_4_2_53,Altos de Polvorín o Explosivo,poblado_pa_3_1_4_2,3-1-4-2-53
barrio_pa_3_1_4_2_54,Barrio Jehová Nissi,poblado_pa_3_1_4_2,3-1-4-2-54
barrio_pa_3_1_4_2_55,Villa Esperanza,poblado_pa_3_1_4_2,3-1-4-2-55
barrio_pa_3_1_4_2_56,Altos de Tagarópulos,poblado_pa_3_1_4_2,3-1-4-2-56
barrio_pa_3_1_4_2_57,Dios Con Nosotros,poblado_pa_3_1_4_2,3-1-4-2-57
barrio_pa_3_1_4_2_58,La Paz,poblado_pa_3_1_4_2,3-1-4-2-58
barrio_pa_3_1_4_2_59,Alto de Vista del Mar,poblado_pa_3_1_4_2,3-1-4-2-59
barrio_pa_3_1_6_4_2,Margarita (P),poblado_pa_3_1_6_4,3-1-6-4-2
barrio_pa_3_1_6_4_12,Residencial Canal View,poblado_pa_3_1_6_4,3-1-6-4-12
barrio_pa_3_1_6_5_1,Gamboa,poblado_pa_3_1_6_5,3-1-6-5-1
barrio_pa_3_1_6_6_1,Ciudad Arco Iris,poblado_pa_3_1_6_6,3-1-6-6-1
barrio_pa_3_1_6_24_1,Cristóbal,poblado_pa_3_1_6_24,3-1-6-24-1
barrio_pa_3_1_6_68_1,Nuevo Vigía (P),poblado_pa_3_1_6_68,3-1-6-68-1
barrio_pa_3_1_6_84_1,Mindi,poblado_pa_3_1_6_84,3-1-6-84-1
barrio_pa_3_1_6_96_1,Barriada Juan Demóstenes Arosemena o el Veinte (P),poblado_pa_3_1_6_96,3-1-6-96-1
barrio_pa_3_1_10_8_1,Barriada el Río o Riberas del Río,poblado_pa_3_1_10_8,3-1-10-8-1
barrio_pa_3_1_10_8_2,Llano Sucio,poblado_pa_3_1_10_8,3-1-10-8-2
barrio_pa_3_1_10_8_3,Nuevo Reparto San Isidro,poblado_pa_3_1_10_8,3-1-10-8-3
barrio_pa_3_1_10_8_4,Puerto Pilón,poblado_pa_3_1_10_8,3-1-10-8-4
barrio_pa_3_1_10_8_5,Punta Azul,poblado_pa_3_1_10_8,3-1-10-8-5
barrio_pa_3_1_10_8_6,Urbanización Anap,poblado_pa_3_1_10_8,3-1-10-8-6
barrio_pa_3_1_10_8_7,Villa Lomar No.1,poblado_pa_3_1_10_8,3-1-10-8-7
barrio_pa_3_1_10_8_8,Villa Lomar No.2,poblado_pa_3_1_10_8,3-1-10-8-8
barrio_pa_3_1_10_8_9,Villa Luisa,poblado_pa_3_1_10_8,3-1-10-8-9
barrio_pa_3_1_10_8_10,Puerto Real,poblado_pa_3_1_10_8,3-1-10-8-10
barrio_pa_3_1_10_8_11,Villa Cartagena,poblado_pa_3_1_10_8,3-1-10-8-11
barrio_pa_3_1_10_8_12,Brisas de San Isidro,poblado_pa_3_1_10_8,3-1-10-8-12
barrio_pa_3_1_10_8_13,Las Quintas de Puerto Pilón,poblado_pa_3_1_10_8,3-1-10-8-13
barrio_pa_3_1_10_8_14,Divino Ni?O,poblado_pa_3_1_10_8,3-1-10-8-14
barrio_pa_3_1_10_8_15,Residencial Altos de San Isidro,poblado_pa_3_1_10_8,3-1-10-8-15
barrio_pa_3_1_10_8_16,Altos de San Antonio,poblado_pa_3_1_10_8,3-1-10-8-16
barrio_pa_3_1_10_8_17,Barriada el Río No.2,poblado_pa_3_1_10_8,3-1-10-8-17
barrio_pa_3_1_10_8_18,Nueva Villa Luisa,poblado_pa_3_1_10_8,3-1-10-8-18
barrio_pa_3_1_10_22_1,Villa Catalina,poblado_pa_3_1_10_22,3-1-10-22-1
barrio_pa_3_1_10_29_1,Río Alejandro,poblado_pa_3_1_10_29,3-1-10-29-1
barrio_pa_3_1_10_29_2,Billgrey,poblado_pa_3_1_10_29,3-1-10-29-2
barrio_pa_3_1_10_30_1,Urbanización las Perlas de Pilón Primera Etapa,poblado_pa_3_1_10_30,3-1-10-30-1
barrio_pa_3_1_10_30_2,Urbanización las Perlas de Pilón Segunda Etapa,poblado_pa_3_1_10_30,3-1-10-30-2
barrio_pa_3_1_11_5_1,Puerto el Ca?O,poblado_pa_3_1_11_5,3-1-11-5-1
barrio_pa_3_1_11_5_2,Ca?O del Medio,poblado_pa_3_1_11_5,3-1-11-5-2
barrio_pa_3_1_11_8_1,Urbanización Don Bosco,poblado_pa_3_1_11_8,3-1-11-8-1
barrio_pa_3_1_11_8_2,La Colina de Don Bosco,poblado_pa_3_1_11_8,3-1-11-8-2
barrio_pa_3_1_11_8_3,Nuevo Colón No.1 (P),poblado_pa_3_1_11_8,3-1-11-8-3
barrio_pa_3_1_11_8_4,Nuevo Colón No.2,poblado_pa_3_1_11_8,3-1-11-8-4
barrio_pa_3_1_11_8_5,Nuevo México,poblado_pa_3_1_11_8,3-1-11-8-5
barrio_pa_3_1_11_8_6,Sabanitas,poblado_pa_3_1_11_8,3-1-11-8-6
barrio_pa_3_1_11_8_7,Urbanización San Mateo,poblado_pa_3_1_11_8,3-1-11-8-7
barrio_pa_3_1_11_8_8,Urbanización Santa Rita,poblado_pa_3_1_11_8,3-1-11-8-8
barrio_pa_3_1_11_8_9,Barriada el Maestro o Tagarópulos,poblado_pa_3_1_11_8,3-1-11-8-9
barrio_pa_3_1_11_8_10,Barriada Lo Nuestro,poblado_pa_3_1_11_8,3-1-11-8-10
barrio_pa_3_1_11_8_11,Jabón Flecha,poblado_pa_3_1_11_8,3-1-11-8-11
barrio_pa_3_1_11_8_12,Urbanización Costa de Oro No.1 (P),poblado_pa_3_1_11_8,3-1-11-8-12
barrio_pa_3_1_11_8_13,Urbanización Costa de Oro No.2,poblado_pa_3_1_11_8,3-1-11-8-13
barrio_pa_3_1_11_8_14,Santa Rita Arriba,poblado_pa_3_1_11_8,3-1-11-8-14
barrio_pa_3_1_11_8_15,Complejo Habitacional Irving Saladino,poblado_pa_3_1_11_8,3-1-11-8-15
barrio_pa_3_1_11_8_16,Santa Bárbara,poblado_pa_3_1_11_8,3-1-11-8-16
barrio_pa_3_1_13_1_1,Barriada Juan Demóstenes Arosemena o el Veinte (P),poblado_pa_3_1_13_1,3-1-13-1-1
barrio_pa_3_1_13_1_2,Barriada 23 de Agosto,poblado_pa_3_1_13_1,3-1-13-1-2
barrio_pa_3_1_13_1_3,Madro?Al,poblado_pa_3_1_13_1,3-1-13-1-3
barrio_pa_3_1_13_1_4,Vista Tropical,poblado_pa_3_1_13_1,3-1-13-1-4
barrio_pa_3_1_13_1_5,Sector Morenita,poblado_pa_3_1_13_1,3-1-13-1-5
barrio_pa_3_1_13_1_6,Bella Vista,poblado_pa_3_1_13_1,3-1-13-1-6
barrio_pa_3_1_13_1_7,Villa de los Ángeles,poblado_pa_3_1_13_1,3-1-13-1-7
barrio_pa_3_1_13_1_8,Las Palmitas,poblado_pa_3_1_13_1,3-1-13-1-8
barrio_pa_3_1_13_1_9,Puente el Limón (P),poblado_pa_3_1_13_1,3-1-13-1-9
barrio_pa_3_1_13_1_10,La Changa,poblado_pa_3_1_13_1,3-1-13-1-10
barrio_pa_3_1_13_1_11,Brisas del Valle,poblado_pa_3_1_13_1,3-1-13-1-11
barrio_pa_3_1_13_1_12,Villa de Valle Verde,poblado_pa_3_1_13_1,3-1-13-1-12
barrio_pa_3_1_13_1_13,Los Lotes,poblado_pa_3_1_13_1,3-1-13-1-13
barrio_pa_3_1_13_8_1,Gatuncillo Norte,poblado_pa_3_1_13_8,3-1-13-8-1
barrio_pa_3_1_13_8_2,Gatuncillo Sur,poblado_pa_3_1_13_8,3-1-13-8-2
barrio_pa_3_1_13_8_3,Barriada las Torres,poblado_pa_3_1_13_8,3-1-13-8-3
barrio_pa_3_1_13_8_4,Puente el Limón (P),poblado_pa_3_1_13_8,3-1-13-8-4
barrio_pa_3_1_13_8_5,Altos de Gatuncillo o los Lotes de Gatuncillo,poblado_pa_3_1_13_8,3-1-13-8-5
barrio_pa_3_1_13_8_6,Villa Entre Dos Ríos,poblado_pa_3_1_13_8,3-1-13-8-6
barrio_pa_3_1_13_12_1,Nuevo Belén,poblado_pa_3_1_13_12,3-1-13-12-1
barrio_pa_3_1_13_12_2,Nuevo Vigía (P),poblado_pa_3_1_13_12,3-1-13-12-2
barrio_pa_3_1_13_12_3,Pueblo Nuevo,poblado_pa_3_1_13_12,3-1-13-12-3
barrio_pa_3_1_15_1_1,Barriada Medalla Milagrosa,poblado_pa_3_1_15_1,3-1-15-1-1
barrio_pa_3_1_15_1_2,Barriada Villa del Carmen (P),poblado_pa_3_1_15_1,3-1-15-1-2
barrio_pa_3_1_15_1_3,El Éxodo,poblado_pa_3_1_15_1,3-1-15-1-3
barrio_pa_3_1_15_1_4,Colina de los Lagos,poblado_pa_3_1_15_1,3-1-15-1-4
barrio_pa_3_1_15_2_1,Cativá (P),poblado_pa_3_1_15_2,3-1-15-2-1
barrio_pa_3_1_15_4_1,Brazos Heights,poblado_pa_3_1_15_4,3-1-15-4-1
barrio_pa_3_1_15_4_2,Margarita (P),poblado_pa_3_1_15_4,3-1-15-4-2
barrio_pa_3_1_15_4_3,Espinar,poblado_pa_3_1_15_4,3-1-15-4-3
barrio_pa_3_1_15_4_4,Urbanización Albader,poblado_pa_3_1_15_4,3-1-15-4-4
barrio_pa_3_1_15_4_5,Urbanización Alhambra,poblado_pa_3_1_15_4,3-1-15-4-5
barrio_pa_3_1_15_4_6,Las Villas de Espinar,poblado_pa_3_1_15_4,3-1-15-4-6
barrio_pa_3_1_15_4_7,Quintas de Espinar No.1,poblado_pa_3_1_15_4,3-1-15-4-7
barrio_pa_3_1_15_4_8,Quintas de Espinar No.2,poblado_pa_3_1_15_4,3-1-15-4-8
barrio_pa_3_1_15_4_9,La Cresta,poblado_pa_3_1_15_4,3-1-15-4-9
barrio_pa_3_1_15_4_10,Urbanización Albader No.2 o Ciudad del Sol,poblado_pa_3_1_15_4,3-1-15-4-10
barrio_pa_3_1_15_4_11,Atlantic Village,poblado_pa_3_1_15_4,3-1-15-4-11
barrio_pa_3_1_15_5_1,Puerto Escondido o Urbanización el Esfuerzo,poblado_pa_3_1_15_5,3-1-15-5-1
barrio_pa_3_1_15_5_2,Altos del Atlántico,poblado_pa_3_1_15_5,3-1-15-5-2
barrio_pa_3_1_15_5_3,Altos del Mivi,poblado_pa_3_1_15_5,3-1-15-5-3
barrio_pa_3_1_15_5_4,Barriada el Límite,poblado_pa_3_1_15_5,3-1-15-5-4
barrio_pa_3_1_15_5_5,Barriada el Nazareno,poblado_pa_3_1_15_5,3-1-15-5-5
barrio_pa_3_1_15_5_6,Barriada Sagrada Resurrección,poblado_pa_3_1_15_5,3-1-15-5-6
barrio_pa_3_1_15_5_7,Barriada 16 de Junio,poblado_pa_3_1_15_5,3-1-15-5-7
barrio_pa_3_1_15_5_9,Coco Solo,poblado_pa_3_1_15_5,3-1-15-5-9
barrio_pa_3_1_15_5_10,Génesis,poblado_pa_3_1_15_5,3-1-15-5-10
barrio_pa_3_1_15_5_11,Loma Dorada o Dorado Hill,poblado_pa_3_1_15_5,3-1-15-5-11
barrio_pa_3_1_15_5_12,Residencial Vereda Tropical,poblado_pa_3_1_15_5,3-1-15-5-12
barrio_pa_3_1_15_5_13,Villa el Crisol,poblado_pa_3_1_15_5,3-1-15-5-13
barrio_pa_3_1_15_5_14,Villa Crisor,poblado_pa_3_1_15_5,3-1-15-5-14
barrio_pa_3_1_15_5_16,Valle Verde No.2 Ó B,poblado_pa_3_1_15_5,3-1-15-5-16
barrio_pa_3_1_15_5_17,Eben-Ezer,poblado_pa_3_1_15_5,3-1-15-5-17
barrio_pa_3_1_15_5_18,Valle Verde No.1 Ó A,poblado_pa_3_1_15_5,3-1-15-5-18
barrio_pa_3_1_15_5_19,Barriada Nuevo Arcoiris,poblado_pa_3_1_15_5,3-1-15-5-19
barrio_pa_3_1_15_5_20,Urbanización la Victoria,poblado_pa_3_1_15_5,3-1-15-5-20
barrio_pa_3_1_15_5_21,Urbanización Renacimiento,poblado_pa_3_1_15_5,3-1-15-5-21
barrio_pa_3_1_15_5_22,Los Llanos de Eben-Ezer,poblado_pa_3_1_15_5,3-1-15-5-22
barrio_pa_3_1_15_5_23,Altos de Resurrección,poblado_pa_3_1_15_5,3-1-15-5-23
barrio_pa_3_1_15_7_1,Residencial José D. Bazán,poblado_pa_3_1_15_7,3-1-15-7-1
barrio_pa_3_1_15_8_1,Nueva Primavera,poblado_pa_3_1_15_8,3-1-15-8-1
barrio_pa_3_1_15_8_2,Santa Teresita,poblado_pa_3_1_15_8,3-1-15-8-2
barrio_pa_3_1_15_8_3,Urbanización los Lagos o la Feria,poblado_pa_3_1_15_8,3-1-15-8-3
barrio_pa_3_1_15_8_4,Urbanización Pueblo Nuevo,poblado_pa_3_1_15_8,3-1-15-8-4
barrio_pa_3_1_15_8_5,Villa Atlántica,poblado_pa_3_1_15_8,3-1-15-8-5
barrio_pa_3_1_15_8_6,Villa Venecia,poblado_pa_3_1_15_8,3-1-15-8-6
barrio_pa_3_1_15_8_7,Urbanización Pueblo Nuevo No.2,poblado_pa_3_1_15_8,3-1-15-8-7
barrio_pa_3_1_15_8_8,Pradera de Dios,poblado_pa_3_1_15_8,3-1-15-8-8
barrio_pa_3_1_15_8_9,Las Colinas de Jehová,poblado_pa_3_1_15_8,3-1-15-8-9
barrio_pa_3_1_15_8_10,Altos de Canaán,poblado_pa_3_1_15_8,3-1-15-8-10
barrio_pa_3_1_15_8_11,Altos de Sión,poblado_pa_3_1_15_8,3-1-15-8-11
barrio_pa_3_1_15_8_12,Desierto de Sinaí,poblado_pa_3_1_15_8,3-1-15-8-12
barrio_pa_3_1_15_8_13,La Nueva Jerusalén,poblado_pa_3_1_15_8,3-1-15-8-13
barrio_pa_3_1_15_8_14,Los Portales de Sión,poblado_pa_3_1_15_8,3-1-15-8-14
barrio_pa_3_1_15_8_16,Praderas de Dios No.2,poblado_pa_3_1_15_8,3-1-15-8-16
barrio_pa_3_1_15_9_1,Urbanización Villa del Caribe,poblado_pa_3_1_15_9,3-1-15-9-1
barrio_pa_3_1_15_9_2,Ciudad de Dios,poblado_pa_3_1_15_9,3-1-15-9-2
barrio_pa_3_1_15_10_1,Altos de los Lagos,poblado_pa_3_1_15_10,3-1-15-10-1
barrio_pa_4_1_2_5_1,Divalá,poblado_pa_4_1_2_5,4-1-2-5-1
barrio_pa_4_2_1_74_1,Urbanización California,poblado_pa_4_2_1_74,4-2-1-74-1
barrio_pa_4_2_1_74_2,Barriada Nuevo Amanecer,poblado_pa_4_2_1_74,4-2-1-74-2
barrio_pa_4_2_1_74_3,Urbanización San José,poblado_pa_4_2_1_74,4-2-1-74-3
barrio_pa_4_2_1_74_4,Barriada del Seguro Social,poblado_pa_4_2_1_74,4-2-1-74-4
barrio_pa_4_2_1_74_5,Barrio el Carmen,poblado_pa_4_2_1_74,4-2-1-74-5
barrio_pa_4_2_1_74_6,Barrio Nacional,poblado_pa_4_2_1_74,4-2-1-74-6
barrio_pa_4_2_1_74_7,Barriada Buena Vista,poblado_pa_4_2_1_74,4-2-1-74-7
barrio_pa_4_2_1_74_8,Barriada el Porvenir,poblado_pa_4_2_1_74,4-2-1-74-8
barrio_pa_4_2_1_74_9,El Retorno,poblado_pa_4_2_1_74,4-2-1-74-9
barrio_pa_4_2_1_74_10,La Zona o las Palmas,poblado_pa_4_2_1_74,4-2-1-74-10
barrio_pa_4_2_1_74_11,Las Lomas,poblado_pa_4_2_1_74,4-2-1-74-11
barrio_pa_4_2_1_74_12,Pueblo Nuevo,poblado_pa_4_2_1_74,4-2-1-74-12
barrio_pa_4_2_1_74_13,Barriada Río Mar,poblado_pa_4_2_1_74,4-2-1-74-13
barrio_pa_4_2_1_74_14,San Vicente,poblado_pa_4_2_1_74,4-2-1-74-14
barrio_pa_4_2_1_74_15,Barriada Santa Fe,poblado_pa_4_2_1_74,4-2-1-74-15
barrio_pa_4_2_1_74_16,Urbanización las Acacias,poblado_pa_4_2_1_74,4-2-1-74-16
barrio_pa_4_2_1_74_17,Urbanización las Lomas,poblado_pa_4_2_1_74,4-2-1-74-17
barrio_pa_4_2_1_74_18,Urbanización los Ángeles,poblado_pa_4_2_1_74,4-2-1-74-18
barrio_pa_4_2_1_74_19,Villa Soberanía,poblado_pa_4_2_1_74,4-2-1-74-19
barrio_pa_4_2_1_74_20,Nueva Florida,poblado_pa_4_2_1_74,4-2-1-74-20
barrio_pa_4_2_1_74_21,Puerto Armuelles,poblado_pa_4_2_1_74,4-2-1-74-21
barrio_pa_4_2_1_74_22,Barriada 12 de Enero,poblado_pa_4_2_1_74,4-2-1-74-22
barrio_pa_4_2_1_74_23,Barriada Flor de Lima,poblado_pa_4_2_1_74,4-2-1-74-23
barrio_pa_4_2_1_74_24,Barriada Fábrica de Cajas,poblado_pa_4_2_1_74,4-2-1-74-24
barrio_pa_4_2_1_74_25,Barriada San Antonio,poblado_pa_4_2_1_74,4-2-1-74-25
barrio_pa_4_2_3_23_1,Barriada el Triunfo,poblado_pa_4_2_3_23,4-2-3-23-1
barrio_pa_4_2_3_23_2,Paso Cano Internacional,poblado_pa_4_2_3_23,4-2-3-23-2
barrio_pa_4_2_3_24_1,Progreso,poblado_pa_4_2_3_24,4-2-3-24-1
barrio_pa_4_2_6_7_1,Bella Vista,poblado_pa_4_2_6_7,4-2-6-7-1
barrio_pa_4_2_6_7_2,Barriada Nuevo Horizonte,poblado_pa_4_2_6_7,4-2-6-7-2
barrio_pa_4_2_6_7_3,Barriada Corazón de Jesús,poblado_pa_4_2_6_7,4-2-6-7-3
barrio_pa_4_2_6_7_4,El Palmar,poblado_pa_4_2_6_7,4-2-6-7-4
barrio_pa_4_2_6_7_5,La Cuchilla,poblado_pa_4_2_6_7,4-2-6-7-5
barrio_pa_4_2_6_7_6,Nueva Victoria o San Ignacio del Cucuy,poblado_pa_4_2_6_7,4-2-6-7-6
barrio_pa_4_2_6_7_7,Palmar Centro,poblado_pa_4_2_6_7,4-2-6-7-7
barrio_pa_4_2_6_7_8,Palmar Sur,poblado_pa_4_2_6_7,4-2-6-7-8
barrio_pa_4_2_6_7_9,Barriada Petro Terminal,poblado_pa_4_2_6_7,4-2-6-7-9
barrio_pa_4_2_6_7_10,Villa Victoria,poblado_pa_4_2_6_7,4-2-6-7-10
barrio_pa_4_2_6_7_11,Barriada Coronado,poblado_pa_4_2_6_7,4-2-6-7-11
barrio_pa_4_3_1_2_1,Boquerón,poblado_pa_4_3_1_2,4-3-1-2-1
barrio_pa_4_3_1_2_2,Brisas de Boquerón,poblado_pa_4_3_1_2,4-3-1-2-2
barrio_pa_4_3_1_2_3,Residencial Alpha,poblado_pa_4_3_1_2,4-3-1-2-3
barrio_pa_4_4_1_5_1,Bajo Boquete (P),poblado_pa_4_4_1_5,4-4-1-5-1
barrio_pa_4_4_1_5_2,Valle Escondido,poblado_pa_4_4_1_5,4-4-1-5-2
barrio_pa_4_4_1_5_3,Los Pinos,poblado_pa_4_4_1_5,4-4-1-5-3
barrio_pa_4_4_1_5_4,Camino Al Salto,poblado_pa_4_4_1_5,4-4-1-5-4
barrio_pa_4_4_1_5_5,Pueblo Nuevo,poblado_pa_4_4_1_5,4-4-1-5-5
barrio_pa_4_4_1_5_6,Panamonte Estates,poblado_pa_4_4_1_5,4-4-1-5-6
barrio_pa_4_4_4_2_1,Alto Boquete,poblado_pa_4_4_4_2,4-4-4-2-1
barrio_pa_4_4_4_2_2,Barriada Marcos A. Caballero,poblado_pa_4_4_4_2,4-4-4-2-2
barrio_pa_4_4_4_2_3,Barriada Villa de la Paz,poblado_pa_4_4_4_2,4-4-4-2-3
barrio_pa_4_4_4_2_4,Bajo Boquete (P),poblado_pa_4_4_4_2,4-4-4-2-4
barrio_pa_4_4_4_2_5,Urbanización Alto Dorado,poblado_pa_4_4_4_2,4-4-4-2-5
barrio_pa_4_4_4_2_6,Barriada Virgen de Guadalupe,poblado_pa_4_4_4_2,4-4-4-2-6
barrio_pa_4_4_4_2_7,Barriada las Brisas,poblado_pa_4_4_4_2,4-4-4-2-7
barrio_pa_4_4_4_2_8,Condominios Boquete,poblado_pa_4_4_4_2,4-4-4-2-8
barrio_pa_4_4_4_2_9,Don Bosco,poblado_pa_4_4_4_2,4-4-4-2-9
barrio_pa_4_4_4_2_10,Jardines de Boquete,poblado_pa_4_4_4_2,4-4-4-2-10
barrio_pa_4_4_4_2_11,Los Olimpos,poblado_pa_4_4_4_2,4-4-4-2-11
barrio_pa_4_4_4_2_12,Lotificación San Juan de Dios,poblado_pa_4_4_4_2,4-4-4-2-12
barrio_pa_4_4_4_2_14,Nuevo Amanecer,poblado_pa_4_4_4_2,4-4-4-2-14
barrio_pa_4_4_4_2_15,Brisas de Alto Boquete,poblado_pa_4_4_4_2,4-4-4-2-15
barrio_pa_4_4_4_2_16,San Francisco de Asís,poblado_pa_4_4_4_2,4-4-4-2-16
barrio_pa_4_4_4_2_18,Urbanización Oriana,poblado_pa_4_4_4_2,4-4-4-2-18
barrio_pa_4_4_4_2_19,Urbanización Villa Rosales,poblado_pa_4_4_4_2,4-4-4-2-19
barrio_pa_4_4_4_2_21,Boquete Country Club,poblado_pa_4_4_4_2,4-4-4-2-21
barrio_pa_4_4_4_2_22,Mystic Garden,poblado_pa_4_4_4_2,4-4-4-2-22
barrio_pa_4_4_4_2_23,Barriada Samboni,poblado_pa_4_4_4_2,4-4-4-2-23
barrio_pa_4_4_4_2_24,Boquete Village I,poblado_pa_4_4_4_2,4-4-4-2-24
barrio_pa_4_4_4_2_25,Boquete Village Ii,poblado_pa_4_4_4_2,4-4-4-2-25
barrio_pa_4_4_4_2_26,Bouganvillea Estate,poblado_pa_4_4_4_2,4-4-4-2-26
barrio_pa_4_4_4_2_27,Las Margaritas,poblado_pa_4_4_4_2,4-4-4-2-27
barrio_pa_4_4_4_2_28,Residencial el Bosque,poblado_pa_4_4_4_2,4-4-4-2-28
barrio_pa_4_4_4_2_29,Residencial Villa Bajareque,poblado_pa_4_4_4_2,4-4-4-2-29
barrio_pa_4_4_4_10_1,El Francés Arriba,poblado_pa_4_4_4_10,4-4-4-10-1
barrio_pa_4_4_4_10_2,Hacienda los Molinos,poblado_pa_4_4_4_10,4-4-4-10-2
barrio_pa_4_4_4_10_3,Las Trancas,poblado_pa_4_4_4_10,4-4-4-10-3
barrio_pa_4_4_4_10_4,Mata Francés,poblado_pa_4_4_4_10,4-4-4-10-4
barrio_pa_4_4_4_10_5,Urbanización Brisas Boquete?As,poblado_pa_4_4_4_10,4-4-4-10-5
barrio_pa_4_4_4_10_6,Urbanización Nuevo David,poblado_pa_4_4_4_10,4-4-4-10-6
barrio_pa_4_4_4_10_7,Los Mandarinos del Francés,poblado_pa_4_4_4_10,4-4-4-10-7
barrio_pa_4_4_4_10_8,Residencial Vistabella,poblado_pa_4_4_4_10,4-4-4-10-8
barrio_pa_4_4_4_10_9,Residencial Isabella Gardens,poblado_pa_4_4_4_10,4-4-4-10-9
barrio_pa_4_5_1_4_1,Bugabita Arriba,poblado_pa_4_5_1_4,4-5-1-4-1
barrio_pa_4_5_1_4_2,Urbanización Nuevo Arco Iris,poblado_pa_4_5_1_4,4-5-1-4-2
barrio_pa_4_5_1_4_3,Urbanización Palmar del Río,poblado_pa_4_5_1_4,4-5-1-4-3
barrio_pa_4_5_1_4_4,Residencial Maranatha,poblado_pa_4_5_1_4,4-5-1-4-4
barrio_pa_4_5_1_4_5,Valle Real de Bugabita,poblado_pa_4_5_1_4,4-5-1-4-5
barrio_pa_4_5_1_4_6,Villa Magnolia,poblado_pa_4_5_1_4,4-5-1-4-6
barrio_pa_4_5_1_15_1,Barriada Bello Horizonte,poblado_pa_4_5_1_15,4-5-1-15-1
barrio_pa_4_5_1_15_3,Barriada el Encanto,poblado_pa_4_5_1_15,4-5-1-15-3
barrio_pa_4_5_1_15_4,Barriada la Paz,poblado_pa_4_5_1_15,4-5-1-15-4
barrio_pa_4_5_1_15_5,Barriada Santa Fe,poblado_pa_4_5_1_15,4-5-1-15-5
barrio_pa_4_5_1_15_6,Barriada Santa Isabel,poblado_pa_4_5_1_15,4-5-1-15-6
barrio_pa_4_5_1_15_7,Barriada Belén,poblado_pa_4_5_1_15,4-5-1-15-7
barrio_pa_4_5_1_15_9,El Porvenir (P),poblado_pa_4_5_1_15,4-5-1-15-9
barrio_pa_4_5_1_15_10,La Concepción (P),poblado_pa_4_5_1_15,4-5-1-15-10
barrio_pa_4_5_1_15_11,Barriada los Pinos,poblado_pa_4_5_1_15,4-5-1-15-11
barrio_pa_4_5_1_15_12,El Estudiante,poblado_pa_4_5_1_15,4-5-1-15-12
barrio_pa_4_5_1_15_14,Nueva Orleans,poblado_pa_4_5_1_15,4-5-1-15-14
barrio_pa_4_5_1_15_17,Vista Hermosa,poblado_pa_4_5_1_15,4-5-1-15-17
barrio_pa_4_5_1_15_20,Dulce Hogar,poblado_pa_4_5_1_15,4-5-1-15-20
barrio_pa_4_5_1_15_21,Barriada San Ramón,poblado_pa_4_5_1_15,4-5-1-15-21
barrio_pa_4_5_1_15_22,Villa del Río,poblado_pa_4_5_1_15,4-5-1-15-22
barrio_pa_4_5_1_15_23,Barrio Justo Abel,poblado_pa_4_5_1_15,4-5-1-15-23
barrio_pa_4_5_1_15_24,Brisas del Río,poblado_pa_4_5_1_15,4-5-1-15-24
barrio_pa_4_5_1_15_25,Barrio las Palmeras,poblado_pa_4_5_1_15,4-5-1-15-25
barrio_pa_4_5_1_15_26,Bugabita Abajo,poblado_pa_4_5_1_15,4-5-1-15-26
barrio_pa_4_5_1_15_27,Altos del Guacal,poblado_pa_4_5_1_15,4-5-1-15-27
barrio_pa_4_5_1_15_28,La Candelaria,poblado_pa_4_5_1_15,4-5-1-15-28
barrio_pa_4_5_1_15_29,Residencial los Centauros,poblado_pa_4_5_1_15,4-5-1-15-29
barrio_pa_4_5_1_15_30,Los Senderos,poblado_pa_4_5_1_15,4-5-1-15-30
barrio_pa_4_5_1_15_31,Residencial los Bósques,poblado_pa_4_5_1_15,4-5-1-15-31
barrio_pa_4_5_1_15_32,Residencial Virginia I,poblado_pa_4_5_1_15,4-5-1-15-32
barrio_pa_4_5_1_15_33,Residencial Virginia Ii,poblado_pa_4_5_1_15,4-5-1-15-33
barrio_pa_4_5_1_15_34,Residencial Virginia Iii,poblado_pa_4_5_1_15,4-5-1-15-34
barrio_pa_4_5_1_15_35,Urbanización la Pradera,poblado_pa_4_5_1_15,4-5-1-15-35
barrio_pa_4_5_1_15_36,Brisas de los Centauros,poblado_pa_4_5_1_15,4-5-1-15-36
barrio_pa_4_5_1_15_37,Residencial Parque Central,poblado_pa_4_5_1_15,4-5-1-15-37
barrio_pa_4_5_1_15_38,Residencial Villa Jorlyn,poblado_pa_4_5_1_15,4-5-1-15-38
barrio_pa_4_5_1_15_39,Residencial Virginia V,poblado_pa_4_5_1_15,4-5-1-15-39
barrio_pa_4_5_1_15_40,Residencial Virginia Vi,poblado_pa_4_5_1_15,4-5-1-15-40
barrio_pa_4_5_1_15_41,Urbanización la Hacienda,poblado_pa_4_5_1_15,4-5-1-15-41
barrio_pa_4_5_1_15_42,Urbanización los Guayacanes,poblado_pa_4_5_1_15,4-5-1-15-42
barrio_pa_4_5_1_15_43,Villa Lauren,poblado_pa_4_5_1_15,4-5-1-15-43
barrio_pa_4_5_1_15_44,Residencial Altos de la Concepción,poblado_pa_4_5_1_15,4-5-1-15-44
barrio_pa_4_5_1_15_45,Barrio Crucigrama,poblado_pa_4_5_1_15,4-5-1-15-45
barrio_pa_4_5_1_15_46,Residencial Santa Ana,poblado_pa_4_5_1_15,4-5-1-15-46
barrio_pa_4_5_1_26_1,Segunda Barriada (P),poblado_pa_4_5_1_26,4-5-1-26-1
barrio_pa_4_5_3_1_1,Bugaba Abajo,poblado_pa_4_5_3_1,4-5-3-1-1
barrio_pa_4_5_3_1_2,La Mata de Bugaba,poblado_pa_4_5_3_1,4-5-3-1-2
barrio_pa_4_5_3_1_3,Nuevo Amanecer,poblado_pa_4_5_3_1,4-5-3-1-3
barrio_pa_4_5_3_1_4,Segunda Barriada (P),poblado_pa_4_5_3_1,4-5-3-1-4
barrio_pa_4_5_3_1_5,Tercera Barriada,poblado_pa_4_5_3_1,4-5-3-1-5
barrio_pa_4_5_3_1_6,20 de Enero,poblado_pa_4_5_3_1,4-5-3-1-6
barrio_pa_4_5_3_1_7,Do?A Fela,poblado_pa_4_5_3_1,4-5-3-1-7
barrio_pa_4_5_3_1_8,Quinta Barriada,poblado_pa_4_5_3_1,4-5-3-1-8
barrio_pa_4_5_3_1_9,San Diego,poblado_pa_4_5_3_1,4-5-3-1-9
barrio_pa_4_5_3_1_10,Barriada los Guayacanes,poblado_pa_4_5_3_1,4-5-3-1-10
barrio_pa_4_5_3_1_11,Zaratí,poblado_pa_4_5_3_1,4-5-3-1-11
barrio_pa_4_5_3_1_13,Urbanización Atlantis,poblado_pa_4_5_3_1,4-5-3-1-13
barrio_pa_4_5_8_4_1,Santa Marta,poblado_pa_4_5_8_4,4-5-8-4-1
barrio_pa_4_5_8_4_2,Santa Marta Norte,poblado_pa_4_5_8_4,4-5-8-4-2
barrio_pa_4_5_8_4_3,Residencial Ciudad Jardín Santa Marta,poblado_pa_4_5_8_4,4-5-8-4-3
barrio_pa_4_5_14_1_1,Barriada Arco Iris No.1,poblado_pa_4_5_14_1,4-5-14-1-1
barrio_pa_4_5_14_1_2,Barriada Nueva Esperanza,poblado_pa_4_5_14_1,4-5-14-1-2
barrio_pa_4_5_14_1_3,Brisas del Volcán,poblado_pa_4_5_14_1,4-5-14-1-3
barrio_pa_4_5_14_1_4,El Porvenir (P),poblado_pa_4_5_14_1,4-5-14-1-4
barrio_pa_4_5_14_1_5,La Concepción (P),poblado_pa_4_5_14_1,4-5-14-1-5
barrio_pa_4_5_14_1_6,Solano,poblado_pa_4_5_14_1,4-5-14-1-6
barrio_pa_4_5_14_1_7,Urbanización Dos Ríos,poblado_pa_4_5_14_1,4-5-14-1-7
barrio_pa_4_5_14_1_8,Urbanización Opciones,poblado_pa_4_5_14_1,4-5-14-1-8
barrio_pa_4_5_14_1_10,Urbanización Villas de Borinquito,poblado_pa_4_5_14_1,4-5-14-1-10
barrio_pa_4_6_1_1_4,Balbuena,poblado_pa_4_6_1_1,4-6-1-1-4
barrio_pa_4_6_1_1_5,Barriada 20 de Diciembre,poblado_pa_4_6_1_1,4-6-1-1-5
barrio_pa_4_6_1_1_7,Barriada Arco Iris,poblado_pa_4_6_1_1,4-6-1-1-7
barrio_pa_4_6_1_1_10,Barriada el Rocío,poblado_pa_4_6_1_1,4-6-1-1-10
barrio_pa_4_6_1_1_20,Barrio Bolívar (P),poblado_pa_4_6_1_1,4-6-1-1-20
barrio_pa_4_6_1_1_21,Barrio Estudiante,poblado_pa_4_6_1_1,4-6-1-1-21
barrio_pa_4_6_1_1_22,Barrio Manuel Quintero Villarreal,poblado_pa_4_6_1_1,4-6-1-1-22
barrio_pa_4_6_1_1_25,David,poblado_pa_4_6_1_1,4-6-1-1-25
barrio_pa_4_6_1_1_26,Doleguita,poblado_pa_4_6_1_1,4-6-1-1-26
barrio_pa_4_6_1_1_29,El Carmen (P),poblado_pa_4_6_1_1,4-6-1-1-29
barrio_pa_4_6_1_1_34,El Varital,poblado_pa_4_6_1_1,4-6-1-1-34
barrio_pa_4_6_1_1_42,Las Acacias,poblado_pa_4_6_1_1,4-6-1-1-42
barrio_pa_4_6_1_1_52,San Mateo (P),poblado_pa_4_6_1_1,4-6-1-1-52
barrio_pa_4_6_1_1_53,Santa Cruz,poblado_pa_4_6_1_1,4-6-1-1-53
barrio_pa_4_6_1_1_55,Santa Cruz Norte,poblado_pa_4_6_1_1,4-6-1-1-55
barrio_pa_4_6_1_1_57,Terronal,poblado_pa_4_6_1_1,4-6-1-1-57
barrio_pa_4_6_1_1_59,Urbanización Altos de Morazán (P),poblado_pa_4_6_1_1,4-6-1-1-59
barrio_pa_4_6_1_1_62,Urbanización Emelia,poblado_pa_4_6_1_1,4-6-1-1-62
barrio_pa_4_6_1_1_65,Urbanización la Princesa,poblado_pa_4_6_1_1,4-6-1-1-65
barrio_pa_4_6_1_1_68,Urbanización las Perlas,poblado_pa_4_6_1_1,4-6-1-1-68
barrio_pa_4_6_1_1_69,Urbanización los Ríos,poblado_pa_4_6_1_1,4-6-1-1-69
barrio_pa_4_6_1_1_70,Urbanización San Vicente,poblado_pa_4_6_1_1,4-6-1-1-70
barrio_pa_4_6_1_1_71,Urbanización Sossa y Barbero,poblado_pa_4_6_1_1,4-6-1-1-71
barrio_pa_4_6_1_1_74,Villa de las Brisas,poblado_pa_4_6_1_1,4-6-1-1-74
barrio_pa_4_6_1_1_75,Villa Dora,poblado_pa_4_6_1_1,4-6-1-1-75
barrio_pa_4_6_1_1_80,Villa Olga,poblado_pa_4_6_1_1,4-6-1-1-80
barrio_pa_4_6_1_1_84,Barriada Francisco Clark,poblado_pa_4_6_1_1,4-6-1-1-84
barrio_pa_4_6_1_1_85,Barriada la Esperanza,poblado_pa_4_6_1_1,4-6-1-1-85
barrio_pa_4_6_1_1_93,Barriada Villa del Carmen,poblado_pa_4_6_1_1,4-6-1-1-93
barrio_pa_4_6_1_1_96,Los Bosques de San Fernando,poblado_pa_4_6_1_1,4-6-1-1-96
barrio_pa_4_6_1_1_101,Urbanización los Guayacanes,poblado_pa_4_6_1_1,4-6-1-1-101
barrio_pa_4_6_1_1_105,Urbanización Santa María,poblado_pa_4_6_1_1,4-6-1-1-105
barrio_pa_4_6_1_1_107,Urbanización Villa Isabel,poblado_pa_4_6_1_1,4-6-1-1-107
barrio_pa_4_6_1_1_111,Barrio Sucre,poblado_pa_4_6_1_1,4-6-1-1-111
barrio_pa_4_6_1_1_112,Nuevo San Vicente,poblado_pa_4_6_1_1,4-6-1-1-112
barrio_pa_4_6_1_1_113,Urbanización el Bosque,poblado_pa_4_6_1_1,4-6-1-1-113
barrio_pa_4_6_1_1_115,Villa del Sol,poblado_pa_4_6_1_1,4-6-1-1-115
barrio_pa_4_6_1_1_121,Urbanización Anayansi,poblado_pa_4_6_1_1,4-6-1-1-121
barrio_pa_4_6_1_1_122,Villa Nazareth,poblado_pa_4_6_1_1,4-6-1-1-122
barrio_pa_4_6_1_1_124,Villa Venice,poblado_pa_4_6_1_1,4-6-1-1-124
barrio_pa_4_6_1_1_126,Residencial el Sol,poblado_pa_4_6_1_1,4-6-1-1-126
barrio_pa_4_6_1_1_127,Urbanización los Paulinos,poblado_pa_4_6_1_1,4-6-1-1-127
barrio_pa_4_6_1_1_129,Residencial el Bosque,poblado_pa_4_6_1_1,4-6-1-1-129
barrio_pa_4_6_1_1_146,Los Faroles,poblado_pa_4_6_1_1,4-6-1-1-146
barrio_pa_4_6_1_1_150,Residencial Kasa Mía,poblado_pa_4_6_1_1,4-6-1-1-150
barrio_pa_4_6_1_1_151,Residencial los Portales,poblado_pa_4_6_1_1,4-6-1-1-151
barrio_pa_4_6_1_1_156,Villas del Río,poblado_pa_4_6_1_1,4-6-1-1-156
barrio_pa_4_6_1_1_158,Residencial San José,poblado_pa_4_6_1_1,4-6-1-1-158
barrio_pa_4_6_1_1_161,Altos del Terronal,poblado_pa_4_6_1_1,4-6-1-1-161
barrio_pa_4_6_1_1_162,Jardines de las Perlas,poblado_pa_4_6_1_1,4-6-1-1-162
barrio_pa_4_6_4_4_1,Chiriquí,poblado_pa_4_6_4_4,4-6-4-4-1
barrio_pa_4_6_4_4_2,Bella Vista,poblado_pa_4_6_4_4,4-6-4-4-2
barrio_pa_4_6_4_4_3,Betania,poblado_pa_4_6_4_4,4-6-4-4-3
barrio_pa_4_6_4_4_4,La Amistad,poblado_pa_4_6_4_4,4-6-4-4-4
barrio_pa_4_6_4_4_5,La Plaza,poblado_pa_4_6_4_4,4-6-4-4-5
barrio_pa_4_6_4_4_6,Urbanización Valle del Sol,poblado_pa_4_6_4_4,4-6-4-4-6
barrio_pa_4_6_6_4_1,Quite?O,poblado_pa_4_6_6_4,4-6-6-4-1
barrio_pa_4_6_6_4_2,Residencial Colinas de Quite?O,poblado_pa_4_6_6_4,4-6-6-4-2
barrio_pa_4_6_6_4_3,Residencial Valle Verde,poblado_pa_4_6_6_4,4-6-6-4-3
barrio_pa_4_6_6_4_4,Villa Deli,poblado_pa_4_6_6_4,4-6-6-4-4
barrio_pa_4_6_6_9_1,Barriada 19 de Abril o Villa del Indio,poblado_pa_4_6_6_9,4-6-6-9-1
barrio_pa_4_6_6_9_2,Escobal,poblado_pa_4_6_6_9,4-6-6-9-2
barrio_pa_4_6_6_9_3,Las Lomas o Llano del Medio,poblado_pa_4_6_6_9,4-6-6-9-3
barrio_pa_4_6_6_9_5,San José,poblado_pa_4_6_6_9,4-6-6-9-5
barrio_pa_4_6_6_9_6,Llano Grande Abajo,poblado_pa_4_6_6_9,4-6-6-9-6
barrio_pa_4_6_6_9_7,Urbanización San Antonio,poblado_pa_4_6_6_9,4-6-6-9-7
barrio_pa_4_6_6_9_8,Llano Grande Arriba,poblado_pa_4_6_6_9,4-6-6-9-8
barrio_pa_4_6_6_9_9,Barriada Guaymí,poblado_pa_4_6_6_9,4-6-6-9-9
barrio_pa_4_6_6_9_10,Barriada San Valentín,poblado_pa_4_6_6_9,4-6-6-9-10
barrio_pa_4_6_6_9_11,Residencial Casa Hacienda,poblado_pa_4_6_6_9,4-6-6-9-11
barrio_pa_4_6_6_9_12,Urbanización la Floresta,poblado_pa_4_6_6_9,4-6-6-9-12
barrio_pa_4_6_6_9_13,Las Marías,poblado_pa_4_6_6_9,4-6-6-9-13
barrio_pa_4_6_6_9_14,Residencial Sue?O Dorado,poblado_pa_4_6_6_9,4-6-6-9-14
barrio_pa_4_6_6_9_15,Villa Amparo,poblado_pa_4_6_6_9,4-6-6-9-15
barrio_pa_4_6_6_9_16,Residencial los Llanos,poblado_pa_4_6_6_9,4-6-6-9-16
barrio_pa_4_6_6_9_17,Nuevo San José,poblado_pa_4_6_6_9,4-6-6-9-17
barrio_pa_4_6_6_9_18,Residencial Hermosillo,poblado_pa_4_6_6_9,4-6-6-9-18
barrio_pa_4_6_6_9_19,San Antonio Hills,poblado_pa_4_6_6_9,4-6-6-9-19
barrio_pa_4_6_6_9_20,Mata de Limón,poblado_pa_4_6_6_9,4-6-6-9-20
barrio_pa_4_6_6_9_21,Residencial Altos de las Lomas,poblado_pa_4_6_6_9,4-6-6-9-21
barrio_pa_4_6_6_9_22,Residencial los Senderos,poblado_pa_4_6_6_9,4-6-6-9-22
barrio_pa_4_6_6_9_24,Residencial Prado Verde,poblado_pa_4_6_6_9,4-6-6-9-24
barrio_pa_4_6_6_9_25,Residencial Vista Bella Ii,poblado_pa_4_6_6_9,4-6-6-9-25
barrio_pa_4_6_6_9_26,Urbanización San  Miguel,poblado_pa_4_6_6_9,4-6-6-9-26
barrio_pa_4_6_6_9_27,Residencial Sevilla,poblado_pa_4_6_6_9,4-6-6-9-27
barrio_pa_4_6_6_17_1,Mata de Nance,poblado_pa_4_6_6_17,4-6-6-17-1
barrio_pa_4_6_6_17_2,Santa Rosa de Lima,poblado_pa_4_6_6_17,4-6-6-17-2
barrio_pa_4_6_6_17_3,Mirabella Park,poblado_pa_4_6_6_17,4-6-6-17-3
barrio_pa_4_6_6_17_4,Residencial Altos de San Antonio,poblado_pa_4_6_6_17,4-6-6-17-4
barrio_pa_4_6_6_17_5,Residencial Valle del Nance,poblado_pa_4_6_6_17,4-6-6-17-5
barrio_pa_4_6_6_17_6,Residencial Villa Nueva,poblado_pa_4_6_6_17,4-6-6-17-6
barrio_pa_4_6_6_17_7,Residencial Villa Serena,poblado_pa_4_6_6_17,4-6-6-17-7
barrio_pa_4_6_6_17_8,Residencial Vista Bella,poblado_pa_4_6_6_17,4-6-6-17-8
barrio_pa_4_6_6_17_9,Residencial Quintas de San Antonio,poblado_pa_4_6_6_17,4-6-6-17-9
barrio_pa_4_6_7_17_1,Pedregal,poblado_pa_4_6_7_17,4-6-7-17-1
barrio_pa_4_6_7_17_2,Barriada 16 de Diciembre,poblado_pa_4_6_7_17,4-6-7-17-2
barrio_pa_4_6_7_17_3,Barriada Vista Hermosa,poblado_pa_4_6_7_17,4-6-7-17-3
barrio_pa_4_6_7_17_4,Barriada las Sabanas,poblado_pa_4_6_7_17,4-6-7-17-4
barrio_pa_4_6_7_17_5,Barriada San José (P),poblado_pa_4_6_7_17,4-6-7-17-5
barrio_pa_4_6_7_17_6,La Orquídea,poblado_pa_4_6_7_17,4-6-7-17-6
barrio_pa_4_6_7_17_7,Villa la Paz,poblado_pa_4_6_7_17,4-6-7-17-7
barrio_pa_4_6_7_17_8,Villa Nereida,poblado_pa_4_6_7_17,4-6-7-17-8
barrio_pa_4_6_7_17_9,Barriada Costa del Sol,poblado_pa_4_6_7_17,4-6-7-17-9
barrio_pa_4_6_7_17_10,Barriada 9 de Abril,poblado_pa_4_6_7_17,4-6-7-17-10
barrio_pa_4_6_7_17_11,Barriada 16 de Marzo,poblado_pa_4_6_7_17,4-6-7-17-11
barrio_pa_4_6_7_17_15,Barriada el Islote,poblado_pa_4_6_7_17,4-6-7-17-15
barrio_pa_4_6_7_17_16,Loma Linda,poblado_pa_4_6_7_17,4-6-7-17-16
barrio_pa_4_6_7_17_17,Urbanización Don Bosco,poblado_pa_4_6_7_17,4-6-7-17-17
barrio_pa_4_6_7_17_18,Proyecto Barría,poblado_pa_4_6_7_17,4-6-7-17-18
barrio_pa_4_6_7_17_19,Villa Galo,poblado_pa_4_6_7_17,4-6-7-17-19
barrio_pa_4_6_7_17_20,Villa Galo No.3,poblado_pa_4_6_7_17,4-6-7-17-20
barrio_pa_4_6_7_17_21,Barriada Villa Escondida,poblado_pa_4_6_7_17,4-6-7-17-21
barrio_pa_4_6_7_17_22,Barriada Bellas Colinas,poblado_pa_4_6_7_17,4-6-7-17-22
barrio_pa_4_6_7_17_23,Brisas del Mar No.1,poblado_pa_4_6_7_17,4-6-7-17-23
barrio_pa_4_6_7_17_24,Villa Unión,poblado_pa_4_6_7_17,4-6-7-17-24
barrio_pa_4_6_7_17_25,El País de las Mujeres o Vista Hermosa,poblado_pa_4_6_7_17,4-6-7-17-25
barrio_pa_4_6_7_17_26,Brisas del Mar No.2,poblado_pa_4_6_7_17,4-6-7-17-26
barrio_pa_4_6_7_17_27,Barrio Acapulco,poblado_pa_4_6_7_17,4-6-7-17-27
barrio_pa_4_6_7_17_28,Barrio el Pescador,poblado_pa_4_6_7_17,4-6-7-17-28
barrio_pa_4_6_7_17_29,Barrio Villarreal,poblado_pa_4_6_7_17,4-6-7-17-29
barrio_pa_4_6_7_17_30,Barriada Vista Linda,poblado_pa_4_6_7_17,4-6-7-17-30
barrio_pa_4_6_7_17_31,Barriada 4 de Enero,poblado_pa_4_6_7_17,4-6-7-17-31
barrio_pa_4_6_7_17_32,Parcelación Don Bosco,poblado_pa_4_6_7_17,4-6-7-17-32
barrio_pa_4_6_7_17_33,Puerto el Muertito,poblado_pa_4_6_7_17,4-6-7-17-33
barrio_pa_4_6_7_17_34,Puerto la Estrella,poblado_pa_4_6_7_17,4-6-7-17-34
barrio_pa_4_6_7_17_35,Villa Garibaldi No.1,poblado_pa_4_6_7_17,4-6-7-17-35
barrio_pa_4_6_7_17_36,Villa Garibaldi No.2,poblado_pa_4_6_7_17,4-6-7-17-36
barrio_pa_4_6_8_4_1,Colinas de San Carlos,poblado_pa_4_6_8_4,4-6-8-4-1
barrio_pa_4_6_8_4_2,Colinas de Santa Cruz,poblado_pa_4_6_8_4,4-6-8-4-2
barrio_pa_4_6_8_4_3,Las Lomas de San Carlos,poblado_pa_4_6_8_4,4-6-8-4-3
barrio_pa_4_6_8_4_4,Nuevo San Carlitos,poblado_pa_4_6_8_4,4-6-8-4-4
barrio_pa_4_6_8_4_5,Residencial el Valle,poblado_pa_4_6_8_4,4-6-8-4-5
barrio_pa_4_6_8_4_6,Residencial Villa Guadalupana,poblado_pa_4_6_8_4,4-6-8-4-6
barrio_pa_4_6_8_4_7,Urbanización Do?A Josefa,poblado_pa_4_6_8_4,4-6-8-4-7
barrio_pa_4_6_8_4_8,Urbanización Villa Paola,poblado_pa_4_6_8_4,4-6-8-4-8
barrio_pa_4_6_8_4_9,Villa Laura,poblado_pa_4_6_8_4,4-6-8-4-9
barrio_pa_4_6_8_4_10,Villa Santa Rita,poblado_pa_4_6_8_4,4-6-8-4-10
barrio_pa_4_6_8_4_11,Villas de San Carlitos,poblado_pa_4_6_8_4,4-6-8-4-11
barrio_pa_4_6_8_4_12,Peje Perro,poblado_pa_4_6_8_4,4-6-8-4-12
barrio_pa_4_6_8_4_13,Barriada la Esperanza,poblado_pa_4_6_8_4,4-6-8-4-13
barrio_pa_4_6_8_4_14,Residencial Golden Hills,poblado_pa_4_6_8_4,4-6-8-4-14
barrio_pa_4_6_8_4_15,Hacienda el Lago,poblado_pa_4_6_8_4,4-6-8-4-15
barrio_pa_4_6_8_4_16,Madre Terra,poblado_pa_4_6_8_4,4-6-8-4-16
barrio_pa_4_6_10_6_1,San Pablo Viejo Abajo,poblado_pa_4_6_10_6,4-6-10-6-1
barrio_pa_4_6_10_6_2,Coquito,poblado_pa_4_6_10_6,4-6-10-6-2
barrio_pa_4_6_10_6_3,Residencial Colinas de Santa Isabel,poblado_pa_4_6_10_6,4-6-10-6-3
barrio_pa_4_6_10_6_4,Las Acacias o el Roble,poblado_pa_4_6_10_6,4-6-10-6-4
barrio_pa_4_6_10_6_5,Villa María,poblado_pa_4_6_10_6,4-6-10-6-5
barrio_pa_4_6_10_6_6,Residencial la Arboleda,poblado_pa_4_6_10_6,4-6-10-6-6
barrio_pa_4_6_10_6_7,Nuevo Coquito,poblado_pa_4_6_10_6,4-6-10-6-7
barrio_pa_4_6_10_6_8,Residencial Porto Di Oro,poblado_pa_4_6_10_6,4-6-10-6-8
barrio_pa_4_6_10_6_9,La Fontana,poblado_pa_4_6_10_6,4-6-10-6-9
barrio_pa_4_6_10_6_10,Barriada el Higo,poblado_pa_4_6_10_6,4-6-10-6-10
barrio_pa_4_6_10_6_11,El Robledal,poblado_pa_4_6_10_6,4-6-10-6-11
barrio_pa_4_6_10_6_12,Residencial Quintas de Valeria,poblado_pa_4_6_10_6,4-6-10-6-12
barrio_pa_4_6_10_6_13,Urbanización Bella Vista,poblado_pa_4_6_10_6,4-6-10-6-13
barrio_pa_4_6_10_6_14,Barriada Santo Domingo de Guzmán,poblado_pa_4_6_10_6,4-6-10-6-14
barrio_pa_4_6_10_6_15,Urbanización Santa Mónica,poblado_pa_4_6_10_6,4-6-10-6-15
barrio_pa_4_6_10_6_16,Residencial Vista Verde,poblado_pa_4_6_10_6,4-6-10-6-16
barrio_pa_4_6_10_6_17,Santa Teresa,poblado_pa_4_6_10_6,4-6-10-6-17
barrio_pa_4_6_10_6_18,Residencial Coquito Hills,poblado_pa_4_6_10_6,4-6-10-6-18
barrio_pa_4_6_10_6_19,Residencial Valle Bonito,poblado_pa_4_6_10_6,4-6-10-6-19
barrio_pa_4_6_10_6_20,Terrazas de San Pablo,poblado_pa_4_6_10_6,4-6-10-6-20
barrio_pa_4_6_10_6_21,Urbanización Villa Guadalupe,poblado_pa_4_6_10_6,4-6-10-6-21
barrio_pa_4_6_10_6_22,Villas de San Pablo Viejo,poblado_pa_4_6_10_6,4-6-10-6-22
barrio_pa_4_6_10_6_23,Terrazas de San Pablo Ii,poblado_pa_4_6_10_6,4-6-10-6-23
barrio_pa_4_6_10_6_24,Urbanización Santa Mónica Ii,poblado_pa_4_6_10_6,4-6-10-6-24
barrio_pa_4_6_10_6_25,Residencial las Cumbres,poblado_pa_4_6_10_6,4-6-10-6-25
barrio_pa_4_6_10_6_26,Residencial los Tecales,poblado_pa_4_6_10_6,4-6-10-6-26
barrio_pa_4_6_10_6_28,Urbanización Parques de San Pablo,poblado_pa_4_6_10_6,4-6-10-6-28
barrio_pa_4_6_10_6_29,Urbanización San Pablo Country,poblado_pa_4_6_10_6,4-6-10-6-29
barrio_pa_4_6_11_1_1,Altos de Morazán No.3,poblado_pa_4_6_11_1,4-6-11-1-1
barrio_pa_4_6_11_1_2,Altos del Río,poblado_pa_4_6_11_1,4-6-11-1-2
barrio_pa_4_6_11_1_3,Bajo la Unión o las Flores,poblado_pa_4_6_11_1,4-6-11-1-3
barrio_pa_4_6_11_1_4,Bajos del Río,poblado_pa_4_6_11_1,4-6-11-1-4
barrio_pa_4_6_11_1_5,Barriada 15 de Marzo,poblado_pa_4_6_11_1,4-6-11-1-5
barrio_pa_4_6_11_1_6,Barriada Alba,poblado_pa_4_6_11_1,4-6-11-1-6
barrio_pa_4_6_11_1_7,Barriada Altamira,poblado_pa_4_6_11_1,4-6-11-1-7
barrio_pa_4_6_11_1_8,Barriada Alto de las Moras,poblado_pa_4_6_11_1,4-6-11-1-8
barrio_pa_4_6_11_1_9,Barriada Don Bosco o Revolución,poblado_pa_4_6_11_1,4-6-11-1-9
barrio_pa_4_6_11_1_10,Barriada Elisa Chiari,poblado_pa_4_6_11_1,4-6-11-1-10
barrio_pa_4_6_11_1_11,Barriada la Florida,poblado_pa_4_6_11_1,4-6-11-1-11
barrio_pa_4_6_11_1_12,Barriada las Moras,poblado_pa_4_6_11_1,4-6-11-1-12
barrio_pa_4_6_11_1_13,Barriada Loma Linda,poblado_pa_4_6_11_1,4-6-11-1-13
barrio_pa_4_6_11_1_14,Barriada los Andes No.2,poblado_pa_4_6_11_1,4-6-11-1-14
barrio_pa_4_6_11_1_15,Barriada los Lirios,poblado_pa_4_6_11_1,4-6-11-1-15
barrio_pa_4_6_11_1_16,Barriada Lourdes,poblado_pa_4_6_11_1,4-6-11-1-16
barrio_pa_4_6_11_1_17,Barriada Monte Fresco,poblado_pa_4_6_11_1,4-6-11-1-17
barrio_pa_4_6_11_1_18,Barriada Paraíso,poblado_pa_4_6_11_1,4-6-11-1-18
barrio_pa_4_6_11_1_19,Barriada Paraíso Sector 6,poblado_pa_4_6_11_1,4-6-11-1-19
barrio_pa_4_6_11_1_20,Barriada Tarilú,poblado_pa_4_6_11_1,4-6-11-1-20
barrio_pa_4_6_11_1_21,Barriada Vista Linda,poblado_pa_4_6_11_1,4-6-11-1-21
barrio_pa_4_6_11_1_22,Barrio Bolívar (P),poblado_pa_4_6_11_1,4-6-11-1-22
barrio_pa_4_6_11_1_23,Brisas del Río,poblado_pa_4_6_11_1,4-6-11-1-23
barrio_pa_4_6_11_1_24,Cuesta del Sol No.1,poblado_pa_4_6_11_1,4-6-11-1-24
barrio_pa_4_6_11_1_25,El Pinar,poblado_pa_4_6_11_1,4-6-11-1-25
barrio_pa_4_6_11_1_26,El Vedado o Nuevo Vedado (P),poblado_pa_4_6_11_1,4-6-11-1-26
barrio_pa_4_6_11_1_27,I.V.U. Cementerio,poblado_pa_4_6_11_1,4-6-11-1-27
barrio_pa_4_6_11_1_28,I.V.U. Pueblo Nuevo,poblado_pa_4_6_11_1,4-6-11-1-28
barrio_pa_4_6_11_1_29,La Alameda,poblado_pa_4_6_11_1,4-6-11-1-29
barrio_pa_4_6_11_1_30,La Juventud,poblado_pa_4_6_11_1,4-6-11-1-30
barrio_pa_4_6_11_1_31,La Lealtad,poblado_pa_4_6_11_1,4-6-11-1-31
barrio_pa_4_6_11_1_32,La Prosperidad,poblado_pa_4_6_11_1,4-6-11-1-32
barrio_pa_4_6_11_1_33,Loma Colorada,poblado_pa_4_6_11_1,4-6-11-1-33
barrio_pa_4_6_11_1_34,Los Almendros,poblado_pa_4_6_11_1,4-6-11-1-34
barrio_pa_4_6_11_1_35,Los Andes,poblado_pa_4_6_11_1,4-6-11-1-35
barrio_pa_4_6_11_1_36,Pueblo Nuevo,poblado_pa_4_6_11_1,4-6-11-1-36
barrio_pa_4_6_11_1_37,Residencial el Palito,poblado_pa_4_6_11_1,4-6-11-1-37
barrio_pa_4_6_11_1_38,Santa Lucía,poblado_pa_4_6_11_1,4-6-11-1-38
barrio_pa_4_6_11_1_39,Urbanización Aeropuerto,poblado_pa_4_6_11_1,4-6-11-1-39
barrio_pa_4_6_11_1_40,Urbanización Altos de Morazán (P),poblado_pa_4_6_11_1,4-6-11-1-40
barrio_pa_4_6_11_1_41,Urbanización la Alondra,poblado_pa_4_6_11_1,4-6-11-1-41
barrio_pa_4_6_11_1_42,Urbanización la Aurora,poblado_pa_4_6_11_1,4-6-11-1-42
barrio_pa_4_6_11_1_43,Urbanización los Pinos,poblado_pa_4_6_11_1,4-6-11-1-43
barrio_pa_4_6_11_1_44,Urbanización Nazareth,poblado_pa_4_6_11_1,4-6-11-1-44
barrio_pa_4_6_11_1_45,Urbanización Villa Griselda,poblado_pa_4_6_11_1,4-6-11-1-45
barrio_pa_4_6_11_1_46,Valle de la Luna,poblado_pa_4_6_11_1,4-6-11-1-46
barrio_pa_4_6_11_1_47,Villa Belén,poblado_pa_4_6_11_1,4-6-11-1-47
barrio_pa_4_6_11_1_48,Villa Esperanza,poblado_pa_4_6_11_1,4-6-11-1-48
barrio_pa_4_6_11_1_49,Villa Galo No.1,poblado_pa_4_6_11_1,4-6-11-1-49
barrio_pa_4_6_11_1_50,Villa Galo No.2,poblado_pa_4_6_11_1,4-6-11-1-50
barrio_pa_4_6_11_1_51,Villa Paredes,poblado_pa_4_6_11_1,4-6-11-1-51
barrio_pa_4_6_11_1_52,Barriada San José (P),poblado_pa_4_6_11_1,4-6-11-1-52
barrio_pa_4_6_11_1_53,Barriada Valle de las Moras,poblado_pa_4_6_11_1,4-6-11-1-53
barrio_pa_4_6_11_1_54,Cuesta del Sol No.2,poblado_pa_4_6_11_1,4-6-11-1-54
barrio_pa_4_6_11_1_55,Loma Esmeralda,poblado_pa_4_6_11_1,4-6-11-1-55
barrio_pa_4_6_11_1_56,Residencial Loma Esmeralda,poblado_pa_4_6_11_1,4-6-11-1-56
barrio_pa_4_6_11_1_57,Residencial Villa Real,poblado_pa_4_6_11_1,4-6-11-1-57
barrio_pa_4_6_11_1_58,Urbanización Jardines de Villa Real,poblado_pa_4_6_11_1,4-6-11-1-58
barrio_pa_4_6_11_1_59,Urbanización Loma Linda,poblado_pa_4_6_11_1,4-6-11-1-59
barrio_pa_4_6_11_1_60,Villa Magda,poblado_pa_4_6_11_1,4-6-11-1-60
barrio_pa_4_6_11_1_61,Residencial Hacienda María,poblado_pa_4_6_11_1,4-6-11-1-61
barrio_pa_4_6_11_1_62,Residencial Alexandra,poblado_pa_4_6_11_1,4-6-11-1-62
barrio_pa_4_6_11_1_63,Residencial Nova Sur,poblado_pa_4_6_11_1,4-6-11-1-63
barrio_pa_4_6_11_1_64,Residencial Villa Gabriela,poblado_pa_4_6_11_1,4-6-11-1-64
barrio_pa_4_6_11_1_65,La Tierra Prometida,poblado_pa_4_6_11_1,4-6-11-1-65
barrio_pa_4_6_11_1_66,Villa Griselda,poblado_pa_4_6_11_1,4-6-11-1-66
barrio_pa_4_6_12_1_1,Alto Verde,poblado_pa_4_6_12_1,4-6-12-1-1
barrio_pa_4_6_12_1_2,Barriada Altos de San Cristóbal,poblado_pa_4_6_12_1,4-6-12-1-2
barrio_pa_4_6_12_1_3,Barriada el Retorno,poblado_pa_4_6_12_1,4-6-12-1-3
barrio_pa_4_6_12_1_4,Barriada Jerusalén,poblado_pa_4_6_12_1,4-6-12-1-4
barrio_pa_4_6_12_1_5,Barriada la Libertad,poblado_pa_4_6_12_1,4-6-12-1-5
barrio_pa_4_6_12_1_6,Barriada Lassonde,poblado_pa_4_6_12_1,4-6-12-1-6
barrio_pa_4_6_12_1_7,Barriada Levis,poblado_pa_4_6_12_1,4-6-12-1-7
barrio_pa_4_6_12_1_8,Barriada Nuevo Amanecer,poblado_pa_4_6_12_1,4-6-12-1-8
barrio_pa_4_6_12_1_9,Barriada Reparto Universal,poblado_pa_4_6_12_1,4-6-12-1-9
barrio_pa_4_6_12_1_10,Barriada Victoriano Lorenzo,poblado_pa_4_6_12_1,4-6-12-1-10
barrio_pa_4_6_12_1_11,Barriada Villa Roca,poblado_pa_4_6_12_1,4-6-12-1-11
barrio_pa_4_6_12_1_12,Barrio Universitario,poblado_pa_4_6_12_1,4-6-12-1-12
barrio_pa_4_6_12_1_13,Ciudad Acuario,poblado_pa_4_6_12_1,4-6-12-1-13
barrio_pa_4_6_12_1_14,Divino Ni?O,poblado_pa_4_6_12_1,4-6-12-1-14
barrio_pa_4_6_12_1_15,El Carmen (P),poblado_pa_4_6_12_1,4-6-12-1-15
barrio_pa_4_6_12_1_16,El Retiro,poblado_pa_4_6_12_1,4-6-12-1-16
barrio_pa_4_6_12_1_17,El Santo,poblado_pa_4_6_12_1,4-6-12-1-17
barrio_pa_4_6_12_1_18,El Vedado o Nuevo Vedado (P),poblado_pa_4_6_12_1,4-6-12-1-18
barrio_pa_4_6_12_1_19,Enrique Malek,poblado_pa_4_6_12_1,4-6-12-1-19
barrio_pa_4_6_12_1_20,Gran David,poblado_pa_4_6_12_1,4-6-12-1-20
barrio_pa_4_6_12_1_21,I.V.U. Primavera,poblado_pa_4_6_12_1,4-6-12-1-21
barrio_pa_4_6_12_1_22,Jardines de San Cristóbal,poblado_pa_4_6_12_1,4-6-12-1-22
barrio_pa_4_6_12_1_23,Las Margaritas,poblado_pa_4_6_12_1,4-6-12-1-23
barrio_pa_4_6_12_1_24,Las Villas de Praga,poblado_pa_4_6_12_1,4-6-12-1-24
barrio_pa_4_6_12_1_25,Los Abanicos,poblado_pa_4_6_12_1,4-6-12-1-25
barrio_pa_4_6_12_1_26,Los Ángeles,poblado_pa_4_6_12_1,4-6-12-1-26
barrio_pa_4_6_12_1_27,Mirador,poblado_pa_4_6_12_1,4-6-12-1-27
barrio_pa_4_6_12_1_28,Nueva Esperanza,poblado_pa_4_6_12_1,4-6-12-1-28
barrio_pa_4_6_12_1_29,Palo Verde,poblado_pa_4_6_12_1,4-6-12-1-29
barrio_pa_4_6_12_1_30,Read Greay,poblado_pa_4_6_12_1,4-6-12-1-30
barrio_pa_4_6_12_1_31,Residencial el Dorado,poblado_pa_4_6_12_1,4-6-12-1-31
barrio_pa_4_6_12_1_32,San Cristóbal,poblado_pa_4_6_12_1,4-6-12-1-32
barrio_pa_4_6_12_1_33,San Mateo (P),poblado_pa_4_6_12_1,4-6-12-1-33
barrio_pa_4_6_12_1_34,Urbanización Altos del Lago,poblado_pa_4_6_12_1,4-6-12-1-34
barrio_pa_4_6_12_1_35,Urbanización el Cabrero o Villa Universitaria,poblado_pa_4_6_12_1,4-6-12-1-35
barrio_pa_4_6_12_1_36,Urbanización Guillermo Derux,poblado_pa_4_6_12_1,4-6-12-1-36
barrio_pa_4_6_12_1_37,Urbanización la Feria,poblado_pa_4_6_12_1,4-6-12-1-37
barrio_pa_4_6_12_1_38,Urbanización la Feria No.2,poblado_pa_4_6_12_1,4-6-12-1-38
barrio_pa_4_6_12_1_39,Urbanización la Feria No.3,poblado_pa_4_6_12_1,4-6-12-1-39
barrio_pa_4_6_12_1_40,Urbanización la Pradera,poblado_pa_4_6_12_1,4-6-12-1-40
barrio_pa_4_6_12_1_41,Urbanización la Riviera,poblado_pa_4_6_12_1,4-6-12-1-41
barrio_pa_4_6_12_1_42,Urbanización la Vereda,poblado_pa_4_6_12_1,4-6-12-1-42
barrio_pa_4_6_12_1_43,Urbanización Lefevre,poblado_pa_4_6_12_1,4-6-12-1-43
barrio_pa_4_6_12_1_44,Urbanización Portal de las Margaritas,poblado_pa_4_6_12_1,4-6-12-1-44
barrio_pa_4_6_12_1_45,Urbanización Santa Rosa,poblado_pa_4_6_12_1,4-6-12-1-45
barrio_pa_4_6_12_1_46,Urbanización Villa Mercedes,poblado_pa_4_6_12_1,4-6-12-1-46
barrio_pa_4_6_12_1_47,Villa Aura,poblado_pa_4_6_12_1,4-6-12-1-47
barrio_pa_4_6_12_1_48,Villa Clara,poblado_pa_4_6_12_1,4-6-12-1-48
barrio_pa_4_6_12_1_49,Villa Isabela,poblado_pa_4_6_12_1,4-6-12-1-49
barrio_pa_4_6_12_1_50,Villa Lorena,poblado_pa_4_6_12_1,4-6-12-1-50
barrio_pa_4_6_12_1_51,Villa San Cristóbal,poblado_pa_4_6_12_1,4-6-12-1-51
barrio_pa_4_6_12_1_52,Villa Zia Elena,poblado_pa_4_6_12_1,4-6-12-1-52
barrio_pa_4_6_12_1_53,Barriada Walkiria,poblado_pa_4_6_12_1,4-6-12-1-53
barrio_pa_4_6_12_1_54,Brisas de San Cristóbal,poblado_pa_4_6_12_1,4-6-12-1-54
barrio_pa_4_6_12_1_55,Los Abanicos No.3,poblado_pa_4_6_12_1,4-6-12-1-55
barrio_pa_4_6_12_1_56,Mirador No.2,poblado_pa_4_6_12_1,4-6-12-1-56
barrio_pa_4_6_12_1_57,Quintas de la Riviera,poblado_pa_4_6_12_1,4-6-12-1-57
barrio_pa_4_6_12_1_58,Residencial Ciudad Malek,poblado_pa_4_6_12_1,4-6-12-1-58
barrio_pa_4_6_12_1_59,Urbanización Ciudad Orión,poblado_pa_4_6_12_1,4-6-12-1-59
barrio_pa_4_6_12_1_60,Villa Isabela Ii,poblado_pa_4_6_12_1,4-6-12-1-60
barrio_pa_4_7_1_4_1,Dolega,poblado_pa_4_7_1_4,4-7-1-4-1
barrio_pa_4_7_1_4_2,Altos de San Francisco,poblado_pa_4_7_1_4,4-7-1-4-2
barrio_pa_4_7_1_4_3,Bajo la Tumba,poblado_pa_4_7_1_4,4-7-1-4-3
barrio_pa_4_7_1_4_4,Barriada Don Carlos,poblado_pa_4_7_1_4,4-7-1-4-4
barrio_pa_4_7_1_4_5,Barriada Lina,poblado_pa_4_7_1_4,4-7-1-4-5
barrio_pa_4_7_1_4_6,El Ca?O,poblado_pa_4_7_1_4,4-7-1-4-6
barrio_pa_4_7_1_4_7,San Francisco,poblado_pa_4_7_1_4,4-7-1-4-7
barrio_pa_4_7_1_4_8,Sector la Línea,poblado_pa_4_7_1_4,4-7-1-4-8
barrio_pa_4_7_1_4_9,Urbanización Nuevo Dolega,poblado_pa_4_7_1_4,4-7-1-4-9
barrio_pa_4_7_3_1_1,Caimito,poblado_pa_4_7_3_1,4-7-3-1-1
barrio_pa_4_7_3_1_2,Residencial San Agustín,poblado_pa_4_7_3_1,4-7-3-1-2
barrio_pa_4_7_3_1_3,Residencial Bosque Real,poblado_pa_4_7_3_1,4-7-3-1-3
barrio_pa_4_7_3_1_4,Residencial Natasha,poblado_pa_4_7_3_1,4-7-3-1-4
barrio_pa_4_7_3_1_5,Residencial Caimito Village,poblado_pa_4_7_3_1,4-7-3-1-5
barrio_pa_4_7_3_1_6,Residencial Santa María,poblado_pa_4_7_3_1,4-7-3-1-6
barrio_pa_4_7_3_1_7,Residencial Vive,poblado_pa_4_7_3_1,4-7-3-1-7
barrio_pa_4_7_3_1_8,Residencial Paseo del Bosque,poblado_pa_4_7_3_1,4-7-3-1-8
barrio_pa_4_7_3_2_1,Los Anastacios,poblado_pa_4_7_3_2,4-7-3-2-1
barrio_pa_4_7_8_1_1,Algarrobos Arriba,poblado_pa_4_7_8_1,4-7-8-1-1
barrio_pa_4_7_8_1_2,Altos de los Algarrobos,poblado_pa_4_7_8_1,4-7-8-1-2
barrio_pa_4_7_8_1_3,El Tucán,poblado_pa_4_7_8_1,4-7-8-1-3
barrio_pa_4_7_8_1_4,Residencial Altamar I,poblado_pa_4_7_8_1,4-7-8-1-4
barrio_pa_4_7_8_1_5,Residencial Altamar Ii,poblado_pa_4_7_8_1,4-7-8-1-5
barrio_pa_4_7_8_1_6,Residencial los Algarrobos Arriba,poblado_pa_4_7_8_1,4-7-8-1-6
barrio_pa_4_7_8_1_7,Urbanización Nuevo Horizonte,poblado_pa_4_7_8_1,4-7-8-1-7
barrio_pa_4_7_8_1_8,Villa Juliana,poblado_pa_4_7_8_1,4-7-8-1-8
barrio_pa_4_7_8_1_9,Villa Kristal,poblado_pa_4_7_8_1,4-7-8-1-9
barrio_pa_4_7_8_1_10,Urbanización los Álamos,poblado_pa_4_7_8_1,4-7-8-1-10
barrio_pa_4_7_8_1_11,Doral Villas,poblado_pa_4_7_8_1,4-7-8-1-11
barrio_pa_4_7_8_1_12,Doral Villas Ii,poblado_pa_4_7_8_1,4-7-8-1-12
barrio_pa_4_7_8_1_13,Residencial Villa Aleana,poblado_pa_4_7_8_1,4-7-8-1-13
barrio_pa_4_7_8_6_1,Los Algarrobos,poblado_pa_4_7_8_6,4-7-8-6-1
barrio_pa_4_7_8_6_2,Residencial las Lajas,poblado_pa_4_7_8_6,4-7-8-6-2
barrio_pa_4_7_8_6_3,Residencial los Tecales,poblado_pa_4_7_8_6,4-7-8-6-3
barrio_pa_4_7_8_6_4,Urbanización San Gabriel,poblado_pa_4_7_8_6,4-7-8-6-4
barrio_pa_4_7_8_6_5,Jardínes los Algarrobos,poblado_pa_4_7_8_6,4-7-8-6-5
barrio_pa_4_7_8_6_6,Parques de la Bella Suiza,poblado_pa_4_7_8_6,4-7-8-6-6
barrio_pa_4_7_8_6_7,Residencial Celin No.1 y No.2,poblado_pa_4_7_8_6,4-7-8-6-7
barrio_pa_4_7_8_6_8,Residencial Charco Azul,poblado_pa_4_7_8_6,4-7-8-6-8
barrio_pa_4_7_8_6_9,Villa del Sol,poblado_pa_4_7_8_6,4-7-8-6-9
barrio_pa_4_7_8_6_10,Urbanización Bella Vista,poblado_pa_4_7_8_6,4-7-8-6-10
barrio_pa_4_7_8_6_11,Villa Julie,poblado_pa_4_7_8_6,4-7-8-6-11
barrio_pa_4_7_8_6_12,Urbanización Jardines de los Algarrobos,poblado_pa_4_7_8_6,4-7-8-6-12
barrio_pa_4_7_8_6_13,Algarrobos Park,poblado_pa_4_7_8_6,4-7-8-6-13
barrio_pa_4_7_8_6_14,Residencial Ciudad Jardín,poblado_pa_4_7_8_6,4-7-8-6-14
barrio_pa_4_7_8_6_15,Residencial las Marías,poblado_pa_4_7_8_6,4-7-8-6-15
barrio_pa_4_7_8_6_16,Residencial los Valles de Algarrobos,poblado_pa_4_7_8_6,4-7-8-6-16
barrio_pa_4_7_8_6_17,Residencial Villa Adriana,poblado_pa_4_7_8_6,4-7-8-6-17
barrio_pa_4_7_8_6_18,Residencial Vista Hermosa,poblado_pa_4_7_8_6,4-7-8-6-18
barrio_pa_4_7_8_6_19,Balmoral,poblado_pa_4_7_8_6,4-7-8-6-19
barrio_pa_4_7_8_6_20,Bella Suiza Gold,poblado_pa_4_7_8_6,4-7-8-6-20
barrio_pa_4_7_8_6_21,Residencial Llano Grande,poblado_pa_4_7_8_6,4-7-8-6-21
barrio_pa_4_7_8_6_22,Residencial María Gloria,poblado_pa_4_7_8_6,4-7-8-6-22
barrio_pa_4_7_8_6_23,Urbanización del Carmen Village,poblado_pa_4_7_8_6,4-7-8-6-23
barrio_pa_4_7_8_6_24,Villa Esmeralda,poblado_pa_4_7_8_6,4-7-8-6-24
barrio_pa_4_7_8_6_25,Residencial Villa Gloria,poblado_pa_4_7_8_6,4-7-8-6-25
barrio_pa_4_7_8_6_26,Residencial Villa Verde,poblado_pa_4_7_8_6,4-7-8-6-26
barrio_pa_4_7_8_6_27,Residencial Villa Emma,poblado_pa_4_7_8_6,4-7-8-6-27
barrio_pa_4_8_1_35_1,Doleguita,poblado_pa_4_8_1_35,4-8-1-35-1
barrio_pa_4_8_1_35_2,Gualaca,poblado_pa_4_8_1_35,4-8-1-35-2
barrio_pa_4_8_1_35_3,La Esperanza,poblado_pa_4_8_1_35,4-8-1-35-3
barrio_pa_4_8_1_35_4,La Florida,poblado_pa_4_8_1_35,4-8-1-35-4
barrio_pa_4_8_1_35_5,Varital,poblado_pa_4_8_1_35,4-8-1-35-5
barrio_pa_4_8_1_35_6,Los Guayacanes,poblado_pa_4_8_1_35,4-8-1-35-6
barrio_pa_4_8_1_35_7,Nueva Esperanza,poblado_pa_4_8_1_35,4-8-1-35-7
barrio_pa_4_11_4_9_1,Barriada Nueva,poblado_pa_4_11_4_9,4-11-4-9-1
barrio_pa_4_11_4_9_2,El Silencio,poblado_pa_4_11_4_9,4-11-4-9-2
barrio_pa_4_11_4_9_3,Samaria,poblado_pa_4_11_4_9,4-11-4-9-3
barrio_pa_4_11_4_9_4,San Félix,poblado_pa_4_11_4_9,4-11-4-9-4
barrio_pa_4_13_1_42_1,3 de Noviembre,poblado_pa_4_13_1_42,4-13-1-42-1
barrio_pa_4_13_1_42_2,Portugal,poblado_pa_4_13_1_42,4-13-1-42-2
barrio_pa_4_13_1_42_3,Pueblo Viejo,poblado_pa_4_13_1_42,4-13-1-42-3
barrio_pa_4_13_1_42_4,Tolé,poblado_pa_4_13_1_42,4-13-1-42-4
barrio_pa_4_13_1_42_5,Villa la Fuente,poblado_pa_4_13_1_42,4-13-1-42-5
barrio_pa_4_13_1_42_6,La Meseta,poblado_pa_4_13_1_42,4-13-1-42-6
barrio_pa_4_14_1_28_1,Barriada 6 de Agosto (P),poblado_pa_4_14_1_28,4-14-1-28-1
barrio_pa_4_14_1_28_4,Colonia del Valle (P),poblado_pa_4_14_1_28,4-14-1-28-4
barrio_pa_4_14_1_28_5,El Valle (P),poblado_pa_4_14_1_28,4-14-1-28-5
barrio_pa_4_14_1_28_9,Volcán (P),poblado_pa_4_14_1_28,4-14-1-28-9
barrio_pa_4_14_1_28_10,La Florida (P),poblado_pa_4_14_1_28,4-14-1-28-10
barrio_pa_4_14_1_28_11,Brisas del Norte,poblado_pa_4_14_1_28,4-14-1-28-11
barrio_pa_4_14_1_28_12,Cerro Brujo,poblado_pa_4_14_1_28,4-14-1-28-12
barrio_pa_4_14_1_28_13,La Floristería,poblado_pa_4_14_1_28,4-14-1-28-13
barrio_pa_4_14_1_28_14,La Fuente,poblado_pa_4_14_1_28,4-14-1-28-14
barrio_pa_4_14_1_28_15,La Primavera,poblado_pa_4_14_1_28,4-14-1-28-15
barrio_pa_4_14_1_28_16,Brisas de Volcán,poblado_pa_4_14_1_28,4-14-1-28-16
barrio_pa_4_14_1_28_17,Mountain Peace,poblado_pa_4_14_1_28,4-14-1-28-17
barrio_pa_4_14_1_28_18,Urbanización los Eucaliptos,poblado_pa_4_14_1_28,4-14-1-28-18
barrio_pa_4_14_1_28_19,Urbanización Vista Volcán,poblado_pa_4_14_1_28,4-14-1-28-19
barrio_pa_4_14_2_4_1,Cerro Punta,poblado_pa_4_14_2_4,4-14-2-4-1
barrio_pa_4_14_4_19_1,Barriada 6 de Agosto (P),poblado_pa_4_14_4_19,4-14-4-19-1
barrio_pa_4_14_4_19_2,Barriada las Perlas,poblado_pa_4_14_4_19,4-14-4-19-2
barrio_pa_4_14_4_19_3,Colonia del Valle (P),poblado_pa_4_14_4_19,4-14-4-19-3
barrio_pa_4_14_4_19_4,El Valle (P),poblado_pa_4_14_4_19,4-14-4-19-4
barrio_pa_4_14_4_19_5,La Florida (P),poblado_pa_4_14_4_19,4-14-4-19-5
barrio_pa_4_14_4_19_6,Nueva California,poblado_pa_4_14_4_19,4-14-4-19-6
barrio_pa_4_14_4_19_7,Volcán (P),poblado_pa_4_14_4_19,4-14-4-19-7
barrio_pa_4_14_4_19_8,Residencial Valle del Barú,poblado_pa_4_14_4_19,4-14-4-19-8
barrio_pa_4_14_4_19_9,Residencial Valle del Barú Ii,poblado_pa_4_14_4_19,4-14-4-19-9
barrio_pa_5_1_1_47_1,Panamá Oeste,poblado_pa_5_1_1_47,5-1-1-47-1
barrio_pa_5_1_1_47_2,Central Arriba,poblado_pa_5_1_1_47,5-1-1-47-2
barrio_pa_5_1_1_47_3,El Coposo,poblado_pa_5_1_1_47,5-1-1-47-3
barrio_pa_5_1_1_47_4,La Noria,poblado_pa_5_1_1_47,5-1-1-47-4
barrio_pa_5_1_1_47_5,La Paz,poblado_pa_5_1_1_47,5-1-1-47-5
barrio_pa_5_1_1_47_6,La Puntita,poblado_pa_5_1_1_47,5-1-1-47-6
barrio_pa_5_1_1_47_7,Loma B,poblado_pa_5_1_1_47,5-1-1-47-7
barrio_pa_5_1_1_47_8,Loma C,poblado_pa_5_1_1_47,5-1-1-47-8
barrio_pa_5_1_1_47_9,Vista Hermosa,poblado_pa_5_1_1_47,5-1-1-47-9
barrio_pa_5_1_1_47_10,Veraguas,poblado_pa_5_1_1_47,5-1-1-47-10
barrio_pa_5_1_1_47_11,La Herradura,poblado_pa_5_1_1_47,5-1-1-47-11
barrio_pa_5_2_8_32_1,Bello Horizonte,poblado_pa_5_2_8_32,5-2-8-32-1
barrio_pa_5_2_8_32_2,El Tecal,poblado_pa_5_2_8_32,5-2-8-32-2
barrio_pa_5_2_8_32_3,Metetí,poblado_pa_5_2_8_32,5-2-8-32-3
barrio_pa_5_2_8_32_4,Nueva Esperanza,poblado_pa_5_2_8_32,5-2-8-32-4
barrio_pa_5_2_8_32_5,San Antonio,poblado_pa_5_2_8_32,5-2-8-32-5
barrio_pa_5_2_8_32_6,San José,poblado_pa_5_2_8_32,5-2-8-32-6
barrio_pa_6_1_1_3_4,Barriada San Martín,poblado_pa_6_1_1_3,6-1-1-3-4
barrio_pa_6_1_1_3_5,Barriada Santa Rita,poblado_pa_6_1_1_3,6-1-1-3-5
barrio_pa_6_1_1_3_7,Chitré (P),poblado_pa_6_1_1_3,6-1-1-3-7
barrio_pa_6_1_1_3_9,Urbanización las Pe?Itas No.1,poblado_pa_6_1_1_3,6-1-1-3-9
barrio_pa_6_1_1_3_11,Residencial Altos del Mar,poblado_pa_6_1_1_3,6-1-1-3-11
barrio_pa_6_1_1_3_12,Urbanización Cantarrana,poblado_pa_6_1_1_3,6-1-1-3-12
barrio_pa_6_1_1_3_14,Urbanización el Encanto,poblado_pa_6_1_1_3,6-1-1-3-14
barrio_pa_6_1_1_3_16,Urbanización las Margaritas,poblado_pa_6_1_1_3,6-1-1-3-16
barrio_pa_6_1_1_3_17,Urbanización las Mercedes,poblado_pa_6_1_1_3,6-1-1-3-17
barrio_pa_6_1_1_3_18,Urbanización los Ríos,poblado_pa_6_1_1_3,6-1-1-3-18
barrio_pa_6_1_1_3_19,Urbanización Manuel Cohen,poblado_pa_6_1_1_3,6-1-1-3-19
barrio_pa_6_1_1_3_22,Urbanización San Juan de Dios,poblado_pa_6_1_1_3,6-1-1-3-22
barrio_pa_6_1_1_3_23,Urbanización Santa Cruz,poblado_pa_6_1_1_3,6-1-1-3-23
barrio_pa_6_1_1_3_24,Urbanización Villa Salvadora,poblado_pa_6_1_1_3,6-1-1-3-24
barrio_pa_6_1_1_3_25,Urbanización las Pe?Itas No.2,poblado_pa_6_1_1_3,6-1-1-3-25
barrio_pa_6_1_1_3_26,Barriada Rayo de Luz,poblado_pa_6_1_1_3,6-1-1-3-26
barrio_pa_6_1_1_3_27,Camino A la Toma de Agua,poblado_pa_6_1_1_3,6-1-1-3-27
barrio_pa_6_1_1_3_28,El Guayabo,poblado_pa_6_1_1_3,6-1-1-3-28
barrio_pa_6_1_1_3_29,Reparto el Carmen,poblado_pa_6_1_1_3,6-1-1-3-29
barrio_pa_6_1_1_3_30,Residencial Jalisco,poblado_pa_6_1_1_3,6-1-1-3-30
barrio_pa_6_1_1_3_31,Urbanización Caride,poblado_pa_6_1_1_3,6-1-1-3-31
barrio_pa_6_1_1_3_32,Urbanización de Gracia,poblado_pa_6_1_1_3,6-1-1-3-32
barrio_pa_6_1_1_3_33,Urbanización Isabel Delfina,poblado_pa_6_1_1_3,6-1-1-3-33
barrio_pa_6_1_1_3_34,Urbanización Rodríguez Bernal,poblado_pa_6_1_1_3,6-1-1-3-34
barrio_pa_6_1_1_3_35,Urbanización Santa Rita,poblado_pa_6_1_1_3,6-1-1-3-35
barrio_pa_6_1_1_3_36,Urbanización Villa Augusta,poblado_pa_6_1_1_3,6-1-1-3-36
barrio_pa_6_1_1_3_37,Urbanización Villa Rosa,poblado_pa_6_1_1_3,6-1-1-3-37
barrio_pa_6_1_1_3_38,Urbanización el Mesón,poblado_pa_6_1_1_3,6-1-1-3-38
barrio_pa_6_1_1_3_39,Urbanización Villa del Río,poblado_pa_6_1_1_3,6-1-1-3-39
barrio_pa_6_1_1_3_40,Urbanización Rayo de Luna,poblado_pa_6_1_1_3,6-1-1-3-40
barrio_pa_6_1_1_3_41,Urbanización Altos de Marejobo (P),poblado_pa_6_1_1_3,6-1-1-3-41
barrio_pa_6_1_1_3_42,Barriada Don Raymundo (P),poblado_pa_6_1_1_3,6-1-1-3-42
barrio_pa_6_1_1_3_43,Barriada Coto,poblado_pa_6_1_1_3,6-1-1-3-43
barrio_pa_6_1_1_3_44,Barriada Don David,poblado_pa_6_1_1_3,6-1-1-3-44
barrio_pa_6_1_1_3_45,Urbanización Bolívar Márquez,poblado_pa_6_1_1_3,6-1-1-3-45
barrio_pa_6_1_1_3_46,Urbanización Brisas de los Guayacanes,poblado_pa_6_1_1_3,6-1-1-3-46
barrio_pa_6_1_1_3_47,Urbanización la Florentina,poblado_pa_6_1_1_3,6-1-1-3-47
barrio_pa_6_1_1_3_48,Urbanización Villas del Golf,poblado_pa_6_1_1_3,6-1-1-3-48
barrio_pa_6_1_1_3_49,Residencial Altos de los Guayacanes,poblado_pa_6_1_1_3,6-1-1-3-49
barrio_pa_6_1_1_3_50,Residencial Brisas del Sur,poblado_pa_6_1_1_3,6-1-1-3-50
barrio_pa_6_1_1_3_51,Residencial Paseo de los Guayacanes,poblado_pa_6_1_1_3,6-1-1-3-51
barrio_pa_6_1_1_3_52,Residencial Praderas del Golf,poblado_pa_6_1_1_3,6-1-1-3-52
barrio_pa_6_1_1_3_53,Barrio el Anonal,poblado_pa_6_1_1_3,6-1-1-3-53
barrio_pa_6_1_2_4_1,Barriada Bella Aurora,poblado_pa_6_1_2_4,6-1-2-4-1
barrio_pa_6_1_2_4_2,Barriada las Palmiras,poblado_pa_6_1_2_4,6-1-2-4-2
barrio_pa_6_1_2_4_3,Barriada el Ciruelito,poblado_pa_6_1_2_4,6-1-2-4-3
barrio_pa_6_1_2_4_4,La Arena,poblado_pa_6_1_2_4,6-1-2-4-4
barrio_pa_6_1_2_4_5,Barriada Don Raymundo (P),poblado_pa_6_1_2_4,6-1-2-4-5
barrio_pa_6_1_2_4_6,Barriada Guadalupe,poblado_pa_6_1_2_4,6-1-2-4-6
barrio_pa_6_1_2_4_7,Barriada María Delicia,poblado_pa_6_1_2_4,6-1-2-4-7
barrio_pa_6_1_2_4_8,El Guayabo,poblado_pa_6_1_2_4,6-1-2-4-8
barrio_pa_6_1_2_4_9,Villa Paraíso,poblado_pa_6_1_2_4,6-1-2-4-9
barrio_pa_6_1_2_4_10,Urbanización San Pedro,poblado_pa_6_1_2_4,6-1-2-4-10
barrio_pa_6_1_2_4_11,Urbanización Altos de Marejobo (P),poblado_pa_6_1_2_4,6-1-2-4-11
barrio_pa_6_1_2_4_12,Urbanizacion Serlín (P),poblado_pa_6_1_2_4,6-1-2-4-12
barrio_pa_6_1_2_4_13,Barriada Maumelle,poblado_pa_6_1_2_4,6-1-2-4-13
barrio_pa_6_1_2_4_14,Los Pinilla,poblado_pa_6_1_2_4,6-1-2-4-14
barrio_pa_6_1_2_4_15,Villa Nazareth,poblado_pa_6_1_2_4,6-1-2-4-15
barrio_pa_6_1_2_4_16,Barriada Don Isaías,poblado_pa_6_1_2_4,6-1-2-4-16
barrio_pa_6_1_2_4_17,Residencial Villas de San Pablo,poblado_pa_6_1_2_4,6-1-2-4-17
barrio_pa_6_1_2_4_19,Residencial Brisas del Valle Do?A Leti,poblado_pa_6_1_2_4,6-1-2-4-19
barrio_pa_6_1_2_4_20,Residencial San Pablo,poblado_pa_6_1_2_4,6-1-2-4-20
barrio_pa_6_1_2_4_21,Residencial Cubitá,poblado_pa_6_1_2_4,6-1-2-4-21
barrio_pa_6_1_2_4_22,Barriada Chacho Ruíz,poblado_pa_6_1_2_4,6-1-2-4-22
barrio_pa_6_1_2_4_23,Residencial Gemar,poblado_pa_6_1_2_4,6-1-2-4-23
barrio_pa_6_1_2_4_24,Residencial Milán,poblado_pa_6_1_2_4,6-1-2-4-24
barrio_pa_6_1_3_1_1,Boca de Parita,poblado_pa_6_1_3_1,6-1-3-1-1
barrio_pa_6_1_3_1_2,Barriada las Flores o Vía el Puerto,poblado_pa_6_1_3_1,6-1-3-1-2
barrio_pa_6_1_3_1_3,Residencial Tagua Village,poblado_pa_6_1_3_1,6-1-3-1-3
barrio_pa_6_1_3_1_4,Residencial Vista Mar,poblado_pa_6_1_3_1,6-1-3-1-4
barrio_pa_6_1_3_1_5,Residencial Quintas del Retén,poblado_pa_6_1_3_1,6-1-3-1-5
barrio_pa_6_1_3_1_6,Urbanización Do?A Clara,poblado_pa_6_1_3_1,6-1-3-1-6
barrio_pa_6_1_3_2_1,Barriada Bella Vista (P),poblado_pa_6_1_3_2,6-1-3-2-1
barrio_pa_6_1_3_2_2,Barriada Don Bosco,poblado_pa_6_1_3_2,6-1-3-2-2
barrio_pa_6_1_3_2_3,Barriada el Encanto,poblado_pa_6_1_3_2,6-1-3-2-3
barrio_pa_6_1_3_2_4,Barrio Loma Bonita,poblado_pa_6_1_3_2,6-1-3-2-4
barrio_pa_6_1_3_2_5,Monagrillo,poblado_pa_6_1_3_2,6-1-3-2-5
barrio_pa_6_1_3_2_6,Urbanización los Ángeles,poblado_pa_6_1_3_2,6-1-3-2-6
barrio_pa_6_1_3_2_7,Urbanización San Miguel,poblado_pa_6_1_3_2,6-1-3-2-7
barrio_pa_6_1_3_2_8,La Dormidera (P),poblado_pa_6_1_3_2,6-1-3-2-8
barrio_pa_6_1_3_2_9,Urbanización Pedro Solís,poblado_pa_6_1_3_2,6-1-3-2-9
barrio_pa_6_1_3_2_10,Urbanización Serlín (P),poblado_pa_6_1_3_2,6-1-3-2-10
barrio_pa_6_1_3_2_11,Urbanización Villa Cecilia,poblado_pa_6_1_3_2,6-1-3-2-11
barrio_pa_6_1_3_2_12,Urbanización Villa Lineth,poblado_pa_6_1_3_2,6-1-3-2-12
barrio_pa_6_1_3_2_13,Urbanizacion Villa Dorada,poblado_pa_6_1_3_2,6-1-3-2-13
barrio_pa_6_1_3_2_14,Urbanización Lucrecia,poblado_pa_6_1_3_2,6-1-3-2-14
barrio_pa_6_1_3_2_15,Barriada Don Rafael,poblado_pa_6_1_3_2,6-1-3-2-15
barrio_pa_6_1_3_2_16,Entrada de Monagrillo,poblado_pa_6_1_3_2,6-1-3-2-16
barrio_pa_6_1_3_2_17,Urbanización Costa del Norte,poblado_pa_6_1_3_2,6-1-3-2-17
barrio_pa_6_1_3_2_18,Reparto Alexis,poblado_pa_6_1_3_2,6-1-3-2-18
barrio_pa_6_1_3_2_19,Urbanización los Perales,poblado_pa_6_1_3_2,6-1-3-2-19
barrio_pa_6_1_3_2_20,Urbanización Marimar,poblado_pa_6_1_3_2,6-1-3-2-20
barrio_pa_6_1_3_2_21,Urbanización Villas de San Miguel,poblado_pa_6_1_3_2,6-1-3-2-21
barrio_pa_6_1_3_2_22,Barriada Villas del Sol,poblado_pa_6_1_3_2,6-1-3-2-22
barrio_pa_6_1_3_2_23,Urbanización Village,poblado_pa_6_1_3_2,6-1-3-2-23
barrio_pa_6_1_3_2_24,Residencial Villa Hilda (P),poblado_pa_6_1_3_2,6-1-3-2-24
barrio_pa_6_1_3_2_25,Residencial Don Manuel,poblado_pa_6_1_3_2,6-1-3-2-25
barrio_pa_6_1_3_2_26,Residencial Brisas del Golfo,poblado_pa_6_1_3_2,6-1-3-2-26
barrio_pa_6_1_3_2_27,Residencial la Divina Providencia,poblado_pa_6_1_3_2,6-1-3-2-27
barrio_pa_6_1_3_2_28,Barriada Brisas Marinas,poblado_pa_6_1_3_2,6-1-3-2-28
barrio_pa_6_1_3_2_29,Urbanización Marbella,poblado_pa_6_1_3_2,6-1-3-2-29
barrio_pa_6_1_3_2_30,Camping Club Village,poblado_pa_6_1_3_2,6-1-3-2-30
barrio_pa_6_1_3_2_31,Colonia del Este,poblado_pa_6_1_3_2,6-1-3-2-31
barrio_pa_6_1_3_2_32,Residencial Altos de Loma Bonita,poblado_pa_6_1_3_2,6-1-3-2-32
barrio_pa_6_1_3_2_33,Residencial Ana Mae,poblado_pa_6_1_3_2,6-1-3-2-33
barrio_pa_6_1_3_2_34,Residencial Ev Villas,poblado_pa_6_1_3_2,6-1-3-2-34
barrio_pa_6_1_3_2_35,Residencial Isabella´S,poblado_pa_6_1_3_2,6-1-3-2-35
barrio_pa_6_1_3_2_36,Residencial San Gabriel,poblado_pa_6_1_3_2,6-1-3-2-36
barrio_pa_6_1_3_2_37,Residencial Villa de las Mercedes,poblado_pa_6_1_3_2,6-1-3-2-37
barrio_pa_6_1_3_2_38,Residencial Vista Pacífica,poblado_pa_6_1_3_2,6-1-3-2-38
barrio_pa_6_1_3_2_39,Residencial Buenaventura,poblado_pa_6_1_3_2,6-1-3-2-39
barrio_pa_6_1_3_2_40,Residencial el Coral,poblado_pa_6_1_3_2,6-1-3-2-40
barrio_pa_6_1_3_2_41,Residencial las Gaviotas,poblado_pa_6_1_3_2,6-1-3-2-41
barrio_pa_6_1_3_2_42,Residencial Laura Antonia,poblado_pa_6_1_3_2,6-1-3-2-42
barrio_pa_6_1_3_2_43,Residencial Villa Mamá Laura,poblado_pa_6_1_3_2,6-1-3-2-43
barrio_pa_6_1_3_2_44,Barriada Villa Nazareth,poblado_pa_6_1_3_2,6-1-3-2-44
barrio_pa_6_1_3_2_45,Residencial Ana Patricia,poblado_pa_6_1_3_2,6-1-3-2-45
barrio_pa_6_1_3_2_46,Residencial Emmanuel,poblado_pa_6_1_3_2,6-1-3-2-46
barrio_pa_6_1_3_2_48,Residencial Venezia,poblado_pa_6_1_3_2,6-1-3-2-48
barrio_pa_6_1_3_2_49,Residencial Villa Nella,poblado_pa_6_1_3_2,6-1-3-2-49
barrio_pa_6_1_3_2_50,Urbanización Villa Roca,poblado_pa_6_1_3_2,6-1-3-2-50
barrio_pa_6_1_3_2_51,Residencial Villa Namec,poblado_pa_6_1_3_2,6-1-3-2-51
barrio_pa_6_1_4_5_1,Barriada Bella Vista (P),poblado_pa_6_1_4_5,6-1-4-5-1
barrio_pa_6_1_4_5_2,Barriada el Rosario,poblado_pa_6_1_4_5,6-1-4-5-2
barrio_pa_6_1_4_5_3,Barriada Roset,poblado_pa_6_1_4_5,6-1-4-5-3
barrio_pa_6_1_4_5_4,Barrio el Caracol,poblado_pa_6_1_4_5,6-1-4-5-4
barrio_pa_6_1_4_5_5,Barrio Llano Bonito,poblado_pa_6_1_4_5,6-1-4-5-5
barrio_pa_6_1_4_5_6,Chitré (P),poblado_pa_6_1_4_5,6-1-4-5-6
barrio_pa_6_1_4_5_7,Urbanización Altos del Mar,poblado_pa_6_1_4_5,6-1-4-5-7
barrio_pa_6_1_4_5_8,Urbanización los Milagros,poblado_pa_6_1_4_5,6-1-4-5-8
barrio_pa_6_1_4_5_9,Villa Agustina,poblado_pa_6_1_4_5,6-1-4-5-9
barrio_pa_6_1_4_5_10,Villa Familiar,poblado_pa_6_1_4_5,6-1-4-5-10
barrio_pa_6_1_4_5_11,Urbanización los Sauces,poblado_pa_6_1_4_5,6-1-4-5-11
barrio_pa_6_1_4_5_12,Urbanización Villa 2000,poblado_pa_6_1_4_5,6-1-4-5-12
barrio_pa_6_1_4_5_13,Urbanización Altos del Rosario,poblado_pa_6_1_4_5,6-1-4-5-13
barrio_pa_6_1_4_5_14,Barriada el Nazareno,poblado_pa_6_1_4_5,6-1-4-5-14
barrio_pa_6_1_4_5_15,Barriada Villa Karen,poblado_pa_6_1_4_5,6-1-4-5-15
barrio_pa_6_1_4_5_16,Residencial Don Esteban,poblado_pa_6_1_4_5,6-1-4-5-16
barrio_pa_6_1_4_5_17,Residencial Jesús de Nazareno,poblado_pa_6_1_4_5,6-1-4-5-17
barrio_pa_6_1_4_5_18,Barriada Do?A Isabel,poblado_pa_6_1_4_5,6-1-4-5-18
barrio_pa_6_1_4_5_19,Barriada la Unión,poblado_pa_6_1_4_5,6-1-4-5-19
barrio_pa_6_1_4_5_20,Barriada Nueva Soberanía,poblado_pa_6_1_4_5,6-1-4-5-20
barrio_pa_6_1_4_5_21,Barriada Santa Eduviges,poblado_pa_6_1_4_5,6-1-4-5-21
barrio_pa_6_1_4_5_22,La Playita o el Chumico,poblado_pa_6_1_4_5,6-1-4-5-22
barrio_pa_6_1_4_5_23,Puerto el Agallito,poblado_pa_6_1_4_5,6-1-4-5-23
barrio_pa_6_1_4_5_24,La Dormidera (P),poblado_pa_6_1_4_5,6-1-4-5-24
barrio_pa_6_1_4_5_25,Residencial Villa Hilda (P),poblado_pa_6_1_4_5,6-1-4-5-25
barrio_pa_6_1_4_5_26,Urbanización Nuevo Vigía,poblado_pa_6_1_4_5,6-1-4-5-26
barrio_pa_6_1_4_5_27,Barriada Santa Teresa,poblado_pa_6_1_4_5,6-1-4-5-27
barrio_pa_6_1_4_5_28,Residencial Villas del Rosario,poblado_pa_6_1_4_5,6-1-4-5-28
barrio_pa_6_1_5_2_1,Barriada el Renacimiento,poblado_pa_6_1_5_2,6-1-5-2-1
barrio_pa_6_1_5_2_2,Barrio el Achiote o Corazón de María,poblado_pa_6_1_5_2,6-1-5-2-2
barrio_pa_6_1_5_2_4,Chitré (P),poblado_pa_6_1_5_2,6-1-5-2-4
barrio_pa_6_1_5_2_5,Urbanización Altos del Fraile,poblado_pa_6_1_5_2,6-1-5-2-5
barrio_pa_6_1_5_2_6,Urbanización Barrera,poblado_pa_6_1_5_2,6-1-5-2-6
barrio_pa_6_1_5_2_7,Urbanización Buenos Aires,poblado_pa_6_1_5_2,6-1-5-2-7
barrio_pa_6_1_5_2_8,Urbanización el Vigía,poblado_pa_6_1_5_2,6-1-5-2-8
barrio_pa_6_1_5_2_9,Urbanización Miramar,poblado_pa_6_1_5_2,6-1-5-2-9
barrio_pa_6_1_5_2_10,Urbanización Monterrey,poblado_pa_6_1_5_2,6-1-5-2-10
barrio_pa_6_1_5_2_11,Urbanización San Antonio,poblado_pa_6_1_5_2,6-1-5-2-11
barrio_pa_6_1_5_2_12,Barriada San Juan Bautista,poblado_pa_6_1_5_2,6-1-5-2-12
barrio_pa_6_1_5_2_13,La Mara?Onera,poblado_pa_6_1_5_2,6-1-5-2-13
barrio_pa_6_1_5_2_14,Las Huertas de Juan Gómez,poblado_pa_6_1_5_2,6-1-5-2-14
barrio_pa_6_1_5_2_15,Las Flores,poblado_pa_6_1_5_2,6-1-5-2-15
barrio_pa_6_1_5_2_16,Los Olivitos,poblado_pa_6_1_5_2,6-1-5-2-16
barrio_pa_6_1_5_2_17,Urbanización Blas Tello,poblado_pa_6_1_5_2,6-1-5-2-17
barrio_pa_6_1_5_2_18,Urbanización Correa,poblado_pa_6_1_5_2,6-1-5-2-18
barrio_pa_6_1_5_2_19,Urbanización Manantial,poblado_pa_6_1_5_2,6-1-5-2-19
barrio_pa_6_1_5_2_21,Urbanización San José,poblado_pa_6_1_5_2,6-1-5-2-21
barrio_pa_6_1_5_2_22,Urbanización Villa María,poblado_pa_6_1_5_2,6-1-5-2-22
barrio_pa_6_1_5_2_23,Urbanización Villa Anita,poblado_pa_6_1_5_2,6-1-5-2-23
barrio_pa_6_1_5_2_24,Urbanización la Floresta o Nueva Generación,poblado_pa_6_1_5_2,6-1-5-2-24
barrio_pa_6_1_5_2_25,Urbanización Villa Aleyda,poblado_pa_6_1_5_2,6-1-5-2-25
barrio_pa_6_1_5_2_26,Urbanización los Portales o Don Pompilio,poblado_pa_6_1_5_2,6-1-5-2-26
barrio_pa_6_1_5_2_27,Urbanización Silvia Rosa,poblado_pa_6_1_5_2,6-1-5-2-27
barrio_pa_6_1_5_2_28,Camino Al Cangrejal,poblado_pa_6_1_5_2,6-1-5-2-28
barrio_pa_6_1_5_2_29,Urbanización Villas de Ciabel,poblado_pa_6_1_5_2,6-1-5-2-29
barrio_pa_6_1_5_2_30,Barrio Damasco,poblado_pa_6_1_5_2,6-1-5-2-30
barrio_pa_6_1_5_2_31,El Aserrío o Villa Guadalupe,poblado_pa_6_1_5_2,6-1-5-2-31
barrio_pa_6_1_5_2_32,Residencial Do?A Denia,poblado_pa_6_1_5_2,6-1-5-2-32
barrio_pa_6_1_5_2_33,Residencial Altamira,poblado_pa_6_1_5_2,6-1-5-2-33
barrio_pa_6_1_5_2_34,Residencial la Bendición,poblado_pa_6_1_5_2,6-1-5-2-34
barrio_pa_6_1_5_2_35,Residencial Nuevo Chitré,poblado_pa_6_1_5_2,6-1-5-2-35
barrio_pa_6_1_5_2_36,Residencial la Mosqueta,poblado_pa_6_1_5_2,6-1-5-2-36
barrio_pa_6_1_5_2_37,Residencial Brisas del Este,poblado_pa_6_1_5_2,6-1-5-2-37
barrio_pa_6_1_5_2_38,Residencial Doral Gardens,poblado_pa_6_1_5_2,6-1-5-2-38
barrio_pa_6_1_5_2_39,Residencial Nueva Unión,poblado_pa_6_1_5_2,6-1-5-2-39
barrio_pa_6_1_5_2_40,Residencial Costa del Norte,poblado_pa_6_1_5_2,6-1-5-2-40
barrio_pa_6_1_5_2_41,Residencial Versalles,poblado_pa_6_1_5_2,6-1-5-2-41
barrio_pa_6_4_1_43_1,Barriada Altos del Lago,poblado_pa_6_4_1_43,6-4-1-43-1
barrio_pa_6_4_1_43_2,Barriada Bella Vista,poblado_pa_6_4_1_43,6-4-1-43-2
barrio_pa_6_4_1_43_3,Barriada el Mamey,poblado_pa_6_4_1_43,6-4-1-43-3
barrio_pa_6_4_1_43_4,Barriada el Palito,poblado_pa_6_4_1_43,6-4-1-43-4
barrio_pa_6_4_1_43_5,Barriada el Paraíso,poblado_pa_6_4_1_43,6-4-1-43-5
barrio_pa_6_4_1_43_6,Barriada San Isidro,poblado_pa_6_4_1_43,6-4-1-43-6
barrio_pa_6_4_1_43_7,Barriada San José,poblado_pa_6_4_1_43,6-4-1-43-7
barrio_pa_6_4_1_43_8,Ocú,poblado_pa_6_4_1_43,6-4-1-43-8
barrio_pa_6_4_1_43_10,Barriada Santa Marta,poblado_pa_6_4_1_43,6-4-1-43-10
barrio_pa_6_4_1_43_11,Barriada Bella Esperanza,poblado_pa_6_4_1_43,6-4-1-43-11
barrio_pa_6_4_1_43_12,Barriada Guadalupe,poblado_pa_6_4_1_43,6-4-1-43-12
barrio_pa_6_4_1_43_13,Barriada San Isidro No.2,poblado_pa_6_4_1_43,6-4-1-43-13
barrio_pa_6_4_1_43_14,El Hatillo,poblado_pa_6_4_1_43,6-4-1-43-14
barrio_pa_6_4_1_43_15,Residencial Domingo Basterra,poblado_pa_6_4_1_43,6-4-1-43-15
barrio_pa_6_4_1_43_16,Residencial Villa Raquel,poblado_pa_6_4_1_43,6-4-1-43-16
barrio_pa_6_4_1_43_17,Brisas del Tijera,poblado_pa_6_4_1_43,6-4-1-43-17
barrio_pa_6_5_1_31_1,Barriada Poder Popular,poblado_pa_6_5_1_31,6-5-1-31-1
barrio_pa_6_5_1_31_2,Barriada Santa Elena,poblado_pa_6_5_1_31,6-5-1-31-2
barrio_pa_6_5_1_31_3,Barriada Santo Domingo,poblado_pa_6_5_1_31,6-5-1-31-3
barrio_pa_6_5_1_31_4,El Manantial,poblado_pa_6_5_1_31,6-5-1-31-4
barrio_pa_6_5_1_31_5,Parita,poblado_pa_6_5_1_31,6-5-1-31-5
barrio_pa_6_5_1_31_6,Pueblo Nuevo,poblado_pa_6_5_1_31,6-5-1-31-6
barrio_pa_6_5_1_31_7,Don Bosco,poblado_pa_6_5_1_31,6-5-1-31-7
barrio_pa_6_5_1_31_8,Brisas Navide?As,poblado_pa_6_5_1_31,6-5-1-31-8
barrio_pa_6_5_1_31_9,La Alcancía,poblado_pa_6_5_1_31,6-5-1-31-9
barrio_pa_6_5_1_31_10,Las Palmitas,poblado_pa_6_5_1_31,6-5-1-31-10
barrio_pa_6_5_1_31_11,Vista Hermosa,poblado_pa_6_5_1_31,6-5-1-31-11
barrio_pa_6_5_1_31_12,Brisas del Río,poblado_pa_6_5_1_31,6-5-1-31-12
barrio_pa_6_5_1_31_13,Urbanización Don Conce,poblado_pa_6_5_1_31,6-5-1-31-13
barrio_pa_6_5_1_31_14,Villas del Rosario,poblado_pa_6_5_1_31,6-5-1-31-14
barrio_pa_6_5_1_31_15,Villas del Rosario No.2,poblado_pa_6_5_1_31,6-5-1-31-15
barrio_pa_6_5_1_31_16,Barriada Villa del Rosario,poblado_pa_6_5_1_31,6-5-1-31-16
barrio_pa_6_5_1_31_17,Residencial los Portales de Parita,poblado_pa_6_5_1_31,6-5-1-31-17
barrio_pa_6_5_1_31_18,Residencial Altos de Don Conce,poblado_pa_6_5_1_31,6-5-1-31-18
barrio_pa_6_6_1_1_1,Barriada el Carmen,poblado_pa_6_6_1_1,6-6-1-1-1
barrio_pa_6_6_1_1_2,Barriada el Edén,poblado_pa_6_6_1_1,6-6-1-1-2
barrio_pa_6_6_1_1_3,Barriada los Milagros,poblado_pa_6_6_1_1,6-6-1-1-3
barrio_pa_6_6_1_1_4,Barriada San Isidro,poblado_pa_6_6_1_1,6-6-1-1-4
barrio_pa_6_6_1_1_5,Barriada San José No.1,poblado_pa_6_6_1_1,6-6-1-1-5
barrio_pa_6_6_1_1_6,Barriada San José No.2,poblado_pa_6_6_1_1,6-6-1-1-6
barrio_pa_6_6_1_1_7,Barriada San Martín,poblado_pa_6_6_1_1,6-6-1-1-7
barrio_pa_6_6_1_1_8,Barriada San Pablo,poblado_pa_6_6_1_1,6-6-1-1-8
barrio_pa_6_6_1_1_9,Barriada Santa Ana,poblado_pa_6_6_1_1,6-6-1-1-9
barrio_pa_6_6_1_1_10,Barriada Valle de Oriente,poblado_pa_6_6_1_1,6-6-1-1-10
barrio_pa_6_6_1_1_11,Pesé,poblado_pa_6_6_1_1,6-6-1-1-11
barrio_pa_6_6_1_1_12,Barriada Santa Familia,poblado_pa_6_6_1_1,6-6-1-1-12
barrio_pa_6_6_1_1_13,Altos de la Cruz,poblado_pa_6_6_1_1,6-6-1-1-13
barrio_pa_6_6_1_1_14,Urbanización Brisas del Carrizal,poblado_pa_6_6_1_1,6-6-1-1-14
barrio_pa_6_6_1_1_15,Urbanización las Colonias de Azuero,poblado_pa_6_6_1_1,6-6-1-1-15
barrio_pa_6_7_1_8_1,Barriada Divino Ni?O,poblado_pa_6_7_1_8,6-7-1-8-1
barrio_pa_6_7_1_8_2,Barriada el Crisol,poblado_pa_6_7_1_8,6-7-1-8-2
barrio_pa_6_7_1_8_3,Barriada el Sol,poblado_pa_6_7_1_8,6-7-1-8-3
barrio_pa_6_7_1_8_4,Barriada las Pampas,poblado_pa_6_7_1_8,6-7-1-8-4
barrio_pa_6_7_1_8_5,Barriada San Basilio,poblado_pa_6_7_1_8,6-7-1-8-5
barrio_pa_6_7_1_8_6,La Tocumen,poblado_pa_6_7_1_8,6-7-1-8-6
barrio_pa_6_7_1_8_7,Santa María,poblado_pa_6_7_1_8,6-7-1-8-7
barrio_pa_6_7_1_8_8,Residencial Altos de los Ca?Averales,poblado_pa_6_7_1_8,6-7-1-8-8
barrio_pa_6_7_1_8_9,Barriada Nueva Esperanza,poblado_pa_6_7_1_8,6-7-1-8-9
barrio_pa_6_7_1_8_10,Residencial Paso del Rey,poblado_pa_6_7_1_8,6-7-1-8-10
barrio_pa_7_1_1_4_1,Guararé,poblado_pa_7_1_1_4,7-1-1-4-1
barrio_pa_7_1_1_4_2,Barriada el Jobo,poblado_pa_7_1_1_4,7-1-1-4-2
barrio_pa_7_1_1_4_3,Urbanización Julio Acevedo,poblado_pa_7_1_1_4,7-1-1-4-3
barrio_pa_7_1_1_4_5,El Sesteo,poblado_pa_7_1_1_4,7-1-1-4-5
barrio_pa_7_1_1_4_6,Bella Vista,poblado_pa_7_1_1_4,7-1-1-4-6
barrio_pa_7_1_1_12_1,Urbanización Mirador del Bosque,poblado_pa_7_1_1_12,7-1-1-12-1
barrio_pa_7_1_5_4_1,La Enea,poblado_pa_7_1_5_4,7-1-5-4-1
barrio_pa_7_1_5_4_2,El Centinela,poblado_pa_7_1_5_4,7-1-5-4-2
barrio_pa_7_1_5_4_3,La Pacheca,poblado_pa_7_1_5_4,7-1-5-4-3
barrio_pa_7_1_5_4_4,Barriada San Antonio,poblado_pa_7_1_5_4,7-1-5-4-4
barrio_pa_7_1_5_4_5,Brisas del Mar,poblado_pa_7_1_5_4,7-1-5-4-5
barrio_pa_7_1_5_4_6,Residencial Don Bosco,poblado_pa_7_1_5_4,7-1-5-4-6
barrio_pa_7_2_1_1_1,Barriada Ana,poblado_pa_7_2_1_1,7-2-1-1-1
barrio_pa_7_2_1_1_2,Barriada la Ermita,poblado_pa_7_2_1_1,7-2-1-1-2
barrio_pa_7_2_1_1_3,Barriada la Gloria,poblado_pa_7_2_1_1,7-2-1-1-3
barrio_pa_7_2_1_1_4,Barriada la Primavera,poblado_pa_7_2_1_1,7-2-1-1-4
barrio_pa_7_2_1_1_5,Barriada Linda Vista,poblado_pa_7_2_1_1,7-2-1-1-5
barrio_pa_7_2_1_1_6,Barriada Nuevo México,poblado_pa_7_2_1_1,7-2-1-1-6
barrio_pa_7_2_1_1_7,Barriada Nuevo Tocumen o Revolución,poblado_pa_7_2_1_1,7-2-1-1-7
barrio_pa_7_2_1_1_8,Barriada San Antonio (P),poblado_pa_7_2_1_1,7-2-1-1-8
barrio_pa_7_2_1_1_9,Barriada Santa Cruz,poblado_pa_7_2_1_1,7-2-1-1-9
barrio_pa_7_2_1_1_10,Barriada Santa Isabel,poblado_pa_7_2_1_1,7-2-1-1-10
barrio_pa_7_2_1_1_11,Barriada Santa Librada,poblado_pa_7_2_1_1,7-2-1-1-11
barrio_pa_7_2_1_1_12,Barriada Villa Leones,poblado_pa_7_2_1_1,7-2-1-1-12
barrio_pa_7_2_1_1_13,Barrio la Tronosa,poblado_pa_7_2_1_1,7-2-1-1-13
barrio_pa_7_2_1_1_14,Barriada los Ángeles,poblado_pa_7_2_1_1,7-2-1-1-14
barrio_pa_7_2_1_1_15,Las Tablas,poblado_pa_7_2_1_1,7-2-1-1-15
barrio_pa_7_2_1_1_16,Barriada los Pinos,poblado_pa_7_2_1_1,7-2-1-1-16
barrio_pa_7_2_1_1_17,Barriada Don Bosco,poblado_pa_7_2_1_1,7-2-1-1-17
barrio_pa_7_2_1_1_18,Barrio Praga,poblado_pa_7_2_1_1,7-2-1-1-18
barrio_pa_7_2_1_1_19,Urbanización Díaz,poblado_pa_7_2_1_1,7-2-1-1-19
barrio_pa_7_2_1_1_20,Urbanización Villa Rosa,poblado_pa_7_2_1_1,7-2-1-1-20
barrio_pa_7_2_1_1_21,Barriada Villa Morita,poblado_pa_7_2_1_1,7-2-1-1-21
barrio_pa_7_2_1_1_22,Barriada Quinta las Flores (P),poblado_pa_7_2_1_1,7-2-1-1-22
barrio_pa_7_2_1_1_23,Barriada Altos de los Ángeles,poblado_pa_7_2_1_1,7-2-1-1-23
barrio_pa_7_2_1_1_24,Urbanizacíon Bella Vista,poblado_pa_7_2_1_1,7-2-1-1-24
barrio_pa_7_2_1_1_25,Urbanización los Espinos,poblado_pa_7_2_1_1,7-2-1-1-25
barrio_pa_7_2_1_1_26,Urbanización Don Guille,poblado_pa_7_2_1_1,7-2-1-1-26
barrio_pa_7_2_1_1_27,Urbanización Vizcaya,poblado_pa_7_2_1_1,7-2-1-1-27
barrio_pa_7_2_1_1_28,Urbanizacion Villa del Cerrito,poblado_pa_7_2_1_1,7-2-1-1-28
barrio_pa_7_2_1_1_30,Barriada Katya,poblado_pa_7_2_1_1,7-2-1-1-30
barrio_pa_7_2_1_1_31,Barriada Omar Torrijos,poblado_pa_7_2_1_1,7-2-1-1-31
barrio_pa_7_2_1_1_32,Bellas Artes,poblado_pa_7_2_1_1,7-2-1-1-32
barrio_pa_7_2_1_1_33,Cerrezuela,poblado_pa_7_2_1_1,7-2-1-1-33
barrio_pa_7_2_1_1_34,Residencial Europa,poblado_pa_7_2_1_1,7-2-1-1-34
barrio_pa_7_2_1_1_35,Urbanización Monte Ruíz,poblado_pa_7_2_1_1,7-2-1-1-35
barrio_pa_7_2_1_1_36,Urbanización Valle Dorado (P),poblado_pa_7_2_1_1,7-2-1-1-36
barrio_pa_7_2_1_1_37,Urbanización Villas de Espa?A,poblado_pa_7_2_1_1,7-2-1-1-37
barrio_pa_7_2_1_1_38,Urbanización Villa Andrea,poblado_pa_7_2_1_1,7-2-1-1-38
barrio_pa_7_2_1_1_39,Barrio la Placita,poblado_pa_7_2_1_1,7-2-1-1-39
barrio_pa_7_2_1_1_40,Villa Laura,poblado_pa_7_2_1_1,7-2-1-1-40
barrio_pa_7_2_1_1_41,Residencial Santa Teresa de Jesús,poblado_pa_7_2_1_1,7-2-1-1-41
barrio_pa_7_2_1_1_42,Residencial Nueva Zelanda,poblado_pa_7_2_1_1,7-2-1-1-42
barrio_pa_7_2_12_2_1,Barriada San Antonio (P),poblado_pa_7_2_12_2,7-2-12-2-1
barrio_pa_7_2_13_1_1,El Choclo o Barriada 8 de Noviembre,poblado_pa_7_2_13_1,7-2-13-1-1
barrio_pa_7_2_13_1_2,Urbanización Don Quique,poblado_pa_7_2_13_1,7-2-13-1-2
barrio_pa_7_2_13_1_3,Urbanización Do?A Isabel,poblado_pa_7_2_13_1,7-2-13-1-3
barrio_pa_7_2_14_17_1,Barriada Boulevar,poblado_pa_7_2_14_17,7-2-14-17-1
barrio_pa_7_2_14_17_2,Barriada Quintas las Flores (P),poblado_pa_7_2_14_17,7-2-14-17-2
barrio_pa_7_2_14_17_3,Urbanización Valle Dorado (P),poblado_pa_7_2_14_17,7-2-14-17-3
barrio_pa_7_2_21_8_1,Santo Domingo,poblado_pa_7_2_21_8,7-2-21-8-1
barrio_pa_7_2_21_8_2,Brisas de la Frontera 1,poblado_pa_7_2_21_8,7-2-21-8-2
barrio_pa_7_2_21_8_3,Las Lajitas,poblado_pa_7_2_21_8,7-2-21-8-3
barrio_pa_7_3_1_15_1,Barriada Altos de la Feria,poblado_pa_7_3_1_15,7-3-1-15-1
barrio_pa_7_3_1_15_2,Barriada Do?A Juana,poblado_pa_7_3_1_15,7-3-1-15-2
barrio_pa_7_3_1_15_3,Barriada Guadalupe,poblado_pa_7_3_1_15,7-3-1-15-3
barrio_pa_7_3_1_15_4,Barriada la Heroica,poblado_pa_7_3_1_15,7-3-1-15-4
barrio_pa_7_3_1_15_5,Barriada la Rabelo,poblado_pa_7_3_1_15,7-3-1-15-5
barrio_pa_7_3_1_15_6,Urbanización Villa del Carmen,poblado_pa_7_3_1_15,7-3-1-15-6
barrio_pa_7_3_1_15_7,Barriada los Pinos,poblado_pa_7_3_1_15,7-3-1-15-7
barrio_pa_7_3_1_15_8,Barriada Monteza,poblado_pa_7_3_1_15,7-3-1-15-8
barrio_pa_7_3_1_15_9,Barriada Villa Bonita,poblado_pa_7_3_1_15,7-3-1-15-9
barrio_pa_7_3_1_15_10,Barrio el Balo,poblado_pa_7_3_1_15,7-3-1-15-10
barrio_pa_7_3_1_15_11,Barrio Pueblo Nuevo,poblado_pa_7_3_1_15,7-3-1-15-11
barrio_pa_7_3_1_15_12,Barrio San Mateo,poblado_pa_7_3_1_15,7-3-1-15-12
barrio_pa_7_3_1_15_13,Altos de los Rosales,poblado_pa_7_3_1_15,7-3-1-15-13
barrio_pa_7_3_1_15_14,Los Santos,poblado_pa_7_3_1_15,7-3-1-15-14
barrio_pa_7_3_1_15_15,Reparto Don Marcel,poblado_pa_7_3_1_15,7-3-1-15-15
barrio_pa_7_3_1_15_16,Urbanización Garmo,poblado_pa_7_3_1_15,7-3-1-15-16
barrio_pa_7_3_1_15_17,Urbanización las Acacias,poblado_pa_7_3_1_15,7-3-1-15-17
barrio_pa_7_3_1_15_18,Barriada 1° de Noviembre,poblado_pa_7_3_1_15,7-3-1-15-18
barrio_pa_7_3_1_15_19,Barriada Santa Rita,poblado_pa_7_3_1_15,7-3-1-15-19
barrio_pa_7_3_1_15_20,Barriada Bella Vista,poblado_pa_7_3_1_15,7-3-1-15-20
barrio_pa_7_3_1_15_21,Barriada Gadeci,poblado_pa_7_3_1_15,7-3-1-15-21
barrio_pa_7_3_1_15_24,Barriada San Juan de Dios,poblado_pa_7_3_1_15,7-3-1-15-24
barrio_pa_7_3_1_15_25,Barriada San Judas Tadeo,poblado_pa_7_3_1_15,7-3-1-15-25
barrio_pa_7_3_1_15_26,Reparto 10 de Noviembre,poblado_pa_7_3_1_15,7-3-1-15-26
barrio_pa_7_3_1_15_27,Residencial Fuentes de la Villa,poblado_pa_7_3_1_15,7-3-1-15-27
barrio_pa_7_3_1_15_28,Residencial Corpus Christi,poblado_pa_7_3_1_15,7-3-1-15-28
barrio_pa_7_3_1_15_29,Urbanización Divino Ni?O,poblado_pa_7_3_1_15,7-3-1-15-29
barrio_pa_7_3_1_15_30,Barriada Jesús de Nazareno,poblado_pa_7_3_1_15,7-3-1-15-30
barrio_pa_7_3_1_15_31,Barriada San José,poblado_pa_7_3_1_15,7-3-1-15-31
barrio_pa_7_3_1_15_32,Barriada el Jazmín,poblado_pa_7_3_1_15,7-3-1-15-32
barrio_pa_7_3_1_15_33,Residencial Praderas de la Villa,poblado_pa_7_3_1_15,7-3-1-15-33
barrio_pa_7_3_1_15_34,Barriada la Florentina,poblado_pa_7_3_1_15,7-3-1-15-34
barrio_pa_7_3_1_15_35,Residencial Miriam Isabel,poblado_pa_7_3_1_15,7-3-1-15-35
barrio_pa_7_3_1_15_37,Barriada Altos de la Pe?A,poblado_pa_7_3_1_15,7-3-1-15-37
barrio_pa_7_3_1_15_38,Residencial Don Bosco,poblado_pa_7_3_1_15,7-3-1-15-38
barrio_pa_7_3_1_15_39,Urbanización Quintas de Rufina,poblado_pa_7_3_1_15,7-3-1-15-39
barrio_pa_7_3_1_15_40,Urbanización Village Park,poblado_pa_7_3_1_15,7-3-1-15-40
barrio_pa_7_3_1_15_41,Barriada Santa Mónica,poblado_pa_7_3_1_15,7-3-1-15-41
barrio_pa_7_3_1_15_42,Country Village,poblado_pa_7_3_1_15,7-3-1-15-42
barrio_pa_7_3_1_15_43,Urbanización Altos de la Villa,poblado_pa_7_3_1_15,7-3-1-15-43
barrio_pa_7_3_1_15_44,Residencial Villas del Campo,poblado_pa_7_3_1_15,7-3-1-15-44
barrio_pa_7_3_1_15_45,Urbanización Villas del Amanecer,poblado_pa_7_3_1_15,7-3-1-15-45
barrio_pa_7_3_1_15_46,Urbanización Laura Esther,poblado_pa_7_3_1_15,7-3-1-15-46
barrio_pa_7_3_1_38_1,Turquesa,poblado_pa_7_3_1_38,7-3-1-38-1
barrio_pa_7_3_1_38_2,Aguamarina,poblado_pa_7_3_1_38,7-3-1-38-2
barrio_pa_7_3_1_38_3,Coral,poblado_pa_7_3_1_38,7-3-1-38-3
barrio_pa_7_4_1_13_1,Macaracas,poblado_pa_7_4_1_13,7-4-1-13-1
barrio_pa_7_4_1_13_2,Barriada Bella Vista,poblado_pa_7_4_1_13,7-4-1-13-2
barrio_pa_7_4_1_13_3,Barriada el Coco,poblado_pa_7_4_1_13,7-4-1-13-3
barrio_pa_7_4_1_13_5,Barriada Medalla Milagrosa,poblado_pa_7_4_1_13,7-4-1-13-5
barrio_pa_7_4_1_13_6,Barriada la Nestlé,poblado_pa_7_4_1_13,7-4-1-13-6
barrio_pa_7_4_1_13_7,Barriada San Miguel,poblado_pa_7_4_1_13,7-4-1-13-7
barrio_pa_7_4_1_13_8,Barriada Villa Rosarito,poblado_pa_7_4_1_13,7-4-1-13-8
barrio_pa_7_4_1_13_9,Barriada el Nazareno,poblado_pa_7_4_1_13,7-4-1-13-9
barrio_pa_7_4_1_13_10,Barriada los Plumas Negras,poblado_pa_7_4_1_13,7-4-1-13-10
barrio_pa_7_4_1_13_11,Barriada San Pablo,poblado_pa_7_4_1_13,7-4-1-13-11
barrio_pa_7_4_1_13_12,Barriada Santa Eduviges,poblado_pa_7_4_1_13,7-4-1-13-12
barrio_pa_7_4_1_13_13,Barriada Unida,poblado_pa_7_4_1_13,7-4-1-13-13
barrio_pa_7_4_1_13_14,Barriada Valle del Sol,poblado_pa_7_4_1_13,7-4-1-13-14
barrio_pa_7_4_1_13_15,Pueblo Nuevo,poblado_pa_7_4_1_13,7-4-1-13-15
barrio_pa_7_5_1_12_1,Pedasí,poblado_pa_7_5_1_12,7-5-1-12-1
barrio_pa_7_5_1_12_2,Barrio el Naranjal,poblado_pa_7_5_1_12,7-5-1-12-2
barrio_pa_7_5_1_12_3,Princesa Consolatriz,poblado_pa_7_5_1_12,7-5-1-12-3
barrio_pa_7_5_1_12_4,Residencial Dove Village,poblado_pa_7_5_1_12,7-5-1-12-4
barrio_pa_7_5_1_12_5,Urbanización Marianela,poblado_pa_7_5_1_12,7-5-1-12-5
barrio_pa_7_7_1_11_1,Tonosí,poblado_pa_7_7_1_11,7-7-1-11-1
barrio_pa_8_5_1_16_1,Barriada 11 de Octubre,poblado_pa_8_5_1_16,8-5-1-16-1
barrio_pa_8_5_1_16_2,Chepo,poblado_pa_8_5_1_16,8-5-1-16-2
barrio_pa_8_5_1_16_3,Las Brisas,poblado_pa_8_5_1_16,8-5-1-16-3
barrio_pa_8_5_1_16_4,Loma del Río,poblado_pa_8_5_1_16,8-5-1-16-4
barrio_pa_8_5_1_16_5,Madre Vieja,poblado_pa_8_5_1_16,8-5-1-16-5
barrio_pa_8_5_1_16_6,San Cristóbal,poblado_pa_8_5_1_16,8-5-1-16-6
barrio_pa_8_5_1_16_7,Barriada Santa Isabel,poblado_pa_8_5_1_16,8-5-1-16-7
barrio_pa_8_5_1_16_8,Santa Rosa,poblado_pa_8_5_1_16,8-5-1-16-8
barrio_pa_8_5_1_16_9,La Pita o Sergio Jiménez,poblado_pa_8_5_1_16,8-5-1-16-9
barrio_pa_8_5_1_16_10,Barriada la Primavera,poblado_pa_8_5_1_16,8-5-1-16-10
barrio_pa_8_5_1_16_11,Barriada Duque,poblado_pa_8_5_1_16,8-5-1-16-11
barrio_pa_8_5_1_16_12,Barriada la Gabriela,poblado_pa_8_5_1_16,8-5-1-16-12
barrio_pa_8_5_1_16_14,Urbanización Juan Pablo Ii,poblado_pa_8_5_1_16,8-5-1-16-14
barrio_pa_8_5_1_16_15,Urbanización la Higuera,poblado_pa_8_5_1_16,8-5-1-16-15
barrio_pa_8_5_1_16_16,La Olimpia,poblado_pa_8_5_1_16,8-5-1-16-16
barrio_pa_8_5_1_16_17,San Francisco de Asís,poblado_pa_8_5_1_16,8-5-1-16-17
barrio_pa_8_5_1_16_18,Barriada el Zapote,poblado_pa_8_5_1_16,8-5-1-16-18
barrio_pa_8_5_1_16_19,El Mundito o Madre Vieja,poblado_pa_8_5_1_16,8-5-1-16-19
barrio_pa_8_5_1_16_20,La Bendición,poblado_pa_8_5_1_16,8-5-1-16-20
barrio_pa_8_5_1_16_21,Residencial Nueva Luz,poblado_pa_8_5_1_16,8-5-1-16-21
barrio_pa_8_5_1_16_22,La Gallinera o 20 de Abril,poblado_pa_8_5_1_16,8-5-1-16-22
barrio_pa_8_5_1_16_23,San José,poblado_pa_8_5_1_16,8-5-1-16-23
barrio_pa_8_5_1_16_24,Barriada de los Carrera,poblado_pa_8_5_1_16,8-5-1-16-24
barrio_pa_8_5_1_16_25,Barriada la Fe,poblado_pa_8_5_1_16,8-5-1-16-25
barrio_pa_8_5_1_16_26,Villas de la Providencia,poblado_pa_8_5_1_16,8-5-1-16-26
barrio_pa_8_5_1_16_28,Los Bendecidos,poblado_pa_8_5_1_16,8-5-1-16-28
barrio_pa_8_5_5_1_1,Central del Madro?O,poblado_pa_8_5_5_1,8-5-5-1-1
barrio_pa_8_5_5_1_2,La Gloria,poblado_pa_8_5_5_1,8-5-5-1-2
barrio_pa_8_5_5_1_3,Las Margaritas o Sector 4,poblado_pa_8_5_5_1,8-5-5-1-3
barrio_pa_8_5_5_1_4,Sector 1,poblado_pa_8_5_5_1,8-5-5-1-4
barrio_pa_8_5_5_1_5,Sector 3,poblado_pa_8_5_5_1,8-5-5-1-5
barrio_pa_8_5_5_1_6,Sector 5,poblado_pa_8_5_5_1,8-5-5-1-6
barrio_pa_8_5_5_1_7,Barrio Precarista o la Tosca,poblado_pa_8_5_5_1,8-5-5-1-7
barrio_pa_8_5_5_1_8,Bendición de Dios,poblado_pa_8_5_5_1,8-5-5-1-8
barrio_pa_8_8_1_1_1,San Felipe,poblado_pa_8_8_1_1,8-8-1-1-1
barrio_pa_8_8_2_1_1,El Chorrillo (P),poblado_pa_8_8_2_1,8-8-2-1-1
barrio_pa_8_8_2_1_2,Barraza,poblado_pa_8_8_2_1,8-8-2-1-2
barrio_pa_8_8_3_1_1,Huerta Sandoval,poblado_pa_8_8_3_1,8-8-3-1-1
barrio_pa_8_8_3_1_2,Patio Pinel,poblado_pa_8_8_3_1,8-8-3-1-2
barrio_pa_8_8_3_1_3,Residencial Jardin Balboa,poblado_pa_8_8_3_1,8-8-3-1-3
barrio_pa_8_8_3_1_4,Santa Ana,poblado_pa_8_8_3_1,8-8-3-1-4
barrio_pa_8_8_4_1_1,Altos de Bella Vista,poblado_pa_8_8_4_1,8-8-4-1-1
barrio_pa_8_8_4_1_3,Calidonia,poblado_pa_8_8_4_1,8-8-4-1-3
barrio_pa_8_8_4_1_4,Perejil,poblado_pa_8_8_4_1,8-8-4-1-4
barrio_pa_8_8_4_1_5,San Miguel,poblado_pa_8_8_4_1,8-8-4-1-5
barrio_pa_8_8_5_1_1,Brooklincito,poblado_pa_8_8_5_1,8-8-5-1-1
barrio_pa_8_8_5_1_2,Cabo Verde,poblado_pa_8_8_5_1,8-8-5-1-2
barrio_pa_8_8_5_1_3,Curundú,poblado_pa_8_8_5_1,8-8-5-1-3
barrio_pa_8_8_5_1_4,Hollywood o Proyecto Curundú,poblado_pa_8_8_5_1,8-8-5-1-4
barrio_pa_8_8_5_1_5,La Locería (P),poblado_pa_8_8_5_1,8-8-5-1-5
barrio_pa_8_8_5_1_6,Llano Bonito,poblado_pa_8_8_5_1,8-8-5-1-6
barrio_pa_8_8_5_1_8,Santa Cruz,poblado_pa_8_8_5_1,8-8-5-1-8
barrio_pa_8_8_5_1_9,Viejo Veranillo,poblado_pa_8_8_5_1,8-8-5-1-9
barrio_pa_8_8_5_1_10,Nuevo Amanecer (P),poblado_pa_8_8_5_1,8-8-5-1-10
barrio_pa_8_8_6_1_1,Altos de Betania,poblado_pa_8_8_6_1,8-8-6-1-1
barrio_pa_8_8_6_1_4,Betania,poblado_pa_8_8_6_1,8-8-6-1-4
barrio_pa_8_8_6_1_5,Club X,poblado_pa_8_8_6_1,8-8-6-1-5
barrio_pa_8_8_6_1_8,El Dorado,poblado_pa_8_8_6_1,8-8-6-1-8
barrio_pa_8_8_6_1_9,El Ingenio,poblado_pa_8_8_6_1,8-8-6-1-9
barrio_pa_8_8_6_1_12,La Gloria,poblado_pa_8_8_6_1,8-8-6-1-12
barrio_pa_8_8_6_1_15,Los Ángeles,poblado_pa_8_8_6_1,8-8-6-1-15
barrio_pa_8_8_6_1_18,Pribanco,poblado_pa_8_8_6_1,8-8-6-1-18
barrio_pa_8_8_6_1_30,Urbanización Industrial,poblado_pa_8_8_6_1,8-8-6-1-30
barrio_pa_8_8_6_1_31,Altos de Correza,poblado_pa_8_8_6_1,8-8-6-1-31
barrio_pa_8_8_6_1_32,Corona Gardens,poblado_pa_8_8_6_1,8-8-6-1-32
barrio_pa_8_8_6_2_1,Dos Mares,poblado_pa_8_8_6_2,8-8-6-2-1
barrio_pa_8_8_6_2_2,La Alameda,poblado_pa_8_8_6_2,8-8-6-2-2
barrio_pa_8_8_6_2_3,La Locería (P),poblado_pa_8_8_6_2,8-8-6-2-3
barrio_pa_8_8_6_2_4,Urbanización las Mercedes,poblado_pa_8_8_6_2,8-8-6-2-4
barrio_pa_8_8_6_2_5,Villa Soberanía,poblado_pa_8_8_6_2,8-8-6-2-5
barrio_pa_8_8_6_3_1,Edison Park,poblado_pa_8_8_6_3,8-8-6-3-1
barrio_pa_8_8_6_4_1,Miraflores,poblado_pa_8_8_6_4,8-8-6-4-1
barrio_pa_8_8_6_4_2,Altos de Miraflores,poblado_pa_8_8_6_4,8-8-6-4-2
barrio_pa_8_8_6_4_3,Colinas de Miraflores,poblado_pa_8_8_6_4,8-8-6-4-3
barrio_pa_8_8_6_4_4,El Milagro,poblado_pa_8_8_6_4,8-8-6-4-4
barrio_pa_8_8_6_4_5,Los Libertadores,poblado_pa_8_8_6_4,8-8-6-4-5
barrio_pa_8_8_6_4_6,San Antonio,poblado_pa_8_8_6_4,8-8-6-4-6
barrio_pa_8_8_6_4_7,Urbanización Colonial,poblado_pa_8_8_6_4,8-8-6-4-7
barrio_pa_8_8_6_5_1,Santa María,poblado_pa_8_8_6_5,8-8-6-5-1
barrio_pa_8_8_6_5_2,Nuevo Paraíso,poblado_pa_8_8_6_5,8-8-6-5-2
barrio_pa_8_8_6_5_3,Villa Cáceres,poblado_pa_8_8_6_5,8-8-6-5-3
barrio_pa_8_8_6_6_1,Condado del Rey (P),poblado_pa_8_8_6_6,8-8-6-6-1
barrio_pa_8_8_6_6_2,Linda Vista (P),poblado_pa_8_8_6_6,8-8-6-6-2
barrio_pa_8_8_6_6_3,Residencial Sara Sotillo,poblado_pa_8_8_6_6,8-8-6-6-3
barrio_pa_8_8_6_6_4,San José (P),poblado_pa_8_8_6_6,8-8-6-6-4
barrio_pa_8_8_6_7_1,Villa de las Fuentes,poblado_pa_8_8_6_7,8-8-6-7-1
barrio_pa_8_8_6_7_2,Altos del Chase,poblado_pa_8_8_6_7,8-8-6-7-2
barrio_pa_8_8_6_7_3,Villa de las Fuentes No.2,poblado_pa_8_8_6_7,8-8-6-7-3
barrio_pa_8_8_7_1_1,Bella Vista,poblado_pa_8_8_7_1,8-8-7-1-1
barrio_pa_8_8_7_1_2,Campo Alegre,poblado_pa_8_8_7_1,8-8-7-1-2
barrio_pa_8_8_7_1_3,El Cangrejo,poblado_pa_8_8_7_1,8-8-7-1-3
barrio_pa_8_8_7_1_4,El Carmen,poblado_pa_8_8_7_1,8-8-7-1-4
barrio_pa_8_8_7_1_5,Herbruger,poblado_pa_8_8_7_1,8-8-7-1-5
barrio_pa_8_8_7_1_6,La Cresta,poblado_pa_8_8_7_1,8-8-7-1-6
barrio_pa_8_8_7_1_7,Marbella,poblado_pa_8_8_7_1,8-8-7-1-7
barrio_pa_8_8_7_1_8,Nuevo Campo Alegre,poblado_pa_8_8_7_1,8-8-7-1-8
barrio_pa_8_8_7_1_9,Nuevo Reparto el Carmen,poblado_pa_8_8_7_1,8-8-7-1-9
barrio_pa_8_8_7_1_10,Obarrio,poblado_pa_8_8_7_1,8-8-7-1-10
barrio_pa_8_8_7_1_11,Urbanización Linares,poblado_pa_8_8_7_1,8-8-7-1-11
barrio_pa_8_8_8_1_1,Alto de los Sauces,poblado_pa_8_8_8_1,8-8-8-1-1
barrio_pa_8_8_8_1_3,Sector Chelca,poblado_pa_8_8_8_1,8-8-8-1-3
barrio_pa_8_8_8_1_5,Hato Pintado,poblado_pa_8_8_8_1,8-8-8-1-5
barrio_pa_8_8_8_1_6,La Florida,poblado_pa_8_8_8_1,8-8-8-1-6
barrio_pa_8_8_8_1_7,La Loma,poblado_pa_8_8_8_1,8-8-8-1-7
barrio_pa_8_8_8_1_8,La Pradera,poblado_pa_8_8_8_1,8-8-8-1-8
barrio_pa_8_8_8_1_9,Las Sabanas,poblado_pa_8_8_8_1,8-8-8-1-9
barrio_pa_8_8_8_1_10,Los Antares,poblado_pa_8_8_8_1,8-8-8-1-10
barrio_pa_8_8_8_1_11,Los Guayacanes,poblado_pa_8_8_8_1,8-8-8-1-11
barrio_pa_8_8_8_1_13,Los Pinos,poblado_pa_8_8_8_1,8-8-8-1-13
barrio_pa_8_8_8_1_15,Nidia Endara,poblado_pa_8_8_8_1,8-8-8-1-15
barrio_pa_8_8_8_1_16,Pueblo Nuevo,poblado_pa_8_8_8_1,8-8-8-1-16
barrio_pa_8_8_8_1_17,Residencial San Fernando,poblado_pa_8_8_8_1,8-8-8-1-17
barrio_pa_8_8_8_1_21,Urbanización el Nácar,poblado_pa_8_8_8_1,8-8-8-1-21
barrio_pa_8_8_8_1_23,Urbanización la Colina,poblado_pa_8_8_8_1,8-8-8-1-23
barrio_pa_8_8_8_1_24,Villa Bonanza,poblado_pa_8_8_8_1,8-8-8-1-24
barrio_pa_8_8_8_1_25,Villa Lucena,poblado_pa_8_8_8_1,8-8-8-1-25
barrio_pa_8_8_8_1_26,Vista Hermosa,poblado_pa_8_8_8_1,8-8-8-1-26
barrio_pa_8_8_8_1_27,Ph Central Park,poblado_pa_8_8_8_1,8-8-8-1-27
barrio_pa_8_8_8_1_28,Residencial Hampton Court,poblado_pa_8_8_8_1,8-8-8-1-28
barrio_pa_8_8_9_1_3,Boca la Caja,poblado_pa_8_8_9_1,8-8-9-1-3
barrio_pa_8_8_9_1_5,Coco del Mar,poblado_pa_8_8_9_1,8-8-9-1-5
barrio_pa_8_8_9_1_7,Loma Alegre,poblado_pa_8_8_9_1,8-8-9-1-7
barrio_pa_8_8_9_1_11,San Francisco,poblado_pa_8_8_9_1,8-8-9-1-11
barrio_pa_8_8_9_1_14,Villa Lilla,poblado_pa_8_8_9_1,8-8-9-1-14
barrio_pa_8_8_9_1_15,Villa Linda,poblado_pa_8_8_9_1,8-8-9-1-15
barrio_pa_8_8_9_1_17,Vi?A del Mar,poblado_pa_8_8_9_1,8-8-9-1-17
barrio_pa_8_8_9_1_18,San Francisco de la Caleta,poblado_pa_8_8_9_1,8-8-9-1-18
barrio_pa_8_8_9_1_20,Barriada Contraloría General,poblado_pa_8_8_9_1,8-8-9-1-20
barrio_pa_8_8_9_2_1,Carrasquilla,poblado_pa_8_8_9_2,8-8-9-2-1
barrio_pa_8_8_9_2_2,Altos de Carrasquilla,poblado_pa_8_8_9_2,8-8-9-2-2
barrio_pa_8_8_9_2_3,Altos del Golf,poblado_pa_8_8_9_2,8-8-9-2-3
barrio_pa_8_8_9_2_5,Residencial el Parque,poblado_pa_8_8_9_2,8-8-9-2-5
barrio_pa_8_8_9_2_6,Villa del Golf,poblado_pa_8_8_9_2,8-8-9-2-6
barrio_pa_8_8_9_2_7,Vista del Golf,poblado_pa_8_8_9_2,8-8-9-2-7
barrio_pa_8_8_9_2_8,Villa Dora,poblado_pa_8_8_9_2,8-8-9-2-8
barrio_pa_8_8_9_2_9,Urbanización Adson Wall,poblado_pa_8_8_9_2,8-8-9-2-9
barrio_pa_8_8_9_3_1,Paitilla,poblado_pa_8_8_9_3,8-8-9-3-1
barrio_pa_8_8_9_3_2,Nuevo Paitilla,poblado_pa_8_8_9_3,8-8-9-3-2
barrio_pa_8_8_9_3_3,Punta Paitilla,poblado_pa_8_8_9_3,8-8-9-3-3
barrio_pa_8_8_9_3_4,San Sebastián,poblado_pa_8_8_9_3,8-8-9-3-4
barrio_pa_8_8_9_4_1,Punta Pacífica,poblado_pa_8_8_9_4,8-8-9-4-1
barrio_pa_8_8_9_4_2,Ocean Reef Islands I,poblado_pa_8_8_9_4,8-8-9-4-2
barrio_pa_8_8_9_4_3,Ocean Reef Islands Ii,poblado_pa_8_8_9_4,8-8-9-4-3
barrio_pa_8_8_9_4_4,Residencial Gold Point,poblado_pa_8_8_9_4,8-8-9-4-4
barrio_pa_8_8_10_1_1,Urbanización Altos del Romeral,poblado_pa_8_8_10_1,8-8-10-1-1
barrio_pa_8_8_10_1_2,Barriada Morelos,poblado_pa_8_8_10_1,8-8-10-1-2
barrio_pa_8_8_10_1_3,Barriada Santa Elena,poblado_pa_8_8_10_1,8-8-10-1-3
barrio_pa_8_8_10_1_4,Urbanización Chanis,poblado_pa_8_8_10_1,8-8-10-1-4
barrio_pa_8_8_10_1_5,Nuevo Reparto Panamá,poblado_pa_8_8_10_1,8-8-10-1-5
barrio_pa_8_8_10_1_6,Panamá Viejo,poblado_pa_8_8_10_1,8-8-10-1-6
barrio_pa_8_8_10_1_7,Parque Lefevre,poblado_pa_8_8_10_1,8-8-10-1-7
barrio_pa_8_8_10_1_8,Puente del Rey,poblado_pa_8_8_10_1,8-8-10-1-8
barrio_pa_8_8_10_1_9,Residencial Casa Blanca,poblado_pa_8_8_10_1,8-8-10-1-9
barrio_pa_8_8_10_1_10,Residencial la Fontana,poblado_pa_8_8_10_1,8-8-10-1-10
barrio_pa_8_8_10_1_11,Urbanización Don Ahorro,poblado_pa_8_8_10_1,8-8-10-1-11
barrio_pa_8_8_10_1_12,Urbanización los Pinos,poblado_pa_8_8_10_1,8-8-10-1-12
barrio_pa_8_8_10_1_13,Urbanización San Gerardo de Mayela,poblado_pa_8_8_10_1,8-8-10-1-13
barrio_pa_8_8_10_1_14,Urbanización Santa Marta,poblado_pa_8_8_10_1,8-8-10-1-14
barrio_pa_8_8_10_1_15,Urbanopat,poblado_pa_8_8_10_1,8-8-10-1-15
barrio_pa_8_8_10_1_16,Villa del Rey,poblado_pa_8_8_10_1,8-8-10-1-16
barrio_pa_8_8_10_1_17,Boulevard los Laureles,poblado_pa_8_8_10_1,8-8-10-1-17
barrio_pa_8_8_10_1_18,Chanis,poblado_pa_8_8_10_1,8-8-10-1-18
barrio_pa_8_8_10_1_19,La Unión,poblado_pa_8_8_10_1,8-8-10-1-19
barrio_pa_8_8_10_1_20,Parque del Industrial Costa del Este,poblado_pa_8_8_10_1,8-8-10-1-20
barrio_pa_8_8_10_1_21,Villa Susana,poblado_pa_8_8_10_1,8-8-10-1-21
barrio_pa_8_8_10_1_23,Villas Costa del Este,poblado_pa_8_8_10_1,8-8-10-1-23
barrio_pa_8_8_10_1_24,Costa del Este (P),poblado_pa_8_8_10_1,8-8-10-1-24
barrio_pa_8_8_10_1_25,Panama Viejo Residences,poblado_pa_8_8_10_1,8-8-10-1-25
barrio_pa_8_8_11_1_1,Altos de los Laureles,poblado_pa_8_8_11_1,8-8-11-1-1
barrio_pa_8_8_11_1_2,Altos del Río,poblado_pa_8_8_11_1,8-8-11-1-2
barrio_pa_8_8_11_1_3,Barriada Chanat,poblado_pa_8_8_11_1,8-8-11-1-3
barrio_pa_8_8_11_1_4,Barriada los Yoses,poblado_pa_8_8_11_1,8-8-11-1-4
barrio_pa_8_8_11_1_5,Barriada Patterson,poblado_pa_8_8_11_1,8-8-11-1-5
barrio_pa_8_8_11_1_6,Barriada Victoriano Lorenzo,poblado_pa_8_8_11_1,8-8-11-1-6
barrio_pa_8_8_11_1_7,El Porvenir,poblado_pa_8_8_11_1,8-8-11-1-7
barrio_pa_8_8_11_1_8,El Progreso No.1,poblado_pa_8_8_11_1,8-8-11-1-8
barrio_pa_8_8_11_1_9,El Progreso No.2,poblado_pa_8_8_11_1,8-8-11-1-9
barrio_pa_8_8_11_1_10,El Valle de la Esperanza,poblado_pa_8_8_11_1,8-8-11-1-10
barrio_pa_8_8_11_1_11,La Florida,poblado_pa_8_8_11_1,8-8-11-1-11
barrio_pa_8_8_11_1_12,La Rosita,poblado_pa_8_8_11_1,8-8-11-1-12
barrio_pa_8_8_11_1_13,Loma Morgan,poblado_pa_8_8_11_1,8-8-11-1-13
barrio_pa_8_8_11_1_14,Los Álamos,poblado_pa_8_8_11_1,8-8-11-1-14
barrio_pa_8_8_11_1_15,Monte Claro No.1,poblado_pa_8_8_11_1,8-8-11-1-15
barrio_pa_8_8_11_1_16,Monte Claro No.2,poblado_pa_8_8_11_1,8-8-11-1-16
barrio_pa_8_8_11_1_17,Monte Oscuro (P),poblado_pa_8_8_11_1,8-8-11-1-17
barrio_pa_8_8_11_1_18,Nuevo Altos de los Ríos,poblado_pa_8_8_11_1,8-8-11-1-18
barrio_pa_8_8_11_1_19,Río Abajo,poblado_pa_8_8_11_1,8-8-11-1-19
barrio_pa_8_8_11_1_20,Urbanización Incapie,poblado_pa_8_8_11_1,8-8-11-1-20
barrio_pa_8_8_11_1_21,Urbanización Loma Bonita,poblado_pa_8_8_11_1,8-8-11-1-21
barrio_pa_8_8_11_1_22,Urbanización Marcasa,poblado_pa_8_8_11_1,8-8-11-1-22
barrio_pa_8_8_11_1_23,Urbanización San Cristóbal,poblado_pa_8_8_11_1,8-8-11-1-23
barrio_pa_8_8_11_1_24,Villa Elena No.1,poblado_pa_8_8_11_1,8-8-11-1-24
barrio_pa_8_8_11_1_25,Villa Elena No.2,poblado_pa_8_8_11_1,8-8-11-1-25
barrio_pa_8_8_11_1_26,Villa Elena No.3,poblado_pa_8_8_11_1,8-8-11-1-26
barrio_pa_8_8_11_1_27,Villa Gabriela,poblado_pa_8_8_11_1,8-8-11-1-27
barrio_pa_8_8_11_1_28,Villa Lorena,poblado_pa_8_8_11_1,8-8-11-1-28
barrio_pa_8_8_11_1_29,Villa María,poblado_pa_8_8_11_1,8-8-11-1-29
barrio_pa_8_8_11_1_30,Villa Rica,poblado_pa_8_8_11_1,8-8-11-1-30
barrio_pa_8_8_11_1_31,Villa Victoria,poblado_pa_8_8_11_1,8-8-11-1-31
barrio_pa_8_8_11_1_32,La Sabana,poblado_pa_8_8_11_1,8-8-11-1-32
barrio_pa_8_8_11_1_33,Torres de Espa?A,poblado_pa_8_8_11_1,8-8-11-1-33
barrio_pa_8_8_11_1_34,Villa Esperanza,poblado_pa_8_8_11_1,8-8-11-1-34
barrio_pa_8_8_12_1_2,Altos del Complejo,poblado_pa_8_8_12_1,8-8-12-1-2
barrio_pa_8_8_12_1_3,Altos del Hipódromo,poblado_pa_8_8_12_1,8-8-12-1-3
barrio_pa_8_8_12_1_5,Barriada de los Guardias,poblado_pa_8_8_12_1,8-8-12-1-5
barrio_pa_8_8_12_1_7,Bosques de Altamira,poblado_pa_8_8_12_1,8-8-12-1-7
barrio_pa_8_8_12_1_8,Campo Limberg,poblado_pa_8_8_12_1,8-8-12-1-8
barrio_pa_8_8_12_1_9,Ciudad Radial,poblado_pa_8_8_12_1,8-8-12-1-9
barrio_pa_8_8_12_1_10,Concepción Municipal (P),poblado_pa_8_8_12_1,8-8-12-1-10
barrio_pa_8_8_12_1_11,El Nance,poblado_pa_8_8_12_1,8-8-12-1-11
barrio_pa_8_8_12_1_12,El Sitio,poblado_pa_8_8_12_1,8-8-12-1-12
barrio_pa_8_8_12_1_13,Francisco Arias Paredes,poblado_pa_8_8_12_1,8-8-12-1-13
barrio_pa_8_8_12_1_14,Guayabito No.1,poblado_pa_8_8_12_1,8-8-12-1-14
barrio_pa_8_8_12_1_15,Guayabito No.2,poblado_pa_8_8_12_1,8-8-12-1-15
barrio_pa_8_8_12_1_16,Jardín Olímpico,poblado_pa_8_8_12_1,8-8-12-1-16
barrio_pa_8_8_12_1_17,Juan Díaz,poblado_pa_8_8_12_1,8-8-12-1-17
barrio_pa_8_8_12_1_18,La Cantera,poblado_pa_8_8_12_1,8-8-12-1-18
barrio_pa_8_8_12_1_19,Las Estaciones,poblado_pa_8_8_12_1,8-8-12-1-19
barrio_pa_8_8_12_1_20,Las Palmeras,poblado_pa_8_8_12_1,8-8-12-1-20
barrio_pa_8_8_12_1_21,Llano Bonito,poblado_pa_8_8_12_1,8-8-12-1-21
barrio_pa_8_8_12_1_22,Los Almendros,poblado_pa_8_8_12_1,8-8-12-1-22
barrio_pa_8_8_12_1_23,Nueva Concepción (P),poblado_pa_8_8_12_1,8-8-12-1-23
barrio_pa_8_8_12_1_24,Nuevo Porvenir,poblado_pa_8_8_12_1,8-8-12-1-24
barrio_pa_8_8_12_1_25,Parque Industrial,poblado_pa_8_8_12_1,8-8-12-1-25
barrio_pa_8_8_12_1_26,Residencial Bernal,poblado_pa_8_8_12_1,8-8-12-1-26
barrio_pa_8_8_12_1_27,Residencial Carolina,poblado_pa_8_8_12_1,8-8-12-1-27
barrio_pa_8_8_12_1_28,Residencial Juan Díaz,poblado_pa_8_8_12_1,8-8-12-1-28
barrio_pa_8_8_12_1_29,Residencial Olímpico No.2,poblado_pa_8_8_12_1,8-8-12-1-29
barrio_pa_8_8_12_1_30,Residencial Olímpico No.3,poblado_pa_8_8_12_1,8-8-12-1-30
barrio_pa_8_8_12_1_31,Residencial Santa Inés,poblado_pa_8_8_12_1,8-8-12-1-31
barrio_pa_8_8_12_1_33,San Cristóbal,poblado_pa_8_8_12_1,8-8-12-1-33
barrio_pa_8_8_12_1_34,San Fernando,poblado_pa_8_8_12_1,8-8-12-1-34
barrio_pa_8_8_12_1_35,San Pedro No.1,poblado_pa_8_8_12_1,8-8-12-1-35
barrio_pa_8_8_12_1_36,San Pedro No.2,poblado_pa_8_8_12_1,8-8-12-1-36
barrio_pa_8_8_12_1_37,Santa Clara,poblado_pa_8_8_12_1,8-8-12-1-37
barrio_pa_8_8_12_1_38,Urbanización Altos de San Pedro,poblado_pa_8_8_12_1,8-8-12-1-38
barrio_pa_8_8_12_1_39,Urbanización Anayansi,poblado_pa_8_8_12_1,8-8-12-1-39
barrio_pa_8_8_12_1_40,Urbanización Balan,poblado_pa_8_8_12_1,8-8-12-1-40
barrio_pa_8_8_12_1_41,Urbanización Camino Real,poblado_pa_8_8_12_1,8-8-12-1-41
barrio_pa_8_8_12_1_42,Urbanización Colinas del Carmen,poblado_pa_8_8_12_1,8-8-12-1-42
barrio_pa_8_8_12_1_46,Urbanización el Guayacán,poblado_pa_8_8_12_1,8-8-12-1-46
barrio_pa_8_8_12_1_47,Urbanización el Laurel,poblado_pa_8_8_12_1,8-8-12-1-47
barrio_pa_8_8_12_1_48,Urbanización el Milagro,poblado_pa_8_8_12_1,8-8-12-1-48
barrio_pa_8_8_12_1_49,Urbanización el Palmar,poblado_pa_8_8_12_1,8-8-12-1-49
barrio_pa_8_8_12_1_50,Urbanización el Trébol,poblado_pa_8_8_12_1,8-8-12-1-50
barrio_pa_8_8_12_1_51,Urbanización José Remóm Cantera,poblado_pa_8_8_12_1,8-8-12-1-51
barrio_pa_8_8_12_1_52,Urbanización Villa Bonita,poblado_pa_8_8_12_1,8-8-12-1-52
barrio_pa_8_8_12_1_53,Urbanización la Ponderosa,poblado_pa_8_8_12_1,8-8-12-1-53
barrio_pa_8_8_12_1_56,Urbanización Nueva California,poblado_pa_8_8_12_1,8-8-12-1-56
barrio_pa_8_8_12_1_57,Urbanización Nuevo Hipódromo,poblado_pa_8_8_12_1,8-8-12-1-57
barrio_pa_8_8_12_1_59,Urbanización Santa Rela,poblado_pa_8_8_12_1,8-8-12-1-59
barrio_pa_8_8_12_1_62,Urbanización Villa Serena,poblado_pa_8_8_12_1,8-8-12-1-62
barrio_pa_8_8_12_1_64,Villa del Sol,poblado_pa_8_8_12_1,8-8-12-1-64
barrio_pa_8_8_12_1_65,Villa Inés,poblado_pa_8_8_12_1,8-8-12-1-65
barrio_pa_8_8_12_1_66,Villa Venus No.1,poblado_pa_8_8_12_1,8-8-12-1-66
barrio_pa_8_8_12_1_67,Villa Venus No.2,poblado_pa_8_8_12_1,8-8-12-1-67
barrio_pa_8_8_12_1_69,Brisas del Nuevo Hipódromo,poblado_pa_8_8_12_1,8-8-12-1-69
barrio_pa_8_8_12_1_70,Bosques del Hipódromo,poblado_pa_8_8_12_1,8-8-12-1-70
barrio_pa_8_8_12_1_72,El Pailón,poblado_pa_8_8_12_1,8-8-12-1-72
barrio_pa_8_8_12_1_75,Puerto Juan Díaz (P),poblado_pa_8_8_12_1,8-8-12-1-75
barrio_pa_8_8_12_1_76,Residencial Mariabé,poblado_pa_8_8_12_1,8-8-12-1-76
barrio_pa_8_8_12_1_78,Residencial Olímpico No.1,poblado_pa_8_8_12_1,8-8-12-1-78
barrio_pa_8_8_12_1_79,Santa Pera,poblado_pa_8_8_12_1,8-8-12-1-79
barrio_pa_8_8_12_1_81,Urbanización el Chimborazo,poblado_pa_8_8_12_1,8-8-12-1-81
barrio_pa_8_8_12_1_82,Urbanización la Arboleda,poblado_pa_8_8_12_1,8-8-12-1-82
barrio_pa_8_8_12_1_83,Urbanización Fanasa,poblado_pa_8_8_12_1,8-8-12-1-83
barrio_pa_8_8_12_1_84,Urbanización Toscana,poblado_pa_8_8_12_1,8-8-12-1-84
barrio_pa_8_8_12_1_85,Urbanización Pases,poblado_pa_8_8_12_1,8-8-12-1-85
barrio_pa_8_8_12_1_86,Urbanización Rosa Mística,poblado_pa_8_8_12_1,8-8-12-1-86
barrio_pa_8_8_12_1_88,Villa Alegre,poblado_pa_8_8_12_1,8-8-12-1-88
barrio_pa_8_8_12_1_89,Barriada Nueva Esperanza,poblado_pa_8_8_12_1,8-8-12-1-89
barrio_pa_8_8_12_1_90,Villa Charlot,poblado_pa_8_8_12_1,8-8-12-1-90
barrio_pa_8_8_12_1_91,Villa Loyda,poblado_pa_8_8_12_1,8-8-12-1-91
barrio_pa_8_8_12_1_92,Villa Norma,poblado_pa_8_8_12_1,8-8-12-1-92
barrio_pa_8_8_12_1_93,Villa Olga,poblado_pa_8_8_12_1,8-8-12-1-93
barrio_pa_8_8_12_1_94,Residencial Alfa,poblado_pa_8_8_12_1,8-8-12-1-94
barrio_pa_8_8_12_1_96,Residencial Colinas del Carmen,poblado_pa_8_8_12_1,8-8-12-1-96
barrio_pa_8_8_12_1_98,Villa Loly,poblado_pa_8_8_12_1,8-8-12-1-98
barrio_pa_8_8_12_1_112,Residencial Parque del Este,poblado_pa_8_8_12_1,8-8-12-1-112
barrio_pa_8_8_12_1_124,Residencial Costa Novo,poblado_pa_8_8_12_1,8-8-12-1-124
barrio_pa_8_8_12_1_136,Residencial Llano Bonito,poblado_pa_8_8_12_1,8-8-12-1-136
barrio_pa_8_8_12_1_141,Brisas del Sur,poblado_pa_8_8_12_1,8-8-12-1-141
barrio_pa_8_8_12_1_142,Jardínes de San Fernando,poblado_pa_8_8_12_1,8-8-12-1-142
barrio_pa_8_8_12_1_143,Ph Mystic Gates,poblado_pa_8_8_12_1,8-8-12-1-143
barrio_pa_8_8_12_2_1,Barriada Costa las Perlas,poblado_pa_8_8_12_2,8-8-12-2-1
barrio_pa_8_8_12_2_2,Costa Azul,poblado_pa_8_8_12_2,8-8-12-2-2
barrio_pa_8_8_12_2_3,Costa Bay,poblado_pa_8_8_12_2,8-8-12-2-3
barrio_pa_8_8_12_2_4,Costa Bella,poblado_pa_8_8_12_2,8-8-12-2-4
barrio_pa_8_8_12_2_5,Costa del Este (P),poblado_pa_8_8_12_2,8-8-12-2-5
barrio_pa_8_8_12_2_6,Costa Dorada,poblado_pa_8_8_12_2,8-8-12-2-6
barrio_pa_8_8_12_2_7,Costa Serena,poblado_pa_8_8_12_2,8-8-12-2-7
barrio_pa_8_8_12_2_8,Residencial Antigua,poblado_pa_8_8_12_2,8-8-12-2-8
barrio_pa_8_8_12_2_9,Residencial Balmoral,poblado_pa_8_8_12_2,8-8-12-2-9
barrio_pa_8_8_12_2_10,Residencial Begonias,poblado_pa_8_8_12_2,8-8-12-2-10
barrio_pa_8_8_12_2_11,Residencial Camelia,poblado_pa_8_8_12_2,8-8-12-2-11
barrio_pa_8_8_12_2_12,Residencial las Palmeras del Este,poblado_pa_8_8_12_2,8-8-12-2-12
barrio_pa_8_8_12_2_13,Residencial Magnolias,poblado_pa_8_8_12_2,8-8-12-2-13
barrio_pa_8_8_12_2_14,Residencial Puerta del Mar,poblado_pa_8_8_12_2,8-8-12-2-14
barrio_pa_8_8_12_2_15,Residencial Verandas,poblado_pa_8_8_12_2,8-8-12-2-15
barrio_pa_8_8_12_2_16,Royal Pacific,poblado_pa_8_8_12_2,8-8-12-2-16
barrio_pa_8_8_12_2_17,Toscana del Este,poblado_pa_8_8_12_2,8-8-12-2-17
barrio_pa_8_8_12_2_18,Villas del Mar,poblado_pa_8_8_12_2,8-8-12-2-18
barrio_pa_8_8_12_3_2,Fairway Estates,poblado_pa_8_8_12_3,8-8-12-3-2
barrio_pa_8_8_12_3_3,Island Estates,poblado_pa_8_8_12_3,8-8-12-3-3
barrio_pa_8_8_12_3_4,Lake View,poblado_pa_8_8_12_3,8-8-12-3-4
barrio_pa_8_8_12_3_5,Santa María,poblado_pa_8_8_12_3,8-8-12-3-5
barrio_pa_8_8_12_3_6,Santa María Court,poblado_pa_8_8_12_3,8-8-12-3-6
barrio_pa_8_8_12_3_7,The Crescent,poblado_pa_8_8_12_3,8-8-12-3-7
barrio_pa_8_8_12_3_8,The Grove,poblado_pa_8_8_12_3,8-8-12-3-8
barrio_pa_8_8_12_3_9,The Reserve,poblado_pa_8_8_12_3,8-8-12-3-9
barrio_pa_8_8_13_1_4,Buenos Aires,poblado_pa_8_8_13_1,8-8-13-1-4
barrio_pa_8_8_13_1_7,El Nazareno,poblado_pa_8_8_13_1,8-8-13-1-7
barrio_pa_8_8_13_1_8,El Porvenir,poblado_pa_8_8_13_1,8-8-13-1-8
barrio_pa_8_8_13_1_9,El Realengo,poblado_pa_8_8_13_1,8-8-13-1-9
barrio_pa_8_8_13_1_12,Jesús de Nazaret o Altos de Nazareth,poblado_pa_8_8_13_1,8-8-13-1-12
barrio_pa_8_8_13_1_15,La Concordia,poblado_pa_8_8_13_1,8-8-13-1-15
barrio_pa_8_8_13_1_17,La Florida,poblado_pa_8_8_13_1,8-8-13-1-17
barrio_pa_8_8_13_1_19,La Riviera,poblado_pa_8_8_13_1,8-8-13-1-19
barrio_pa_8_8_13_1_21,Las Palmeras,poblado_pa_8_8_13_1,8-8-13-1-21
barrio_pa_8_8_13_1_22,Mirador Balmoral,poblado_pa_8_8_13_1,8-8-13-1-22
barrio_pa_8_8_13_1_23,Montería,poblado_pa_8_8_13_1,8-8-13-1-23
barrio_pa_8_8_13_1_26,Remón Cantera,poblado_pa_8_8_13_1,8-8-13-1-26
barrio_pa_8_8_13_1_35,Urbanización Balmoral,poblado_pa_8_8_13_1,8-8-13-1-35
barrio_pa_8_8_13_1_37,Villa Cecilia,poblado_pa_8_8_13_1,8-8-13-1-37
barrio_pa_8_8_13_1_47,Residencial Delta,poblado_pa_8_8_13_1,8-8-13-1-47
barrio_pa_8_8_13_1_49,San Judas Tadeo,poblado_pa_8_8_13_1,8-8-13-1-49
barrio_pa_8_8_13_1_50,Santa Isabel,poblado_pa_8_8_13_1,8-8-13-1-50
barrio_pa_8_8_13_1_57,Villa Graciela,poblado_pa_8_8_13_1,8-8-13-1-57
barrio_pa_8_8_13_2_1,San Joaquín,poblado_pa_8_8_13_2,8-8-13-2-1
barrio_pa_8_8_13_2_2,Barriada Ersa,poblado_pa_8_8_13_2,8-8-13-2-2
barrio_pa_8_8_13_2_3,Barriada Martín Torrijos,poblado_pa_8_8_13_2,8-8-13-2-3
barrio_pa_8_8_13_2_4,Barriada Ricardo Martinelli,poblado_pa_8_8_13_2,8-8-13-2-4
barrio_pa_8_8_13_2_5,Barriada Roberto Velásquez,poblado_pa_8_8_13_2,8-8-13-2-5
barrio_pa_8_8_13_2_6,Barriada San Pablo,poblado_pa_8_8_13_2,8-8-13-2-6
barrio_pa_8_8_13_2_7,El Cucuy,poblado_pa_8_8_13_2,8-8-13-2-7
barrio_pa_8_8_13_2_8,Residencial las Villas del Bosque,poblado_pa_8_8_13_2,8-8-13-2-8
barrio_pa_8_8_13_2_9,Villa Granada,poblado_pa_8_8_13_2,8-8-13-2-9
barrio_pa_8_8_13_2_10,Villa Isabel,poblado_pa_8_8_13_2,8-8-13-2-10
barrio_pa_8_8_13_2_11,Residencial Portal del Bosque,poblado_pa_8_8_13_2,8-8-13-2-11
barrio_pa_8_8_13_3_1,Rana de Oro,poblado_pa_8_8_13_3,8-8-13-3-1
barrio_pa_8_8_13_3_2,Barriada 8 de Diciembre,poblado_pa_8_8_13_3,8-8-13-3-2
barrio_pa_8_8_13_3_3,Barriada Arcoiris,poblado_pa_8_8_13_3,8-8-13-3-3
barrio_pa_8_8_13_3_4,Barriada la Paz,poblado_pa_8_8_13_3,8-8-13-3-4
barrio_pa_8_8_13_3_5,Los Milagros,poblado_pa_8_8_13_3,8-8-13-3-5
barrio_pa_8_8_13_3_6,Los Pinos No.2,poblado_pa_8_8_13_3,8-8-13-3-6
barrio_pa_8_8_13_3_7,Mystic Town,poblado_pa_8_8_13_3,8-8-13-3-7
barrio_pa_8_8_13_3_8,Ph Azares,poblado_pa_8_8_13_3,8-8-13-3-8
barrio_pa_8_8_13_3_9,Ph Palmeras,poblado_pa_8_8_13_3,8-8-13-3-9
barrio_pa_8_8_13_3_10,Residencial Naranjal de Oro,poblado_pa_8_8_13_3,8-8-13-3-10
barrio_pa_8_8_13_3_11,Sello de Oro,poblado_pa_8_8_13_3,8-8-13-3-11
barrio_pa_8_8_13_3_12,Urbanización Altos del Naranjal,poblado_pa_8_8_13_3,8-8-13-3-12
barrio_pa_8_8_13_3_13,Villa Cristina,poblado_pa_8_8_13_3,8-8-13-3-13
barrio_pa_8_8_13_3_14,Villa Victoria,poblado_pa_8_8_13_3,8-8-13-3-14
barrio_pa_8_8_13_3_15,Villas del Naranjal,poblado_pa_8_8_13_3,8-8-13-3-15
barrio_pa_8_8_13_4_1,Villalobos,poblado_pa_8_8_13_4,8-8-13-4-1
barrio_pa_8_8_13_4_2,Alborada,poblado_pa_8_8_13_4,8-8-13-4-2
barrio_pa_8_8_13_4_3,Barriada Altos de Villalobos,poblado_pa_8_8_13_4,8-8-13-4-3
barrio_pa_8_8_13_4_4,Pacific Place,poblado_pa_8_8_13_4,8-8-13-4-4
barrio_pa_8_8_13_4_5,Ph los Sauces,poblado_pa_8_8_13_4,8-8-13-4-5
barrio_pa_8_8_13_4_6,Residencial la Marquesa,poblado_pa_8_8_13_4,8-8-13-4-6
barrio_pa_8_8_13_4_7,Villa Góndola,poblado_pa_8_8_13_4,8-8-13-4-7
barrio_pa_8_8_13_4_8,Villalobos Sur,poblado_pa_8_8_13_4,8-8-13-4-8
barrio_pa_8_8_13_5_1,Santa Cruz,poblado_pa_8_8_13_5,8-8-13-5-1
barrio_pa_8_8_13_5_2,La Bandera,poblado_pa_8_8_13_5,8-8-13-5-2
barrio_pa_8_8_13_5_3,La Primavera,poblado_pa_8_8_13_5,8-8-13-5-3
barrio_pa_8_8_13_5_4,Las Colinas,poblado_pa_8_8_13_5,8-8-13-5-4
barrio_pa_8_8_13_5_5,Los Pinos,poblado_pa_8_8_13_5,8-8-13-5-5
barrio_pa_8_8_13_5_6,Residencial la Primavera,poblado_pa_8_8_13_5,8-8-13-5-6
barrio_pa_8_8_13_5_7,Sector Tapia,poblado_pa_8_8_13_5,8-8-13-5-7
barrio_pa_8_8_13_6_1,El Naranjal,poblado_pa_8_8_13_6,8-8-13-6-1
barrio_pa_8_8_13_6_2,Altos de las Nubes,poblado_pa_8_8_13_6,8-8-13-6-2
barrio_pa_8_8_13_6_3,Altos de Pedregal,poblado_pa_8_8_13_6,8-8-13-6-3
barrio_pa_8_8_13_6_4,Dieciocho de Abril,poblado_pa_8_8_13_6,8-8-13-6-4
barrio_pa_8_8_13_6_5,La Esperanza,poblado_pa_8_8_13_6,8-8-13-6-5
barrio_pa_8_8_13_6_6,Los Caobos,poblado_pa_8_8_13_6,8-8-13-6-6
barrio_pa_8_8_13_6_7,Nuevo Amanecer,poblado_pa_8_8_13_6,8-8-13-6-7
barrio_pa_8_8_13_6_8,Villa Esperanza,poblado_pa_8_8_13_6,8-8-13-6-8
barrio_pa_8_8_13_7_1,San Martín,poblado_pa_8_8_13_7,8-8-13-7-1
barrio_pa_8_8_13_7_2,San José,poblado_pa_8_8_13_7,8-8-13-7-2
barrio_pa_8_8_13_7_3,Altos de San José,poblado_pa_8_8_13_7,8-8-13-7-3
barrio_pa_8_8_14_3_1,Alto de Diablo o Alto Jesús,poblado_pa_8_8_14_3,8-8-14-3-1
barrio_pa_8_8_14_3_2,Ancón,poblado_pa_8_8_14_3,8-8-14-3-2
barrio_pa_8_8_14_3_3,Balboa,poblado_pa_8_8_14_3,8-8-14-3-3
barrio_pa_8_8_14_3_4,Curundu Heights o Altos de Curundú,poblado_pa_8_8_14_3,8-8-14-3-4
barrio_pa_8_8_14_3_5,El Chorrillo (P),poblado_pa_8_8_14_3,8-8-14-3-5
barrio_pa_8_8_14_3_8,Albrook,poblado_pa_8_8_14_3,8-8-14-3-8
barrio_pa_8_8_14_3_9,Amador,poblado_pa_8_8_14_3,8-8-14-3-9
barrio_pa_8_8_14_3_10,Corozal,poblado_pa_8_8_14_3,8-8-14-3-10
barrio_pa_8_8_14_3_11,Curundú o Llanos de Curundú,poblado_pa_8_8_14_3,8-8-14-3-11
barrio_pa_8_8_14_3_12,La Boca,poblado_pa_8_8_14_3,8-8-14-3-12
barrio_pa_8_8_14_3_13,Los Ríos,poblado_pa_8_8_14_3,8-8-14-3-13
barrio_pa_8_8_14_3_14,Green Valley,poblado_pa_8_8_14_3,8-8-14-3-14
barrio_pa_8_8_14_3_15,Albrook Gardens,poblado_pa_8_8_14_3,8-8-14-3-15
barrio_pa_8_8_14_3_28,Ville Di Firenze,poblado_pa_8_8_14_3,8-8-14-3-28
barrio_pa_8_8_14_3_30,Caminos de Cruces,poblado_pa_8_8_14_3,8-8-14-3-30
barrio_pa_8_8_14_3_31,Nuevo Amanecer (P),poblado_pa_8_8_14_3,8-8-14-3-31
barrio_pa_8_8_14_14_1,Pedro Miguel,poblado_pa_8_8_14_14,8-8-14-14-1
barrio_pa_8_8_14_15_1,Paraíso,poblado_pa_8_8_14_15,8-8-14-15-1
barrio_pa_8_8_14_18_1,Cárdenas,poblado_pa_8_8_14_18,8-8-14-18-1
barrio_pa_8_8_14_18_2,Clayton,poblado_pa_8_8_14_18,8-8-14-18-2
barrio_pa_8_8_14_18_4,Clayton Village,poblado_pa_8_8_14_18,8-8-14-18-4
barrio_pa_8_8_14_18_5,Embassy Gardens,poblado_pa_8_8_14_18,8-8-14-18-5
barrio_pa_8_8_14_18_6,Green Fields,poblado_pa_8_8_14_18,8-8-14-18-6
barrio_pa_8_8_14_18_7,Residencial Embassy Club,poblado_pa_8_8_14_18,8-8-14-18-7
barrio_pa_8_8_14_18_8,Urbanización Clayton Forest,poblado_pa_8_8_14_18,8-8-14-18-8
barrio_pa_8_8_14_18_9,Urbanización los Senderos de Camino de Cruces,poblado_pa_8_8_14_18,8-8-14-18-9
barrio_pa_8_8_14_18_10,Clayton Park,poblado_pa_8_8_14_18,8-8-14-18-10
barrio_pa_8_8_14_18_11,Embassy Village,poblado_pa_8_8_14_18,8-8-14-18-11
barrio_pa_8_8_14_108_1,Altamira Gardens,poblado_pa_8_8_14_108,8-8-14-108-1
barrio_pa_8_8_14_108_4,Colina Real,poblado_pa_8_8_14_108,8-8-14-108-4
barrio_pa_8_8_14_108_5,Condado del Rey (P),poblado_pa_8_8_14_108,8-8-14-108-5
barrio_pa_8_8_14_108_6,Crystal Spring,poblado_pa_8_8_14_108,8-8-14-108-6
barrio_pa_8_8_14_108_7,Dorado Lakes,poblado_pa_8_8_14_108,8-8-14-108-7
barrio_pa_8_8_14_108_8,Dorado Spring,poblado_pa_8_8_14_108,8-8-14-108-8
barrio_pa_8_8_14_108_9,Golden Spring,poblado_pa_8_8_14_108,8-8-14-108-9
barrio_pa_8_8_14_108_10,Green Park,poblado_pa_8_8_14_108,8-8-14-108-10
barrio_pa_8_8_14_108_11,Mcgregor Hill,poblado_pa_8_8_14_108,8-8-14-108-11
barrio_pa_8_8_14_108_12,Parque de Toscana,poblado_pa_8_8_14_108,8-8-14-108-12
barrio_pa_8_8_14_108_13,Rainforest Villas,poblado_pa_8_8_14_108,8-8-14-108-13
barrio_pa_8_8_14_108_14,Residencial Dorado Village,poblado_pa_8_8_14_108,8-8-14-108-14
barrio_pa_8_8_14_108_15,Residencial el Country Park,poblado_pa_8_8_14_108,8-8-14-108-15
barrio_pa_8_8_14_108_16,Residencial Royal Country,poblado_pa_8_8_14_108,8-8-14-108-16
barrio_pa_8_8_14_108_17,San José (P),poblado_pa_8_8_14_108,8-8-14-108-17
barrio_pa_8_8_14_108_18,Terrazas del Rey,poblado_pa_8_8_14_108,8-8-14-108-18
barrio_pa_8_8_14_108_19,Torres de Milán,poblado_pa_8_8_14_108,8-8-14-108-19
barrio_pa_8_8_14_108_20,Torres de Toscana,poblado_pa_8_8_14_108,8-8-14-108-20
barrio_pa_8_8_14_108_21,Urbanización Paseo Dorado,poblado_pa_8_8_14_108,8-8-14-108-21
barrio_pa_8_8_14_108_22,Altos del Parque,poblado_pa_8_8_14_108,8-8-14-108-22
barrio_pa_8_8_14_108_23,Condado Country Club,poblado_pa_8_8_14_108,8-8-14-108-23
barrio_pa_8_8_14_108_24,Condado Gardens,poblado_pa_8_8_14_108,8-8-14-108-24
barrio_pa_8_8_15_9_1,Chilibre Centro,poblado_pa_8_8_15_9,8-8-15-9-1
barrio_pa_8_8_15_9_2,Don Bosco,poblado_pa_8_8_15_9,8-8-15-9-2
barrio_pa_8_8_15_9_3,Llano Verde,poblado_pa_8_8_15_9,8-8-15-9-3
barrio_pa_8_8_15_9_4,Los Caobos,poblado_pa_8_8_15_9,8-8-15-9-4
barrio_pa_8_8_15_9_5,María Eugenia,poblado_pa_8_8_15_9,8-8-15-9-5
barrio_pa_8_8_15_9_6,Barrio Lindo,poblado_pa_8_8_15_9,8-8-15-9-6
barrio_pa_8_8_15_46_1,Agua Buena,poblado_pa_8_8_15_46,8-8-15-46-1
barrio_pa_8_8_15_46_2,Alto Lino,poblado_pa_8_8_15_46,8-8-15-46-2
barrio_pa_8_8_15_46_3,La Esmeralda,poblado_pa_8_8_15_46,8-8-15-46-3
barrio_pa_8_8_15_46_4,La Fe,poblado_pa_8_8_15_46,8-8-15-46-4
barrio_pa_8_8_15_46_5,Pedernal,poblado_pa_8_8_15_46,8-8-15-46-5
barrio_pa_8_8_15_46_6,Quebrada Ancha (P),poblado_pa_8_8_15_46,8-8-15-46-6
barrio_pa_8_8_15_46_7,El Roble,poblado_pa_8_8_15_46,8-8-15-46-7
barrio_pa_8_8_15_46_8,San Vicente,poblado_pa_8_8_15_46,8-8-15-46-8
barrio_pa_8_8_15_46_9,El Sitio,poblado_pa_8_8_15_46,8-8-15-46-9
barrio_pa_8_8_15_46_10,La Unión,poblado_pa_8_8_15_46,8-8-15-46-10
barrio_pa_8_8_15_46_11,Villa Nueva,poblado_pa_8_8_15_46,8-8-15-46-11
barrio_pa_8_8_15_46_12,Altos del Río,poblado_pa_8_8_15_46,8-8-15-46-12
barrio_pa_8_8_15_49_1,Agua Bendita,poblado_pa_8_8_15_49,8-8-15-49-1
barrio_pa_8_8_15_49_2,Alto de Jalisco,poblado_pa_8_8_15_49,8-8-15-49-2
barrio_pa_8_8_15_49_3,Buenos Aires,poblado_pa_8_8_15_49,8-8-15-49-3
barrio_pa_8_8_15_49_4,Chilibrillo,poblado_pa_8_8_15_49,8-8-15-49-4
barrio_pa_8_8_15_49_5,La Esperanza,poblado_pa_8_8_15_49,8-8-15-49-5
barrio_pa_8_8_15_49_6,Las Huacas (P),poblado_pa_8_8_15_49,8-8-15-49-6
barrio_pa_8_8_15_49_7,Las Palmitas,poblado_pa_8_8_15_49,8-8-15-49-7
barrio_pa_8_8_15_49_8,La Primavera,poblado_pa_8_8_15_49,8-8-15-49-8
barrio_pa_8_8_15_49_9,La Vaquita,poblado_pa_8_8_15_49,8-8-15-49-9
barrio_pa_8_8_15_49_10,Nuevo Progreso,poblado_pa_8_8_15_49,8-8-15-49-10
barrio_pa_8_8_15_49_11,Lucha Franco o Viento Franco,poblado_pa_8_8_15_49,8-8-15-49-11
barrio_pa_8_8_15_49_12,Villa Unida,poblado_pa_8_8_15_49,8-8-15-49-12
barrio_pa_8_8_15_49_13,Nuevo Chagres,poblado_pa_8_8_15_49,8-8-15-49-13
barrio_pa_8_8_15_49_14,Brisas del Chagres,poblado_pa_8_8_15_49,8-8-15-49-14
barrio_pa_8_8_15_49_15,Jesús de Nazareth,poblado_pa_8_8_15_49,8-8-15-49-15
barrio_pa_8_8_15_117_1,Praderas del Norte (P),poblado_pa_8_8_15_117,8-8-15-117-1
barrio_pa_8_8_15_122_1,Ciudad Atenas,poblado_pa_8_8_15_122,8-8-15-122-1
barrio_pa_8_8_16_9_1,Barriada las Cumbrecitas,poblado_pa_8_8_16_9,8-8-16-9-1
barrio_pa_8_8_16_9_2,Barriada las Lajas,poblado_pa_8_8_16_9,8-8-16-9-2
barrio_pa_8_8_16_9_3,Monte Fresco,poblado_pa_8_8_16_9,8-8-16-9-3
barrio_pa_8_8_16_9_4,Santa Bárbara,poblado_pa_8_8_16_9,8-8-16-9-4
barrio_pa_8_8_16_9_6,Brisas de las Cumbres,poblado_pa_8_8_16_9,8-8-16-9-6
barrio_pa_8_8_16_9_7,Cerro Pe?Ón,poblado_pa_8_8_16_9,8-8-16-9-7
barrio_pa_8_8_16_9_8,Chivo Chivo (P),poblado_pa_8_8_16_9,8-8-16-9-8
barrio_pa_8_8_16_9_10,El Pe?Ón,poblado_pa_8_8_16_9,8-8-16-9-10
barrio_pa_8_8_16_9_11,El Vallecito,poblado_pa_8_8_16_9,8-8-16-9-11
barrio_pa_8_8_16_9_15,Las Cumbres,poblado_pa_8_8_16_9,8-8-16-9-15
barrio_pa_8_8_16_9_17,Las Glorietas,poblado_pa_8_8_16_9,8-8-16-9-17
barrio_pa_8_8_16_9_18,Las Lajas,poblado_pa_8_8_16_9,8-8-16-9-18
barrio_pa_8_8_16_9_19,Lucha Franco Centro,poblado_pa_8_8_16_9,8-8-16-9-19
barrio_pa_8_8_16_9_20,Lucha Franco Norte,poblado_pa_8_8_16_9,8-8-16-9-20
barrio_pa_8_8_16_9_21,Lucha Franco Sur,poblado_pa_8_8_16_9,8-8-16-9-21
barrio_pa_8_8_16_9_22,Milla 9 (P),poblado_pa_8_8_16_9,8-8-16-9-22
barrio_pa_8_8_16_9_23,Nueva  Unión Veraguense,poblado_pa_8_8_16_9,8-8-16-9-23
barrio_pa_8_8_16_9_24,Nuevo Sitio el Carmen,poblado_pa_8_8_16_9,8-8-16-9-24
barrio_pa_8_8_16_9_25,Santa Librada Rural,poblado_pa_8_8_16_9,8-8-16-9-25
barrio_pa_8_8_16_9_28,Villa Cárdenas(P),poblado_pa_8_8_16_9,8-8-16-9-28
barrio_pa_8_8_16_9_29,Villa Grecia,poblado_pa_8_8_16_9,8-8-16-9-29
barrio_pa_8_8_16_9_30,Villa Zaíta (P),poblado_pa_8_8_16_9,8-8-16-9-30
barrio_pa_8_8_16_9_34,Alta Vista,poblado_pa_8_8_16_9,8-8-16-9-34
barrio_pa_8_8_16_9_36,Barriada 1 de Mayo,poblado_pa_8_8_16_9,8-8-16-9-36
barrio_pa_8_8_16_9_37,Barriada 12 de Julio,poblado_pa_8_8_16_9,8-8-16-9-37
barrio_pa_8_8_16_9_39,Colonial las Cumbres,poblado_pa_8_8_16_9,8-8-16-9-39
barrio_pa_8_8_16_9_41,La Esperanza,poblado_pa_8_8_16_9,8-8-16-9-41
barrio_pa_8_8_16_9_42,Las Cumbres Heights,poblado_pa_8_8_16_9,8-8-16-9-42
barrio_pa_8_8_16_9_45,Lucha Franco,poblado_pa_8_8_16_9,8-8-16-9-45
barrio_pa_8_8_16_9_46,Naos Altos de las Cumbres,poblado_pa_8_8_16_9,8-8-16-9-46
barrio_pa_8_8_16_9_51,San José,poblado_pa_8_8_16_9,8-8-16-9-51
barrio_pa_8_8_16_9_52,San Pablo,poblado_pa_8_8_16_9,8-8-16-9-52
barrio_pa_8_8_16_9_54,Urbanización  Brisas de San Pablo,poblado_pa_8_8_16_9,8-8-16-9-54
barrio_pa_8_8_16_9_56,Santa Mónica,poblado_pa_8_8_16_9,8-8-16-9-56
barrio_pa_8_8_16_9_57,Urbanización  San Andrés,poblado_pa_8_8_16_9,8-8-16-9-57
barrio_pa_8_8_16_9_58,Urbanización Villa Bella,poblado_pa_8_8_16_9,8-8-16-9-58
barrio_pa_8_8_16_9_59,Valle Verde,poblado_pa_8_8_16_9,8-8-16-9-59
barrio_pa_8_8_16_9_62,Villa Atenas,poblado_pa_8_8_16_9,8-8-16-9-62
barrio_pa_8_8_16_9_63,Villa de las Flores,poblado_pa_8_8_16_9,8-8-16-9-63
barrio_pa_8_8_16_9_66,Villa Malcone,poblado_pa_8_8_16_9,8-8-16-9-66
barrio_pa_8_8_16_9_67,Villa Nueva,poblado_pa_8_8_16_9,8-8-16-9-67
barrio_pa_8_8_16_9_71,El Tecal,poblado_pa_8_8_16_9,8-8-16-9-71
barrio_pa_8_8_16_9_72,Urbanización Colonia San José,poblado_pa_8_8_16_9,8-8-16-9-72
barrio_pa_8_8_16_9_73,Urbanización Villas del Lago,poblado_pa_8_8_16_9,8-8-16-9-73
barrio_pa_8_8_16_9_74,Patria Nueva,poblado_pa_8_8_16_9,8-8-16-9-74
barrio_pa_8_8_16_9_75,Altos del Milagro,poblado_pa_8_8_16_9,8-8-16-9-75
barrio_pa_8_8_16_9_76,Altos de la Esperanza,poblado_pa_8_8_16_9,8-8-16-9-76
barrio_pa_8_8_16_9_77,Villa Suira,poblado_pa_8_8_16_9,8-8-16-9-77
barrio_pa_8_8_16_9_78,Altos de San Pablo,poblado_pa_8_8_16_9,8-8-16-9-78
barrio_pa_8_8_16_9_79,Altos de Villa Grecia,poblado_pa_8_8_16_9,8-8-16-9-79
barrio_pa_8_8_16_9_81,Altos del Alfarero,poblado_pa_8_8_16_9,8-8-16-9-81
barrio_pa_8_8_16_9_82,Praderas del Norte (P),poblado_pa_8_8_16_9,8-8-16-9-82
barrio_pa_8_8_16_9_83,Summer Village,poblado_pa_8_8_16_9,8-8-16-9-83
barrio_pa_8_8_16_9_84,Cruce de Victoria,poblado_pa_8_8_16_9,8-8-16-9-84
barrio_pa_8_8_16_9_85,La Paz,poblado_pa_8_8_16_9,8-8-16-9-85
barrio_pa_8_8_16_9_86,Tierra de Canaán,poblado_pa_8_8_16_9,8-8-16-9-86
barrio_pa_8_8_17_6_1,Cabra No.1,poblado_pa_8_8_17_6,8-8-17-6-1
barrio_pa_8_8_17_29_1,Los Lotes,poblado_pa_8_8_17_29,8-8-17-29-1
barrio_pa_8_8_17_29_2,Castilla Real I,poblado_pa_8_8_17_29,8-8-17-29-2
barrio_pa_8_8_17_29_3,Castilla Real Ii,poblado_pa_8_8_17_29,8-8-17-29-3
barrio_pa_8_8_17_29_4,Residencial Colinas del Este,poblado_pa_8_8_17_29,8-8-17-29-4
barrio_pa_8_8_17_29_5,Castilla Real Iv,poblado_pa_8_8_17_29,8-8-17-29-5
barrio_pa_8_8_17_35_2,Entrada A Pacora,poblado_pa_8_8_17_35,8-8-17-35-2
barrio_pa_8_8_17_35_3,Inmaculada Concepción,poblado_pa_8_8_17_35,8-8-17-35-3
barrio_pa_8_8_17_35_4,Los Ángeles,poblado_pa_8_8_17_35,8-8-17-35-4
barrio_pa_8_8_17_35_5,Pacora,poblado_pa_8_8_17_35,8-8-17-35-5
barrio_pa_8_8_17_35_6,Juventud Rosales,poblado_pa_8_8_17_35,8-8-17-35-6
barrio_pa_8_8_17_35_7,Las Colinas de Pacora,poblado_pa_8_8_17_35,8-8-17-35-7
barrio_pa_8_8_17_35_8,Ángel Guardián,poblado_pa_8_8_17_35,8-8-17-35-8
barrio_pa_8_8_17_35_10,Villas Pacora River,poblado_pa_8_8_17_35,8-8-17-35-10
barrio_pa_8_8_17_72_1,Barriada Arnulfo Arias Madrid,poblado_pa_8_8_17_72,8-8-17-72-1
barrio_pa_8_8_17_74_1,Barriada Caminos de Omar,poblado_pa_8_8_17_74,8-8-17-74-1
barrio_pa_8_8_17_85_1,Residencial los Portales,poblado_pa_8_8_17_85,8-8-17-85-1
barrio_pa_8_8_17_87_1,Barriada San Juan,poblado_pa_8_8_17_87,8-8-17-87-1
barrio_pa_8_8_17_87_2,Ciudad Parque de San Juan,poblado_pa_8_8_17_87,8-8-17-87-2
barrio_pa_8_8_17_87_3,Las Coronas de San Juan,poblado_pa_8_8_17_87,8-8-17-87-3
barrio_pa_8_8_17_89_1,Residencial Santa Isabel,poblado_pa_8_8_17_89,8-8-17-89-1
barrio_pa_8_8_17_89_2,Mirador del Bosque,poblado_pa_8_8_17_89,8-8-17-89-2
barrio_pa_8_8_17_89_3,Brisas del Mirador I,poblado_pa_8_8_17_89,8-8-17-89-3
barrio_pa_8_8_17_89_4,Altos de Azul,poblado_pa_8_8_17_89,8-8-17-89-4
barrio_pa_8_8_17_89_5,Brisas del Mirador Ii,poblado_pa_8_8_17_89,8-8-17-89-5
barrio_pa_8_8_17_89_6,Brisas del Mirador Iii,poblado_pa_8_8_17_89,8-8-17-89-6
barrio_pa_8_8_17_89_7,Brisas del Mirador Deluxe I,poblado_pa_8_8_17_89,8-8-17-89-7
barrio_pa_8_8_17_89_8,Brisas del Mirador Deluxe Ii,poblado_pa_8_8_17_89,8-8-17-89-8
barrio_pa_8_8_17_98_1,Residencial el Trébol,poblado_pa_8_8_17_98,8-8-17-98-1
barrio_pa_8_8_17_98_2,El Trébol No.1,poblado_pa_8_8_17_98,8-8-17-98-2
barrio_pa_8_8_17_98_3,El Trébol No.2,poblado_pa_8_8_17_98,8-8-17-98-3
barrio_pa_8_8_17_99_1,Residencial los Jardines,poblado_pa_8_8_17_99,8-8-17-99-1
barrio_pa_8_8_17_99_2,Residencial los Jardines Ii,poblado_pa_8_8_17_99,8-8-17-99-2
barrio_pa_8_8_17_99_3,Residencial los Jardines Iii,poblado_pa_8_8_17_99,8-8-17-99-3
barrio_pa_8_8_17_100_1,Residencial Santa Rita,poblado_pa_8_8_17_100,8-8-17-100-1
barrio_pa_8_8_17_100_2,Villas de Santa Rita,poblado_pa_8_8_17_100,8-8-17-100-2
barrio_pa_8_8_17_100_3,Residencial Santa Rita Ii,poblado_pa_8_8_17_100,8-8-17-100-3
barrio_pa_8_8_17_100_4,Residencial Santa Sofía,poblado_pa_8_8_17_100,8-8-17-100-4
barrio_pa_8_8_17_100_5,Urbanización Altos de Santa Rita,poblado_pa_8_8_17_100,8-8-17-100-5
barrio_pa_8_8_17_101_1,Urbanización Alto de Colinas Campestres,poblado_pa_8_8_17_101,8-8-17-101-1
barrio_pa_8_8_17_102_1,Urbanización Santa Clara,poblado_pa_8_8_17_102,8-8-17-102-1
barrio_pa_8_8_17_103_1,Urbanización Condado Real,poblado_pa_8_8_17_103,8-8-17-103-1
barrio_pa_8_8_17_110_1,Puertas de Capela,poblado_pa_8_8_17_110,8-8-17-110-1
barrio_pa_8_8_17_110_2,Puertas de Compostela,poblado_pa_8_8_17_110,8-8-17-110-2
barrio_pa_8_8_17_110_3,Puertas de Villalba,poblado_pa_8_8_17_110,8-8-17-110-3
barrio_pa_8_8_17_110_4,Pontevedra,poblado_pa_8_8_17_110,8-8-17-110-4
barrio_pa_8_8_19_1_1,Ciudad Belén,poblado_pa_8_8_19_1,8-8-19-1-1
barrio_pa_8_8_19_1_2,Barriada Jorge Illueca,poblado_pa_8_8_19_1,8-8-19-1-2
barrio_pa_8_8_19_1_3,Nuevo Belén,poblado_pa_8_8_19_1,8-8-19-1-3
barrio_pa_8_8_19_1_4,Barriada el Triunfador,poblado_pa_8_8_19_1,8-8-19-1-4
barrio_pa_8_8_19_1_5,Barriada Santa Eduviges,poblado_pa_8_8_19_1,8-8-19-1-5
barrio_pa_8_8_19_1_6,Barriada Santa Teresita,poblado_pa_8_8_19_1,8-8-19-1-6
barrio_pa_8_8_19_1_7,Belén,poblado_pa_8_8_19_1,8-8-19-1-7
barrio_pa_8_8_19_1_8,Villa Belén,poblado_pa_8_8_19_1,8-8-19-1-8
barrio_pa_8_8_19_1_9,Barriada Punta del Este,poblado_pa_8_8_19_1,8-8-19-1-9
barrio_pa_8_8_19_1_10,Urbanización Torre Molinos,poblado_pa_8_8_19_1,8-8-19-1-10
barrio_pa_8_8_19_1_11,Barriada Puerta del Este,poblado_pa_8_8_19_1,8-8-19-1-11
barrio_pa_8_8_19_1_12,Villas de Santa Bárbara,poblado_pa_8_8_19_1,8-8-19-1-12
barrio_pa_8_8_19_11_1,Altos del Lago o Ceremi,poblado_pa_8_8_19_11,8-8-19-11-1
barrio_pa_8_8_19_11_2,Brisas del Río,poblado_pa_8_8_19_11,8-8-19-11-2
barrio_pa_8_8_19_11_3,Cabuya,poblado_pa_8_8_19_11,8-8-19-11-3
barrio_pa_8_8_19_11_4,16 de Diciembre,poblado_pa_8_8_19_11,8-8-19-11-4
barrio_pa_8_8_19_11_5,El Progreso,poblado_pa_8_8_19_11,8-8-19-11-5
barrio_pa_8_8_19_11_6,Barriada Emanuel,poblado_pa_8_8_19_11,8-8-19-11-6
barrio_pa_8_8_19_11_7,La Siesta,poblado_pa_8_8_19_11,8-8-19-11-7
barrio_pa_8_8_19_11_8,Nueva Barriada,poblado_pa_8_8_19_11,8-8-19-11-8
barrio_pa_8_8_19_11_9,Nueva Esperanza,poblado_pa_8_8_19_11,8-8-19-11-9
barrio_pa_8_8_19_11_10,San Antonio,poblado_pa_8_8_19_11,8-8-19-11-10
barrio_pa_8_8_19_11_11,Santa Elena,poblado_pa_8_8_19_11,8-8-19-11-11
barrio_pa_8_8_19_11_12,Tocumen Sector Sur,poblado_pa_8_8_19_11,8-8-19-11-12
barrio_pa_8_8_19_11_13,Villa Lochín,poblado_pa_8_8_19_11,8-8-19-11-13
barrio_pa_8_8_19_11_14,Victoriano Lorenzo,poblado_pa_8_8_19_11,8-8-19-11-14
barrio_pa_8_8_19_11_15,Altos de Villa Marta,poblado_pa_8_8_19_11,8-8-19-11-15
barrio_pa_8_8_19_11_16,Altos del Tocumen Iii,poblado_pa_8_8_19_11,8-8-19-11-16
barrio_pa_8_8_19_11_17,La Alborada,poblado_pa_8_8_19_11,8-8-19-11-17
barrio_pa_8_8_19_11_18,Barriada Altos de Tocumen,poblado_pa_8_8_19_11,8-8-19-11-18
barrio_pa_8_8_19_11_19,La Candelaria,poblado_pa_8_8_19_11,8-8-19-11-19
barrio_pa_8_8_19_11_21,Los Pilones,poblado_pa_8_8_19_11,8-8-19-11-21
barrio_pa_8_8_19_11_22,Pantanal,poblado_pa_8_8_19_11,8-8-19-11-22
barrio_pa_8_8_19_11_23,Urbanización Villa Marta,poblado_pa_8_8_19_11,8-8-19-11-23
barrio_pa_8_8_19_11_24,Dos Ríos,poblado_pa_8_8_19_11,8-8-19-11-24
barrio_pa_8_8_19_11_25,Residencial el Lago,poblado_pa_8_8_19_11,8-8-19-11-25
barrio_pa_8_8_19_11_26,Urbanización la Siesta,poblado_pa_8_8_19_11,8-8-19-11-26
barrio_pa_8_8_19_11_27,Barriada Buena Vista,poblado_pa_8_8_19_11,8-8-19-11-27
barrio_pa_8_8_19_11_28,Villa de la Siesta,poblado_pa_8_8_19_11,8-8-19-11-28
barrio_pa_8_8_19_11_29,Tocumen,poblado_pa_8_8_19_11,8-8-19-11-29
barrio_pa_8_8_19_11_30,Hacienda Santa Fe,poblado_pa_8_8_19_11,8-8-19-11-30
barrio_pa_8_8_19_11_31,Parque de Santa Lucía,poblado_pa_8_8_19_11,8-8-19-11-31
barrio_pa_8_8_19_11_32,Barriada Brisas del Lago,poblado_pa_8_8_19_11,8-8-19-11-32
barrio_pa_8_8_19_11_33,Altos del Este,poblado_pa_8_8_19_11,8-8-19-11-33
barrio_pa_8_8_19_11_34,Reserva Santa Fe,poblado_pa_8_8_19_11,8-8-19-11-34
barrio_pa_8_8_20_2_1,Ciudad Jardín las Ma?Anitas,poblado_pa_8_8_20_2,8-8-20-2-1
barrio_pa_8_8_20_2_2,Las Ma?Anitas,poblado_pa_8_8_20_2,8-8-20-2-2
barrio_pa_8_8_20_2_3,Asentamientos Campesinos,poblado_pa_8_8_20_2,8-8-20-2-3
barrio_pa_8_8_20_2_4,Barriada Villa Oti,poblado_pa_8_8_20_2,8-8-20-2-4
barrio_pa_8_8_20_2_5,Barriada Nuevo Amanecer,poblado_pa_8_8_20_2,8-8-20-2-5
barrio_pa_8_8_20_2_6,El Valle de la Primavera,poblado_pa_8_8_20_2,8-8-20-2-6
barrio_pa_8_8_20_2_7,La Esperanza,poblado_pa_8_8_20_2,8-8-20-2-7
barrio_pa_8_8_20_2_8,La Primavera,poblado_pa_8_8_20_2,8-8-20-2-8
barrio_pa_8_8_20_2_9,Monte Martínez No.1,poblado_pa_8_8_20_2,8-8-20-2-9
barrio_pa_8_8_20_2_10,Monte Martínez No.2,poblado_pa_8_8_20_2,8-8-20-2-10
barrio_pa_8_8_20_2_11,San José,poblado_pa_8_8_20_2,8-8-20-2-11
barrio_pa_8_8_20_2_12,San Lorenzo,poblado_pa_8_8_20_2,8-8-20-2-12
barrio_pa_8_8_20_2_13,Sector Norte,poblado_pa_8_8_20_2,8-8-20-2-13
barrio_pa_8_8_20_2_14,Villa Nazareno,poblado_pa_8_8_20_2,8-8-20-2-14
barrio_pa_8_8_20_2_15,3 de Mayo,poblado_pa_8_8_20_2,8-8-20-2-15
barrio_pa_8_8_20_2_16,Divino Ni?O,poblado_pa_8_8_20_2,8-8-20-2-16
barrio_pa_8_8_20_2_17,La Unión,poblado_pa_8_8_20_2,8-8-20-2-17
barrio_pa_8_8_20_2_18,8 de Septiembre,poblado_pa_8_8_20_2,8-8-20-2-18
barrio_pa_8_8_20_2_19,Jardines del Este,poblado_pa_8_8_20_2,8-8-20-2-19
barrio_pa_8_8_20_3_1,Barriada Génesis,poblado_pa_8_8_20_3,8-8-20-3-1
barrio_pa_8_8_20_3_2,Barriada Villa de Amor,poblado_pa_8_8_20_3,8-8-20-3-2
barrio_pa_8_8_20_3_3,Barriada 16 de Julio,poblado_pa_8_8_20_3,8-8-20-3-3
barrio_pa_8_8_20_3_4,Altos de Génesis,poblado_pa_8_8_20_3,8-8-20-3-4
barrio_pa_8_8_20_4_1,Residencial las Américas,poblado_pa_8_8_20_4,8-8-20-4-1
barrio_pa_8_8_20_6_1,Barriada los Nogales,poblado_pa_8_8_20_6,8-8-20-6-1
barrio_pa_8_8_20_6_2,Parque de Alicante,poblado_pa_8_8_20_6,8-8-20-6-2
barrio_pa_8_8_20_6_3,Barriada los Nogales Ii,poblado_pa_8_8_20_6,8-8-20-6-3
barrio_pa_8_8_20_7_1,Urbanización Parque Real,poblado_pa_8_8_20_7,8-8-20-7-1
barrio_pa_8_8_20_10_1,Barriada Santa Mónica,poblado_pa_8_8_20_10,8-8-20-10-1
barrio_pa_8_8_20_12_1,Barriada Tapia,poblado_pa_8_8_20_12,8-8-20-12-1
barrio_pa_8_8_20_12_2,Villa Daniela,poblado_pa_8_8_20_12,8-8-20-12-2
barrio_pa_8_8_21_4_1,Alto de Cabuya o Cabuyita,poblado_pa_8_8_21_4,8-8-21-4-1
barrio_pa_8_8_21_4_2,El Valle de Cerro Azul,poblado_pa_8_8_21_4,8-8-21-4-2
barrio_pa_8_8_21_6_1,Felipillo,poblado_pa_8_8_21_6,8-8-21-6-1
barrio_pa_8_8_21_6_2,Los Llanos,poblado_pa_8_8_21_6,8-8-21-6-2
barrio_pa_8_8_21_7_1,Monte Rico,poblado_pa_8_8_21_7,8-8-21-7-1
barrio_pa_8_8_21_7_2,Urbanización los Duraznos,poblado_pa_8_8_21_7,8-8-21-7-2
barrio_pa_8_8_21_7_3,Vista de Valle Azul,poblado_pa_8_8_21_7,8-8-21-7-3
barrio_pa_8_8_21_8_1,Nueva Esperanza,poblado_pa_8_8_21_8,8-8-21-8-1
barrio_pa_8_8_21_8_2,Sector el Bajo,poblado_pa_8_8_21_8,8-8-21-8-2
barrio_pa_8_8_21_8_3,Nuevo Progreso,poblado_pa_8_8_21_8,8-8-21-8-3
barrio_pa_8_8_21_9_1,Urbanización Nuevo Tocumen,poblado_pa_8_8_21_9,8-8-21-9-1
barrio_pa_8_8_21_9_2,Los Cántaros,poblado_pa_8_8_21_9,8-8-21-9-2
barrio_pa_8_8_21_9_3,Altos del Ángel,poblado_pa_8_8_21_9,8-8-21-9-3
barrio_pa_8_8_21_12_1,Barriada Rubén Dario Paredes,poblado_pa_8_8_21_12,8-8-21-12-1
barrio_pa_8_8_21_12_2,Barriada Rubén Dario Paredes No.1,poblado_pa_8_8_21_12,8-8-21-12-2
barrio_pa_8_8_21_13_1,Vista Hermosa,poblado_pa_8_8_21_13,8-8-21-13-1
barrio_pa_8_8_21_13_2,Urbanización Villa Aurora,poblado_pa_8_8_21_13,8-8-21-13-2
barrio_pa_8_8_21_13_3,Villas de Altamira,poblado_pa_8_8_21_13,8-8-21-13-3
barrio_pa_8_8_21_14_1,Barriada 24 de Diciembre,poblado_pa_8_8_21_14,8-8-21-14-1
barrio_pa_8_8_21_14_2,Ciudad de Dios,poblado_pa_8_8_21_14,8-8-21-14-2
barrio_pa_8_8_21_21_1,Ph Monte Bello,poblado_pa_8_8_21_21,8-8-21-21-1
barrio_pa_8_8_21_21_2,Residencial Palo Alto,poblado_pa_8_8_21_21,8-8-21-21-2
barrio_pa_8_8_21_21_3,Residencial Verona,poblado_pa_8_8_21_21,8-8-21-21-3
barrio_pa_8_8_21_21_4,Ph Vallejo,poblado_pa_8_8_21_21,8-8-21-21-4
barrio_pa_8_8_22_1_1,Alcalde Díaz,poblado_pa_8_8_22_1,8-8-22-1-1
barrio_pa_8_8_22_1_2,Barriada la Providencia,poblado_pa_8_8_22_1,8-8-22-1-2
barrio_pa_8_8_22_1_3,Barriada Monterrey,poblado_pa_8_8_22_1,8-8-22-1-3
barrio_pa_8_8_22_1_4,Las Malvinas,poblado_pa_8_8_22_1,8-8-22-1-4
barrio_pa_8_8_22_1_5,Monje,poblado_pa_8_8_22_1,8-8-22-1-5
barrio_pa_8_8_22_1_6,Urbanización Ciudad Bolívar,poblado_pa_8_8_22_1,8-8-22-1-6
barrio_pa_8_8_22_1_7,Barriada 11 de Octubre,poblado_pa_8_8_22_1,8-8-22-1-7
barrio_pa_8_8_22_1_8,Proyecto K,poblado_pa_8_8_22_1,8-8-22-1-8
barrio_pa_8_8_22_1_9,Quebrada  Ancha (P),poblado_pa_8_8_22_1,8-8-22-1-9
barrio_pa_8_8_22_1_10,Villa las Cumbres,poblado_pa_8_8_22_1,8-8-22-1-10
barrio_pa_8_8_22_1_11,Villa Victoria,poblado_pa_8_8_22_1,8-8-22-1-11
barrio_pa_8_8_22_1_12,Barriada Villa Bolivariana,poblado_pa_8_8_22_1,8-8-22-1-12
barrio_pa_8_8_22_1_13,8 de Febrero,poblado_pa_8_8_22_1,8-8-22-1-13
barrio_pa_8_8_22_1_14,La Prosperidad,poblado_pa_8_8_22_1,8-8-22-1-14
barrio_pa_8_8_22_4_1,La Cabima,poblado_pa_8_8_22_4,8-8-22-4-1
barrio_pa_8_8_22_4_2,María Henríquez,poblado_pa_8_8_22_4,8-8-22-4-2
barrio_pa_8_8_22_4_3,Altos de la Calzada,poblado_pa_8_8_22_4,8-8-22-4-3
barrio_pa_8_8_22_4_4,Hato Azul,poblado_pa_8_8_22_4,8-8-22-4-4
barrio_pa_8_8_22_4_5,Las Cumbres del Este,poblado_pa_8_8_22_4,8-8-22-4-5
barrio_pa_8_8_22_4_6,Las Cumbres del Este No.2,poblado_pa_8_8_22_4,8-8-22-4-6
barrio_pa_8_8_22_4_7,Paso de las Camelias,poblado_pa_8_8_22_4,8-8-22-4-7
barrio_pa_8_8_22_4_8,Urbanización Santa Teresa,poblado_pa_8_8_22_4,8-8-22-4-8
barrio_pa_8_8_22_4_9,Villa Acuario,poblado_pa_8_8_22_4,8-8-22-4-9
barrio_pa_8_8_22_4_10,Colinas de las Cumbres,poblado_pa_8_8_22_4,8-8-22-4-10
barrio_pa_8_8_22_4_11,La  Alameda,poblado_pa_8_8_22_4,8-8-22-4-11
barrio_pa_8_8_22_6_1,Residencial Monserrat,poblado_pa_8_8_22_6,8-8-22-6-1
barrio_pa_8_8_22_6_2,Villa Flora,poblado_pa_8_8_22_6,8-8-22-6-2
barrio_pa_8_8_22_6_3,Los Verdes (P),poblado_pa_8_8_22_6,8-8-22-6-3
barrio_pa_8_8_22_8_1,San Francisco de Padua o el Chungal,poblado_pa_8_8_22_8,8-8-22-8-1
barrio_pa_8_8_22_8_2,Barriada María Luisa,poblado_pa_8_8_22_8,8-8-22-8-2
barrio_pa_8_8_22_8_3,Palmeras de San Lorenzo,poblado_pa_8_8_22_8,8-8-22-8-3
barrio_pa_8_8_22_8_4,Brisas del Chungal,poblado_pa_8_8_22_8,8-8-22-8-4
barrio_pa_8_8_22_8_5,Ciudad 22,poblado_pa_8_8_22_8,8-8-22-8-5
barrio_pa_8_8_22_8_6,Valparaiso,poblado_pa_8_8_22_8,8-8-22-8-6
barrio_pa_8_8_22_8_7,La Tormenta,poblado_pa_8_8_22_8,8-8-22-8-7
barrio_pa_8_8_22_12_1,Colinas del Lago (P),poblado_pa_8_8_22_12,8-8-22-12-1
barrio_pa_8_8_22_12_2,Cumbres del Norte,poblado_pa_8_8_22_12,8-8-22-12-2
barrio_pa_8_8_22_12_3,Ph Cumbres del Lago,poblado_pa_8_8_22_12,8-8-22-12-3
barrio_pa_8_8_23_2_1,Altos del Lirio,poblado_pa_8_8_23_2,8-8-23-2-1
barrio_pa_8_8_23_2_2,Barriada Suntracs,poblado_pa_8_8_23_2,8-8-23-2-2
barrio_pa_8_8_23_2_3,Channel,poblado_pa_8_8_23_2,8-8-23-2-3
barrio_pa_8_8_23_2_4,Edgardo Vernaza,poblado_pa_8_8_23_2,8-8-23-2-4
barrio_pa_8_8_23_2_5,El Colmenar,poblado_pa_8_8_23_2,8-8-23-2-5
barrio_pa_8_8_23_2_6,La Primavera,poblado_pa_8_8_23_2,8-8-23-2-6
barrio_pa_8_8_23_2_7,Nueva Libia,poblado_pa_8_8_23_2,8-8-23-2-7
barrio_pa_8_8_23_2_8,Nuevo Gonzalillo,poblado_pa_8_8_23_2,8-8-23-2-8
barrio_pa_8_8_23_2_9,Nuevo Progreso,poblado_pa_8_8_23_2,8-8-23-2-9
barrio_pa_8_8_23_2_10,Villa María,poblado_pa_8_8_23_2,8-8-23-2-10
barrio_pa_8_8_23_2_11,Villa Milagros,poblado_pa_8_8_23_2,8-8-23-2-11
barrio_pa_8_8_23_2_12,El Progreso,poblado_pa_8_8_23_2,8-8-23-2-12
barrio_pa_8_8_23_2_13,Tierra Prometida,poblado_pa_8_8_23_2,8-8-23-2-13
barrio_pa_8_8_23_2_14,Nueva Esperanza,poblado_pa_8_8_23_2,8-8-23-2-14
barrio_pa_8_8_23_4_1,Gonzalillo,poblado_pa_8_8_23_4,8-8-23-4-1
barrio_pa_8_8_23_5_1,Barriada Santa Librada (P),poblado_pa_8_8_23_5,8-8-23-5-1
barrio_pa_8_8_23_5_2,Los Cipreses,poblado_pa_8_8_23_5,8-8-23-5-2
barrio_pa_8_8_23_5_3,Altos de la Rotonda,poblado_pa_8_8_23_5,8-8-23-5-3
barrio_pa_8_8_23_5_4,Colinas del Rocío,poblado_pa_8_8_23_5,8-8-23-5-4
barrio_pa_8_8_23_5_5,Las Cumbres Rural,poblado_pa_8_8_23_5,8-8-23-5-5
barrio_pa_8_8_23_5_6,Milla 9 (P),poblado_pa_8_8_23_5,8-8-23-5-6
barrio_pa_8_8_23_5_8,Villa Campestre,poblado_pa_8_8_23_5,8-8-23-5-8
barrio_pa_8_8_23_5_9,Villa Zaíta (P),poblado_pa_8_8_23_5,8-8-23-5-9
barrio_pa_8_8_23_5_10,Villa Zaíta o Sitio Pedro Goitia,poblado_pa_8_8_23_5,8-8-23-5-10
barrio_pa_8_8_23_5_11,Altos de las Cumbres,poblado_pa_8_8_23_5,8-8-23-5-11
barrio_pa_8_8_23_5_12,Altos de las Lomas,poblado_pa_8_8_23_5,8-8-23-5-12
barrio_pa_8_8_23_5_13,Reparto Venetto,poblado_pa_8_8_23_5,8-8-23-5-13
barrio_pa_8_8_23_5_14,Ciudad San Lorenzo,poblado_pa_8_8_23_5,8-8-23-5-14
barrio_pa_8_8_23_5_15,Las Praderas del Rocío,poblado_pa_8_8_23_5,8-8-23-5-15
barrio_pa_8_8_23_5_16,Los Verdes (P),poblado_pa_8_8_23_5,8-8-23-5-16
barrio_pa_8_8_23_5_17,Residencial Portofino,poblado_pa_8_8_23_5,8-8-23-5-17
barrio_pa_8_8_23_5_18,Residencial Alambra,poblado_pa_8_8_23_5,8-8-23-5-18
barrio_pa_8_8_23_5_19,Residencial Altos de la Rotonda,poblado_pa_8_8_23_5,8-8-23-5-19
barrio_pa_8_8_23_5_20,Santa Rita,poblado_pa_8_8_23_5,8-8-23-5-20
barrio_pa_8_8_23_5_21,Villa Alpina,poblado_pa_8_8_23_5,8-8-23-5-21
barrio_pa_8_8_23_5_22,Villa Alpina Final,poblado_pa_8_8_23_5,8-8-23-5-22
barrio_pa_8_8_23_5_23,Urbanización Posada del Roble,poblado_pa_8_8_23_5,8-8-23-5-23
barrio_pa_8_8_23_5_24,Residencial Palmas de Mallorca,poblado_pa_8_8_23_5,8-8-23-5-24
barrio_pa_8_8_23_5_25,Urbanización Louis Martinz,poblado_pa_8_8_23_5,8-8-23-5-25
barrio_pa_8_8_23_5_26,Urbanización Princesa de Gales,poblado_pa_8_8_23_5,8-8-23-5-26
barrio_pa_8_8_23_5_27,El Rocío,poblado_pa_8_8_23_5,8-8-23-5-27
barrio_pa_8_8_23_5_28,Villas del Rocío,poblado_pa_8_8_23_5,8-8-23-5-28
barrio_pa_8_8_23_5_29,Fontainbleu,poblado_pa_8_8_23_5,8-8-23-5-29
barrio_pa_8_8_23_5_31,Villas del Prado,poblado_pa_8_8_23_5,8-8-23-5-31
barrio_pa_8_8_23_5_32,Residencial Villa Serena,poblado_pa_8_8_23_5,8-8-23-5-32
barrio_pa_8_8_23_5_33,Altos de Villa Zaíta,poblado_pa_8_8_23_5,8-8-23-5-33
barrio_pa_8_8_23_5_34,San Marino,poblado_pa_8_8_23_5,8-8-23-5-34
barrio_pa_8_8_23_5_35,Residencial Palmas Bellas,poblado_pa_8_8_23_5,8-8-23-5-35
barrio_pa_8_8_23_5_36,Casa Real,poblado_pa_8_8_23_5,8-8-23-5-36
barrio_pa_8_8_23_5_37,Urbanización Jardines de Sevilla,poblado_pa_8_8_23_5,8-8-23-5-37
barrio_pa_8_8_23_5_38,Vistas del Rocío,poblado_pa_8_8_23_5,8-8-23-5-38
barrio_pa_8_8_23_5_39,La  Alegría,poblado_pa_8_8_23_5,8-8-23-5-39
barrio_pa_8_8_23_5_40,Quintas Reales,poblado_pa_8_8_23_5,8-8-23-5-40
barrio_pa_8_8_23_5_42,Plaza del Rocio,poblado_pa_8_8_23_5,8-8-23-5-42
barrio_pa_8_8_23_5_43,Residencial la Reserva,poblado_pa_8_8_23_5,8-8-23-5-43
barrio_pa_8_8_23_5_44,Ph Emerald Village,poblado_pa_8_8_23_5,8-8-23-5-44
barrio_pa_8_8_23_5_45,Barriada Quintas Reales,poblado_pa_8_8_23_5,8-8-23-5-45
barrio_pa_8_8_23_5_46,Barriada Villa Magna,poblado_pa_8_8_23_5,8-8-23-5-46
barrio_pa_8_8_23_5_47,Residencial los Laureles,poblado_pa_8_8_23_5,8-8-23-5-47
barrio_pa_8_8_23_5_48,Residencial Villa Florence,poblado_pa_8_8_23_5,8-8-23-5-48
barrio_pa_8_8_23_5_49,Residencial Villa Miramar,poblado_pa_8_8_23_5,8-8-23-5-49
barrio_pa_8_8_23_5_50,Residencial Plaza Valencia,poblado_pa_8_8_23_5,8-8-23-5-50
barrio_pa_8_8_23_5_51,Reparto Portofino,poblado_pa_8_8_23_5,8-8-23-5-51
barrio_pa_8_8_23_7_1,Mirador del Lago,poblado_pa_8_8_23_7,8-8-23-7-1
barrio_pa_8_8_23_7_2,Quintas del Lago,poblado_pa_8_8_23_7,8-8-23-7-2
barrio_pa_8_8_23_7_3,Valles del Lago,poblado_pa_8_8_23_7,8-8-23-7-3
barrio_pa_8_8_23_7_4,Brisas del Lago,poblado_pa_8_8_23_7,8-8-23-7-4
barrio_pa_8_8_23_7_6,Lagos del Norte,poblado_pa_8_8_23_7,8-8-23-7-6
barrio_pa_8_8_23_7_7,Vistas del Lago,poblado_pa_8_8_23_7,8-8-23-7-7
barrio_pa_8_8_23_8_1,Everest,poblado_pa_8_8_23_8,8-8-23-8-1
barrio_pa_8_8_23_8_2,Alpes Norte,poblado_pa_8_8_23_8,8-8-23-8-2
barrio_pa_8_8_23_8_3,Augusta,poblado_pa_8_8_23_8,8-8-23-8-3
barrio_pa_8_8_23_8_4,Victoria,poblado_pa_8_8_23_8,8-8-23-8-4
barrio_pa_8_8_23_8_5,Sierra Nevada,poblado_pa_8_8_23_8,8-8-23-8-5
barrio_pa_8_8_23_8_6,Olympus,poblado_pa_8_8_23_8,8-8-23-8-6
barrio_pa_8_8_23_8_7,Mont Blanc,poblado_pa_8_8_23_8,8-8-23-8-7
barrio_pa_8_8_23_9_1,Aventura,poblado_pa_8_8_23_9,8-8-23-9-1
barrio_pa_8_8_23_9_2,Vallarta,poblado_pa_8_8_23_9,8-8-23-9-2
barrio_pa_8_8_24_13_1,Barriada los Pinos,poblado_pa_8_8_24_13,8-8-24-13-1
barrio_pa_8_8_24_13_2,Caimitillo,poblado_pa_8_8_24_13,8-8-24-13-2
barrio_pa_8_8_24_13_3,Caimitillo Centro,poblado_pa_8_8_24_13,8-8-24-13-3
barrio_pa_8_8_24_13_4,El Laguito,poblado_pa_8_8_24_13,8-8-24-13-4
barrio_pa_8_8_24_13_5,Guarumal,poblado_pa_8_8_24_13,8-8-24-13-5
barrio_pa_8_8_24_13_6,Nuevo Jerusalén,poblado_pa_8_8_24_13,8-8-24-13-6
barrio_pa_8_8_24_13_7,Nuevo México No.1,poblado_pa_8_8_24_13,8-8-24-13-7
barrio_pa_8_8_24_13_8,Nuevo México No.2,poblado_pa_8_8_24_13,8-8-24-13-8
barrio_pa_8_8_24_13_9,San Antonio,poblado_pa_8_8_24_13,8-8-24-13-9
barrio_pa_8_8_24_13_10,Villa Ecológica,poblado_pa_8_8_24_13,8-8-24-13-10
barrio_pa_8_8_24_13_11,Los Bendecidos,poblado_pa_8_8_24_13,8-8-24-13-11
barrio_pa_8_8_24_19_1,Ciudad el Amanecer,poblado_pa_8_8_24_19,8-8-24-19-1
barrio_pa_8_8_24_19_2,Altos de las Cumbres,poblado_pa_8_8_24_19,8-8-24-19-2
barrio_pa_8_8_24_35_1,Las Praderas de San Lorenzo,poblado_pa_8_8_24_35,8-8-24-35-1
barrio_pa_8_8_24_60_1,Urbanización San Lorenzo,poblado_pa_8_8_24_60,8-8-24-60-1
barrio_pa_8_8_24_64_1,Cumbre Azul,poblado_pa_8_8_24_64,8-8-24-64-1
barrio_pa_8_8_24_64_2,Villas de Cumbre Azul,poblado_pa_8_8_24_64,8-8-24-64-2
barrio_pa_8_8_25_1_1,Barriada Arnulfo Escalona,poblado_pa_8_8_25_1,8-8-25-1-1
barrio_pa_8_8_25_1_2,Barriada Brisas del Río,poblado_pa_8_8_25_1,8-8-25-1-2
barrio_pa_8_8_25_1_3,Barriada el Nazareno,poblado_pa_8_8_25_1,8-8-25-1-3
barrio_pa_8_8_25_1_4,Barriada Hugo Espadafora,poblado_pa_8_8_25_1,8-8-25-1-4
barrio_pa_8_8_25_1_5,Barriada la Virgen de la Candelaria,poblado_pa_8_8_25_1,8-8-25-1-5
barrio_pa_8_8_25_1_6,Barriada Mireya,poblado_pa_8_8_25_1,8-8-25-1-6
barrio_pa_8_8_25_1_7,Barriada 4 de Noviembre,poblado_pa_8_8_25_1,8-8-25-1-7
barrio_pa_8_8_25_1_8,Barriada 8 de Diciembre,poblado_pa_8_8_25_1,8-8-25-1-8
barrio_pa_8_8_25_1_9,Barriada Balbina,poblado_pa_8_8_25_1,8-8-25-1-9
barrio_pa_8_8_25_1_10,Urbanización las Garzas,poblado_pa_8_8_25_1,8-8-25-1-10
barrio_pa_8_8_25_1_11,Urbanización las Garzas No.2,poblado_pa_8_8_25_1,8-8-25-1-11
barrio_pa_8_8_25_1_12,Brisas de Israel,poblado_pa_8_8_25_1,8-8-25-1-12
barrio_pa_8_8_25_1_13,Ciudad de Dios,poblado_pa_8_8_25_1,8-8-25-1-13
barrio_pa_8_8_25_1_14,Nuevo Renacimiento,poblado_pa_8_8_25_1,8-8-25-1-14
barrio_pa_8_8_25_1_15,Pacora Gardens,poblado_pa_8_8_25_1,8-8-25-1-15
barrio_pa_8_8_25_1_16,Villa Esther,poblado_pa_8_8_25_1,8-8-25-1-16
barrio_pa_8_8_25_8_1,Las Garzas,poblado_pa_8_8_25_8,8-8-25-8-1
barrio_pa_8_8_25_10_1,Los Lagos,poblado_pa_8_8_25_10,8-8-25-10-1
barrio_pa_8_8_25_10_2,Brisas de Tanara,poblado_pa_8_8_25_10,8-8-25-10-2
barrio_pa_8_8_25_10_3,Los Bosques de Pacora I,poblado_pa_8_8_25_10,8-8-25-10-3
barrio_pa_8_8_25_10_4,Los Bosques de Pacora Ii,poblado_pa_8_8_25_10,8-8-25-10-4
barrio_pa_8_8_25_12_1,Paso Blanco,poblado_pa_8_8_25_12,8-8-25-12-1
barrio_pa_8_8_25_12_2,Altos de Paso Blanco,poblado_pa_8_8_25_12,8-8-25-12-2
barrio_pa_8_8_25_12_3,Dos Mares,poblado_pa_8_8_25_12,8-8-25-12-3
barrio_pa_8_8_25_12_4,La Bendición,poblado_pa_8_8_25_12,8-8-25-12-4
barrio_pa_8_8_25_13_1,Alto de las Torres,poblado_pa_8_8_25_13,8-8-25-13-1
barrio_pa_8_8_25_13_2,Lagos del Naranjal,poblado_pa_8_8_25_13,8-8-25-13-2
barrio_pa_8_8_25_13_3,Paso Blanco No.2,poblado_pa_8_8_25_13,8-8-25-13-3
barrio_pa_8_8_25_13_4,San Francisco,poblado_pa_8_8_25_13,8-8-25-13-4
barrio_pa_8_8_25_13_5,Eben-Ezer,poblado_pa_8_8_25_13,8-8-25-13-5
barrio_pa_8_8_25_13_6,Paso Blanco No.3,poblado_pa_8_8_25_13,8-8-25-13-6
barrio_pa_8_8_25_13_7,San Patricio,poblado_pa_8_8_25_13,8-8-25-13-7
barrio_pa_8_8_25_21_1,Montemadero I,poblado_pa_8_8_25_21,8-8-25-21-1
barrio_pa_8_8_25_21_2,Montemadero Ii,poblado_pa_8_8_25_21,8-8-25-21-2
barrio_pa_8_8_25_21_3,Montemadero Iii,poblado_pa_8_8_25_21,8-8-25-21-3
barrio_pa_8_8_25_21_4,Vi?Edo,poblado_pa_8_8_25_21,8-8-25-21-4
barrio_pa_8_8_25_21_5,Montemadero Iv,poblado_pa_8_8_25_21,8-8-25-21-5
barrio_pa_8_8_25_21_6,Montemadero V,poblado_pa_8_8_25_21,8-8-25-21-6
barrio_pa_8_8_25_22_1,Haciendas de San Antonio,poblado_pa_8_8_25_22,8-8-25-22-1
barrio_pa_8_8_25_22_2,Pacora Home,poblado_pa_8_8_25_22,8-8-25-22-2
barrio_pa_8_8_25_22_3,Pacora Park,poblado_pa_8_8_25_22,8-8-25-22-3
barrio_pa_8_8_25_22_4,Pacora Village,poblado_pa_8_8_25_22,8-8-25-22-4
barrio_pa_8_8_25_22_5,Quintas del Este,poblado_pa_8_8_25_22,8-8-25-22-5
barrio_pa_8_8_25_22_6,Residencial Villa Blanca,poblado_pa_8_8_25_22,8-8-25-22-6
barrio_pa_8_8_25_22_7,Villas de San José,poblado_pa_8_8_25_22,8-8-25-22-7
barrio_pa_8_8_25_22_9,Residencial Alborán,poblado_pa_8_8_25_22,8-8-25-22-9
barrio_pa_8_8_25_22_11,Ciudad del Este,poblado_pa_8_8_25_22,8-8-25-22-11
barrio_pa_8_8_25_22_12,Río Chico Urbano,poblado_pa_8_8_25_22,8-8-25-22-12
barrio_pa_8_8_26_1_1,Urbanización Don Bosco,poblado_pa_8_8_26_1,8-8-26-1-1
barrio_pa_8_8_26_1_2,Bello Horizonte,poblado_pa_8_8_26_1,8-8-26-1-2
barrio_pa_8_8_26_1_3,La Ponderosa,poblado_pa_8_8_26_1,8-8-26-1-3
barrio_pa_8_8_26_1_4,La Riviera,poblado_pa_8_8_26_1,8-8-26-1-4
barrio_pa_8_8_26_1_5,Residencial Mystic Village,poblado_pa_8_8_26_1,8-8-26-1-5
barrio_pa_8_8_26_1_6,Urbanización Colonias del Prado,poblado_pa_8_8_26_1,8-8-26-1-6
barrio_pa_8_8_26_1_7,Urbanización Don Bosco No.2,poblado_pa_8_8_26_1,8-8-26-1-7
barrio_pa_8_8_26_1_8,Urbanización los Caobos,poblado_pa_8_8_26_1,8-8-26-1-8
barrio_pa_8_8_26_1_9,Urbanización Teremar,poblado_pa_8_8_26_1,8-8-26-1-9
barrio_pa_8_8_26_1_10,Urbanización Villa Don Bosco,poblado_pa_8_8_26_1,8-8-26-1-10
barrio_pa_8_8_26_1_11,Urbanización Villa Lucia,poblado_pa_8_8_26_1,8-8-26-1-11
barrio_pa_8_8_26_1_12,Urbanización Villas del Mediterráneo,poblado_pa_8_8_26_1,8-8-26-1-12
barrio_pa_8_8_26_1_13,Villa Catalina,poblado_pa_8_8_26_1,8-8-26-1-13
barrio_pa_8_8_26_2_1,Altos de las Acacias,poblado_pa_8_8_26_2,8-8-26-2-1
barrio_pa_8_8_26_2_2,Cantabria,poblado_pa_8_8_26_2,8-8-26-2-2
barrio_pa_8_8_26_2_3,Quintas de Cantabria,poblado_pa_8_8_26_2,8-8-26-2-3
barrio_pa_8_8_26_2_4,Quintas de las Acacias,poblado_pa_8_8_26_2,8-8-26-2-4
barrio_pa_8_8_26_2_5,Urbanización Anasa o Villas las Acacias,poblado_pa_8_8_26_2,8-8-26-2-5
barrio_pa_8_8_26_2_6,Villa Alcalá,poblado_pa_8_8_26_2,8-8-26-2-6
barrio_pa_8_8_26_2_7,Villas de Cantabria,poblado_pa_8_8_26_2,8-8-26-2-7
barrio_pa_8_8_26_2_8,Torres de Cantabria,poblado_pa_8_8_26_2,8-8-26-2-8
barrio_pa_8_8_26_3_1,Ph Lirios de Costa Linda,poblado_pa_8_8_26_3,8-8-26-3-1
barrio_pa_8_8_26_3_2,Ph Orquídeas de Costa Linda,poblado_pa_8_8_26_3,8-8-26-3-2
barrio_pa_8_8_26_4_1,Villa Sur,poblado_pa_8_8_26_4,8-8-26-4-1
barrio_pa_8_8_26_4_2,Costa Esmeralda,poblado_pa_8_8_26_4,8-8-26-4-2
barrio_pa_8_8_26_4_3,Costa Sur Village,poblado_pa_8_8_26_4,8-8-26-4-3
barrio_pa_8_8_26_4_4,Costamare,poblado_pa_8_8_26_4,8-8-26-4-4
barrio_pa_8_8_26_4_5,Puerto Juan Díaz (P),poblado_pa_8_8_26_4,8-8-26-4-5
barrio_pa_8_8_26_4_6,Urbanización el Doral,poblado_pa_8_8_26_4,8-8-26-4-6
barrio_pa_8_8_26_4_7,Urbanización Sunset Coast,poblado_pa_8_8_26_4,8-8-26-4-7
barrio_pa_8_8_26_4_8,Urbanización Villa Valencia,poblado_pa_8_8_26_4,8-8-26-4-8
barrio_pa_8_8_26_5_1,Concepción Municipal (P),poblado_pa_8_8_26_5,8-8-26-5-1
barrio_pa_8_8_26_5_2,Nueva Concepción (P),poblado_pa_8_8_26_5,8-8-26-5-2
barrio_pa_8_8_26_5_3,Portobelo 5,poblado_pa_8_8_26_5,8-8-26-5-3
barrio_pa_8_8_26_5_4,Urbanización el Encanto,poblado_pa_8_8_26_5,8-8-26-5-4
barrio_pa_8_8_26_5_5,Urbanización Pedregalito,poblado_pa_8_8_26_5,8-8-26-5-5
barrio_pa_8_8_26_6_1,Residencial Versalles,poblado_pa_8_8_26_6,8-8-26-6-1
barrio_pa_8_8_26_6_2,Ph Torres de Versalles I,poblado_pa_8_8_26_6,8-8-26-6-2
barrio_pa_8_8_26_6_3,Ph Torres de Versalles Ii,poblado_pa_8_8_26_6,8-8-26-6-3
barrio_pa_8_8_26_6_4,Ph Torres de Versalles Iii,poblado_pa_8_8_26_6,8-8-26-6-4
barrio_pa_8_8_26_6_5,Quintas de Versalles,poblado_pa_8_8_26_6,8-8-26-6-5
barrio_pa_8_8_26_6_6,Reserva de Versalles,poblado_pa_8_8_26_6,8-8-26-6-6
barrio_pa_8_8_26_7_1,Urbanización los Robles,poblado_pa_8_8_26_7,8-8-26-7-1
barrio_pa_8_8_26_7_2,Altos de Plaza Tocumen,poblado_pa_8_8_26_7,8-8-26-7-2
barrio_pa_8_8_26_7_3,Altos de Plaza Tocumen Ii,poblado_pa_8_8_26_7,8-8-26-7-3
barrio_pa_8_8_26_7_4,Los Robles Sur,poblado_pa_8_8_26_7,8-8-26-7-4
barrio_pa_8_8_26_7_5,Torres del Este,poblado_pa_8_8_26_7,8-8-26-7-5
barrio_pa_8_8_26_7_6,Villas de Andalucía,poblado_pa_8_8_26_7,8-8-26-7-6
barrio_pa_8_10_1_2_1,Pan de Azúcar,poblado_pa_8_10_1_2,8-10-1-2-1
barrio_pa_8_10_1_2_2,Altos del Cristo (P),poblado_pa_8_10_1_2,8-10-1-2-2
barrio_pa_8_10_1_2_3,Barriada  Fátima,poblado_pa_8_10_1_2,8-10-1-2-3
barrio_pa_8_10_1_2_4,Gelabert o el Martillo (P),poblado_pa_8_10_1_2,8-10-1-2-4
barrio_pa_8_10_1_2_5,La Parusía (P),poblado_pa_8_10_1_2,8-10-1-2-5
barrio_pa_8_10_1_2_6,Nuevo Veranillo (P),poblado_pa_8_10_1_2,8-10-1-2-6
barrio_pa_8_10_1_2_7,San José (P),poblado_pa_8_10_1_2,8-10-1-2-7
barrio_pa_8_10_1_3_1,Altos de Panamá,poblado_pa_8_10_1_3,8-10-1-3-1
barrio_pa_8_10_1_3_2,Castilla de Oro,poblado_pa_8_10_1_3,8-10-1-3-2
barrio_pa_8_10_1_3_3,Colinas de Santa Bárbara,poblado_pa_8_10_1_3,8-10-1-3-3
barrio_pa_8_10_1_3_4,Urbanización Fuente del Fresno,poblado_pa_8_10_1_3,8-10-1-3-4
barrio_pa_8_10_1_4_1,Altos de Santa Maria,poblado_pa_8_10_1_4,8-10-1-4-1
barrio_pa_8_10_1_4_2,Brisas de Santa María,poblado_pa_8_10_1_4,8-10-1-4-2
barrio_pa_8_10_1_4_3,Mirador Altos de Santa María,poblado_pa_8_10_1_4,8-10-1-4-3
barrio_pa_8_10_1_4_4,Residencial Bariloche,poblado_pa_8_10_1_4,8-10-1-4-4
barrio_pa_8_10_1_4_5,Urbanización las Colinas,poblado_pa_8_10_1_4,8-10-1-4-5
barrio_pa_8_10_1_4_6,Urbanización San Gabriel,poblado_pa_8_10_1_4,8-10-1-4-6
barrio_pa_8_10_1_5_1,Los Andes No.1,poblado_pa_8_10_1_5,8-10-1-5-1
barrio_pa_8_10_1_5_2,Nueve de Enero,poblado_pa_8_10_1_5,8-10-1-5-2
barrio_pa_8_10_1_6_1,Condado del Rey (P),poblado_pa_8_10_1_6,8-10-1-6-1
barrio_pa_8_10_1_6_2,Linda Vista (P),poblado_pa_8_10_1_6,8-10-1-6-2
barrio_pa_8_10_1_7_1,Urbanización Limajo (P),poblado_pa_8_10_1_7,8-10-1-7-1
barrio_pa_8_10_1_7_2,Altos del Country (P),poblado_pa_8_10_1_7,8-10-1-7-2
barrio_pa_8_10_1_7_3,Bosques de las Cibeles (P),poblado_pa_8_10_1_7,8-10-1-7-3
barrio_pa_8_10_1_7_4,Brisas de Vizcaya (P),poblado_pa_8_10_1_7,8-10-1-7-4
barrio_pa_8_10_1_7_5,Colinas de Cibeles,poblado_pa_8_10_1_7,8-10-1-7-5
barrio_pa_8_10_1_7_6,Villas de Vizcaya,poblado_pa_8_10_1_7,8-10-1-7-6
barrio_pa_8_10_1_7_7,Vista Magna,poblado_pa_8_10_1_7,8-10-1-7-7
barrio_pa_8_10_1_8_1,Residencial Horizontes I (P),poblado_pa_8_10_1_8,8-10-1-8-1
barrio_pa_8_10_1_8_2,Ph 4 Horizontes,poblado_pa_8_10_1_8,8-10-1-8-2
barrio_pa_8_10_2_2_1,Samaria,poblado_pa_8_10_2_2,8-10-2-2-1
barrio_pa_8_10_2_2_2,Altos del Mirador,poblado_pa_8_10_2_2,8-10-2-2-2
barrio_pa_8_10_2_2_3,Río Palomo,poblado_pa_8_10_2_2,8-10-2-2-3
barrio_pa_8_10_2_2_4,Sinaí,poblado_pa_8_10_2_2,8-10-2-2-4
barrio_pa_8_10_2_3_1,Cerro Batea (P),poblado_pa_8_10_2_3,8-10-2-3-1
barrio_pa_8_10_2_4_1,Don Bosco,poblado_pa_8_10_2_4,8-10-2-4-1
barrio_pa_8_10_2_4_2,Altos de Don Bosco,poblado_pa_8_10_2_4,8-10-2-4-2
barrio_pa_8_10_2_4_3,Altos de la Esperanza,poblado_pa_8_10_2_4,8-10-2-4-3
barrio_pa_8_10_2_4_4,Alta Vista,poblado_pa_8_10_2_4,8-10-2-4-4
barrio_pa_8_10_2_4_5,San Martin,poblado_pa_8_10_2_4,8-10-2-4-5
barrio_pa_8_10_2_5_1,Fuentes de Mallorca Park,poblado_pa_8_10_2_5,8-10-2-5-1
barrio_pa_8_10_2_5_2,Fuentes de Mallorca Park Ii,poblado_pa_8_10_2_5,8-10-2-5-2
barrio_pa_8_10_2_5_3,Mallorca Park Gardens,poblado_pa_8_10_2_5,8-10-2-5-3
barrio_pa_8_10_2_5_4,Mallorca Park Gardens Ii,poblado_pa_8_10_2_5,8-10-2-5-4
barrio_pa_8_10_2_5_5,Mallorca Park Village,poblado_pa_8_10_2_5,8-10-2-5-5
barrio_pa_8_10_2_5_6,Ph Calas de Mallorca,poblado_pa_8_10_2_5,8-10-2-5-6
barrio_pa_8_10_2_6_1,Barriada San José,poblado_pa_8_10_2_6,8-10-2-6-1
barrio_pa_8_10_2_6_2,Colinas de San José,poblado_pa_8_10_2_6,8-10-2-6-2
barrio_pa_8_10_2_6_3,La Victoria,poblado_pa_8_10_2_6,8-10-2-6-3
barrio_pa_8_10_2_6_4,Nuevo Veranillo (P),poblado_pa_8_10_2_6,8-10-2-6-4
barrio_pa_8_10_2_6_5,Quintas de San José,poblado_pa_8_10_2_6,8-10-2-6-5
barrio_pa_8_10_2_6_6,Residencial San José,poblado_pa_8_10_2_6,8-10-2-6-6
barrio_pa_8_10_2_6_7,San José (P),poblado_pa_8_10_2_6,8-10-2-6-7
barrio_pa_8_10_2_7_1,Tinajitas (P),poblado_pa_8_10_2_7,8-10-2-7-1
barrio_pa_8_10_3_2_1,Villa Guadalupe (P),poblado_pa_8_10_3_2,8-10-3-2-1
barrio_pa_8_10_3_2_2,Auto Motor,poblado_pa_8_10_3_2,8-10-3-2-2
barrio_pa_8_10_3_2_3,Cristo Rey,poblado_pa_8_10_3_2,8-10-3-2-3
barrio_pa_8_10_3_2_4,Las 600,poblado_pa_8_10_3_2,8-10-3-2-4
barrio_pa_8_10_3_3_1,Urbanización la Pulida,poblado_pa_8_10_3_3,8-10-3-3-1
barrio_pa_8_10_3_3_2,Urbanización Altos de la Pulida,poblado_pa_8_10_3_3,8-10-3-3-2
barrio_pa_8_10_3_3_3,Urbanización Colonia las Lomas,poblado_pa_8_10_3_3,8-10-3-3-3
barrio_pa_8_10_3_4_1,Villa Lucre,poblado_pa_8_10_3_4,8-10-3-4-1
barrio_pa_8_10_3_4_2,Alta Villa,poblado_pa_8_10_3_4,8-10-3-4-2
barrio_pa_8_10_3_4_3,Altos de San Rafael,poblado_pa_8_10_3_4,8-10-3-4-3
barrio_pa_8_10_3_4_4,Altos de Villa Lucre,poblado_pa_8_10_3_4,8-10-3-4-4
barrio_pa_8_10_3_4_5,Colinas del Boulevard,poblado_pa_8_10_3_4,8-10-3-4-5
barrio_pa_8_10_3_4_6,Las Quintas de Villa Lucre,poblado_pa_8_10_3_4,8-10-3-4-6
barrio_pa_8_10_3_4_7,Mirador Hills,poblado_pa_8_10_3_4,8-10-3-4-7
barrio_pa_8_10_3_4_8,Ph Villa Lucia,poblado_pa_8_10_3_4,8-10-3-4-8
barrio_pa_8_10_3_4_9,Ph Vista del Valle,poblado_pa_8_10_3_4,8-10-3-4-9
barrio_pa_8_10_3_4_10,Paseo del Valle,poblado_pa_8_10_3_4,8-10-3-4-10
barrio_pa_8_10_3_4_11,Paseo Real,poblado_pa_8_10_3_4,8-10-3-4-11
barrio_pa_8_10_3_4_12,Tierra Alta,poblado_pa_8_10_3_4,8-10-3-4-12
barrio_pa_8_10_3_4_13,Villa de las Azores,poblado_pa_8_10_3_4,8-10-3-4-13
barrio_pa_8_10_3_4_14,Vista Alta,poblado_pa_8_10_3_4,8-10-3-4-14
barrio_pa_8_10_3_4_15,Vista del Valle,poblado_pa_8_10_3_4,8-10-3-4-15
barrio_pa_8_10_3_4_16,Vista Verde,poblado_pa_8_10_3_4,8-10-3-4-16
barrio_pa_8_10_3_5_1,Urbanización el Crisol,poblado_pa_8_10_3_5,8-10-3-5-1
barrio_pa_8_10_3_5_2,Altos de la Primavera,poblado_pa_8_10_3_5,8-10-3-5-2
barrio_pa_8_10_3_5_3,La Felicidad,poblado_pa_8_10_3_5,8-10-3-5-3
barrio_pa_8_10_3_5_4,Mystic Valley,poblado_pa_8_10_3_5,8-10-3-5-4
barrio_pa_8_10_3_5_5,Ph Roca Park,poblado_pa_8_10_3_5,8-10-3-5-5
barrio_pa_8_10_3_5_6,Residencial el Crisol,poblado_pa_8_10_3_5,8-10-3-5-6
barrio_pa_8_10_3_5_7,Urbanización Altos del Crisol,poblado_pa_8_10_3_5,8-10-3-5-7
barrio_pa_8_10_3_5_8,Urbanización el Pináculo No.1,poblado_pa_8_10_3_5,8-10-3-5-8
barrio_pa_8_10_3_5_9,Urbanización la Primavera,poblado_pa_8_10_3_5,8-10-3-5-9
barrio_pa_8_10_3_5_10,Urbanización la Pulida No.1,poblado_pa_8_10_3_5,8-10-3-5-10
barrio_pa_8_10_3_5_11,Urbanización la Pulida No.2,poblado_pa_8_10_3_5,8-10-3-5-11
barrio_pa_8_10_3_5_12,Urbanización los Caciques,poblado_pa_8_10_3_5,8-10-3-5-12
barrio_pa_8_10_3_6_1,Urbanización Colinas Dorasol,poblado_pa_8_10_3_6,8-10-3-6-1
barrio_pa_8_10_3_6_2,Alta Terra,poblado_pa_8_10_3_6,8-10-3-6-2
barrio_pa_8_10_3_6_3,Barriada  Altos de la Castellana,poblado_pa_8_10_3_6,8-10-3-6-3
barrio_pa_8_10_3_6_4,Bosque de Castilla,poblado_pa_8_10_3_6,8-10-3-6-4
barrio_pa_8_10_3_6_5,Las Quintas de Gratamira,poblado_pa_8_10_3_6,8-10-3-6-5
barrio_pa_8_10_3_6_6,Loma Brown,poblado_pa_8_10_3_6,8-10-3-6-6
barrio_pa_8_10_3_6_7,Mirador del Pacifico,poblado_pa_8_10_3_6,8-10-3-6-7
barrio_pa_8_10_3_6_8,Mystic Hills,poblado_pa_8_10_3_6,8-10-3-6-8
barrio_pa_8_10_3_6_9,Sun Village (P),poblado_pa_8_10_3_6,8-10-3-6-9
barrio_pa_8_10_3_6_10,Urbanización Alta Vista,poblado_pa_8_10_3_6,8-10-3-6-10
barrio_pa_8_10_3_6_11,Urbanización Altos del Crisol Ii,poblado_pa_8_10_3_6,8-10-3-6-11
barrio_pa_8_10_3_6_12,Urbanización Colinas de Nazareth,poblado_pa_8_10_3_6,8-10-3-6-12
barrio_pa_8_10_3_6_13,Urbanización el Pináculo No.2,poblado_pa_8_10_3_6,8-10-3-6-13
barrio_pa_8_10_3_6_14,Urbanización Santa Pera,poblado_pa_8_10_3_6,8-10-3-6-14
barrio_pa_8_10_3_6_15,Villa Verónica,poblado_pa_8_10_3_6,8-10-3-6-15
barrio_pa_8_10_3_6_16,Villas de Cerro Lindo,poblado_pa_8_10_3_6,8-10-3-6-16
barrio_pa_8_10_3_7_1,Urbanización Colinas del Golf,poblado_pa_8_10_3_7,8-10-3-7-1
barrio_pa_8_10_3_7_2,La Arboleda del Golf (P),poblado_pa_8_10_3_7,8-10-3-7-2
barrio_pa_8_10_3_7_3,Lomas del Golf,poblado_pa_8_10_3_7,8-10-3-7-3
barrio_pa_8_10_3_7_4,Residencial Quintas de Monticello,poblado_pa_8_10_3_7,8-10-3-7-4
barrio_pa_8_10_3_7_5,Residencial Quintas de Monticello Ii,poblado_pa_8_10_3_7,8-10-3-7-5
barrio_pa_8_10_3_7_6,Villa Lido,poblado_pa_8_10_3_7,8-10-3-7-6
barrio_pa_8_10_3_7_7,Villa Navona,poblado_pa_8_10_3_7,8-10-3-7-7
barrio_pa_8_10_3_7_8,Villa Tiber,poblado_pa_8_10_3_7,8-10-3-7-8
barrio_pa_8_10_3_7_9,Villa Tívoli,poblado_pa_8_10_3_7,8-10-3-7-9
barrio_pa_8_10_3_7_10,Villas del Golf,poblado_pa_8_10_3_7,8-10-3-7-10
barrio_pa_8_10_3_7_11,Vista Alta de Brisas del Golf,poblado_pa_8_10_3_7,8-10-3-7-11
barrio_pa_8_10_3_8_1,Nuevo Belén (P),poblado_pa_8_10_3_8,8-10-3-8-1
barrio_pa_8_10_3_8_2,Alto Belén,poblado_pa_8_10_3_8,8-10-3-8-2
barrio_pa_8_10_3_8_3,Alto de las Torres,poblado_pa_8_10_3_8,8-10-3-8-3
barrio_pa_8_10_3_8_4,Barriada  el Futuro (P),poblado_pa_8_10_3_8,8-10-3-8-4
barrio_pa_8_10_3_8_5,Barriada Pancho Alemán (P),poblado_pa_8_10_3_8,8-10-3-8-5
barrio_pa_8_10_4_2_1,Paraíso,poblado_pa_8_10_4_2,8-10-4-2-1
barrio_pa_8_10_4_2_2,San Miguel,poblado_pa_8_10_4_2,8-10-4-2-2
barrio_pa_8_10_4_2_3,San Pancracio,poblado_pa_8_10_4_2,8-10-4-2-3
barrio_pa_8_10_4_3_1,Altos del Cristo (P),poblado_pa_8_10_4_3,8-10-4-3-1
barrio_pa_8_10_4_3_2,La Parusía (P),poblado_pa_8_10_4_3,8-10-4-3-2
barrio_pa_8_10_4_4_1,Villa Guadalupe (P),poblado_pa_8_10_4_4,8-10-4-4-1
barrio_pa_8_10_5_2_1,Monte Oscuro (P),poblado_pa_8_10_5_2,8-10-5-2-1
barrio_pa_8_10_5_2_2,Altamira,poblado_pa_8_10_5_2,8-10-5-2-2
barrio_pa_8_10_5_2_3,El Progreso,poblado_pa_8_10_5_2,8-10-5-2-3
barrio_pa_8_10_5_2_4,Las Quinientas,poblado_pa_8_10_5_2,8-10-5-2-4
barrio_pa_8_10_5_2_5,Santa Clara,poblado_pa_8_10_5_2,8-10-5-2-5
barrio_pa_8_10_5_3_1,Gelabert o el Martillo (P),poblado_pa_8_10_5_3,8-10-5-3-1
barrio_pa_8_10_5_3_2,La Parusía (P),poblado_pa_8_10_5_3,8-10-5-3-2
barrio_pa_8_10_5_3_3,San Antonio,poblado_pa_8_10_5_3,8-10-5-3-3
barrio_pa_8_10_5_3_4,Santa Rosa,poblado_pa_8_10_5_3,8-10-5-3-4
barrio_pa_8_10_5_4_1,Urbanización Industrial,poblado_pa_8_10_5_4,8-10-5-4-1
barrio_pa_8_10_5_4_2,Barriada Luzcando,poblado_pa_8_10_5_4,8-10-5-4-2
barrio_pa_8_10_5_4_3,Residencial el Bosque,poblado_pa_8_10_5_4,8-10-5-4-3
barrio_pa_8_10_5_4_4,Urbanización Alto de la Monta?A,poblado_pa_8_10_5_4,8-10-5-4-4
barrio_pa_8_10_5_4_5,Urbanización el Doral,poblado_pa_8_10_5_4,8-10-5-4-5
barrio_pa_8_10_6_2_1,Barriada la Felicidad,poblado_pa_8_10_6_2,8-10-6-2-1
barrio_pa_8_10_6_2_2,Altos del Sol,poblado_pa_8_10_6_2,8-10-6-2-2
barrio_pa_8_10_6_2_3,Buena Vista,poblado_pa_8_10_6_2,8-10-6-2-3
barrio_pa_8_10_6_2_4,La Paz,poblado_pa_8_10_6_2,8-10-6-2-4
barrio_pa_8_10_6_2_5,Urbanización Roberto Duran,poblado_pa_8_10_6_2,8-10-6-2-5
barrio_pa_8_10_6_3_1,Altos del Valle de Urraca (P),poblado_pa_8_10_6_3,8-10-6-3-1
barrio_pa_8_10_6_3_2,El Valle de Urraca,poblado_pa_8_10_6_3,8-10-6-3-2
barrio_pa_8_10_6_3_3,El Vallecito,poblado_pa_8_10_6_3,8-10-6-3-3
barrio_pa_8_10_6_3_4,Emberá Puro,poblado_pa_8_10_6_3,8-10-6-3-4
barrio_pa_8_10_6_3_5,Las Tranquitas o Tranquillas,poblado_pa_8_10_6_3,8-10-6-3-5
barrio_pa_8_10_6_3_6,Loma Bonita,poblado_pa_8_10_6_3,8-10-6-3-6
barrio_pa_8_10_6_4_1,Barriada Torrijos Carter (P),poblado_pa_8_10_6_4,8-10-6-4-1
barrio_pa_8_10_6_4_2,Barriada Torrijista,poblado_pa_8_10_6_4,8-10-6-4-2
barrio_pa_8_10_6_4_3,Villa Fortuna,poblado_pa_8_10_6_4,8-10-6-4-3
barrio_pa_8_10_6_5_1,Las Trancas (P),poblado_pa_8_10_6_5,8-10-6-5-1
barrio_pa_8_10_6_6_1,Nuevo Belén (P),poblado_pa_8_10_6_6,8-10-6-6-1
barrio_pa_8_10_6_6_2,Altos de las Torres,poblado_pa_8_10_6_6,8-10-6-6-2
barrio_pa_8_10_6_6_3,Barriada el Futuro (P),poblado_pa_8_10_6_6,8-10-6-6-3
barrio_pa_8_10_6_6_4,Barriada el Valle de Heredia,poblado_pa_8_10_6_6,8-10-6-6-4
barrio_pa_8_10_6_6_5,Barriada Pancho Alemán (P),poblado_pa_8_10_6_6,8-10-6-6-5
barrio_pa_8_10_6_6_6,Cerro Cocobolo,poblado_pa_8_10_6_6,8-10-6-6-6
barrio_pa_8_10_6_7_1,Sun Village (P),poblado_pa_8_10_6_7,8-10-6-7-1
barrio_pa_8_10_6_7_2,Villasol,poblado_pa_8_10_6_7,8-10-6-7-2
barrio_pa_8_10_6_8_1,Gardenias,poblado_pa_8_10_6_8,8-10-6-8-1
barrio_pa_8_10_6_8_2,Ph Lirios,poblado_pa_8_10_6_8,8-10-6-8-2
barrio_pa_8_10_7_2_1,Barriada Torrijos Carter (P),poblado_pa_8_10_7_2,8-10-7-2-1
barrio_pa_8_10_7_2_2,Barriada el Esfuerzo,poblado_pa_8_10_7_2,8-10-7-2-2
barrio_pa_8_10_7_2_3,Reubicación Cerro Ameglio,poblado_pa_8_10_7_2,8-10-7-2-3
barrio_pa_8_10_7_3_1,Altos del Valle de Urracá (P),poblado_pa_8_10_7_3,8-10-7-3-1
barrio_pa_8_10_7_3_2,Barriada 2000,poblado_pa_8_10_7_3,8-10-7-3-2
barrio_pa_8_10_7_3_3,Barriada  Rogelio Sinán,poblado_pa_8_10_7_3,8-10-7-3-3
barrio_pa_8_10_7_3_4,El Mirador,poblado_pa_8_10_7_3,8-10-7-3-4
barrio_pa_8_10_7_3_5,Naos-Liberación,poblado_pa_8_10_7_3,8-10-7-3-5
barrio_pa_8_10_7_4_1,Cerro Batea (P),poblado_pa_8_10_7_4,8-10-7-4-1
barrio_pa_8_10_7_5_1,Santa Marta,poblado_pa_8_10_7_5,8-10-7-5-1
barrio_pa_8_10_7_6_1,Barriada Santa Librada (P),poblado_pa_8_10_7_6,8-10-7-6-1
barrio_pa_8_10_8_2_1,Urbanización los Andes No.2,poblado_pa_8_10_8_2,8-10-8-2-1
barrio_pa_8_10_8_2_2,Altos de Bahai,poblado_pa_8_10_8_2,8-10-8-2-2
barrio_pa_8_10_8_2_3,El Pueblito,poblado_pa_8_10_8_2,8-10-8-2-3
barrio_pa_8_10_8_2_4,Villa Esperanza,poblado_pa_8_10_8_2,8-10-8-2-4
barrio_pa_8_10_8_3_1,San Isidro,poblado_pa_8_10_8_3,8-10-8-3-1
barrio_pa_8_10_8_3_2,Barriada Campo Verde,poblado_pa_8_10_8_3,8-10-8-3-2
barrio_pa_8_10_8_3_3,Barriada Santa Librada (P),poblado_pa_8_10_8_3,8-10-8-3-3
barrio_pa_8_10_8_3_4,Buenos Aires,poblado_pa_8_10_8_3,8-10-8-3-4
barrio_pa_8_10_8_3_5,El Valle de San Isidro,poblado_pa_8_10_8_3,8-10-8-3-5
barrio_pa_8_10_8_3_6,Milla 8,poblado_pa_8_10_8_3,8-10-8-3-6
barrio_pa_8_10_8_3_7,Portal de las Cumbres,poblado_pa_8_10_8_3,8-10-8-3-7
barrio_pa_8_10_8_3_8,Santa Elena,poblado_pa_8_10_8_3,8-10-8-3-8
barrio_pa_8_10_8_3_9,Tinajitas (P),poblado_pa_8_10_8_3,8-10-8-3-9
barrio_pa_8_10_8_3_10,Urbanización los Cipreses,poblado_pa_8_10_8_3,8-10-8-3-10
barrio_pa_8_10_8_3_11,Urbanización San Remo,poblado_pa_8_10_8_3,8-10-8-3-11
barrio_pa_8_10_8_3_12,Villa Georgina,poblado_pa_8_10_8_3,8-10-8-3-12
barrio_pa_8_10_8_3_13,Villa Zaita (P),poblado_pa_8_10_8_3,8-10-8-3-13
barrio_pa_8_10_8_4_1,Sonsonate,poblado_pa_8_10_8_4,8-10-8-4-1
barrio_pa_8_10_8_4_2,Barriada las Rosas,poblado_pa_8_10_8_4,8-10-8-4-2
barrio_pa_8_10_8_4_3,Barriada  Zafiro,poblado_pa_8_10_8_4,8-10-8-4-3
barrio_pa_8_10_8_4_4,Chivo Chivo (P),poblado_pa_8_10_8_4,8-10-8-4-4
barrio_pa_8_10_8_4_5,El Porvenir No.2,poblado_pa_8_10_8_4,8-10-8-4-5
barrio_pa_8_10_8_4_6,Green Village,poblado_pa_8_10_8_4,8-10-8-4-6
barrio_pa_8_10_8_4_7,Las Colinas de Sonsonate,poblado_pa_8_10_8_4,8-10-8-4-7
barrio_pa_8_10_8_5_1,Villa Cárdenas (P),poblado_pa_8_10_8_5,8-10-8-5-1
barrio_pa_8_10_8_6_1,Residencial Horizontes I (P),poblado_pa_8_10_8_6,8-10-8-6-1
barrio_pa_8_10_8_6_2,Barrio Alto,poblado_pa_8_10_8_6,8-10-8-6-2
barrio_pa_8_10_8_6_3,Residencial Horizontes Ii,poblado_pa_8_10_8_6,8-10-8-6-3
barrio_pa_8_10_8_7_1,Urbanización Limajo (P),poblado_pa_8_10_8_7,8-10-8-7-1
barrio_pa_8_10_8_7_2,Altos del Country (P),poblado_pa_8_10_8_7,8-10-8-7-2
barrio_pa_8_10_8_7_3,Bosques de las Cibeles (P),poblado_pa_8_10_8_7,8-10-8-7-3
barrio_pa_8_10_9_2_1,Ciudad Jardin San Antonio,poblado_pa_8_10_9_2,8-10-9-2-1
barrio_pa_8_10_9_2_2,Altos de las Praderas de San Antonio,poblado_pa_8_10_9_2,8-10-9-2-2
barrio_pa_8_10_9_2_3,Camino Real de San Antonio,poblado_pa_8_10_9_2,8-10-9-2-3
barrio_pa_8_10_9_2_4,Urbanización Boulevard San Antonio,poblado_pa_8_10_9_2,8-10-9-2-4
barrio_pa_8_10_9_2_5,Urbanización el Valle de San Antonio,poblado_pa_8_10_9_2,8-10-9-2-5
barrio_pa_8_10_9_2_6,Urbanización las Praderas de San Antonio,poblado_pa_8_10_9_2,8-10-9-2-6
barrio_pa_8_10_9_2_7,Urbanización Quintas de San Antonio,poblado_pa_8_10_9_2,8-10-9-2-7
barrio_pa_8_10_9_2_8,Urbanización Villas de Camino Real,poblado_pa_8_10_9_2,8-10-9-2-8
barrio_pa_8_10_9_3_1,El Valle de Cerro Viento,poblado_pa_8_10_9_3,8-10-9-3-1
barrio_pa_8_10_9_3_2,Las Brisas de Cerro Viento,poblado_pa_8_10_9_3,8-10-9-3-2
barrio_pa_8_10_9_3_3,Las Colinas de Cerro Viento,poblado_pa_8_10_9_3,8-10-9-3-3
barrio_pa_8_10_9_3_4,Quintas de Villa Flor,poblado_pa_8_10_9_3,8-10-9-3-4
barrio_pa_8_10_9_3_5,Urbanización Altos de Cerro Viento,poblado_pa_8_10_9_3,8-10-9-3-5
barrio_pa_8_10_9_3_6,Urbanización Villa Flor,poblado_pa_8_10_9_3,8-10-9-3-6
barrio_pa_8_10_9_3_7,Urbanización Villa Internacional,poblado_pa_8_10_9_3,8-10-9-3-7
barrio_pa_8_10_9_4_1,Club de Golf,poblado_pa_8_10_9_4,8-10-9-4-1
barrio_pa_8_10_9_4_2,Isla del Hombre,poblado_pa_8_10_9_4,8-10-9-4-2
barrio_pa_8_10_9_4_3,La Arboleda del Golf (P),poblado_pa_8_10_9_4,8-10-9-4-3
barrio_pa_8_10_9_4_4,La Monta?Eza,poblado_pa_8_10_9_4,8-10-9-4-4
barrio_pa_8_10_9_4_5,Las Trancas (P),poblado_pa_8_10_9_4,8-10-9-4-5
barrio_pa_8_10_9_4_6,Villa  Esperanza,poblado_pa_8_10_9_4,8-10-9-4-6
barrio_pa_8_10_9_4_7,Villa  Maronata,poblado_pa_8_10_9_4,8-10-9-4-7
barrio_pa_8_10_9_4_8,Urbanización Ph Royal Village,poblado_pa_8_10_9_4,8-10-9-4-8
barrio_pa_8_10_9_5_1,Urbanización Brisas del Golf,poblado_pa_8_10_9_5,8-10-9-5-1
barrio_pa_8_10_9_5_2,Brisas del Pacífico,poblado_pa_8_10_9_5,8-10-9-5-2
barrio_pa_8_10_9_5_3,Brisas Heights,poblado_pa_8_10_9_5,8-10-9-5-3
barrio_pa_8_10_9_5_4,Brisas Points,poblado_pa_8_10_9_5,8-10-9-5-4
barrio_pa_8_10_9_5_5,Cerro Viento Rural,poblado_pa_8_10_9_5,8-10-9-5-5
barrio_pa_8_10_9_5_6,Finca Altamira,poblado_pa_8_10_9_5,8-10-9-5-6
barrio_pa_8_10_9_5_7,La Riviera Colonial,poblado_pa_8_10_9_5,8-10-9-5-7
barrio_pa_8_10_9_5_8,Palmeras del Golf,poblado_pa_8_10_9_5,8-10-9-5-8
barrio_pa_8_10_9_5_9,Urbanización las Terrazas,poblado_pa_8_10_9_5,8-10-9-5-9
barrio_pa_9_1_1_2_1,Atalaya,poblado_pa_9_1_1_2,9-1-1-2-1
barrio_pa_9_1_1_2_3,Barriada Arenilla,poblado_pa_9_1_1_2,9-1-1-2-3
barrio_pa_9_1_1_2_4,Barriada el Macanito,poblado_pa_9_1_1_2,9-1-1-2-4
barrio_pa_9_1_1_2_5,Barriada Holanda,poblado_pa_9_1_1_2,9-1-1-2-5
barrio_pa_9_1_1_2_6,Barriada Llano Bonito,poblado_pa_9_1_1_2,9-1-1-2-6
barrio_pa_9_1_1_2_7,Barriada el Educador,poblado_pa_9_1_1_2,9-1-1-2-7
barrio_pa_9_1_1_2_8,Barriada Jesús Nazareno,poblado_pa_9_1_1_2,9-1-1-2-8
barrio_pa_9_1_1_2_10,Calle Abajo Final,poblado_pa_9_1_1_2,9-1-1-2-10
barrio_pa_9_1_1_2_11,Barriada 11 de Octubre,poblado_pa_9_1_1_2,9-1-1-2-11
barrio_pa_9_1_1_2_12,La Ostia,poblado_pa_9_1_1_2,9-1-1-2-12
barrio_pa_9_1_1_2_13,Los Higos,poblado_pa_9_1_1_2,9-1-1-2-13
barrio_pa_9_1_1_2_14,Barriada los Ángeles,poblado_pa_9_1_1_2,9-1-1-2-14
barrio_pa_9_1_1_2_15,Brisas de Atalaya,poblado_pa_9_1_1_2,9-1-1-2-15
barrio_pa_9_1_1_2_16,Villas de Atalaya,poblado_pa_9_1_1_2,9-1-1-2-16
barrio_pa_9_1_1_2_17,Barriada la Amistad,poblado_pa_9_1_1_2,9-1-1-2-17
barrio_pa_9_1_1_2_18,Barriada Torre Fuerte,poblado_pa_9_1_1_2,9-1-1-2-18
barrio_pa_9_1_1_2_19,El Ciruelito,poblado_pa_9_1_1_2,9-1-1-2-19
barrio_pa_9_1_1_2_20,Garnaderita,poblado_pa_9_1_1_2,9-1-1-2-20
barrio_pa_9_1_1_2_21,La Candelaria,poblado_pa_9_1_1_2,9-1-1-2-21
barrio_pa_9_1_1_2_22,Las Margaritas,poblado_pa_9_1_1_2,9-1-1-2-22
barrio_pa_9_1_1_2_23,Punta del Mono,poblado_pa_9_1_1_2,9-1-1-2-23
barrio_pa_9_1_1_2_25,Residencial la Isabela,poblado_pa_9_1_1_2,9-1-1-2-25
barrio_pa_9_1_1_2_26,Residencial Santa Cruz,poblado_pa_9_1_1_2,9-1-1-2-26
barrio_pa_9_1_1_2_27,Residencial Terramar,poblado_pa_9_1_1_2,9-1-1-2-27
barrio_pa_9_1_1_2_28,San Miguel,poblado_pa_9_1_1_2,9-1-1-2-28
barrio_pa_9_1_1_2_29,Santa Isabel,poblado_pa_9_1_1_2,9-1-1-2-29
barrio_pa_9_1_1_2_30,Tumbaga,poblado_pa_9_1_1_2,9-1-1-2-30
barrio_pa_9_1_1_2_31,Villas del Nazareno,poblado_pa_9_1_1_2,9-1-1-2-31
barrio_pa_9_1_1_2_32,Residencial Garnaderita,poblado_pa_9_1_1_2,9-1-1-2-32
barrio_pa_9_1_1_2_33,Residencial Atalaya'S Garden,poblado_pa_9_1_1_2,9-1-1-2-33
barrio_pa_9_1_1_2_34,Residencial Parques de Holanda,poblado_pa_9_1_1_2,9-1-1-2-34
barrio_pa_9_1_1_2_35,Residencial Villa Holanda,poblado_pa_9_1_1_2,9-1-1-2-35
barrio_pa_9_1_1_2_36,Residencial Villas de Garnaderita,poblado_pa_9_1_1_2,9-1-1-2-36
barrio_pa_9_1_5_7_1,San Antonio (P),poblado_pa_9_1_5_7,9-1-5-7-1
barrio_pa_9_1_5_7_2,Residencial Villa Marina,poblado_pa_9_1_5_7,9-1-5-7-2
barrio_pa_9_1_5_7_3,Villa Nazareth,poblado_pa_9_1_5_7,9-1-5-7-3
barrio_pa_9_1_5_7_4,Barriada Villa Lesa,poblado_pa_9_1_5_7,9-1-5-7-4
barrio_pa_9_1_5_7_5,Residencial Tereza,poblado_pa_9_1_5_7,9-1-5-7-5
barrio_pa_9_1_5_7_6,Residencial Villas del Rosario,poblado_pa_9_1_5_7,9-1-5-7-6
barrio_pa_9_1_5_7_7,Urbanización Costa Marina,poblado_pa_9_1_5_7,9-1-5-7-7
barrio_pa_9_3_1_13_1,Barriada Corozal o la Placita de Ni?O Dios,poblado_pa_9_3_1_13,9-3-1-13-1
barrio_pa_9_3_1_13_2,Barriada la Placita de Fátima,poblado_pa_9_3_1_13,9-3-1-13-2
barrio_pa_9_3_1_13_3,Barriada San José,poblado_pa_9_3_1_13,9-3-1-13-3
barrio_pa_9_3_1_13_4,Barriada San Javier,poblado_pa_9_3_1_13,9-3-1-13-4
barrio_pa_9_3_1_13_5,Ca?Azas,poblado_pa_9_3_1_13,9-3-1-13-5
barrio_pa_9_3_1_13_6,Polo Norte,poblado_pa_9_3_1_13,9-3-1-13-6
barrio_pa_9_3_1_13_7,Polo Sur,poblado_pa_9_3_1_13,9-3-1-13-7
barrio_pa_9_3_1_13_8,Barriada la Felicidad,poblado_pa_9_3_1_13,9-3-1-13-8
barrio_pa_9_3_1_13_9,Calle Lourdes,poblado_pa_9_3_1_13,9-3-1-13-9
barrio_pa_9_3_1_13_10,Barrio Alfredo López,poblado_pa_9_3_1_13,9-3-1-13-10
barrio_pa_9_4_1_28_1,Los Boquetes,poblado_pa_9_4_1_28,9-4-1-28-1
barrio_pa_9_4_1_28_2,Barriada Santa Cruz,poblado_pa_9_4_1_28,9-4-1-28-2
barrio_pa_9_4_1_28_5,La Mesa,poblado_pa_9_4_1_28,9-4-1-28-5
barrio_pa_9_4_1_28_6,Los Quinteros,poblado_pa_9_4_1_28,9-4-1-28-6
barrio_pa_9_4_1_28_7,San Cristóbal,poblado_pa_9_4_1_28,9-4-1-28-7
barrio_pa_9_4_1_28_9,Altos del Tanque,poblado_pa_9_4_1_28,9-4-1-28-9
barrio_pa_9_4_1_28_10,El Tanque,poblado_pa_9_4_1_28,9-4-1-28-10
barrio_pa_9_4_1_28_11,Los Vikingos,poblado_pa_9_4_1_28,9-4-1-28-11
barrio_pa_9_4_1_28_12,Piedra Gil,poblado_pa_9_4_1_28,9-4-1-28-12
barrio_pa_9_6_1_21_1,Barriada César Pe?Aloza,poblado_pa_9_6_1_21,9-6-1-21-1
barrio_pa_9_6_1_21_2,Barriada el Carmen,poblado_pa_9_6_1_21,9-6-1-21-2
barrio_pa_9_6_1_21_3,Montijo,poblado_pa_9_6_1_21,9-6-1-21-3
barrio_pa_9_6_1_21_4,San Pedro No.2,poblado_pa_9_6_1_21,9-6-1-21-4
barrio_pa_9_6_1_21_6,Mario Riera Pinilla,poblado_pa_9_6_1_21,9-6-1-21-6
barrio_pa_9_6_1_21_7,Nuevo Belén,poblado_pa_9_6_1_21,9-6-1-21-7
barrio_pa_9_6_1_21_8,Villa Candelaria,poblado_pa_9_6_1_21,9-6-1-21-8
barrio_pa_9_8_1_35_1,San Francisco,poblado_pa_9_8_1_35,9-8-1-35-1
barrio_pa_9_10_1_83_1,Barriada Alto Alfaro,poblado_pa_9_10_1_83,9-10-1-83-1
barrio_pa_9_10_1_83_5,Bajada de los Chorros,poblado_pa_9_10_1_83,9-10-1-83-5
barrio_pa_9_10_1_83_6,Barriada Don Bosco,poblado_pa_9_10_1_83,9-10-1-83-6
barrio_pa_9_10_1_83_7,Barriada el Carmen,poblado_pa_9_10_1_83,9-10-1-83-7
barrio_pa_9_10_1_83_8,Barriada el Paraíso,poblado_pa_9_10_1_83,9-10-1-83-8
barrio_pa_9_10_1_83_12,Barriada la Felicidad,poblado_pa_9_10_1_83,9-10-1-83-12
barrio_pa_9_10_1_83_13,Barriada la Gloria,poblado_pa_9_10_1_83,9-10-1-83-13
barrio_pa_9_10_1_83_15,Barriada la Primavera,poblado_pa_9_10_1_83,9-10-1-83-15
barrio_pa_9_10_1_83_19,Barriada las Margaritas,poblado_pa_9_10_1_83,9-10-1-83-19
barrio_pa_9_10_1_83_21,Barriada Paso las Tablas,poblado_pa_9_10_1_83,9-10-1-83-21
barrio_pa_9_10_1_83_24,Barriada Urracá,poblado_pa_9_10_1_83,9-10-1-83-24
barrio_pa_9_10_1_83_28,Barriada la Tronosa,poblado_pa_9_10_1_83,9-10-1-83-28
barrio_pa_9_10_1_83_29,Barriada Paritilla,poblado_pa_9_10_1_83,9-10-1-83-29
barrio_pa_9_10_1_83_32,Barriada San Vicente,poblado_pa_9_10_1_83,9-10-1-83-32
barrio_pa_9_10_1_83_33,Santiago (P),poblado_pa_9_10_1_83,9-10-1-83-33
barrio_pa_9_10_1_83_34,Barriada 26 de Noviembre,poblado_pa_9_10_1_83,9-10-1-83-34
barrio_pa_9_10_1_83_35,Urbanización Barbarena,poblado_pa_9_10_1_83,9-10-1-83-35
barrio_pa_9_10_1_83_36,Urbanización el Educador Veragüense,poblado_pa_9_10_1_83,9-10-1-83-36
barrio_pa_9_10_1_83_37,Urbanización el Prado,poblado_pa_9_10_1_83,9-10-1-83-37
barrio_pa_9_10_1_83_38,Barriada el Progreso,poblado_pa_9_10_1_83,9-10-1-83-38
barrio_pa_9_10_1_83_39,Urbanización la Alameda,poblado_pa_9_10_1_83,9-10-1-83-39
barrio_pa_9_10_1_83_40,Urbanización Verdun,poblado_pa_9_10_1_83,9-10-1-83-40
barrio_pa_9_10_1_83_42,Barriada las Acacias,poblado_pa_9_10_1_83,9-10-1-83-42
barrio_pa_9_10_1_83_43,Barriada San Francisco,poblado_pa_9_10_1_83,9-10-1-83-43
barrio_pa_9_10_1_83_44,Barriada Santa Inés,poblado_pa_9_10_1_83,9-10-1-83-44
barrio_pa_9_10_1_83_45,El Hatillo,poblado_pa_9_10_1_83,9-10-1-83-45
barrio_pa_9_10_1_83_46,Barriada Condado del Sur,poblado_pa_9_10_1_83,9-10-1-83-46
barrio_pa_9_10_1_83_47,Urbanización las Colinas,poblado_pa_9_10_1_83,9-10-1-83-47
barrio_pa_9_10_1_83_48,Urbanización las Veraneras,poblado_pa_9_10_1_83,9-10-1-83-48
barrio_pa_9_10_1_83_49,Urbanización Río Escondido,poblado_pa_9_10_1_83,9-10-1-83-49
barrio_pa_9_10_1_83_50,Urbanización San Felipe o la Pastrana,poblado_pa_9_10_1_83,9-10-1-83-50
barrio_pa_9_10_1_83_51,Urbanización Villa Flores,poblado_pa_9_10_1_83,9-10-1-83-51
barrio_pa_9_10_1_83_53,Barriada Nuevo San Juan (P),poblado_pa_9_10_1_83,9-10-1-83-53
barrio_pa_9_10_1_83_55,Residencial Altos del Sol,poblado_pa_9_10_1_83,9-10-1-83-55
barrio_pa_9_10_1_83_56,Residencial Villas de Barbarena,poblado_pa_9_10_1_83,9-10-1-83-56
barrio_pa_9_10_1_83_57,Residencial Miramar,poblado_pa_9_10_1_83,9-10-1-83-57
barrio_pa_9_10_1_83_58,Residencial Santa Mónica,poblado_pa_9_10_1_83,9-10-1-83-58
barrio_pa_9_10_1_83_59,Residencial Marbella,poblado_pa_9_10_1_83,9-10-1-83-59
barrio_pa_9_10_1_83_60,Barriada San Francisco No.2,poblado_pa_9_10_1_83,9-10-1-83-60
barrio_pa_9_10_1_83_61,Barriada Río Escondido No.2,poblado_pa_9_10_1_83,9-10-1-83-61
barrio_pa_9_10_1_83_62,Residencial Luzmar,poblado_pa_9_10_1_83,9-10-1-83-62
barrio_pa_9_10_1_83_64,Residencial los Chorros,poblado_pa_9_10_1_83,9-10-1-83-64
barrio_pa_9_10_1_83_65,Barriada Altos de Santa Inés,poblado_pa_9_10_1_83,9-10-1-83-65
barrio_pa_9_10_1_83_66,Residencial Colinas de Santa Inés,poblado_pa_9_10_1_83,9-10-1-83-66
barrio_pa_9_10_1_83_67,Urbanización Villas del Sur,poblado_pa_9_10_1_83,9-10-1-83-67
barrio_pa_9_10_1_83_68,Residencial Altos de Barbarena,poblado_pa_9_10_1_83,9-10-1-83-68
barrio_pa_9_10_1_83_69,Residencial Altos de Miramar,poblado_pa_9_10_1_83,9-10-1-83-69
barrio_pa_9_10_1_83_70,Residencial Villa Serena,poblado_pa_9_10_1_83,9-10-1-83-70
barrio_pa_9_10_1_83_72,La Florecita,poblado_pa_9_10_1_83,9-10-1-83-72
barrio_pa_9_10_1_83_77,Barriada la Espa?Ola,poblado_pa_9_10_1_83,9-10-1-83-77
barrio_pa_9_10_1_83_78,Barriada la Cruz de los Reyes,poblado_pa_9_10_1_83,9-10-1-83-78
barrio_pa_9_10_1_83_79,Residencial Verdun Hill,poblado_pa_9_10_1_83,9-10-1-83-79
barrio_pa_9_10_1_83_80,Residencial Brisamar,poblado_pa_9_10_1_83,9-10-1-83-80
barrio_pa_9_10_1_83_81,Las Barreras,poblado_pa_9_10_1_83,9-10-1-83-81
barrio_pa_9_10_1_83_82,Barriada Alto de la Cruz No.1,poblado_pa_9_10_1_83,9-10-1-83-82
barrio_pa_9_10_1_83_83,Residencial Don Pablo,poblado_pa_9_10_1_83,9-10-1-83-83
barrio_pa_9_10_1_83_84,Residencial Mallorca,poblado_pa_9_10_1_83,9-10-1-83-84
barrio_pa_9_10_1_83_85,Residencial Ana Elena,poblado_pa_9_10_1_83,9-10-1-83-85
barrio_pa_9_10_1_83_86,Residencial la  Arboleda,poblado_pa_9_10_1_83,9-10-1-83-86
barrio_pa_9_10_1_83_87,Residencial Valle de Barbarena,poblado_pa_9_10_1_83,9-10-1-83-87
barrio_pa_9_10_3_22_1,La Pe?A,poblado_pa_9_10_3_22,9-10-3-22-1
barrio_pa_9_10_3_22_2,Barriada 6 de Enero,poblado_pa_9_10_3_22,9-10-3-22-2
barrio_pa_9_10_3_22_3,Residencial Divina Providencia,poblado_pa_9_10_3_22,9-10-3-22-3
barrio_pa_9_10_3_22_4,Urbanización Paseo del Sol,poblado_pa_9_10_3_22,9-10-3-22-4
barrio_pa_9_10_3_22_5,Residencial Vialuc (P),poblado_pa_9_10_3_22,9-10-3-22-5
barrio_pa_9_10_3_22_6,Residencial Carmelo,poblado_pa_9_10_3_22,9-10-3-22-6
barrio_pa_9_10_3_22_7,Residencial Villas de la Pe?A,poblado_pa_9_10_3_22,9-10-3-22-7
barrio_pa_9_10_7_35_1,Barriada Altos Lajas,poblado_pa_9_10_7_35,9-10-7-35-1
barrio_pa_9_10_7_35_4,Barriada la Esmeralda,poblado_pa_9_10_7_35,9-10-7-35-4
barrio_pa_9_10_7_35_8,Barriada Santa Librada,poblado_pa_9_10_7_35,9-10-7-35-8
barrio_pa_9_10_7_35_9,Barriada Villa Nely,poblado_pa_9_10_7_35,9-10-7-35-9
barrio_pa_9_10_7_35_10,Canto del Llano,poblado_pa_9_10_7_35,9-10-7-35-10
barrio_pa_9_10_7_35_11,Coloncito,poblado_pa_9_10_7_35,9-10-7-35-11
barrio_pa_9_10_7_35_12,Ponuguita,poblado_pa_9_10_7_35,9-10-7-35-12
barrio_pa_9_10_7_35_15,Barriada Juan Xxiii (P),poblado_pa_9_10_7_35,9-10-7-35-15
barrio_pa_9_10_7_35_18,Residencial los Ángeles,poblado_pa_9_10_7_35,9-10-7-35-18
barrio_pa_9_10_7_35_19,Residencial Coopeve o las Américas I,poblado_pa_9_10_7_35,9-10-7-35-19
barrio_pa_9_10_7_35_20,Residencial Mediterráneo,poblado_pa_9_10_7_35,9-10-7-35-20
barrio_pa_9_10_7_35_22,Villa Universitaria,poblado_pa_9_10_7_35,9-10-7-35-22
barrio_pa_9_10_7_35_23,Barriada Alto de la Luna (P),poblado_pa_9_10_7_35,9-10-7-35-23
barrio_pa_9_10_7_35_28,Residencial Coopeve o las Américas Ii,poblado_pa_9_10_7_35,9-10-7-35-28
barrio_pa_9_10_7_35_29,Reparto Vista Loba,poblado_pa_9_10_7_35,9-10-7-35-29
barrio_pa_9_10_7_35_30,Barriada Villa Gloria,poblado_pa_9_10_7_35,9-10-7-35-30
barrio_pa_9_10_7_35_32,Barriada Real Sol,poblado_pa_9_10_7_35,9-10-7-35-32
barrio_pa_9_10_7_35_33,Residencial Coopeve o las Américas Iii,poblado_pa_9_10_7_35,9-10-7-35-33
barrio_pa_9_10_7_35_34,Coloncito Village,poblado_pa_9_10_7_35,9-10-7-35-34
barrio_pa_9_10_8_18_1,Los Algarrobos,poblado_pa_9_10_8_18,9-10-8-18-1
barrio_pa_9_10_8_18_2,Barriada los Guayacanes,poblado_pa_9_10_8_18,9-10-8-18-2
barrio_pa_9_10_8_18_3,Llano los Velásquez,poblado_pa_9_10_8_18,9-10-8-18-3
barrio_pa_9_10_8_18_4,Quintas de los Algarrobos,poblado_pa_9_10_8_18,9-10-8-18-4
barrio_pa_9_10_8_18_5,Residencial San Miguel,poblado_pa_9_10_8_18,9-10-8-18-5
barrio_pa_9_10_8_18_6,Residencial Viva Santiago,poblado_pa_9_10_8_18,9-10-8-18-6
barrio_pa_9_10_8_18_7,Residencial Vialuc (P),poblado_pa_9_10_8_18,9-10-8-18-7
barrio_pa_9_10_11_1_1,Barriada Forestal,poblado_pa_9_10_11_1,9-10-11-1-1
barrio_pa_9_10_11_1_2,Barriada San Martín,poblado_pa_9_10_11_1,9-10-11-1-2
barrio_pa_9_10_11_1_3,Urbanización Do?A Blanca,poblado_pa_9_10_11_1,9-10-11-1-3
barrio_pa_9_10_11_1_4,Altos de la Colina o Dos Ríos,poblado_pa_9_10_11_1,9-10-11-1-4
barrio_pa_9_10_11_1_5,Altos de Cubívora o Alto de las Acacias,poblado_pa_9_10_11_1,9-10-11-1-5
barrio_pa_9_10_11_1_6,La Luz,poblado_pa_9_10_11_1,9-10-11-1-6
barrio_pa_9_10_11_1_7,Las Delicias,poblado_pa_9_10_11_1,9-10-11-1-7
barrio_pa_9_10_11_1_8,Santa Eduviges,poblado_pa_9_10_11_1,9-10-11-1-8
barrio_pa_9_10_11_1_9,La Floresta A,poblado_pa_9_10_11_1,9-10-11-1-9
barrio_pa_9_10_11_1_10,La Floresta B,poblado_pa_9_10_11_1,9-10-11-1-10
barrio_pa_9_10_11_1_11,Urbanización Marisol,poblado_pa_9_10_11_1,9-10-11-1-11
barrio_pa_9_10_11_1_12,Urbanización las Palmeras,poblado_pa_9_10_11_1,9-10-11-1-12
barrio_pa_9_10_11_1_13,Urbanización Villa del Sol,poblado_pa_9_10_11_1,9-10-11-1-13
barrio_pa_9_10_11_1_14,Altos de Vista Hermosa,poblado_pa_9_10_11_1,9-10-11-1-14
barrio_pa_9_10_11_1_15,Barriada Juan Xxiii (P),poblado_pa_9_10_11_1,9-10-11-1-15
barrio_pa_9_10_11_1_16,Urbanización las Praderas,poblado_pa_9_10_11_1,9-10-11-1-16
barrio_pa_9_10_11_1_17,Barriada Santa Rosa,poblado_pa_9_10_11_1,9-10-11-1-17
barrio_pa_9_10_11_1_18,Urbanización Villa Farissa,poblado_pa_9_10_11_1,9-10-11-1-18
barrio_pa_9_10_11_1_19,Barriada Villa María,poblado_pa_9_10_11_1,9-10-11-1-19
barrio_pa_9_10_11_1_20,Vista Hermosa,poblado_pa_9_10_11_1,9-10-11-1-20
barrio_pa_9_10_11_1_21,Barriada Víctor Agudo o Punta del Norte,poblado_pa_9_10_11_1,9-10-11-1-21
barrio_pa_9_10_11_1_22,Residencial Santa Elena,poblado_pa_9_10_11_1,9-10-11-1-22
barrio_pa_9_10_11_4_2,Barriada Punta del Este,poblado_pa_9_10_11_4,9-10-11-4-2
barrio_pa_9_10_11_4_3,Punta Delgadita (P),poblado_pa_9_10_11_4,9-10-11-4-3
barrio_pa_9_10_11_4_4,Residencial Punta Dorada,poblado_pa_9_10_11_4,9-10-11-4-4
barrio_pa_9_10_11_4_5,Urbanización Villa Nidia,poblado_pa_9_10_11_4,9-10-11-4-5
barrio_pa_9_10_13_9_1,Barriada Alto de la Luna (P),poblado_pa_9_10_13_9,9-10-13-9-1
barrio_pa_9_10_13_9_2,Barriada Buena Vista (P),poblado_pa_9_10_13_9,9-10-13-9-2
barrio_pa_9_10_13_9_3,Residencial Jilcar,poblado_pa_9_10_13_9,9-10-13-9-3
barrio_pa_9_10_13_17_1,Barriada Arco Iris,poblado_pa_9_10_13_17,9-10-13-17-1
barrio_pa_9_10_13_17_2,Barriada Buena Vista (P),poblado_pa_9_10_13_17,9-10-13-17-2
barrio_pa_9_10_13_17_3,Barriada Dos Mares,poblado_pa_9_10_13_17,9-10-13-17-3
barrio_pa_9_10_13_17_4,Barriada Nuevo San Juan (P),poblado_pa_9_10_13_17,9-10-13-17-4
barrio_pa_9_10_13_17_5,Residencial Nuevo San Juan,poblado_pa_9_10_13_17,9-10-13-17-5
barrio_pa_9_10_13_17_6,Residencial Se?Orial Urracá,poblado_pa_9_10_13_17,9-10-13-17-6
barrio_pa_9_10_13_17_7,Residencial Villas de Guadalupe,poblado_pa_9_10_13_17,9-10-13-17-7
barrio_pa_9_10_13_17_8,Urbanización el Divino Ni?O,poblado_pa_9_10_13_17,9-10-13-17-8
barrio_pa_9_10_13_17_9,Residencial Villa Mélida,poblado_pa_9_10_13_17,9-10-13-17-9
barrio_pa_9_10_14_5_1,Residencial Nuevo Santiago,poblado_pa_9_10_14_5,9-10-14-5-1
barrio_pa_9_10_14_5_3,Punta Delgadita (P),poblado_pa_9_10_14_5,9-10-14-5-3
barrio_pa_9_10_14_5_4,Villa Esha,poblado_pa_9_10_14_5,9-10-14-5-4
barrio_pa_9_10_14_6_1,Barriada la Unión,poblado_pa_9_10_14_6,9-10-14-6-1
barrio_pa_9_10_14_6_2,Barriada Villa Elisa,poblado_pa_9_10_14_6,9-10-14-6-2
barrio_pa_9_10_14_6_3,San Antonio (P),poblado_pa_9_10_14_6,9-10-14-6-3
barrio_pa_9_10_14_6_4,Urbanización San Antonio,poblado_pa_9_10_14_6,9-10-14-6-4
barrio_pa_9_10_14_6_5,Quintas de Don Bosco,poblado_pa_9_10_14_6,9-10-14-6-5
barrio_pa_9_10_14_6_6,Urbanización Villas de San Antonio,poblado_pa_9_10_14_6,9-10-14-6-6
barrio_pa_9_10_14_6_7,Residencial Villa de Jesús,poblado_pa_9_10_14_6,9-10-14-6-7
barrio_pa_9_10_14_6_8,Barriada el Carmen,poblado_pa_9_10_14_6,9-10-14-6-8
barrio_pa_9_10_14_6_9,Barriada Villas de San José,poblado_pa_9_10_14_6,9-10-14-6-9
barrio_pa_9_10_14_6_10,Residencial Brisas de San Antonio,poblado_pa_9_10_14_6,9-10-14-6-10
barrio_pa_9_10_14_6_11,Urbanización de San Antonio,poblado_pa_9_10_14_6,9-10-14-6-11
barrio_pa_9_10_14_7_1,Barriada 5 de Mayo,poblado_pa_9_10_14_7,9-10-14-7-1
barrio_pa_9_10_14_7_2,Barriada Bajos de la Rinconada,poblado_pa_9_10_14_7,9-10-14-7-2
barrio_pa_9_10_14_7_3,Barriada Jesús Nazareno,poblado_pa_9_10_14_7,9-10-14-7-3
barrio_pa_9_10_14_7_4,Barriada la Rinconada,poblado_pa_9_10_14_7,9-10-14-7-4
barrio_pa_9_11_1_31_1,Barriada 8 de Noviembre,poblado_pa_9_11_1_31,9-11-1-31-1
barrio_pa_9_11_1_31_2,Barriada Bella Vista,poblado_pa_9_11_1_31,9-11-1-31-2
barrio_pa_9_11_1_31_4,Barriada el Paraíso,poblado_pa_9_11_1_31,9-11-1-31-4
barrio_pa_9_11_1_31_5,Barriada José Félix Guembe,poblado_pa_9_11_1_31,9-11-1-31-5
barrio_pa_9_11_1_31_6,Barrio Nuevo Paraíso,poblado_pa_9_11_1_31,9-11-1-31-6
barrio_pa_9_11_1_31_7,Barriada Omar Torrijos,poblado_pa_9_11_1_31,9-11-1-31-7
barrio_pa_9_11_1_31_8,Barriada San Isidro,poblado_pa_9_11_1_31,9-11-1-31-8
barrio_pa_9_11_1_31_9,Barriada San José,poblado_pa_9_11_1_31,9-11-1-31-9
barrio_pa_9_11_1_31_10,Barriada Virgen del Carmen,poblado_pa_9_11_1_31,9-11-1-31-10
barrio_pa_9_11_1_31_11,Don Bosco,poblado_pa_9_11_1_31,9-11-1-31-11
barrio_pa_9_11_1_31_12,Soná,poblado_pa_9_11_1_31,9-11-1-31-12
barrio_pa_9_11_1_31_13,Barriada 11 de Octubre,poblado_pa_9_11_1_31,9-11-1-31-13
barrio_pa_9_11_1_31_14,Barriada Buena Vista,poblado_pa_9_11_1_31,9-11-1-31-14
barrio_pa_9_11_1_31_15,Barriada Naciones Unidas,poblado_pa_9_11_1_31,9-11-1-31-15
barrio_pa_9_11_1_31_16,Barriada Noche Buena,poblado_pa_9_11_1_31,9-11-1-31-16
barrio_pa_9_11_1_31_17,Urbanización Siglo Xxi,poblado_pa_9_11_1_31,9-11-1-31-17
barrio_pa_9_11_1_31_18,Residencial Villas del Río,poblado_pa_9_11_1_31,9-11-1-31-18
barrio_pa_9_11_1_31_19,San Martín,poblado_pa_9_11_1_31,9-11-1-31-19
barrio_pa_9_11_1_31_20,Residencial el Coco,poblado_pa_9_11_1_31,9-11-1-31-20
barrio_pa_9_11_1_31_21,Residencial Brisas de Soná,poblado_pa_9_11_1_31,9-11-1-31-21
barrio_pa_13_1_1_1_1,Barriada  Altos del Lago,poblado_pa_13_1_1_1,13-1-1-1-1
barrio_pa_13_1_1_1_2,Arraiján,poblado_pa_13_1_1_1,13-1-1-1-2
barrio_pa_13_1_1_1_3,Barriada  el Gringo,poblado_pa_13_1_1_1,13-1-1-1-3
barrio_pa_13_1_1_1_4,Barriada  Paraíso,poblado_pa_13_1_1_1,13-1-1-1-4
barrio_pa_13_1_1_1_6,Barriada Thatcher,poblado_pa_13_1_1_1,13-1-1-1-6
barrio_pa_13_1_1_1_7,Barrio San Nicolás,poblado_pa_13_1_1_1,13-1-1-1-7
barrio_pa_13_1_1_1_8,El Cerrito o los Cerritos,poblado_pa_13_1_1_1,13-1-1-1-8
barrio_pa_13_1_1_1_9,La Polvareda,poblado_pa_13_1_1_1,13-1-1-1-9
barrio_pa_13_1_1_1_10,Barriada las Sardinas,poblado_pa_13_1_1_1,13-1-1-1-10
barrio_pa_13_1_1_1_12,Barriada las Vegas,poblado_pa_13_1_1_1,13-1-1-1-12
barrio_pa_13_1_1_1_13,Bajo las Palmas,poblado_pa_13_1_1_1,13-1-1-1-13
barrio_pa_13_1_1_1_14,Barriada  Altos de Villa del Sol,poblado_pa_13_1_1_1,13-1-1-1-14
barrio_pa_13_1_1_1_15,Barriada  el Cristal,poblado_pa_13_1_1_1,13-1-1-1-15
barrio_pa_13_1_1_1_16,Barriada la Libertad,poblado_pa_13_1_1_1,13-1-1-1-16
barrio_pa_13_1_1_1_17,Barriada la Paz,poblado_pa_13_1_1_1,13-1-1-1-17
barrio_pa_13_1_1_1_18,Barriada las Nubes,poblado_pa_13_1_1_1,13-1-1-1-18
barrio_pa_13_1_1_1_19,Barriada los Pinos,poblado_pa_13_1_1_1,13-1-1-1-19
barrio_pa_13_1_1_1_21,Barriada Valle del Sol,poblado_pa_13_1_1_1,13-1-1-1-21
barrio_pa_13_1_1_1_22,Barriada 7 de Septiembre,poblado_pa_13_1_1_1,13-1-1-1-22
barrio_pa_13_1_1_1_23,Barriada 26 de Diciembre,poblado_pa_13_1_1_1,13-1-1-1-23
barrio_pa_13_1_1_1_24,Barriada 28 de Noviembre,poblado_pa_13_1_1_1,13-1-1-1-24
barrio_pa_13_1_1_1_25,Barriada Cruz de Oro,poblado_pa_13_1_1_1,13-1-1-1-25
barrio_pa_13_1_1_1_26,Barriada Loma del Río,poblado_pa_13_1_1_1,13-1-1-1-26
barrio_pa_13_1_1_1_27,Barrio Paso Real,poblado_pa_13_1_1_1,13-1-1-1-27
barrio_pa_13_1_1_1_28,Barrio Talamanca,poblado_pa_13_1_1_1,13-1-1-1-28
barrio_pa_13_1_1_1_29,El Valle de las Rosas,poblado_pa_13_1_1_1,13-1-1-1-29
barrio_pa_13_1_1_1_30,Pe?A Blanca,poblado_pa_13_1_1_1,13-1-1-1-30
barrio_pa_13_1_1_1_31,Residencial la Arboleda,poblado_pa_13_1_1_1,13-1-1-1-31
barrio_pa_13_1_1_1_32,San Agustín (P ),poblado_pa_13_1_1_1,13-1-1-1-32
barrio_pa_13_1_1_1_34,Urbanización la Hacienda,poblado_pa_13_1_1_1,13-1-1-1-34
barrio_pa_13_1_1_1_35,La Cascada,poblado_pa_13_1_1_1,13-1-1-1-35
barrio_pa_13_1_1_1_36,Urbanización los Cortijos,poblado_pa_13_1_1_1,13-1-1-1-36
barrio_pa_13_1_1_1_37,Altos de las Acacias,poblado_pa_13_1_1_1,13-1-1-1-37
barrio_pa_13_1_1_1_38,Barriada Canaán,poblado_pa_13_1_1_1,13-1-1-1-38
barrio_pa_13_1_1_1_39,La Veranera,poblado_pa_13_1_1_1,13-1-1-1-39
barrio_pa_13_1_1_1_40,Boo Yala,poblado_pa_13_1_1_1,13-1-1-1-40
barrio_pa_13_1_1_1_41,Barriada Boo Yala,poblado_pa_13_1_1_1,13-1-1-1-41
barrio_pa_13_1_1_1_42,Boo Yala Chiquito,poblado_pa_13_1_1_1,13-1-1-1-42
barrio_pa_13_1_1_1_43,Los Laureles,poblado_pa_13_1_1_1,13-1-1-1-43
barrio_pa_13_1_1_1_44,El Tecal,poblado_pa_13_1_1_1,13-1-1-1-44
barrio_pa_13_1_1_1_45,Alto Bonito,poblado_pa_13_1_1_1,13-1-1-1-45
barrio_pa_13_1_1_1_46,Altos del Paraíso,poblado_pa_13_1_1_1,13-1-1-1-46
barrio_pa_13_1_1_1_47,Castillo de Oro,poblado_pa_13_1_1_1,13-1-1-1-47
barrio_pa_13_1_1_1_48,Cuatro Torres,poblado_pa_13_1_1_1,13-1-1-1-48
barrio_pa_13_1_1_1_49,Huerto del Edén,poblado_pa_13_1_1_1,13-1-1-1-49
barrio_pa_13_1_1_2_1,Burunga (P),poblado_pa_13_1_1_2,13-1-1-2-1
barrio_pa_13_1_1_3_1,Cáceres,poblado_pa_13_1_1_3,13-1-1-3-1
barrio_pa_13_1_1_3_2,Urbanización la Lomita,poblado_pa_13_1_1_3,13-1-1-3-2
barrio_pa_13_1_1_3_3,Villas el Carrizal,poblado_pa_13_1_1_3,13-1-1-3-3
barrio_pa_13_1_1_6_1,El Llano,poblado_pa_13_1_1_6,13-1-1-6-1
barrio_pa_13_1_1_6_2,Las Acacias,poblado_pa_13_1_1_6,13-1-1-6-2
barrio_pa_13_1_1_6_3,11 de Octubre,poblado_pa_13_1_1_6,13-1-1-6-3
barrio_pa_13_1_1_6_4,Vista Bella,poblado_pa_13_1_1_6,13-1-1-6-4
barrio_pa_13_1_1_6_5,La Cantera,poblado_pa_13_1_1_6,13-1-1-6-5
barrio_pa_13_1_1_6_6,Barriada Aires del Llano,poblado_pa_13_1_1_6,13-1-1-6-6
barrio_pa_13_1_1_6_7,Puerta de los Ángeles,poblado_pa_13_1_1_6,13-1-1-6-7
barrio_pa_13_1_1_6_8,Urbanización Valle del Níspero,poblado_pa_13_1_1_6,13-1-1-6-8
barrio_pa_13_1_1_6_9,Residencial Aires de las Acacias,poblado_pa_13_1_1_6,13-1-1-6-9
barrio_pa_13_1_1_6_10,Vista Bella Village,poblado_pa_13_1_1_6,13-1-1-6-10
barrio_pa_13_1_1_33_1,Cantón de Cáceres,poblado_pa_13_1_1_33,13-1-1-33-1
barrio_pa_13_1_1_33_2,Las Colinas de Cáceres,poblado_pa_13_1_1_33,13-1-1-33-2
barrio_pa_13_1_1_33_3,Cáceres Hill,poblado_pa_13_1_1_33,13-1-1-33-3
barrio_pa_13_1_1_50_1,Tucan Country Club And Resort,poblado_pa_13_1_1_50,13-1-1-50-1
barrio_pa_13_1_2_1_1,Cerro Tigre (P),poblado_pa_13_1_2_1,13-1-2-1-1
barrio_pa_13_1_2_1_2,Urbanización Villa Karla,poblado_pa_13_1_2_1,13-1-2-1-2
barrio_pa_13_1_2_1_3,Villa Patricia,poblado_pa_13_1_2_1,13-1-2-1-3
barrio_pa_13_1_2_1_4,Residencial Altos de Cerro Tigre,poblado_pa_13_1_2_1,13-1-2-1-4
barrio_pa_13_1_2_1_5,Urbanización la Roca 33,poblado_pa_13_1_2_1,13-1-2-1-5
barrio_pa_13_1_2_1_6,La Roca Es Jesús,poblado_pa_13_1_2_1,13-1-2-1-6
barrio_pa_13_1_2_2_1,Las Colinas de Chapala,poblado_pa_13_1_2_2,13-1-2-2-1
barrio_pa_13_1_2_2_2,Chapala,poblado_pa_13_1_2_2,13-1-2-2-2
barrio_pa_13_1_2_2_3,Brisas del Golf,poblado_pa_13_1_2_2,13-1-2-2-3
barrio_pa_13_1_2_2_4,Residencial Princesa Mía Iii (P),poblado_pa_13_1_2_2,13-1-2-2-4
barrio_pa_13_1_2_2_5,Urbanización el Palmar,poblado_pa_13_1_2_2,13-1-2-2-5
barrio_pa_13_1_2_2_6,Villas de Antigua,poblado_pa_13_1_2_2,13-1-2-2-6
barrio_pa_13_1_2_2_7,Residencial Bosques del Prado,poblado_pa_13_1_2_2,13-1-2-2-7
barrio_pa_13_1_2_2_8,Ph Forest Hills,poblado_pa_13_1_2_2,13-1-2-2-8
barrio_pa_13_1_2_2_9,Urbanización Puerta Real,poblado_pa_13_1_2_2,13-1-2-2-9
barrio_pa_13_1_2_2_10,Reparto Bella Vista,poblado_pa_13_1_2_2,13-1-2-2-10
barrio_pa_13_1_2_2_11,Residencial los Valles,poblado_pa_13_1_2_2,13-1-2-2-11
barrio_pa_13_1_2_2_12,West Gardens,poblado_pa_13_1_2_2,13-1-2-2-12
barrio_pa_13_1_2_2_13,Las Torres,poblado_pa_13_1_2_2,13-1-2-2-13
barrio_pa_13_1_2_2_14,El Cafetal,poblado_pa_13_1_2_2,13-1-2-2-14
barrio_pa_13_1_2_3_1,San Bernardino,poblado_pa_13_1_2_3,13-1-2-3-1
barrio_pa_13_1_2_3_2,Finca María,poblado_pa_13_1_2_3,13-1-2-3-2
barrio_pa_13_1_2_3_3,Bosques de Valle Hermoso,poblado_pa_13_1_2_3,13-1-2-3-3
barrio_pa_13_1_2_3_4,Brisas del Campo,poblado_pa_13_1_2_3,13-1-2-3-4
barrio_pa_13_1_2_3_5,Parque Central,poblado_pa_13_1_2_3,13-1-2-3-5
barrio_pa_13_1_2_4_1,Hato Monta?A,poblado_pa_13_1_2_4,13-1-2-4-1
barrio_pa_13_1_2_4_2,Platinum Park,poblado_pa_13_1_2_4,13-1-2-4-2
barrio_pa_13_1_2_4_3,Urbanización Parques del Oeste,poblado_pa_13_1_2_4,13-1-2-4-3
barrio_pa_13_1_2_4_4,Urbanización Monterregio,poblado_pa_13_1_2_4,13-1-2-4-4
barrio_pa_13_1_2_4_5,Residencial Villa Diana,poblado_pa_13_1_2_4,13-1-2-4-5
barrio_pa_13_1_2_4_6,Urbanización Aires de Hato Monta?A,poblado_pa_13_1_2_4,13-1-2-4-6
barrio_pa_13_1_2_4_7,Urbanización Belmonte,poblado_pa_13_1_2_4,13-1-2-4-7
barrio_pa_13_1_2_4_8,Urbanización Hato Monta?A,poblado_pa_13_1_2_4,13-1-2-4-8
barrio_pa_13_1_2_4_9,Altos del Naranjal,poblado_pa_13_1_2_4,13-1-2-4-9
barrio_pa_13_1_2_4_10,Parques de Oviedo,poblado_pa_13_1_2_4,13-1-2-4-10
barrio_pa_13_1_2_4_11,Reparto Alborada,poblado_pa_13_1_2_4,13-1-2-4-11
barrio_pa_13_1_2_4_12,West Village,poblado_pa_13_1_2_4,13-1-2-4-12
barrio_pa_13_1_2_4_13,Ph Olimpia,poblado_pa_13_1_2_4,13-1-2-4-13
barrio_pa_13_1_2_4_14,Royal Park,poblado_pa_13_1_2_4,13-1-2-4-14
barrio_pa_13_1_2_4_15,Urbanización Vallerregio,poblado_pa_13_1_2_4,13-1-2-4-15
barrio_pa_13_1_2_4_16,Villa Dorada,poblado_pa_13_1_2_4,13-1-2-4-16
barrio_pa_13_1_2_6_1,Nuevo Arraiján,poblado_pa_13_1_2_6,13-1-2-6-1
barrio_pa_13_1_2_6_2,Urbanización Bello Amor,poblado_pa_13_1_2_6,13-1-2-6-2
barrio_pa_13_1_2_6_3,Barriada 7 de Junio,poblado_pa_13_1_2_6,13-1-2-6-3
barrio_pa_13_1_2_6_4,Residencial los Pinos,poblado_pa_13_1_2_6,13-1-2-6-4
barrio_pa_13_1_2_6_5,Urbanización San Gabriel,poblado_pa_13_1_2_6,13-1-2-6-5
barrio_pa_13_1_2_6_6,Villas del Encanto,poblado_pa_13_1_2_6,13-1-2-6-6
barrio_pa_13_1_2_6_7,Urbanización Valle Hermoso,poblado_pa_13_1_2_6,13-1-2-6-7
barrio_pa_13_1_2_6_8,San Bernardino,poblado_pa_13_1_2_6,13-1-2-6-8
barrio_pa_13_1_2_6_9,Urbanización Altos de San Gabriel,poblado_pa_13_1_2_6,13-1-2-6-9
barrio_pa_13_1_2_6_10,Urbanización Valle del Sol,poblado_pa_13_1_2_6,13-1-2-6-10
barrio_pa_13_1_2_6_11,Barriada David Cáceres,poblado_pa_13_1_2_6,13-1-2-6-11
barrio_pa_13_1_2_6_12,Residencial Parque Centenario,poblado_pa_13_1_2_6,13-1-2-6-12
barrio_pa_13_1_2_6_13,Urbanización Puerta de Hierro,poblado_pa_13_1_2_6,13-1-2-6-13
barrio_pa_13_1_2_6_14,Barriada Valle de San Bernardino,poblado_pa_13_1_2_6,13-1-2-6-14
barrio_pa_13_1_2_6_15,Quintas de Nuevo Arraiján,poblado_pa_13_1_2_6,13-1-2-6-15
barrio_pa_13_1_2_6_16,Arraijan Country Club,poblado_pa_13_1_2_6,13-1-2-6-16
barrio_pa_13_1_2_6_17,El Realengo,poblado_pa_13_1_2_6,13-1-2-6-17
barrio_pa_13_1_2_6_18,Ph Riverside Village,poblado_pa_13_1_2_6,13-1-2-6-18
barrio_pa_13_1_2_6_19,Ph West Santorini,poblado_pa_13_1_2_6,13-1-2-6-19
barrio_pa_13_1_2_6_20,Residencial Apeiba,poblado_pa_13_1_2_6,13-1-2-6-20
barrio_pa_13_1_2_6_21,Residencial las Lajas,poblado_pa_13_1_2_6,13-1-2-6-21
barrio_pa_13_1_2_6_22,Residencial Portobelo,poblado_pa_13_1_2_6,13-1-2-6-22
barrio_pa_13_1_2_7_1,Nuevo Guararé,poblado_pa_13_1_2_7,13-1-2-7-1
barrio_pa_13_1_2_7_2,Residencial Green Village,poblado_pa_13_1_2_7,13-1-2-7-2
barrio_pa_13_1_2_7_3,Residencial los Sauces,poblado_pa_13_1_2_7,13-1-2-7-3
barrio_pa_13_1_2_7_4,Villas de la Alameda,poblado_pa_13_1_2_7,13-1-2-7-4
barrio_pa_13_1_2_7_5,The Hill Top,poblado_pa_13_1_2_7,13-1-2-7-5
barrio_pa_13_1_2_7_6,Ecogardens,poblado_pa_13_1_2_7,13-1-2-7-6
barrio_pa_13_1_2_7_7,Residencial Clavel,poblado_pa_13_1_2_7,13-1-2-7-7
barrio_pa_13_1_2_7_8,Residencial las Verdes,poblado_pa_13_1_2_7,13-1-2-7-8
barrio_pa_13_1_2_7_9,Ph Paseo del Rey,poblado_pa_13_1_2_7,13-1-2-7-9
barrio_pa_13_1_2_7_11,Senderos de Bambú,poblado_pa_13_1_2_7,13-1-2-7-11
barrio_pa_13_1_2_9_1,Urbanización el Palmar,poblado_pa_13_1_2_9,13-1-2-9-1
barrio_pa_13_1_2_9_2,San José,poblado_pa_13_1_2_9,13-1-2-9-2
barrio_pa_13_1_2_9_3,Brisas de Arraiján,poblado_pa_13_1_2_9,13-1-2-9-3
barrio_pa_13_1_2_9_4,Ph Residencial Primavera,poblado_pa_13_1_2_9,13-1-2-9-4
barrio_pa_13_1_2_9_5,Villas del Palmar,poblado_pa_13_1_2_9,13-1-2-9-5
barrio_pa_13_1_2_11_1,El Copé,poblado_pa_13_1_2_11,13-1-2-11-1
barrio_pa_13_1_2_11_2,Residencial Edén,poblado_pa_13_1_2_11,13-1-2-11-2
barrio_pa_13_1_2_15_1,Ciudad del Futuro,poblado_pa_13_1_2_15,13-1-2-15-1
barrio_pa_13_1_2_15_2,Villa las Praderas,poblado_pa_13_1_2_15,13-1-2-15-2
barrio_pa_13_1_2_15_3,Urbanización las Palmeras,poblado_pa_13_1_2_15,13-1-2-15-3
barrio_pa_13_1_2_15_4,Residencial Aragón,poblado_pa_13_1_2_15,13-1-2-15-4
barrio_pa_13_1_2_15_5,Ph la Sierra,poblado_pa_13_1_2_15,13-1-2-15-5
barrio_pa_13_1_2_15_6,Residencial la Campi?A,poblado_pa_13_1_2_15,13-1-2-15-6
barrio_pa_13_1_2_15_7,Residencial Park Village,poblado_pa_13_1_2_15,13-1-2-15-7
barrio_pa_13_1_2_15_8,Residencial Santillana A,poblado_pa_13_1_2_15,13-1-2-15-8
barrio_pa_13_1_2_15_9,Villa las Oropéndolas,poblado_pa_13_1_2_15,13-1-2-15-9
barrio_pa_13_1_2_15_10,Villas del Bosque,poblado_pa_13_1_2_15,13-1-2-15-10
barrio_pa_13_1_2_15_11,Los Palmitos de Arraiján,poblado_pa_13_1_2_15,13-1-2-15-11
barrio_pa_13_1_2_15_12,Senderos de Arraiján,poblado_pa_13_1_2_15,13-1-2-15-12
barrio_pa_13_1_2_15_13,Residencial Santillana B,poblado_pa_13_1_2_15,13-1-2-15-13
barrio_pa_13_1_2_19_1,Altos de Nuevo Arraiján,poblado_pa_13_1_2_19,13-1-2-19-1
barrio_pa_13_1_2_19_2,Residencial Nuevo Arraiján,poblado_pa_13_1_2_19,13-1-2-19-2
barrio_pa_13_1_2_19_3,Residencial Alicante,poblado_pa_13_1_2_19,13-1-2-19-3
barrio_pa_13_1_2_19_4,Residencial Brisas de Toledo,poblado_pa_13_1_2_19,13-1-2-19-4
barrio_pa_13_1_2_25_1,Villas de Lago Emperador (P),poblado_pa_13_1_2_25,13-1-2-25-1
barrio_pa_13_1_3_3_1,Bernardino Arriba,poblado_pa_13_1_3_3,13-1-3-3-1
barrio_pa_13_1_3_3_2,Brisas del Paraíso,poblado_pa_13_1_3_3,13-1-3-3-2
barrio_pa_13_1_3_3_4,Las Guabitas Arriba,poblado_pa_13_1_3_3,13-1-3-3-4
barrio_pa_13_1_3_3_6,Urbanización la Florida,poblado_pa_13_1_3_3,13-1-3-3-6
barrio_pa_13_1_3_3_7,Villas de Betuel,poblado_pa_13_1_3_3,13-1-3-3-7
barrio_pa_13_1_3_3_8,Urbanización Villas de Roma,poblado_pa_13_1_3_3,13-1-3-3-8
barrio_pa_13_1_3_3_9,Villas del Lago,poblado_pa_13_1_3_3,13-1-3-3-9
barrio_pa_13_1_3_3_10,Villa Luna,poblado_pa_13_1_3_3,13-1-3-3-10
barrio_pa_13_1_3_12_1,Nuevo Emperador,poblado_pa_13_1_3_12,13-1-3-12-1
barrio_pa_13_1_3_12_3,Bonanza Country Club,poblado_pa_13_1_3_12,13-1-3-12-3
barrio_pa_13_1_3_12_4,Colinas de Bonanza,poblado_pa_13_1_3_12,13-1-3-12-4
barrio_pa_13_1_3_14_1,Sacramento,poblado_pa_13_1_3_14,13-1-3-14-1
barrio_pa_13_1_3_14_2,Altos de Nuevo Emperador,poblado_pa_13_1_3_14,13-1-3-14-2
barrio_pa_13_1_3_14_3,Barriada Emaús Hill,poblado_pa_13_1_3_14,13-1-3-14-3
barrio_pa_13_1_3_14_4,Bosques de Arraiján,poblado_pa_13_1_3_14,13-1-3-14-4
barrio_pa_13_1_3_14_5,El Llano,poblado_pa_13_1_3_14,13-1-3-14-5
barrio_pa_13_1_3_14_6,Jardines del Oeste,poblado_pa_13_1_3_14,13-1-3-14-6
barrio_pa_13_1_3_14_7,Qanah Gardens,poblado_pa_13_1_3_14,13-1-3-14-7
barrio_pa_13_1_3_14_8,Residencial San Miguel,poblado_pa_13_1_3_14,13-1-3-14-8
barrio_pa_13_1_3_14_9,Barriada Gil,poblado_pa_13_1_3_14,13-1-3-14-9
barrio_pa_13_1_3_27_1,Villas de Lago Emperador (P),poblado_pa_13_1_3_27,13-1-3-27-1
barrio_pa_13_1_3_27_2,El Carrizal,poblado_pa_13_1_3_27,13-1-3-27-2
barrio_pa_13_1_3_27_3,Paseo San Nicolás I,poblado_pa_13_1_3_27,13-1-3-27-3
barrio_pa_13_1_3_27_4,Paseo San Nicolás Ii,poblado_pa_13_1_3_27,13-1-3-27-4
barrio_pa_13_1_3_27_5,Quintas de Lago Emperador,poblado_pa_13_1_3_27,13-1-3-27-5
barrio_pa_13_1_5_3_1,Altos de la Roca,poblado_pa_13_1_5_3,13-1-5-3-1
barrio_pa_13_1_5_3_2,Barriada  Alto de Miramar,poblado_pa_13_1_5_3,13-1-5-3-2
barrio_pa_13_1_5_3_3,Barriada  Esperanza No.2,poblado_pa_13_1_5_3,13-1-5-3-3
barrio_pa_13_1_5_3_4,Barriada  los Pinos,poblado_pa_13_1_5_3,13-1-5-3-4
barrio_pa_13_1_5_3_5,Barriada Panamá,poblado_pa_13_1_5_3,13-1-5-3-5
barrio_pa_13_1_5_3_6,Charco Macho,poblado_pa_13_1_5_3,13-1-5-3-6
barrio_pa_13_1_5_3_7,Chumical,poblado_pa_13_1_5_3,13-1-5-3-7
barrio_pa_13_1_5_3_8,Costa del Sol,poblado_pa_13_1_5_3,13-1-5-3-8
barrio_pa_13_1_5_3_10,El Realengo,poblado_pa_13_1_5_3,13-1-5-3-10
barrio_pa_13_1_5_3_11,La Represa,poblado_pa_13_1_5_3,13-1-5-3-11
barrio_pa_13_1_5_3_12,Majagual,poblado_pa_13_1_5_3,13-1-5-3-12
barrio_pa_13_1_5_3_13,Veracruz,poblado_pa_13_1_5_3,13-1-5-3-13
barrio_pa_13_1_5_3_15,Barriada Cancún,poblado_pa_13_1_5_3,13-1-5-3-15
barrio_pa_13_1_5_3_16,Barriada Bello Horizonte,poblado_pa_13_1_5_3,13-1-5-3-16
barrio_pa_13_1_5_3_17,Altos del Chumical,poblado_pa_13_1_5_3,13-1-5-3-17
barrio_pa_13_1_5_3_18,Barriada Bello Horizonte No.2,poblado_pa_13_1_5_3,13-1-5-3-18
barrio_pa_13_1_5_3_19,Barriada Nueva Esperanza,poblado_pa_13_1_5_3,13-1-5-3-19
barrio_pa_13_1_5_3_20,La Victoria,poblado_pa_13_1_5_3,13-1-5-3-20
barrio_pa_13_1_5_3_21,Koskuna,poblado_pa_13_1_5_3,13-1-5-3-21
barrio_pa_13_1_5_3_22,El Triunfo,poblado_pa_13_1_5_3,13-1-5-3-22
barrio_pa_13_1_5_17_1,Howard,poblado_pa_13_1_5_17,13-1-5-17-1
barrio_pa_13_1_5_17_7,Residencial Howard,poblado_pa_13_1_5_17,13-1-5-17-7
barrio_pa_13_1_5_17_8,Villas de Howard,poblado_pa_13_1_5_17,13-1-5-17-8
barrio_pa_13_1_5_25_1,Bosques del Pacífico,poblado_pa_13_1_5_25,13-1-5-25-1
barrio_pa_13_1_5_25_2,Palmía - Woodlands,poblado_pa_13_1_5_25,13-1-5-25-2
barrio_pa_13_1_5_25_3,Panamá Pacífico,poblado_pa_13_1_5_25,13-1-5-25-3
barrio_pa_13_1_5_25_4,Ph Midrise,poblado_pa_13_1_5_25,13-1-5-25-4
barrio_pa_13_1_5_25_5,Ph Sf1,poblado_pa_13_1_5_25,13-1-5-25-5
barrio_pa_13_1_5_25_6,Ph Sf2,poblado_pa_13_1_5_25,13-1-5-25-6
barrio_pa_13_1_5_25_7,Ph Sf3,poblado_pa_13_1_5_25,13-1-5-25-7
barrio_pa_13_1_5_25_8,Residencial Ph Nativa,poblado_pa_13_1_5_25,13-1-5-25-8
barrio_pa_13_1_5_25_9,River Valley,poblado_pa_13_1_5_25,13-1-5-25-9
barrio_pa_13_1_5_25_10,Explora,poblado_pa_13_1_5_25,13-1-5-25-10
barrio_pa_13_1_5_25_11,Madeira,poblado_pa_13_1_5_25,13-1-5-25-11
barrio_pa_13_1_5_25_12,Parterre,poblado_pa_13_1_5_25,13-1-5-25-12
barrio_pa_13_1_5_26_1,The Westin,poblado_pa_13_1_5_26,13-1-5-26-1
barrio_pa_13_1_6_4_1,Barriada 4 de Febrero,poblado_pa_13_1_6_4,13-1-6-4-1
barrio_pa_13_1_6_4_2,Barriada Yanitza,poblado_pa_13_1_6_4,13-1-6-4-2
barrio_pa_13_1_6_4_3,La Colina,poblado_pa_13_1_6_4,13-1-6-4-3
barrio_pa_13_1_6_4_4,La Constancia,poblado_pa_13_1_6_4,13-1-6-4-4
barrio_pa_13_1_6_4_5,Loma Bonita,poblado_pa_13_1_6_4,13-1-6-4-5
barrio_pa_13_1_6_4_6,Maracaná,poblado_pa_13_1_6_4,13-1-6-4-6
barrio_pa_13_1_6_4_7,El Mirador,poblado_pa_13_1_6_4,13-1-6-4-7
barrio_pa_13_1_6_4_8,Paseo la Unión,poblado_pa_13_1_6_4,13-1-6-4-8
barrio_pa_13_1_6_4_9,Río Indio,poblado_pa_13_1_6_4,13-1-6-4-9
barrio_pa_13_1_6_4_10,Urbanización Mayín,poblado_pa_13_1_6_4,13-1-6-4-10
barrio_pa_13_1_6_4_11,Vista Alegre,poblado_pa_13_1_6_4,13-1-6-4-11
barrio_pa_13_1_6_4_12,Villa Ángela,poblado_pa_13_1_6_4,13-1-6-4-12
barrio_pa_13_1_6_4_13,Reparto María Eugenia,poblado_pa_13_1_6_4,13-1-6-4-13
barrio_pa_13_1_6_4_14,Villa Alegre,poblado_pa_13_1_6_4,13-1-6-4-14
barrio_pa_13_1_6_4_15,Ph Primavera Premium,poblado_pa_13_1_6_4,13-1-6-4-15
barrio_pa_13_1_6_6_2,Altos de Vacamonte,poblado_pa_13_1_6_6,13-1-6-6-2
barrio_pa_13_1_6_6_3,Brisas del Chumical,poblado_pa_13_1_6_6,13-1-6-6-3
barrio_pa_13_1_6_6_4,Barriada Tagar Kunayala,poblado_pa_13_1_6_6,13-1-6-6-4
barrio_pa_13_1_6_6_8,La Floresta,poblado_pa_13_1_6_6,13-1-6-6-8
barrio_pa_13_1_6_6_13,Sol Naciente,poblado_pa_13_1_6_6,13-1-6-6-13
barrio_pa_13_1_6_6_15,Urbanización Altamira,poblado_pa_13_1_6_6,13-1-6-6-15
barrio_pa_13_1_6_6_16,El Valle de Arraiján,poblado_pa_13_1_6_6,13-1-6-6-16
barrio_pa_13_1_6_6_17,Residencial Brisas del Mar o Residencial la Reina,poblado_pa_13_1_6_6,13-1-6-6-17
barrio_pa_13_1_6_6_18,Altos del Mirador,poblado_pa_13_1_6_6,13-1-6-6-18
barrio_pa_13_1_6_6_21,Altos del Chumical,poblado_pa_13_1_6_6,13-1-6-6-21
barrio_pa_13_1_6_10_1,Residencial Altos de Vista Alegre,poblado_pa_13_1_6_10,13-1-6-10-1
barrio_pa_13_1_6_10_2,Residencial Vista Alegre,poblado_pa_13_1_6_10,13-1-6-10-2
barrio_pa_13_1_6_17_1,Residencial Olas,poblado_pa_13_1_6_17,13-1-6-17-1
barrio_pa_13_1_6_17_2,Residencial Playamar,poblado_pa_13_1_6_17,13-1-6-17-2
barrio_pa_13_1_6_17_3,Residencial Vista  Azul,poblado_pa_13_1_6_17,13-1-6-17-3
barrio_pa_13_1_6_17_4,Residencial Alamar,poblado_pa_13_1_6_17,13-1-6-17-4
barrio_pa_13_1_6_17_5,Residencial Altamarina,poblado_pa_13_1_6_17,13-1-6-17-5
barrio_pa_13_1_6_17_6,Residencial Villa Marina I,poblado_pa_13_1_6_17,13-1-6-17-6
barrio_pa_13_1_6_17_7,Residencial Villa Marina Ii,poblado_pa_13_1_6_17,13-1-6-17-7
barrio_pa_13_1_7_1_1,Urbanización la Estancia,poblado_pa_13_1_7_1,13-1-7-1-1
barrio_pa_13_1_7_1_2,San Agustín (P),poblado_pa_13_1_7_1,13-1-7-1-2
barrio_pa_13_1_7_1_3,Nuevo San Agustín,poblado_pa_13_1_7_1,13-1-7-1-3
barrio_pa_13_1_7_1_4,La Gran Bendición,poblado_pa_13_1_7_1,13-1-7-1-4
barrio_pa_13_1_7_2_1,Barriada el Campesino,poblado_pa_13_1_7_2,13-1-7-2-1
barrio_pa_13_1_7_2_2,Barriada el Progreso,poblado_pa_13_1_7_2,13-1-7-2-2
barrio_pa_13_1_7_2_3,Barriada Rogelio Paredes,poblado_pa_13_1_7_2,13-1-7-2-3
barrio_pa_13_1_7_2_4,Barriada 11 de Octubre,poblado_pa_13_1_7_2,13-1-7-2-4
barrio_pa_13_1_7_2_5,Barriada 2000,poblado_pa_13_1_7_2,13-1-7-2-5
barrio_pa_13_1_7_2_6,Barriada Generación 2000,poblado_pa_13_1_7_2,13-1-7-2-6
barrio_pa_13_1_7_2_7,Las Colinas,poblado_pa_13_1_7_2,13-1-7-2-7
barrio_pa_13_1_7_2_8,Barriada 13 de Febrero,poblado_pa_13_1_7_2,13-1-7-2-8
barrio_pa_13_1_7_2_9,Finca la Lajita,poblado_pa_13_1_7_2,13-1-7-2-9
barrio_pa_13_1_7_2_10,La Cascada,poblado_pa_13_1_7_2,13-1-7-2-10
barrio_pa_13_1_7_2_11,Urbanización la Alameda,poblado_pa_13_1_7_2,13-1-7-2-11
barrio_pa_13_1_7_2_12,Barriada 2000 Rural,poblado_pa_13_1_7_2,13-1-7-2-12
barrio_pa_13_1_7_2_13,Nueva Jerusalén,poblado_pa_13_1_7_2,13-1-7-2-13
barrio_pa_13_1_7_4_1,Barriada el Toro,poblado_pa_13_1_7_4,13-1-7-4-1
barrio_pa_13_1_7_4_2,Barriada los Ángeles,poblado_pa_13_1_7_4,13-1-7-4-2
barrio_pa_13_1_7_4_3,Barriada Omar Torrijos,poblado_pa_13_1_7_4,13-1-7-4-3
barrio_pa_13_1_7_4_4,Los Guayacanes,poblado_pa_13_1_7_4,13-1-7-4-4
barrio_pa_13_1_7_4_5,Villa Monroy,poblado_pa_13_1_7_4,13-1-7-4-5
barrio_pa_13_1_7_4_6,Barriada Nueva Luz,poblado_pa_13_1_7_4,13-1-7-4-6
barrio_pa_13_1_7_4_7,Barriada Nueva Luz No.2,poblado_pa_13_1_7_4,13-1-7-4-7
barrio_pa_13_1_7_4_8,El Exodo,poblado_pa_13_1_7_4,13-1-7-4-8
barrio_pa_13_1_7_5_1,Barriada Altos de las Torres,poblado_pa_13_1_7_5,13-1-7-5-1
barrio_pa_13_1_7_5_2,Burunga (P),poblado_pa_13_1_7_5,13-1-7-5-2
barrio_pa_13_1_7_5_3,El Chorro,poblado_pa_13_1_7_5,13-1-7-5-3
barrio_pa_13_1_7_5_4,Residencial Do?A Vita,poblado_pa_13_1_7_5,13-1-7-5-4
barrio_pa_13_1_7_5_5,Cerro el Castillo,poblado_pa_13_1_7_5,13-1-7-5-5
barrio_pa_13_1_7_8_1,Palo Diferente,poblado_pa_13_1_7_8,13-1-7-8-1
barrio_pa_13_1_7_8_2,Altos de Palma Real,poblado_pa_13_1_7_8,13-1-7-8-2
barrio_pa_13_1_7_8_3,Barriada 28 de Junio,poblado_pa_13_1_7_8,13-1-7-8-3
barrio_pa_13_1_7_8_4,Cerro el Tigre,poblado_pa_13_1_7_8,13-1-7-8-4
barrio_pa_13_1_7_8_5,Las Torres de Chapala,poblado_pa_13_1_7_8,13-1-7-8-5
barrio_pa_13_1_7_8_6,Lluvia de Bendiciones,poblado_pa_13_1_7_8,13-1-7-8-6
barrio_pa_13_1_7_8_7,Residencial Colinas del Oeste,poblado_pa_13_1_7_8,13-1-7-8-7
barrio_pa_13_1_7_8_8,Residencial Greenland,poblado_pa_13_1_7_8,13-1-7-8-8
barrio_pa_13_1_7_8_9,Residencial Vista Verde,poblado_pa_13_1_7_8,13-1-7-8-9
barrio_pa_13_1_7_12_1,Urbanización Colinas del Sol,poblado_pa_13_1_7_12,13-1-7-12-1
barrio_pa_13_1_7_12_2,Urbanización Brisas del Sol,poblado_pa_13_1_7_12,13-1-7-12-2
barrio_pa_13_1_7_12_3,Río Potrero No.1,poblado_pa_13_1_7_12,13-1-7-12-3
barrio_pa_13_1_7_12_4,Urbanización Brisas de Burunga,poblado_pa_13_1_7_12,13-1-7-12-4
barrio_pa_13_1_8_1_1,Cáceres,poblado_pa_13_1_8_1,13-1-8-1-1
barrio_pa_13_1_8_1_2,Brisas Campestres,poblado_pa_13_1_8_1,13-1-8-1-2
barrio_pa_13_1_8_1_3,Río Cáceres,poblado_pa_13_1_8_1,13-1-8-1-3
barrio_pa_13_1_8_2_1,Cerro Tigre (P),poblado_pa_13_1_8_2,13-1-8-2-1
barrio_pa_13_1_8_2_2,Residencial el Bambú,poblado_pa_13_1_8_2,13-1-8-2-2
barrio_pa_13_1_8_2_3,Residencial Tierra Bella,poblado_pa_13_1_8_2,13-1-8-2-3
barrio_pa_13_1_8_3_1,Barriada Fundavico,poblado_pa_13_1_8_3,13-1-8-3-1
barrio_pa_13_1_8_3_2,Cerro Silvestre,poblado_pa_13_1_8_3,13-1-8-3-2
barrio_pa_13_1_8_3_3,Los Caobos,poblado_pa_13_1_8_3,13-1-8-3-3
barrio_pa_13_1_8_3_4,Tres Marías,poblado_pa_13_1_8_3,13-1-8-3-4
barrio_pa_13_1_8_3_5,Residencial Altos de Cáceres,poblado_pa_13_1_8_3,13-1-8-3-5
barrio_pa_13_1_8_3_6,Urbanización los Rosales,poblado_pa_13_1_8_3,13-1-8-3-6
barrio_pa_13_1_8_3_7,Urbanización Monte Vista,poblado_pa_13_1_8_3,13-1-8-3-7
barrio_pa_13_1_8_3_8,Reparto Alto de Cáceres,poblado_pa_13_1_8_3,13-1-8-3-8
barrio_pa_13_1_8_3_9,Residencial la Isabela,poblado_pa_13_1_8_3,13-1-8-3-9
barrio_pa_13_1_8_3_10,Altos de Loma Camila,poblado_pa_13_1_8_3,13-1-8-3-10
barrio_pa_13_1_8_3_11,Altos del Oeste,poblado_pa_13_1_8_3,13-1-8-3-11
barrio_pa_13_1_8_3_12,Barriada Monte Claro,poblado_pa_13_1_8_3,13-1-8-3-12
barrio_pa_13_1_8_3_13,La Galaxia,poblado_pa_13_1_8_3,13-1-8-3-13
barrio_pa_13_1_8_3_14,Loma Camila,poblado_pa_13_1_8_3,13-1-8-3-14
barrio_pa_13_1_8_3_15,Los Parientes,poblado_pa_13_1_8_3,13-1-8-3-15
barrio_pa_13_1_8_6_1,La Constancia,poblado_pa_13_1_8_6,13-1-8-6-1
barrio_pa_13_1_8_6_2,Alamedas del Valle,poblado_pa_13_1_8_6,13-1-8-6-2
barrio_pa_13_1_8_6_3,Residencial Villa Constancia,poblado_pa_13_1_8_6,13-1-8-6-3
barrio_pa_13_1_8_6_4,Urbanización Villa Nery,poblado_pa_13_1_8_6,13-1-8-6-4
barrio_pa_13_1_8_6_5,Villa Heredia,poblado_pa_13_1_8_6,13-1-8-6-5
barrio_pa_13_1_8_6_6,Vista del Mar,poblado_pa_13_1_8_6,13-1-8-6-6
barrio_pa_13_1_8_6_7,El Roble de Arraiján,poblado_pa_13_1_8_6,13-1-8-6-7
barrio_pa_13_1_8_12_1,San Vicente de Bique,poblado_pa_13_1_8_12,13-1-8-12-1
barrio_pa_13_1_8_12_2,Residencial Bella Esperanza,poblado_pa_13_1_8_12,13-1-8-12-2
barrio_pa_13_1_8_12_3,Residencial Villa Elena,poblado_pa_13_1_8_12,13-1-8-12-3
barrio_pa_13_1_8_12_4,Pueblo Escondido o Pueblo Nuevo,poblado_pa_13_1_8_12,13-1-8-12-4
barrio_pa_13_1_8_12_5,San Isidro,poblado_pa_13_1_8_12,13-1-8-12-5
barrio_pa_13_1_8_13_1,Urbanización Nuevo Chorrillo,poblado_pa_13_1_8_13,13-1-8-13-1
barrio_pa_13_1_8_13_2,Loma Vista Mar,poblado_pa_13_1_8_13,13-1-8-13-2
barrio_pa_13_1_8_13_3,Urbanización Lluvia de Oro,poblado_pa_13_1_8_13,13-1-8-13-3
barrio_pa_13_1_8_13_4,Urbanización Lluvia de Oro No.2,poblado_pa_13_1_8_13,13-1-8-13-4
barrio_pa_13_1_8_13_5,Urbanización Lluvia de Oro No.3,poblado_pa_13_1_8_13,13-1-8-13-5
barrio_pa_13_1_8_13_7,Altos de las Torres,poblado_pa_13_1_8_13,13-1-8-13-7
barrio_pa_13_1_8_13_8,Jardines de Granada,poblado_pa_13_1_8_13,13-1-8-13-8
barrio_pa_13_1_8_13_9,La Constancia,poblado_pa_13_1_8_13,13-1-8-13-9
barrio_pa_13_1_8_13_10,Residencial Nuevo Chorrillo,poblado_pa_13_1_8_13,13-1-8-13-10
barrio_pa_13_1_8_13_11,Residencial Villas de Oro,poblado_pa_13_1_8_13,13-1-8-13-11
barrio_pa_13_1_8_13_12,Villas de Santander,poblado_pa_13_1_8_13,13-1-8-13-12
barrio_pa_13_1_8_13_13,Villas de Santander Ii,poblado_pa_13_1_8_13,13-1-8-13-13
barrio_pa_13_1_8_15_1,Residencial Princesa Mía I,poblado_pa_13_1_8_15,13-1-8-15-1
barrio_pa_13_1_8_15_2,Residencial Princesa Mía Ii,poblado_pa_13_1_8_15,13-1-8-15-2
barrio_pa_13_1_8_15_3,Residencial la Condesa,poblado_pa_13_1_8_15,13-1-8-15-3
barrio_pa_13_1_8_15_4,Residencial Princesa Mía Iii (P),poblado_pa_13_1_8_15,13-1-8-15-4
barrio_pa_13_1_8_15_5,Residencial Princesa Mía Iv,poblado_pa_13_1_8_15,13-1-8-15-5
barrio_pa_13_1_9_1_1,Altos de las Huacas,poblado_pa_13_1_9_1,13-1-9-1-1
barrio_pa_13_1_9_1_2,Altos del Tecal,poblado_pa_13_1_9_1,13-1-9-1-2
barrio_pa_13_1_9_1_3,Ciudad de Esperanza,poblado_pa_13_1_9_1,13-1-9-1-3
barrio_pa_13_1_9_1_4,Ciudad Vacamonte,poblado_pa_13_1_9_1,13-1-9-1-4
barrio_pa_13_1_9_1_5,El Sol del Tecal,poblado_pa_13_1_9_1,13-1-9-1-5
barrio_pa_13_1_9_1_6,El Tecal,poblado_pa_13_1_9_1,13-1-9-1-6
barrio_pa_13_1_9_1_7,Las Huacas,poblado_pa_13_1_9_1,13-1-9-1-7
barrio_pa_13_1_9_1_8,Las Perlas,poblado_pa_13_1_9_1,13-1-9-1-8
barrio_pa_13_1_9_1_9,Los Cerezos,poblado_pa_13_1_9_1,13-1-9-1-9
barrio_pa_13_1_9_1_10,Los Cerezos No.2,poblado_pa_13_1_9_1,13-1-9-1-10
barrio_pa_13_1_9_1_11,Residencial Corotú,poblado_pa_13_1_9_1,13-1-9-1-11
barrio_pa_13_1_9_1_12,Residencial la Constancia,poblado_pa_13_1_9_1,13-1-9-1-12
barrio_pa_13_1_9_1_13,Residencial Vista Alegre No.2 o Chorrillito,poblado_pa_13_1_9_1,13-1-9-1-13
barrio_pa_13_1_9_1_14,Residencial Vista Azul,poblado_pa_13_1_9_1,13-1-9-1-14
barrio_pa_13_1_9_1_15,Valle de los Cerezos,poblado_pa_13_1_9_1,13-1-9-1-15
barrio_pa_13_1_9_2_1,Arce,poblado_pa_13_1_9_2,13-1-9-2-1
barrio_pa_13_1_9_2_2,Caobo,poblado_pa_13_1_9_2,13-1-9-2-2
barrio_pa_13_1_9_2_3,Espavé,poblado_pa_13_1_9_2,13-1-9-2-3
barrio_pa_13_1_9_2_4,Nogal,poblado_pa_13_1_9_2,13-1-9-2-4
barrio_pa_13_3_1_2_1,Capira,poblado_pa_13_3_1_2,13-3-1-2-1
barrio_pa_13_3_1_2_2,El Ciruelito,poblado_pa_13_3_1_2,13-3-1-2-2
barrio_pa_13_3_1_2_3,Flamenco,poblado_pa_13_3_1_2,13-3-1-2-3
barrio_pa_13_3_1_2_4,Las Colinas,poblado_pa_13_3_1_2,13-3-1-2-4
barrio_pa_13_3_1_2_5,Pueblo Nuevo,poblado_pa_13_3_1_2,13-3-1-2-5
barrio_pa_13_3_1_2_6,San Felipe,poblado_pa_13_3_1_2,13-3-1-2-6
barrio_pa_13_3_1_2_7,San Isidro,poblado_pa_13_3_1_2,13-3-1-2-7
barrio_pa_13_3_1_2_8,Loma de las Ca?As,poblado_pa_13_3_1_2,13-3-1-2-8
barrio_pa_13_3_1_2_9,Barriada Villa Vanessa,poblado_pa_13_3_1_2,13-3-1-2-9
barrio_pa_13_3_1_2_10,Residencial del Oeste,poblado_pa_13_3_1_2,13-3-1-2-10
barrio_pa_13_3_1_2_12,El Progreso,poblado_pa_13_3_1_2,13-3-1-2-12
barrio_pa_13_3_7_48_3,Navarra,poblado_pa_13_3_7_48,13-3-7-48-3
barrio_pa_13_3_10_14_1,Barriada Simón Bolívar,poblado_pa_13_3_10_14,13-3-10-14-1
barrio_pa_13_3_10_14_2,Don Bosco,poblado_pa_13_3_10_14,13-3-10-14-2
barrio_pa_13_3_10_14_3,El Bongo,poblado_pa_13_3_10_14,13-3-10-14-3
barrio_pa_13_3_10_14_5,Pedregal,poblado_pa_13_3_10_14,13-3-10-14-5
barrio_pa_13_3_10_14_6,San Isidro,poblado_pa_13_3_10_14,13-3-10-14-6
barrio_pa_13_3_10_14_7,Barraza,poblado_pa_13_3_10_14,13-3-10-14-7
barrio_pa_13_3_10_14_8,El Coco,poblado_pa_13_3_10_14,13-3-10-14-8
barrio_pa_13_3_10_14_9,Nueva Esperanza,poblado_pa_13_3_10_14,13-3-10-14-9
barrio_pa_13_3_10_14_10,Pueblo Nuevo,poblado_pa_13_3_10_14,13-3-10-14-10
barrio_pa_13_3_10_14_11,San José,poblado_pa_13_3_10_14,13-3-10-14-11
barrio_pa_13_3_10_14_12,Urbanización Valle del Lídice,poblado_pa_13_3_10_14,13-3-10-14-12
barrio_pa_13_3_10_14_13,Barriada 31 de Octubre,poblado_pa_13_3_10_14,13-3-10-14-13
barrio_pa_13_3_10_14_14,El Vallecito,poblado_pa_13_3_10_14,13-3-10-14-14
barrio_pa_13_3_10_14_15,Barriada Nueva Jerusalén,poblado_pa_13_3_10_14,13-3-10-14-15
barrio_pa_13_3_10_14_16,Brisas de Lídice,poblado_pa_13_3_10_14,13-3-10-14-16
barrio_pa_13_3_12_6_1,El Llano del Santísimo,poblado_pa_13_3_12_6,13-3-12-6-1
barrio_pa_13_3_12_6_2,La Loma,poblado_pa_13_3_12_6,13-3-12-6-2
barrio_pa_13_3_12_6_3,Los Guayacanes,poblado_pa_13_3_12_6,13-3-12-6-3
barrio_pa_13_3_12_6_4,Pueblo Nuevo,poblado_pa_13_3_12_6,13-3-12-6-4
barrio_pa_13_3_12_6_5,Victoriano Lorenzo,poblado_pa_13_3_12_6,13-3-12-6-5
barrio_pa_13_3_12_6_6,Villa Rosario,poblado_pa_13_3_12_6,13-3-12-6-6
barrio_pa_13_3_12_6_7,Barriada Villa Mireya,poblado_pa_13_3_12_6,13-3-12-6-7
barrio_pa_13_4_1_3_1,Chame,poblado_pa_13_4_1_3,13-4-1-3-1
barrio_pa_13_4_1_3_2,Chame Field (P),poblado_pa_13_4_1_3,13-4-1-3-2
barrio_pa_13_4_1_3_3,El Celaje,poblado_pa_13_4_1_3,13-4-1-3-3
barrio_pa_13_4_1_3_4,La Paz,poblado_pa_13_4_1_3,13-4-1-3-4
barrio_pa_13_4_1_3_5,Paso del Medio,poblado_pa_13_4_1_3,13-4-1-3-5
barrio_pa_13_4_1_3_6,Villas Campestres del Sol,poblado_pa_13_4_1_3,13-4-1-3-6
barrio_pa_13_4_1_3_7,Altos de la Paz,poblado_pa_13_4_1_3,13-4-1-3-7
barrio_pa_13_4_1_3_8,Barriada Mivi,poblado_pa_13_4_1_3,13-4-1-3-8
barrio_pa_13_4_1_3_9,Colonia el Celaje (P),poblado_pa_13_4_1_3,13-4-1-3-9
barrio_pa_13_4_2_2_1,El Algarrobo,poblado_pa_13_4_2_2,13-4-2-2-1
barrio_pa_13_4_2_2_2,Chame Field (P),poblado_pa_13_4_2_2,13-4-2-2-2
barrio_pa_13_4_2_2_3,Barriada Domingo Díaz,poblado_pa_13_4_2_2,13-4-2-2-3
barrio_pa_13_4_2_2_4,Barriada Malambo,poblado_pa_13_4_2_2,13-4-2-2-4
barrio_pa_13_4_2_2_5,Bejuco,poblado_pa_13_4_2_2,13-4-2-2-5
barrio_pa_13_4_2_2_6,El Bajo,poblado_pa_13_4_2_2,13-4-2-2-6
barrio_pa_13_4_2_2_7,Barriada la Soberana,poblado_pa_13_4_2_2,13-4-2-2-7
barrio_pa_13_4_2_2_8,El Lirio,poblado_pa_13_4_2_2,13-4-2-2-8
barrio_pa_13_4_2_2_9,La Caleta,poblado_pa_13_4_2_2,13-4-2-2-9
barrio_pa_13_4_2_2_10,Pueblo Nuevo,poblado_pa_13_4_2_2,13-4-2-2-10
barrio_pa_13_4_2_2_11,Barriada Aurora,poblado_pa_13_4_2_2,13-4-2-2-11
barrio_pa_13_4_2_2_12,Barriada Brisas del Sol,poblado_pa_13_4_2_2,13-4-2-2-12
barrio_pa_13_4_2_2_13,Barriada Calidonia,poblado_pa_13_4_2_2,13-4-2-2-13
barrio_pa_13_4_2_2_14,Barriada la 11 de Octubre,poblado_pa_13_4_2_2,13-4-2-2-14
barrio_pa_13_4_2_2_15,Barriada Victoriano Lorenzo,poblado_pa_13_4_2_2,13-4-2-2-15
barrio_pa_13_4_2_2_16,Colonia el Celaje (P),poblado_pa_13_4_2_2,13-4-2-2-16
barrio_pa_13_4_2_2_17,Primavera,poblado_pa_13_4_2_2,13-4-2-2-17
barrio_pa_13_4_2_2_19,Hacienda Papacona,poblado_pa_13_4_2_2,13-4-2-2-19
barrio_pa_13_4_4_37_1,Las Lajas (P),poblado_pa_13_4_4_37,13-4-4-37-1
barrio_pa_13_4_4_37_2,Casa 'E Campo,poblado_pa_13_4_4_37,13-4-4-37-2
barrio_pa_13_4_4_37_3,Santa Fe de las Lajas (P),poblado_pa_13_4_4_37,13-4-4-37-3
barrio_pa_13_4_4_37_4,Villa Real,poblado_pa_13_4_4_37,13-4-4-37-4
barrio_pa_13_4_4_37_5,Villas Campestres de Lajas (P),poblado_pa_13_4_4_37,13-4-4-37-5
barrio_pa_13_4_7_5_4,Agua Mina,poblado_pa_13_4_7_5,13-4-7-5-4
barrio_pa_13_4_7_5_5,Llano del Medio (P),poblado_pa_13_4_7_5,13-4-7-5-5
barrio_pa_13_4_7_5_6,Las Lajas (P),poblado_pa_13_4_7_5,13-4-7-5-6
barrio_pa_13_4_7_5_8,Villas de Ensue?O,poblado_pa_13_4_7_5,13-4-7-5-8
barrio_pa_13_4_7_5_12,Tumba Muerto o la Patria,poblado_pa_13_4_7_5,13-4-7-5-12
barrio_pa_13_4_7_5_13,Villas Campestre de Lajas (P),poblado_pa_13_4_7_5,13-4-7-5-13
barrio_pa_13_4_7_7_1,Colinas del Mar,poblado_pa_13_4_7_7,13-4-7-7-1
barrio_pa_13_4_7_7_3,Los Nísperos,poblado_pa_13_4_7_7,13-4-7-7-3
barrio_pa_13_4_7_7_4,Palmeras del Golf (P),poblado_pa_13_4_7_7,13-4-7-7-4
barrio_pa_13_4_7_7_5,Ph Bouganvillas (P),poblado_pa_13_4_7_7,13-4-7-7-5
barrio_pa_13_4_7_7_6,Playa Coronado (P),poblado_pa_13_4_7_7,13-4-7-7-6
barrio_pa_13_4_7_7_7,Urbanización Club Ecuestre Coronado,poblado_pa_13_4_7_7,13-4-7-7-7
barrio_pa_13_4_8_2_1,Nueva Gorgona,poblado_pa_13_4_8_2,13-4-8-2-1
barrio_pa_13_4_8_2_2,Las Palmas de Gorgona,poblado_pa_13_4_8_2,13-4-8-2-2
barrio_pa_13_4_8_2_3,Coloncito,poblado_pa_13_4_8_2,13-4-8-2-3
barrio_pa_13_4_8_2_4,Llano del Medio (P),poblado_pa_13_4_8_2,13-4-8-2-4
barrio_pa_13_4_8_2_5,Malibu Lakes,poblado_pa_13_4_8_2,13-4-8-2-5
barrio_pa_13_4_8_2_6,Praderas de Coloncito,poblado_pa_13_4_8_2,13-4-8-2-6
barrio_pa_13_4_8_3_1,Playa Coronado (P),poblado_pa_13_4_8_3,13-4-8-3-1
barrio_pa_13_4_8_3_2,Brisas de Coronado,poblado_pa_13_4_8_3,13-4-8-3-2
barrio_pa_13_4_8_3_4,Palmeras del Golf (P),poblado_pa_13_4_8_3,13-4-8-3-4
barrio_pa_13_4_8_3_5,C-Paradise,poblado_pa_13_4_8_3,13-4-8-3-5
barrio_pa_13_4_8_3_6,Paradise Point,poblado_pa_13_4_8_3,13-4-8-3-6
barrio_pa_13_4_8_3_7,Paradise Village,poblado_pa_13_4_8_3,13-4-8-3-7
barrio_pa_13_4_8_3_8,Ph Bouganvillas (P),poblado_pa_13_4_8_3,13-4-8-3-8
barrio_pa_13_4_11_35_1,Asturias (P),poblado_pa_13_4_11_35,13-4-11-35-1
barrio_pa_13_4_11_35_3,El Piamonte,poblado_pa_13_4_11_35,13-4-11-35-3
barrio_pa_13_4_11_35_4,Fontanella,poblado_pa_13_4_11_35,13-4-11-35-4
barrio_pa_13_4_11_35_5,La Rioca,poblado_pa_13_4_11_35,13-4-11-35-5
barrio_pa_13_4_11_35_6,La Vega de Montalcino,poblado_pa_13_4_11_35,13-4-11-35-6
barrio_pa_13_4_11_35_7,Lucca,poblado_pa_13_4_11_35,13-4-11-35-7
barrio_pa_13_4_11_35_8,Mirador del Pacífico,poblado_pa_13_4_11_35,13-4-11-35-8
barrio_pa_13_4_11_35_10,Santiago Apóstol,poblado_pa_13_4_11_35,13-4-11-35-10
barrio_pa_13_4_11_35_11,Siena,poblado_pa_13_4_11_35,13-4-11-35-11
barrio_pa_13_4_11_35_12,Toscana Ii,poblado_pa_13_4_11_35,13-4-11-35-12
barrio_pa_13_4_11_35_13,Triana,poblado_pa_13_4_11_35,13-4-11-35-13
barrio_pa_13_4_11_35_14,Valle la Toscana,poblado_pa_13_4_11_35,13-4-11-35-14
barrio_pa_13_7_1_1_1,Barriada Martín Sánchez o el Maestro (P),poblado_pa_13_7_1_1,13-7-1-1-1
barrio_pa_13_7_1_1_2,Barriada Nicolás Solano,poblado_pa_13_7_1_1,13-7-1-1-2
barrio_pa_13_7_1_1_3,Barriada Revolución (P),poblado_pa_13_7_1_1,13-7-1-1-3
barrio_pa_13_7_1_1_4,Barriada San Antonio No.2,poblado_pa_13_7_1_1,13-7-1-1-4
barrio_pa_13_7_1_1_5,Barriada San Antonio No.3,poblado_pa_13_7_1_1,13-7-1-1-5
barrio_pa_13_7_1_1_6,Los Chorritos No.1,poblado_pa_13_7_1_1,13-7-1-1-6
barrio_pa_13_7_1_1_7,El Harino,poblado_pa_13_7_1_1,13-7-1-1-7
barrio_pa_13_7_1_1_8,El Hatillo,poblado_pa_13_7_1_1,13-7-1-1-8
barrio_pa_13_7_1_1_9,Barriada el Mara?Onal,poblado_pa_13_7_1_1,13-7-1-1-9
barrio_pa_13_7_1_1_10,Los Guayabitos,poblado_pa_13_7_1_1,13-7-1-1-10
barrio_pa_13_7_1_1_11,La Chorrera (P),poblado_pa_13_7_1_1,13-7-1-1-11
barrio_pa_13_7_1_1_12,Barriada la Seda,poblado_pa_13_7_1_1,13-7-1-1-12
barrio_pa_13_7_1_1_13,La Tulihueca o Nueva Florida,poblado_pa_13_7_1_1,13-7-1-1-13
barrio_pa_13_7_1_1_14,Las Albertas,poblado_pa_13_7_1_1,13-7-1-1-14
barrio_pa_13_7_1_1_15,La Mata del Coco (P),poblado_pa_13_7_1_1,13-7-1-1-15
barrio_pa_13_7_1_1_16,Paraíso,poblado_pa_13_7_1_1,13-7-1-1-16
barrio_pa_13_7_1_1_17,San Nicolás,poblado_pa_13_7_1_1,13-7-1-1-17
barrio_pa_13_7_1_1_18,Barriada San Pancho,poblado_pa_13_7_1_1,13-7-1-1-18
barrio_pa_13_7_1_1_19,Santa Clara,poblado_pa_13_7_1_1,13-7-1-1-19
barrio_pa_13_7_1_1_20,Barriada Santos Jorge,poblado_pa_13_7_1_1,13-7-1-1-20
barrio_pa_13_7_1_1_21,Barriada Don Isaac,poblado_pa_13_7_1_1,13-7-1-1-21
barrio_pa_13_7_1_1_22,San Antonio,poblado_pa_13_7_1_1,13-7-1-1-22
barrio_pa_13_7_1_1_23,Barriada Villa Verde,poblado_pa_13_7_1_1,13-7-1-1-23
barrio_pa_13_7_1_1_24,Buena Vista (P),poblado_pa_13_7_1_1,13-7-1-1-24
barrio_pa_13_7_1_1_25,La Rivera,poblado_pa_13_7_1_1,13-7-1-1-25
barrio_pa_13_7_1_1_26,Las Palmitas,poblado_pa_13_7_1_1,13-7-1-1-26
barrio_pa_13_7_1_1_27,Las Torres o Villa del Carmen,poblado_pa_13_7_1_1,13-7-1-1-27
barrio_pa_13_7_1_1_28,Pe?Ascal,poblado_pa_13_7_1_1,13-7-1-1-28
barrio_pa_13_7_1_1_29,Residencial Coopeve,poblado_pa_13_7_1_1,13-7-1-1-29
barrio_pa_13_7_1_1_30,Naos o San Nicolás,poblado_pa_13_7_1_1,13-7-1-1-30
barrio_pa_13_7_1_1_31,Buena Vista No.1,poblado_pa_13_7_1_1,13-7-1-1-31
barrio_pa_13_7_1_1_32,Residencial los Laureles,poblado_pa_13_7_1_1,13-7-1-1-32
barrio_pa_13_7_1_1_33,Porto Viejo,poblado_pa_13_7_1_1,13-7-1-1-33
barrio_pa_13_7_2_1_1,Barrio 11 de Octubre,poblado_pa_13_7_2_1,13-7-2-1-1
barrio_pa_13_7_2_1_2,Barriada Revolución (P),poblado_pa_13_7_2_1,13-7-2-1-2
barrio_pa_13_7_2_1_3,Barriada Martín Sánchez o el Maestro (P),poblado_pa_13_7_2_1,13-7-2-1-3
barrio_pa_13_7_2_1_4,Barrio Matuna,poblado_pa_13_7_2_1,13-7-2-1-4
barrio_pa_13_7_2_1_5,Barrio Vega,poblado_pa_13_7_2_1,13-7-2-1-5
barrio_pa_13_7_2_1_6,Buena Vista (P),poblado_pa_13_7_2_1,13-7-2-1-6
barrio_pa_13_7_2_1_7,Cris,poblado_pa_13_7_2_1,13-7-2-1-7
barrio_pa_13_7_2_1_8,El Campesino,poblado_pa_13_7_2_1,13-7-2-1-8
barrio_pa_13_7_2_1_10,El Matadero,poblado_pa_13_7_2_1,13-7-2-1-10
barrio_pa_13_7_2_1_11,El Mi?O,poblado_pa_13_7_2_1,13-7-2-1-11
barrio_pa_13_7_2_1_12,El Torno,poblado_pa_13_7_2_1,13-7-2-1-12
barrio_pa_13_7_2_1_13,El Trapichito,poblado_pa_13_7_2_1,13-7-2-1-13
barrio_pa_13_7_2_1_14,La Chorrera (P),poblado_pa_13_7_2_1,13-7-2-1-14
barrio_pa_13_7_2_1_15,La Gollita,poblado_pa_13_7_2_1,13-7-2-1-15
barrio_pa_13_7_2_1_16,Las Haras o la Caballeriza,poblado_pa_13_7_2_1,13-7-2-1-16
barrio_pa_13_7_2_1_17,Nuevo Limón,poblado_pa_13_7_2_1,13-7-2-1-17
barrio_pa_13_7_2_1_18,Calle Larga,poblado_pa_13_7_2_1,13-7-2-1-18
barrio_pa_13_7_2_1_19,Parcelación Oriental,poblado_pa_13_7_2_1,13-7-2-1-19
barrio_pa_13_7_2_1_20,Pi?Alito,poblado_pa_13_7_2_1,13-7-2-1-20
barrio_pa_13_7_2_1_21,Pi?Alito Sur,poblado_pa_13_7_2_1,13-7-2-1-21
barrio_pa_13_7_2_1_22,Puente Velásquez No.1,poblado_pa_13_7_2_1,13-7-2-1-22
barrio_pa_13_7_2_1_23,Puente Velásquez No.2,poblado_pa_13_7_2_1,13-7-2-1-23
barrio_pa_13_7_2_1_26,Rosario Final,poblado_pa_13_7_2_1,13-7-2-1-26
barrio_pa_13_7_2_1_27,San Mateo,poblado_pa_13_7_2_1,13-7-2-1-27
barrio_pa_13_7_2_1_31,Barriada Maribel,poblado_pa_13_7_2_1,13-7-2-1-31
barrio_pa_13_7_2_1_36,Residencial las Perlas,poblado_pa_13_7_2_1,13-7-2-1-36
barrio_pa_13_7_2_1_37,Urbanización San Francisco,poblado_pa_13_7_2_1,13-7-2-1-37
barrio_pa_13_7_2_1_44,Residencial Porto Viejo,poblado_pa_13_7_2_1,13-7-2-1-44
barrio_pa_13_7_2_1_48,Villa Palmira,poblado_pa_13_7_2_1,13-7-2-1-48
barrio_pa_13_7_2_1_49,Villas de San Francisco,poblado_pa_13_7_2_1,13-7-2-1-49
barrio_pa_13_7_2_1_57,Residencial Villas del Río,poblado_pa_13_7_2_1,13-7-2-1-57
barrio_pa_13_7_2_2_1,Altos de Montelimar,poblado_pa_13_7_2_2,13-7-2-2-1
barrio_pa_13_7_2_2_2,Gran Reserva de Montelimar,poblado_pa_13_7_2_2,13-7-2-2-2
barrio_pa_13_7_2_2_3,Hacienda los Molinos,poblado_pa_13_7_2_2,13-7-2-2-3
barrio_pa_13_7_2_2_4,Islas de Montelimar,poblado_pa_13_7_2_2,13-7-2-2-4
barrio_pa_13_7_2_2_5,Paseo de Montelimar,poblado_pa_13_7_2_2,13-7-2-2-5
barrio_pa_13_7_2_2_6,Quintas de Montelimar,poblado_pa_13_7_2_2,13-7-2-2-6
barrio_pa_13_7_2_2_7,Versalles Oeste,poblado_pa_13_7_2_2,13-7-2-2-7
barrio_pa_13_7_2_2_8,Villas de Montelimar I,poblado_pa_13_7_2_2,13-7-2-2-8
barrio_pa_13_7_2_2_9,Villas de Montelimar Ii,poblado_pa_13_7_2_2,13-7-2-2-9
barrio_pa_13_7_2_2_10,Versalles Oeste Ii,poblado_pa_13_7_2_2,13-7-2-2-10
barrio_pa_13_7_2_2_11,Versalles Oeste Iii,poblado_pa_13_7_2_2,13-7-2-2-11
barrio_pa_13_7_2_4_1,El Limón,poblado_pa_13_7_2_4,13-7-2-4-1
barrio_pa_13_7_2_4_2,Residencial Limón,poblado_pa_13_7_2_4,13-7-2-4-2
barrio_pa_13_7_2_4_3,Urbanización Vistas del Limón,poblado_pa_13_7_2_4,13-7-2-4-3
barrio_pa_13_7_2_5_1,Mastranto,poblado_pa_13_7_2_5,13-7-2-5-1
barrio_pa_13_7_2_5_2,Jardines de Mastranto,poblado_pa_13_7_2_5,13-7-2-5-2
barrio_pa_13_7_2_5_3,Lomas de Mastranto,poblado_pa_13_7_2_5,13-7-2-5-3
barrio_pa_13_7_2_5_4,Mastranto No.2,poblado_pa_13_7_2_5,13-7-2-5-4
barrio_pa_13_7_2_5_5,Mastranto Rural,poblado_pa_13_7_2_5,13-7-2-5-5
barrio_pa_13_7_2_5_6,Nuevo Chorro,poblado_pa_13_7_2_5,13-7-2-5-6
barrio_pa_13_7_2_5_7,Reparto María Leticia,poblado_pa_13_7_2_5,13-7-2-5-7
barrio_pa_13_7_2_5_8,Residencial Colinas Campestres,poblado_pa_13_7_2_5,13-7-2-5-8
barrio_pa_13_7_2_5_9,Residencial las Lomas,poblado_pa_13_7_2_5,13-7-2-5-9
barrio_pa_13_7_2_5_11,Urbanización San Martín,poblado_pa_13_7_2_5,13-7-2-5-11
barrio_pa_13_7_2_5_12,Verde Real,poblado_pa_13_7_2_5,13-7-2-5-12
barrio_pa_13_7_2_6_1,Residencial  Valle Dorado,poblado_pa_13_7_2_6,13-7-2-6-1
barrio_pa_13_7_2_6_2,Altos de Valle Dorado,poblado_pa_13_7_2_6,13-7-2-6-2
barrio_pa_13_7_2_6_3,Boulevard Valle Dorado,poblado_pa_13_7_2_6,13-7-2-6-3
barrio_pa_13_7_2_6_4,Brisas de Valle Dorado,poblado_pa_13_7_2_6,13-7-2-6-4
barrio_pa_13_7_2_6_5,Residencial la Colina,poblado_pa_13_7_2_6,13-7-2-6-5
barrio_pa_13_7_2_6_6,Urbanización la Florida,poblado_pa_13_7_2_6,13-7-2-6-6
barrio_pa_13_7_2_7_1,Urbanización Fuente del Chase,poblado_pa_13_7_2_7,13-7-2-7-1
barrio_pa_13_7_2_7_2,Barriada Industrial,poblado_pa_13_7_2_7,13-7-2-7-2
barrio_pa_13_7_2_7_3,Reparto Manolo,poblado_pa_13_7_2_7,13-7-2-7-3
barrio_pa_13_7_2_7_4,Urbanización Villas del Bosque,poblado_pa_13_7_2_7,13-7-2-7-4
barrio_pa_13_7_6_3_1,El Coco,poblado_pa_13_7_6_3,13-7-6-3-1
barrio_pa_13_7_6_3_2,Barriada el Periodista (P),poblado_pa_13_7_6_3,13-7-6-3-2
barrio_pa_13_7_6_3_3,Bianchery No.3,poblado_pa_13_7_6_3,13-7-6-3-3
barrio_pa_13_7_6_3_4,Los Chorritos No.2 o Altos de la Gloria,poblado_pa_13_7_6_3,13-7-6-3-4
barrio_pa_13_7_6_3_5,Los Chorritos No.3,poblado_pa_13_7_6_3,13-7-6-3-5
barrio_pa_13_7_6_3_6,La Mata del Coco (P),poblado_pa_13_7_6_3,13-7-6-3-6
barrio_pa_13_7_6_3_7,El Palmar (P),poblado_pa_13_7_6_3,13-7-6-3-7
barrio_pa_13_7_6_3_8,Raudal No.1,poblado_pa_13_7_6_3,13-7-6-3-8
barrio_pa_13_7_6_3_9,Sector Diógenes,poblado_pa_13_7_6_3,13-7-6-3-9
barrio_pa_13_7_6_3_10,Santa Librada-Sector Amaya,poblado_pa_13_7_6_3,13-7-6-3-10
barrio_pa_13_7_6_3_11,Santa Librada No.1,poblado_pa_13_7_6_3,13-7-6-3-11
barrio_pa_13_7_6_3_12,Santa Librada No.2,poblado_pa_13_7_6_3,13-7-6-3-12
barrio_pa_13_7_6_3_13,Santa Librada No.3,poblado_pa_13_7_6_3,13-7-6-3-13
barrio_pa_13_7_6_3_14,Velarde,poblado_pa_13_7_6_3,13-7-6-3-14
barrio_pa_13_7_6_3_15,Residencial Palmeiras 89,poblado_pa_13_7_6_3,13-7-6-3-15
barrio_pa_13_7_6_6_1,Altos de Cerro Negro,poblado_pa_13_7_6_6,13-7-6-6-1
barrio_pa_13_7_6_6_2,Bello Horizonte,poblado_pa_13_7_6_6,13-7-6-6-2
barrio_pa_13_7_6_6_3,Loma Acosta,poblado_pa_13_7_6_6,13-7-6-6-3
barrio_pa_13_7_6_6_4,Potrero Grande (P),poblado_pa_13_7_6_6,13-7-6-6-4
barrio_pa_13_7_6_6_5,Sector Rojas,poblado_pa_13_7_6_6,13-7-6-6-5
barrio_pa_13_7_6_6_6,Valle Hermon,poblado_pa_13_7_6_6,13-7-6-6-6
barrio_pa_13_7_6_6_7,El Ministerial,poblado_pa_13_7_6_6,13-7-6-6-7
barrio_pa_13_7_6_6_8,Colinas del Coco,poblado_pa_13_7_6_6,13-7-6-6-8
barrio_pa_13_7_6_6_9,Mirador el Coco,poblado_pa_13_7_6_6,13-7-6-6-9
barrio_pa_13_7_7_1_1,El Espino Adentro,poblado_pa_13_7_7_1,13-7-7-1-1
barrio_pa_13_7_7_1_2,Nuevo Espino,poblado_pa_13_7_7_1,13-7-7-1-2
barrio_pa_13_7_7_1_3,Barriada Divino Ni?O No.2,poblado_pa_13_7_7_1,13-7-7-1-3
barrio_pa_13_7_7_1_4,San Martín No.2,poblado_pa_13_7_7_1,13-7-7-1-4
barrio_pa_13_7_7_1_5,El Espino,poblado_pa_13_7_7_1,13-7-7-1-5
barrio_pa_13_7_7_1_6,Residencial el Valle de Salomón,poblado_pa_13_7_7_1,13-7-7-1-6
barrio_pa_13_7_7_1_7,El Sante?O,poblado_pa_13_7_7_1,13-7-7-1-7
barrio_pa_13_7_7_1_8,Residencial Palmar View,poblado_pa_13_7_7_1,13-7-7-1-8
barrio_pa_13_7_7_1_9,Residencial María Luisa,poblado_pa_13_7_7_1,13-7-7-1-9
barrio_pa_13_7_7_1_10,Torolandia,poblado_pa_13_7_7_1,13-7-7-1-10
barrio_pa_13_7_7_1_11,Perequeté,poblado_pa_13_7_7_1,13-7-7-1-11
barrio_pa_13_7_7_1_12,Residencial Villa Hermosa,poblado_pa_13_7_7_1,13-7-7-1-12
barrio_pa_13_7_7_1_13,Finca el Espino,poblado_pa_13_7_7_1,13-7-7-1-13
barrio_pa_13_7_7_1_14,Urbanización los Naranjos del Espino,poblado_pa_13_7_7_1,13-7-7-1-14
barrio_pa_13_7_7_1_15,Residencial Valle Espino,poblado_pa_13_7_7_1,13-7-7-1-15
barrio_pa_13_7_7_1_16,Barriada el Sante?O,poblado_pa_13_7_7_1,13-7-7-1-16
barrio_pa_13_7_7_1_17,El Laurel del Espino,poblado_pa_13_7_7_1,13-7-7-1-17
barrio_pa_13_7_8_1_1,Altos del Espino,poblado_pa_13_7_8_1,13-7-8-1-1
barrio_pa_13_7_8_1_2,Barriada  Altos del Nazareno,poblado_pa_13_7_8_1,13-7-8-1-2
barrio_pa_13_7_8_1_3,Barriada Campo Alegre,poblado_pa_13_7_8_1,13-7-8-1-3
barrio_pa_13_7_8_1_4,Barriada Divino Ni?O,poblado_pa_13_7_8_1,13-7-8-1-4
barrio_pa_13_7_8_1_5,Barriada Nora Escala,poblado_pa_13_7_8_1,13-7-8-1-5
barrio_pa_13_7_8_1_6,San Martín,poblado_pa_13_7_8_1,13-7-8-1-6
barrio_pa_13_7_8_1_7,El Nazareno,poblado_pa_13_7_8_1,13-7-8-1-7
barrio_pa_13_7_8_2_1,Altos de San Francisco,poblado_pa_13_7_8_2,13-7-8-2-1
barrio_pa_13_7_8_2_2,Rincón Solano,poblado_pa_13_7_8_2,13-7-8-2-2
barrio_pa_13_7_8_2_3,Nueva Generación,poblado_pa_13_7_8_2,13-7-8-2-3
barrio_pa_13_7_8_2_5,Jardines de San Francisco,poblado_pa_13_7_8_2,13-7-8-2-5
barrio_pa_13_7_8_2_6,Brisas de Altos de San Francisco,poblado_pa_13_7_8_2,13-7-8-2-6
barrio_pa_13_7_8_2_7,Antiguo Crematorio,poblado_pa_13_7_8_2,13-7-8-2-7
barrio_pa_13_7_8_4_1,Barriada Virgen de Guadalupe,poblado_pa_13_7_8_4,13-7-8-4-1
barrio_pa_13_7_8_4_2,Guadalupe o la Laguna,poblado_pa_13_7_8_4,13-7-8-4-2
barrio_pa_13_7_8_4_3,Barriada el Periodista (P),poblado_pa_13_7_8_4,13-7-8-4-3
barrio_pa_13_7_8_4_4,El Palmar (P),poblado_pa_13_7_8_4,13-7-8-4-4
barrio_pa_13_7_8_4_5,Loma de Guadalupe,poblado_pa_13_7_8_4,13-7-8-4-5
barrio_pa_13_7_8_4_7,Loma Virgen de Guadalupe,poblado_pa_13_7_8_4,13-7-8-4-7
barrio_pa_13_7_8_6_1,Barriada Bella Esperanza,poblado_pa_13_7_8_6,13-7-8-6-1
barrio_pa_13_7_8_6_2,La Herradura,poblado_pa_13_7_8_6,13-7-8-6-2
barrio_pa_13_7_8_6_3,Urbanización Villa del Carmen (P),poblado_pa_13_7_8_6,13-7-8-6-3
barrio_pa_13_7_8_6_4,Urbanización la Herradura,poblado_pa_13_7_8_6,13-7-8-6-4
barrio_pa_13_7_8_6_5,Villas Veraneras,poblado_pa_13_7_8_6,13-7-8-6-5
barrio_pa_13_7_8_6_6,Residencial los Olivos,poblado_pa_13_7_8_6,13-7-8-6-6
barrio_pa_13_7_8_12_1,Potrero Grande (P),poblado_pa_13_7_8_12,13-7-8-12-1
barrio_pa_13_7_8_16_1,La Doradilla,poblado_pa_13_7_8_16,13-7-8-16-1
barrio_pa_13_7_8_16_2,La Pesa,poblado_pa_13_7_8_16,13-7-8-16-2
barrio_pa_13_7_8_16_3,Naos o Galileo,poblado_pa_13_7_8_16,13-7-8-16-3
barrio_pa_13_7_8_16_4,Barriada Don Federico,poblado_pa_13_7_8_16,13-7-8-16-4
barrio_pa_13_7_8_16_5,Calle Pepito,poblado_pa_13_7_8_16,13-7-8-16-5
barrio_pa_13_7_8_16_6,Bello Horizonte,poblado_pa_13_7_8_16,13-7-8-16-6
barrio_pa_13_7_8_16_7,Loma Brígida,poblado_pa_13_7_8_16,13-7-8-16-7
barrio_pa_13_7_8_16_8,El Centenario,poblado_pa_13_7_8_16,13-7-8-16-8
barrio_pa_13_7_8_19_1,Los Establos,poblado_pa_13_7_8_19,13-7-8-19-1
barrio_pa_13_7_8_20_1,Urbanización la Valdeza (P),poblado_pa_13_7_8_20,13-7-8-20-1
barrio_pa_13_7_9_13_1,Trapichito,poblado_pa_13_7_9_13,13-7-9-13-1
barrio_pa_13_7_9_13_2,Colinas de Valle Real,poblado_pa_13_7_9_13,13-7-9-13-2
barrio_pa_13_7_9_13_3,Residencial Brisa Fresca,poblado_pa_13_7_9_13,13-7-9-13-3
barrio_pa_13_7_9_13_4,Residencial Buena Vista,poblado_pa_13_7_9_13,13-7-9-13-4
barrio_pa_13_7_9_13_5,Residencial Loma Linda,poblado_pa_13_7_9_13,13-7-9-13-5
barrio_pa_13_7_9_13_6,Residencial los Flamingos,poblado_pa_13_7_9_13,13-7-9-13-6
barrio_pa_13_7_9_13_7,Spring Gardens,poblado_pa_13_7_9_13,13-7-9-13-7
barrio_pa_13_7_9_13_8,Urbanización Valle Real,poblado_pa_13_7_9_13,13-7-9-13-8
barrio_pa_13_7_9_13_9,Villa Massiel,poblado_pa_13_7_9_13,13-7-9-13-9
barrio_pa_13_7_9_13_10,Villa Real,poblado_pa_13_7_9_13,13-7-9-13-10
barrio_pa_13_7_9_13_11,Panorama Villa,poblado_pa_13_7_9_13,13-7-9-13-11
barrio_pa_13_7_9_19_1,Estancias Mendoza,poblado_pa_13_7_9_19,13-7-9-19-1
barrio_pa_13_7_9_19_2,Estancias Mendoza Ii,poblado_pa_13_7_9_19,13-7-9-19-2
barrio_pa_13_7_9_19_3,Residencial Altos de los Guayacanes,poblado_pa_13_7_9_19,13-7-9-19-3
barrio_pa_13_7_9_19_4,Residencial los Guayacanes,poblado_pa_13_7_9_19,13-7-9-19-4
barrio_pa_13_7_9_19_5,Sunset Country Club,poblado_pa_13_7_9_19,13-7-9-19-5
barrio_pa_13_7_9_19_6,Urbanización Jardines de la Espinoza,poblado_pa_13_7_9_19,13-7-9-19-6
barrio_pa_13_7_9_22_1,Crystal Park,poblado_pa_13_7_9_22,13-7-9-22-1
barrio_pa_13_7_9_22_2,Residencial Villa Cristina,poblado_pa_13_7_9_22,13-7-9-22-2
barrio_pa_13_7_9_22_3,Victoria Hills,poblado_pa_13_7_9_22,13-7-9-22-3
barrio_pa_13_7_9_24_1,El Prado,poblado_pa_13_7_9_24,13-7-9-24-1
barrio_pa_13_7_9_24_2,Deluxe Prado,poblado_pa_13_7_9_24,13-7-9-24-2
barrio_pa_13_7_9_24_3,Park Prado,poblado_pa_13_7_9_24,13-7-9-24-3
barrio_pa_13_7_9_24_4,Village Prado,poblado_pa_13_7_9_24,13-7-9-24-4
barrio_pa_13_7_16_5_1,Barriada San Judas Tadeo,poblado_pa_13_7_16_5,13-7-16-5-1
barrio_pa_13_7_16_5_2,La Mitra,poblado_pa_13_7_16_5,13-7-16-5-2
barrio_pa_13_7_16_5_3,La 24,poblado_pa_13_7_16_5,13-7-16-5-3
barrio_pa_13_7_16_5_4,San Cristóbal,poblado_pa_13_7_16_5,13-7-16-5-4
barrio_pa_13_7_16_5_5,Santa Librada,poblado_pa_13_7_16_5,13-7-16-5-5
barrio_pa_13_7_16_5_9,Barriada los Pinos,poblado_pa_13_7_16_5,13-7-16-5-9
barrio_pa_13_7_16_5_13,Urbanización Brisas de Belén,poblado_pa_13_7_16_5,13-7-16-5-13
barrio_pa_13_7_16_5_14,Urbanización Brisas de San Francisco,poblado_pa_13_7_16_5,13-7-16-5-14
barrio_pa_13_7_16_5_16,Residencial Colinas de San Francisco,poblado_pa_13_7_16_5,13-7-16-5-16
barrio_pa_13_7_16_5_17,Residencial Jardines de la Mitra,poblado_pa_13_7_16_5,13-7-16-5-17
barrio_pa_13_7_16_5_18,Residencial Brisas de la Mitra,poblado_pa_13_7_16_5,13-7-16-5-18
barrio_pa_13_7_16_8_1,Llano Largo,poblado_pa_13_7_16_8,13-7-16-8-1
barrio_pa_13_7_16_8_2,Brisas de Valle Bonito,poblado_pa_13_7_16_8,13-7-16-8-2
barrio_pa_13_7_16_8_3,Lomas de San Francisco,poblado_pa_13_7_16_8,13-7-16-8-3
barrio_pa_13_7_16_8_4,Quintas de Valle Bonito,poblado_pa_13_7_16_8,13-7-16-8-4
barrio_pa_13_7_16_8_5,Residencial las Orquídeas,poblado_pa_13_7_16_8,13-7-16-8-5
barrio_pa_13_7_16_8_6,Urbanización la Pradera,poblado_pa_13_7_16_8,13-7-16-8-6
barrio_pa_13_7_16_8_7,Urbanización la Pradera Ii,poblado_pa_13_7_16_8,13-7-16-8-7
barrio_pa_13_7_16_8_8,Valle Bonito,poblado_pa_13_7_16_8,13-7-16-8-8
barrio_pa_13_7_16_8_9,Altos de la Pradera,poblado_pa_13_7_16_8,13-7-16-8-9
barrio_pa_13_7_16_8_10,Residencial Alta Vista,poblado_pa_13_7_16_8,13-7-16-8-10
barrio_pa_13_7_16_9_1,Pe?As Blancas,poblado_pa_13_7_16_9,13-7-16-9-1
barrio_pa_13_7_16_9_2,Urbanización Alto Viento,poblado_pa_13_7_16_9,13-7-16-9-2
barrio_pa_13_7_16_9_3,Urbanización Altos de Pe?As Blancas,poblado_pa_13_7_16_9,13-7-16-9-3
barrio_pa_13_7_16_9_4,Urbanización Pe?As Blancas,poblado_pa_13_7_16_9,13-7-16-9-4
barrio_pa_13_7_16_9_5,Urbanización Altamira,poblado_pa_13_7_16_9,13-7-16-9-5
barrio_pa_13_7_16_9_6,Urbanización Blue Garden,poblado_pa_13_7_16_9,13-7-16-9-6
barrio_pa_13_7_16_9_7,Colinas de Pe?A Blanca,poblado_pa_13_7_16_9,13-7-16-9-7
barrio_pa_13_7_16_27_1,Urbanización Villa del Carmen (P),poblado_pa_13_7_16_27,13-7-16-27-1
barrio_pa_13_7_16_28_1,Barriada la Milagrosa,poblado_pa_13_7_16_28,13-7-16-28-1
barrio_pa_13_7_16_28_2,Barriada 19 de Abril,poblado_pa_13_7_16_28,13-7-16-28-2
barrio_pa_13_7_16_28_3,Barriada Ricardo Martinelli Berrocal,poblado_pa_13_7_16_28,13-7-16-28-3
barrio_pa_13_7_16_28_4,Barriada Santa Elena,poblado_pa_13_7_16_28,13-7-16-28-4
barrio_pa_13_7_16_28_5,Barriada Villa Milagros,poblado_pa_13_7_16_28,13-7-16-28-5
barrio_pa_13_7_16_31_1,Las Campanas,poblado_pa_13_7_16_31,13-7-16-31-1
barrio_pa_13_7_16_31_2,Las Magnolias,poblado_pa_13_7_16_31,13-7-16-31-2
barrio_pa_13_7_16_31_3,Las Margaritas,poblado_pa_13_7_16_31,13-7-16-31-3
barrio_pa_13_7_16_31_4,Las Veraneras,poblado_pa_13_7_16_31,13-7-16-31-4
barrio_pa_13_7_16_31_5,Los Almendros,poblado_pa_13_7_16_31,13-7-16-31-5
barrio_pa_13_7_16_31_6,Los Cipreses,poblado_pa_13_7_16_31,13-7-16-31-6
barrio_pa_13_7_16_31_7,Los Flamboyanes,poblado_pa_13_7_16_31,13-7-16-31-7
barrio_pa_13_7_16_31_8,Los Girasoles,poblado_pa_13_7_16_31,13-7-16-31-8
barrio_pa_13_7_16_31_9,Los Helechos,poblado_pa_13_7_16_31,13-7-16-31-9
barrio_pa_13_7_16_31_10,Los Álamos,poblado_pa_13_7_16_31,13-7-16-31-10
barrio_pa_13_7_16_32_1,Urbanización la Valdeza (P),poblado_pa_13_7_16_32,13-7-16-32-1
barrio_pa_13_7_17_9_1,Puerto Caimito,poblado_pa_13_7_17_9,13-7-17-9-1
barrio_pa_13_7_17_9_2,Barriada la Amistad,poblado_pa_13_7_17_9,13-7-17-9-2
barrio_pa_13_7_17_9_3,Barriada el Carmen,poblado_pa_13_7_17_9,13-7-17-9-3
barrio_pa_13_7_17_9_4,Urbanización Brisa Mar,poblado_pa_13_7_17_9,13-7-17-9-4
barrio_pa_13_7_17_9_5,El Copé o los Marciagas,poblado_pa_13_7_17_9,13-7-17-9-5
barrio_pa_13_7_17_9_6,Nuevo Puerto Caimito,poblado_pa_13_7_17_9,13-7-17-9-6
barrio_pa_13_7_17_9_7,Urbanización Mar Azul,poblado_pa_13_7_17_9,13-7-17-9-7
barrio_pa_13_7_17_9_8,Quintas del Pacífico,poblado_pa_13_7_17_9,13-7-17-9-8
barrio_pa_13_7_17_9_9,Residencial Mirador del Mar,poblado_pa_13_7_17_9,13-7-17-9-9
barrio_pa_13_7_17_9_10,Los Valles de Mar Azul,poblado_pa_13_7_17_9,13-7-17-9-10
barrio_pa_13_7_17_9_11,Urbanización Verde Mar,poblado_pa_13_7_17_9,13-7-17-9-11
barrio_pa_13_7_17_14_1,Barriada  el Progreso,poblado_pa_13_7_17_14,13-7-17-14-1
barrio_pa_13_7_17_14_2,Barriada  el Progreso No.2,poblado_pa_13_7_17_14,13-7-17-14-2
barrio_pa_13_7_17_14_3,Nuevo Limón,poblado_pa_13_7_17_14,13-7-17-14-3
barrio_pa_13_7_17_14_5,Quebrada Rodeo,poblado_pa_13_7_17_14,13-7-17-14-5
barrio_pa_13_7_17_14_9,Urbanización Villa Nazareth,poblado_pa_13_7_17_14,13-7-17-14-9
barrio_pa_13_7_17_14_10,Villas del Oeste,poblado_pa_13_7_17_14,13-7-17-14-10
barrio_pa_13_7_17_14_16,Barriada el Progreso No.3,poblado_pa_13_7_17_14,13-7-17-14-16
barrio_pa_13_7_17_14_17,Barriada el Progreso No.4,poblado_pa_13_7_17_14,13-7-17-14-17
barrio_pa_13_7_17_14_18,Villa Esperanza,poblado_pa_13_7_17_14,13-7-17-14-18
barrio_pa_13_7_17_14_19,Residencial Altos del Campo,poblado_pa_13_7_17_14,13-7-17-14-19
barrio_pa_13_7_17_14_21,Residencial la Esmeralda,poblado_pa_13_7_17_14,13-7-17-14-21
barrio_pa_13_7_17_14_22,Brisas de Nazareth,poblado_pa_13_7_17_14,13-7-17-14-22
barrio_pa_13_7_17_14_25,Altos de Panamá Oeste,poblado_pa_13_7_17_14,13-7-17-14-25
barrio_pa_13_7_17_14_31,Terrazas del Oeste,poblado_pa_13_7_17_14,13-7-17-14-31
barrio_pa_13_7_17_14_32,Barriada el Progreso No.5,poblado_pa_13_7_17_14,13-7-17-14-32
barrio_pa_13_7_17_14_34,Residencial Verde Limón,poblado_pa_13_7_17_14,13-7-17-14-34
barrio_pa_13_7_17_27_1,The Hills - Summer Hills,poblado_pa_13_7_17_27,13-7-17-27-1
barrio_pa_13_7_17_27_2,Arcadia,poblado_pa_13_7_17_27,13-7-17-27-2
barrio_pa_13_7_17_27_3,New West,poblado_pa_13_7_17_27,13-7-17-27-3
barrio_pa_13_7_17_27_4,Res. Puerto Madero - Bosques de Puerto Madero,poblado_pa_13_7_17_27,13-7-17-27-4
barrio_pa_13_7_17_27_5,Riverview,poblado_pa_13_7_17_27,13-7-17-27-5
barrio_pa_13_7_17_27_6,Senderos,poblado_pa_13_7_17_27,13-7-17-27-6
barrio_pa_13_7_17_27_7,Natura,poblado_pa_13_7_17_27,13-7-17-27-7
barrio_pa_13_7_17_27_8,The Hills - Sunset Hills,poblado_pa_13_7_17_27,13-7-17-27-8
barrio_pa_13_7_17_27_9,The Hills - Spring Hills,poblado_pa_13_7_17_27,13-7-17-27-9
barrio_pa_13_7_17_27_10,The Hills - Rolling Hills,poblado_pa_13_7_17_27,13-7-17-27-10
barrio_pa_13_7_17_27_11,New West Ii,poblado_pa_13_7_17_27,13-7-17-27-11
barrio_pa_13_7_17_30_2,Los Almendros,poblado_pa_13_7_17_30,13-7-17-30-2
barrio_pa_13_7_17_30_3,Los Cedros,poblado_pa_13_7_17_30,13-7-17-30-3
barrio_pa_13_7_17_30_4,Los Olivos,poblado_pa_13_7_17_30,13-7-17-30-4
barrio_pa_13_7_17_30_5,Las Magnolias,poblado_pa_13_7_17_30,13-7-17-30-5
barrio_pa_13_7_17_30_6,Los Álamos,poblado_pa_13_7_17_30,13-7-17-30-6
barrio_pa_13_7_17_30_7,Los Avellanos,poblado_pa_13_7_17_30,13-7-17-30-7
barrio_pa_13_7_17_30_8,Los Casta?Os,poblado_pa_13_7_17_30,13-7-17-30-8
barrio_pa_13_7_17_30_9,Los Pinos,poblado_pa_13_7_17_30,13-7-17-30-9
barrio_pa_13_7_17_30_10,Los Robles,poblado_pa_13_7_17_30,13-7-17-30-10
barrio_pa_13_7_17_30_11,Los Olmos,poblado_pa_13_7_17_30,13-7-17-30-11
barrio_pa_13_7_17_30_12,Los Cerezos,poblado_pa_13_7_17_30,13-7-17-30-12
barrio_pa_13_7_17_31_1,Residencial Paseo Miramar,poblado_pa_13_7_17_31,13-7-17-31-1
barrio_pa_13_7_17_31_2,Altos de Araguaney,poblado_pa_13_7_17_31,13-7-17-31-2
barrio_pa_13_7_17_31_3,Altos de Vista Hermosa,poblado_pa_13_7_17_31,13-7-17-31-3
barrio_pa_13_7_17_31_4,Barriada Don Juan,poblado_pa_13_7_17_31,13-7-17-31-4
barrio_pa_13_7_17_31_5,Las Guabitas,poblado_pa_13_7_17_31,13-7-17-31-5
barrio_pa_13_7_17_31_7,Praderas de el Campo,poblado_pa_13_7_17_31,13-7-17-31-7
barrio_pa_13_7_17_31_8,Residencial Talavera,poblado_pa_13_7_17_31,13-7-17-31-8
barrio_pa_13_7_17_31_9,Residencial Villas del Campo,poblado_pa_13_7_17_31,13-7-17-31-9
barrio_pa_13_7_17_31_10,Sausalito Gardens,poblado_pa_13_7_17_31,13-7-17-31-10
barrio_pa_13_7_17_31_11,Urbanización Vista Mar,poblado_pa_13_7_17_31,13-7-17-31-11
barrio_pa_13_7_17_31_12,Villas de Costa Oeste,poblado_pa_13_7_17_31,13-7-17-31-12
barrio_pa_13_7_17_33_1,Costa del Sol,poblado_pa_13_7_17_33,13-7-17-33-1
barrio_pa_13_7_17_33_2,Palma Real,poblado_pa_13_7_17_33,13-7-17-33-2
barrio_pa_13_7_17_33_3,Palmeras del Oeste,poblado_pa_13_7_17_33,13-7-17-33-3
barrio_pa_13_7_17_33_4,Palmeras del Oeste Ii,poblado_pa_13_7_17_33,13-7-17-33-4
barrio_pa_13_7_17_33_5,Puerta del Mar,poblado_pa_13_7_17_33,13-7-17-33-5
barrio_pa_13_7_17_33_6,Riviera Village,poblado_pa_13_7_17_33,13-7-17-33-6
barrio_pa_13_7_17_33_7,Sausalito Hills,poblado_pa_13_7_17_33,13-7-17-33-7
barrio_pa_13_7_17_33_8,Valparaíso,poblado_pa_13_7_17_33,13-7-17-33-8
barrio_pa_13_7_17_33_9,Ventanas Al  Mar,poblado_pa_13_7_17_33,13-7-17-33-9
barrio_pa_13_7_17_33_10,Ventanas Al Paraíso,poblado_pa_13_7_17_33,13-7-17-33-10
barrio_pa_13_7_17_33_11,Vi?A del Mar,poblado_pa_13_7_17_33,13-7-17-33-11
barrio_pa_13_9_1_5_1,Lago Mar,poblado_pa_13_9_1_5,13-9-1-5-1
barrio_pa_13_9_1_5_2,La Ensenada,poblado_pa_13_9_1_5,13-9-1-5-2
barrio_pa_13_9_1_11_1,Río Mar,poblado_pa_13_9_1_11,13-9-1-11-1
barrio_pa_13_9_1_11_2,Punta Caelo,poblado_pa_13_9_1_11,13-9-1-11-2
barrio_pa_13_9_1_11_3,Punta Ratón,poblado_pa_13_9_1_11,13-9-1-11-3
barrio_pa_13_9_1_11_4,Residencial Río Mar,poblado_pa_13_9_1_11,13-9-1-11-4
barrio_pa_13_9_1_11_5,Rio Mar Beach Flats,poblado_pa_13_9_1_11,13-9-1-11-5
barrio_pa_13_9_1_11_6,Rio Mar Villages,poblado_pa_13_9_1_11,13-9-1-11-6
barrio_pa_13_9_1_11_7,Torres Río Mar,poblado_pa_13_9_1_11,13-9-1-11-7
barrio_pa_13_9_1_12_1,San Carlos,poblado_pa_13_9_1_12,13-9-1-12-1
barrio_pa_13_9_1_12_2,Fontanella del Mar,poblado_pa_13_9_1_12,13-9-1-12-2
barrio_pa_13_9_1_12_4,Pueblo Nuevo,poblado_pa_13_9_1_12,13-9-1-12-4
barrio_pa_13_9_1_18_1,Costa Esmeralda,poblado_pa_13_9_1_18,13-9-1-18-1
barrio_pa_13_9_1_20_1,Urbanización Vista Mar,poblado_pa_13_9_1_20,13-9-1-20-1
barrio_pa_13_9_1_20_2,Islamar,poblado_pa_13_9_1_20,13-9-1-20-2
barrio_pa_13_9_1_20_3,Marina Golf,poblado_pa_13_9_1_20,13-9-1-20-3
barrio_pa_13_9_1_20_4,Residencial Casa Real,poblado_pa_13_9_1_20,13-9-1-20-4
barrio_pa_13_9_1_20_5,Vista Mar Golf & Village,poblado_pa_13_9_1_20,13-9-1-20-5
barrio_pa_13_9_1_20_6,Paseo las Brisas,poblado_pa_13_9_1_20,13-9-1-20-6
barrio_pa_13_9_6_39_1,Alicante,poblado_pa_13_9_6_39,13-9-6-39-1
barrio_pa_13_9_6_39_2,Asturias (P),poblado_pa_13_9_6_39,13-9-6-39-2
barrio_pa_13_9_6_39_3,Granada,poblado_pa_13_9_6_39,13-9-6-39-3
barrio_pa_13_9_6_39_5,Santo Domingo,poblado_pa_13_9_6_39,13-9-6-39-5
barrio_pa_13_9_6_39_6,Valencia,poblado_pa_13_9_6_39,13-9-6-39-6
barrio_pa_13_9_6_39_7,Valencia I,poblado_pa_13_9_6_39,13-9-6-39-7
barrio_pa_13_9_6_39_8,Valle de Laurel,poblado_pa_13_9_6_39,13-9-6-39-8
barrio_pa_13_9_6_39_9,Valle del Encanto,poblado_pa_13_9_6_39,13-9-6-39-9
