id,name,corregimiento_id:id,l10n_pa_code
poblado_pa_1_1_1_7,Big Creek,correg_pa_1_1_1,1-1-1-7
poblado_pa_1_1_1_8,Bluff,correg_pa_1_1_1,1-1-1-8
poblado_pa_1_1_1_11,Bocas del Toro (P),correg_pa_1_1_1,1-1-1-11
poblado_pa_1_1_1_14,Isla Carenero,correg_pa_1_1_1,1-1-1-14
poblado_pa_1_1_1_29,La Carretera (P),correg_pa_1_1_1,1-1-1-29
poblado_pa_1_1_1_35,Mimitimbi,correg_pa_1_1_1,1-1-1-35
poblado_pa_1_1_1_37,Paunch,correg_pa_1_1_1,1-1-1-37
poblado_pa_1_1_1_59,Chimborazo,correg_pa_1_1_1,1-1-1-59
poblado_pa_1_1_1_65,Boquet Bay (P),correg_pa_1_1_1,1-1-1-65
poblado_pa_1_1_1_67,"La ""y"" Griega (P)",correg_pa_1_1_1,1-1-1-67
poblado_pa_1_1_1_68,La Colonia Santeña (P),correg_pa_1_1_1,1-1-1-68
poblado_pa_1_1_1_85,El Bambú,correg_pa_1_1_1,1-1-1-85
poblado_pa_1_1_2_3,Bahía Honda,correg_pa_1_1_2,1-1-2-3
poblado_pa_1_1_2_5,Bastimentos,correg_pa_1_1_2,1-1-2-5
poblado_pa_1_1_2_6,Cayo Coral o Isla Coral,correg_pa_1_1_2,1-1-2-6
poblado_pa_1_1_2_9,Ensenada de Espino,correg_pa_1_1_2,1-1-2-9
poblado_pa_1_1_2_12,Ola Chica,correg_pa_1_1_2,1-1-2-12
poblado_pa_1_1_2_13,Punta Vieja,correg_pa_1_1_2,1-1-2-13
poblado_pa_1_1_2_14,Punta Juan Brown,correg_pa_1_1_2,1-1-2-14
poblado_pa_1_1_2_16,Quebrada Álvarez,correg_pa_1_1_2,1-1-2-16
poblado_pa_1_1_2_17,Quebrada Bryan,correg_pa_1_1_2,1-1-2-17
poblado_pa_1_1_2_18,Cedral Creek,correg_pa_1_1_2,1-1-2-18
poblado_pa_1_1_2_19,Quebrada Sal,correg_pa_1_1_2,1-1-2-19
poblado_pa_1_1_2_21,Short Cut o Red Frog,correg_pa_1_1_2,1-1-2-21
poblado_pa_1_1_2_22,Solarte,correg_pa_1_1_2,1-1-2-22
poblado_pa_1_1_2_24,Kaeyan Cal,correg_pa_1_1_2,1-1-2-24
poblado_pa_1_1_2_26,Wizards Beach,correg_pa_1_1_2,1-1-2-26
poblado_pa_1_1_2_27,Bahía Roja,correg_pa_1_1_2,1-1-2-27
poblado_pa_1_1_2_29,German Soldier Cay,correg_pa_1_1_2,1-1-2-29
poblado_pa_1_1_2_30,Jack Analy Cays,correg_pa_1_1_2,1-1-2-30
poblado_pa_1_1_2_32,Punta Bonita,correg_pa_1_1_2,1-1-2-32
poblado_pa_1_1_2_33,Punta Oro,correg_pa_1_1_2,1-1-2-33
poblado_pa_1_1_2_34,Quebrada Mariano,correg_pa_1_1_2,1-1-2-34
poblado_pa_1_1_2_35,Red Frog Beach,correg_pa_1_1_2,1-1-2-35
poblado_pa_1_1_2_36,Dos Aguas,correg_pa_1_1_2,1-1-2-36
poblado_pa_1_1_2_37,El Palmar,correg_pa_1_1_2,1-1-2-37
poblado_pa_1_1_2_38,Isla Zapatilla No. 1,correg_pa_1_1_2,1-1-2-38
poblado_pa_1_1_2_39,Los Secretos Resort,correg_pa_1_1_2,1-1-2-39
poblado_pa_1_1_2_40,Vista Pelícano,correg_pa_1_1_2,1-1-2-40
poblado_pa_1_1_2_41,Douglas Cay,correg_pa_1_1_2,1-1-2-41
poblado_pa_1_1_4_1,Cayo de Agua,correg_pa_1_1_4,1-1-4-1
poblado_pa_1_1_4_2,Isla Zapatilla No. 2,correg_pa_1_1_4,1-1-4-2
poblado_pa_1_1_4_4,Isla Venado,correg_pa_1_1_4,1-1-4-4
poblado_pa_1_1_4_5,Mina de Carbón,correg_pa_1_1_4,1-1-4-5
poblado_pa_1_1_4_6,Punta Laurel,correg_pa_1_1_4,1-1-4-6
poblado_pa_1_1_4_7,Isla Tigre,correg_pa_1_1_4,1-1-4-7
poblado_pa_1_1_4_8,Isla Popa No. 1,correg_pa_1_1_4,1-1-4-8
poblado_pa_1_1_4_9,Isla Popa No. 2,correg_pa_1_1_4,1-1-4-9
poblado_pa_1_1_4_12,Playa Caracol,correg_pa_1_1_4,1-1-4-12
poblado_pa_1_1_4_13,Quebrada Piscina,correg_pa_1_1_4,1-1-4-13
poblado_pa_1_1_5_3,Bella Vista o Bay View o Punta Bermúdez (P),correg_pa_1_1_5,1-1-5-3
poblado_pa_1_1_5_6,Cerro Brujo,correg_pa_1_1_5,1-1-5-6
poblado_pa_1_1_5_7,Cuan Bay,correg_pa_1_1_5,1-1-5-7
poblado_pa_1_1_5_8,Aguacate,correg_pa_1_1_5,1-1-5-8
poblado_pa_1_1_5_11,Hope Well o Buena Esperanza,correg_pa_1_1_5,1-1-5-11
poblado_pa_1_1_5_12,Isla de Bagui,correg_pa_1_1_5,1-1-5-12
poblado_pa_1_1_5_13,Loma Partida,correg_pa_1_1_5,1-1-5-13
poblado_pa_1_1_5_15,Pueblo Nuevo (P),correg_pa_1_1_5,1-1-5-15
poblado_pa_1_1_5_18,Shark Hole o Quebrada Marañón,correg_pa_1_1_5,1-1-5-18
poblado_pa_1_1_5_19,Tierra Oscura,correg_pa_1_1_5,1-1-5-19
poblado_pa_1_1_5_20,Tiger Key o Isla Tigre,correg_pa_1_1_5,1-1-5-20
poblado_pa_1_1_5_23,Punta Afuera,correg_pa_1_1_5,1-1-5-23
poblado_pa_1_1_5_26,Cayo Mono (P),correg_pa_1_1_5,1-1-5-26
poblado_pa_1_1_5_29,Loma Santos (P),correg_pa_1_1_5,1-1-5-29
poblado_pa_1_1_6_1,Boca de Drago,correg_pa_1_1_6,1-1-6-1
poblado_pa_1_1_6_2,Bocas del Toro (P),correg_pa_1_1_6,1-1-6-2
poblado_pa_1_1_6_3,Boquet Bay (P),correg_pa_1_1_6,1-1-6-3
poblado_pa_1_1_6_4,Caracol Chiquito,correg_pa_1_1_6,1-1-6-4
poblado_pa_1_1_6_5,Ground Creek,correg_pa_1_1_6,1-1-6-5
poblado_pa_1_1_6_6,"La ""y"" Griega (P)",correg_pa_1_1_6,1-1-6-6
poblado_pa_1_1_6_7,La Cabaña,correg_pa_1_1_6,1-1-6-7
poblado_pa_1_1_6_8,La Carretera (P),correg_pa_1_1_6,1-1-6-8
poblado_pa_1_1_6_9,La Colonia Santeña (P),correg_pa_1_1_6,1-1-6-9
poblado_pa_1_1_6_10,Little Bay,correg_pa_1_1_6,1-1-6-10
poblado_pa_1_1_6_11,Punta Caracol,correg_pa_1_1_6,1-1-6-11
poblado_pa_1_1_6_12,Quebrada Matombal,correg_pa_1_1_6,1-1-6-12
poblado_pa_1_1_6_13,Sunset Point,correg_pa_1_1_6,1-1-6-13
poblado_pa_1_1_6_14,Urbanización Isla Colón,correg_pa_1_1_6,1-1-6-14
poblado_pa_1_1_7_1,Bahía Grande o Big Bay,correg_pa_1_1_7,1-1-7-1
poblado_pa_1_1_7_2,Bella Vista,correg_pa_1_1_7,1-1-7-2
poblado_pa_1_1_7_3,Bella Vista o Bay View o Punta Bermúdez (P),correg_pa_1_1_7,1-1-7-3
poblado_pa_1_1_7_4,Bocatorito (P),correg_pa_1_1_7,1-1-7-4
poblado_pa_1_1_7_5,Buena Vista,correg_pa_1_1_7,1-1-7-5
poblado_pa_1_1_7_7,Finca Nessin Yismi,correg_pa_1_1_7,1-1-7-7
poblado_pa_1_1_7_8,Pichini Creek,correg_pa_1_1_7,1-1-7-8
poblado_pa_1_1_7_9,Punta Paloma,correg_pa_1_1_7,1-1-7-9
poblado_pa_1_1_7_10,San Cristóbal,correg_pa_1_1_7,1-1-7-10
poblado_pa_1_1_7_11,San Cristóbal Arriba,correg_pa_1_1_7,1-1-7-11
poblado_pa_1_1_7_12,Selva del Mar,correg_pa_1_1_7,1-1-7-12
poblado_pa_1_1_7_13,Valle Escondido o Bahía Escondida,correg_pa_1_1_7,1-1-7-13
poblado_pa_1_1_7_14,El Refugio,correg_pa_1_1_7,1-1-7-14
poblado_pa_1_2_1_12,Changuinola (P),correg_pa_1_2_1,1-2-1-12
poblado_pa_1_2_3_8,Finca 41,correg_pa_1_2_3,1-2-3-8
poblado_pa_1_2_3_10,Finca 52,correg_pa_1_2_3,1-2-3-10
poblado_pa_1_2_3_11,Guabito (P),correg_pa_1_2_3,1-2-3-11
poblado_pa_1_2_3_20,Matina,correg_pa_1_2_3,1-2-3-20
poblado_pa_1_2_3_28,La Victoria,correg_pa_1_2_3,1-2-3-28
poblado_pa_1_2_3_29,Santa Marta de Yorkin (P),correg_pa_1_2_3,1-2-3-29
poblado_pa_1_2_3_33,El Arenal (P),correg_pa_1_2_3,1-2-3-33
poblado_pa_1_2_3_34,La Mona (P),correg_pa_1_2_3,1-2-3-34
poblado_pa_1_2_3_36,San San (P),correg_pa_1_2_3,1-2-3-36
poblado_pa_1_2_3_37,Ganadera Bocas,correg_pa_1_2_3,1-2-3-37
poblado_pa_1_2_3_38,Finca 42,correg_pa_1_2_3,1-2-3-38
poblado_pa_1_2_3_55,Entrada de San San,correg_pa_1_2_3,1-2-3-55
poblado_pa_1_2_3_56,Guameru o Traicionero,correg_pa_1_2_3,1-2-3-56
poblado_pa_1_2_3_57,Rómulo,correg_pa_1_2_3,1-2-3-57
poblado_pa_1_2_3_58,Puente de San San (P),correg_pa_1_2_3,1-2-3-58
poblado_pa_1_2_3_59,Milla 21 (P),correg_pa_1_2_3,1-2-3-59
poblado_pa_1_2_3_60,Milla 23 o Puente Blanco (P),correg_pa_1_2_3,1-2-3-60
poblado_pa_1_2_3_75,Isla Arenal,correg_pa_1_2_3,1-2-3-75
poblado_pa_1_2_3_83,Quebrada Conejo (P),correg_pa_1_2_3,1-2-3-83
poblado_pa_1_2_3_91,Puente Negro,correg_pa_1_2_3,1-2-3-91
poblado_pa_1_2_3_92,Suampito,correg_pa_1_2_3,1-2-3-92
poblado_pa_1_2_3_93,Nuevo Guabito,correg_pa_1_2_3,1-2-3-93
poblado_pa_1_2_3_97,Barriada el Cangrejo o el Cangrejal,correg_pa_1_2_3,1-2-3-97
poblado_pa_1_2_3_99,Barriada 17 de Octubre,correg_pa_1_2_3,1-2-3-99
poblado_pa_1_2_4_2,Bondi,correg_pa_1_2_4,1-2-4-2
poblado_pa_1_2_4_3,Bonyic,correg_pa_1_2_4,1-2-4-3
poblado_pa_1_2_4_6,Coquital o Loma Coquital,correg_pa_1_2_4,1-2-4-6
poblado_pa_1_2_4_7,Cugin,correg_pa_1_2_4,1-2-4-7
poblado_pa_1_2_4_8,Cuiñ,correg_pa_1_2_4,1-2-4-8
poblado_pa_1_2_4_9,Chupsco,correg_pa_1_2_4,1-2-4-9
poblado_pa_1_2_4_10,Diridi,correg_pa_1_2_4,1-2-4-10
poblado_pa_1_2_4_11,Druey,correg_pa_1_2_4,1-2-4-11
poblado_pa_1_2_4_12,Piedra de Sal,correg_pa_1_2_4,1-2-4-12
poblado_pa_1_2_4_13,Duerpsco,correg_pa_1_2_4,1-2-4-13
poblado_pa_1_2_4_15,Huecso,correg_pa_1_2_4,1-2-4-15
poblado_pa_1_2_4_16,La Mona (P),correg_pa_1_2_4,1-2-4-16
poblado_pa_1_2_4_17,Loma Bandera,correg_pa_1_2_4,1-2-4-17
poblado_pa_1_2_4_21,Peña Blanca,correg_pa_1_2_4,1-2-4-21
poblado_pa_1_2_4_24,San San (P),correg_pa_1_2_4,1-2-4-24
poblado_pa_1_2_4_25,San San Druy,correg_pa_1_2_4,1-2-4-25
poblado_pa_1_2_4_26,San San Tigra,correg_pa_1_2_4,1-2-4-26
poblado_pa_1_2_4_27,Santa Rosa (P),correg_pa_1_2_4,1-2-4-27
poblado_pa_1_2_4_28,Siekin,correg_pa_1_2_4,1-2-4-28
poblado_pa_1_2_4_29,Sieyik,correg_pa_1_2_4,1-2-4-29
poblado_pa_1_2_4_30,Cuinco,correg_pa_1_2_4,1-2-4-30
poblado_pa_1_2_4_31,Solón,correg_pa_1_2_4,1-2-4-31
poblado_pa_1_2_4_33,Sori,correg_pa_1_2_4,1-2-4-33
poblado_pa_1_2_4_34,Sorón,correg_pa_1_2_4,1-2-4-34
poblado_pa_1_2_4_35,Tres Piedras,correg_pa_1_2_4,1-2-4-35
poblado_pa_1_2_4_36,Zegla,correg_pa_1_2_4,1-2-4-36
poblado_pa_1_2_4_37,Bonkin,correg_pa_1_2_4,1-2-4-37
poblado_pa_1_2_4_38,Groncho,correg_pa_1_2_4,1-2-4-38
poblado_pa_1_2_4_39,Rancho Quemado,correg_pa_1_2_4,1-2-4-39
poblado_pa_1_2_4_40,Santa Marta de Yorkin (P),correg_pa_1_2_4,1-2-4-40
poblado_pa_1_2_4_41,Alto Solón,correg_pa_1_2_4,1-2-4-41
poblado_pa_1_2_4_42,Buena Selva (P),correg_pa_1_2_4,1-2-4-42
poblado_pa_1_2_6_15,El Empalme,correg_pa_1_2_6,1-2-6-15
poblado_pa_1_2_6_18,El Silencio (P),correg_pa_1_2_6,1-2-6-18
poblado_pa_1_2_6_64,Balas Pit Rural,correg_pa_1_2_6,1-2-6-64
poblado_pa_1_2_6_67,La Hortaliza (P),correg_pa_1_2_6,1-2-6-67
poblado_pa_1_2_7_3,Alto de Dos Caños,correg_pa_1_2_7,1-2-7-3
poblado_pa_1_2_7_12,Dos Caños,correg_pa_1_2_7,1-2-7-12
poblado_pa_1_2_7_13,Dos Caños Adentro o Dos Caños Abajo,correg_pa_1_2_7,1-2-7-13
poblado_pa_1_2_7_15,El Muro,correg_pa_1_2_7,1-2-7-15
poblado_pa_1_2_7_16,Sinostre Adentro (P),correg_pa_1_2_7,1-2-7-16
poblado_pa_1_2_7_25,Las Tablas,correg_pa_1_2_7,1-2-7-25
poblado_pa_1_2_7_28,Puerto Elena,correg_pa_1_2_7,1-2-7-28
poblado_pa_1_2_7_35,Sinostre (P),correg_pa_1_2_7,1-2-7-35
poblado_pa_1_2_7_37,Tiger Hill,correg_pa_1_2_7,1-2-7-37
poblado_pa_1_2_7_43,Barriada las Brisas,correg_pa_1_2_7,1-2-7-43
poblado_pa_1_2_7_49,Barriada 15 de Diciembre,correg_pa_1_2_7,1-2-7-49
poblado_pa_1_2_8_1,Alto de Sorí,correg_pa_1_2_8,1-2-8-1
poblado_pa_1_2_8_2,Betania,correg_pa_1_2_8,1-2-8-2
poblado_pa_1_2_8_3,Boca Chica [P],correg_pa_1_2_8,1-2-8-3
poblado_pa_1_2_8_4,Boquisco,correg_pa_1_2_8,1-2-8-4
poblado_pa_1_2_8_5,Campamento Bracha,correg_pa_1_2_8,1-2-8-5
poblado_pa_1_2_8_6,Cochigró,correg_pa_1_2_8,1-2-8-6
poblado_pa_1_2_8_7,Corriente Grande,correg_pa_1_2_8,1-2-8-7
poblado_pa_1_2_8_8,El Bajo de la Esperanza,correg_pa_1_2_8,1-2-8-8
poblado_pa_1_2_8_9,Quebrada Guabo,correg_pa_1_2_8,1-2-8-9
poblado_pa_1_2_8_10,Gavilán,correg_pa_1_2_8,1-2-8-10
poblado_pa_1_2_8_11,Isla Venado,correg_pa_1_2_8,1-2-8-11
poblado_pa_1_2_8_12,La Mina,correg_pa_1_2_8,1-2-8-12
poblado_pa_1_2_8_13,Marco o Cable Guía,correg_pa_1_2_8,1-2-8-13
poblado_pa_1_2_8_15,Quebrada Carbón No. 2,correg_pa_1_2_8,1-2-8-15
poblado_pa_1_2_8_16,Quebrada de León,correg_pa_1_2_8,1-2-8-16
poblado_pa_1_2_8_18,Quebrada Puerco,correg_pa_1_2_8,1-2-8-18
poblado_pa_1_2_8_19,Santa Rosa (P),correg_pa_1_2_8,1-2-8-19
poblado_pa_1_2_8_20,Sursubá,correg_pa_1_2_8,1-2-8-20
poblado_pa_1_2_8_21,Buena Vista,correg_pa_1_2_8,1-2-8-21
poblado_pa_1_2_8_22,Buena Selva (P),correg_pa_1_2_8,1-2-8-22
poblado_pa_1_2_8_23,Alto Pedregal,correg_pa_1_2_8,1-2-8-23
poblado_pa_1_2_8_24,Tucán,correg_pa_1_2_8,1-2-8-24
poblado_pa_1_2_9_1,Altos de Milla 10 o Vista Hermosa,correg_pa_1_2_9,1-2-9-1
poblado_pa_1_2_9_2,Boca de Junco (P),correg_pa_1_2_9,1-2-9-2
poblado_pa_1_2_9_3,El Canal,correg_pa_1_2_9,1-2-9-3
poblado_pa_1_2_9_5,Isla Tigre,correg_pa_1_2_9,1-2-9-5
poblado_pa_1_2_9_6,Junco o San Juan,correg_pa_1_2_9,1-2-9-6
poblado_pa_1_2_9_7,Junquito,correg_pa_1_2_9,1-2-9-7
poblado_pa_1_2_9_8,La Escondida (P),correg_pa_1_2_9,1-2-9-8
poblado_pa_1_2_9_9,La Gloria (P),correg_pa_1_2_9,1-2-9-9
poblado_pa_1_2_9_10,Loma Bonita (P),correg_pa_1_2_9,1-2-9-10
poblado_pa_1_2_9_11,Loma Brava,correg_pa_1_2_9,1-2-9-11
poblado_pa_1_2_9_12,Loma Muleto (P),correg_pa_1_2_9,1-2-9-12
poblado_pa_1_2_9_13,Milla 5 (P),correg_pa_1_2_9,1-2-9-13
poblado_pa_1_2_9_14,Milla 6,correg_pa_1_2_9,1-2-9-14
poblado_pa_1_2_9_15,Milla 7,correg_pa_1_2_9,1-2-9-15
poblado_pa_1_2_9_16,Milla 7 1/2 (P),correg_pa_1_2_9,1-2-9-16
poblado_pa_1_2_9_17,Milla 8,correg_pa_1_2_9,1-2-9-17
poblado_pa_1_2_9_18,Milla 10,correg_pa_1_2_9,1-2-9-18
poblado_pa_1_2_9_19,Milla 11 (P),correg_pa_1_2_9,1-2-9-19
poblado_pa_1_2_9_20,Punta Sorostra,correg_pa_1_2_9,1-2-9-20
poblado_pa_1_2_9_21,Selvina,correg_pa_1_2_9,1-2-9-21
poblado_pa_1_2_9_22,Valle Junquito,correg_pa_1_2_9,1-2-9-22
poblado_pa_1_2_9_23,La Barra (P),correg_pa_1_2_9,1-2-9-23
poblado_pa_1_2_9_27,Alto Pita,correg_pa_1_2_9,1-2-9-27
poblado_pa_1_2_9_28,Boca de Selvina,correg_pa_1_2_9,1-2-9-28
poblado_pa_1_2_10_1,Agua Salud o los Pozos de Aguas Termales,correg_pa_1_2_10,1-2-10-1
poblado_pa_1_2_10_3,Boca de Yorkin,correg_pa_1_2_10,1-2-10-3
poblado_pa_1_2_10_4,Boroni,correg_pa_1_2_10,1-2-10-4
poblado_pa_1_2_10_5,Daclis,correg_pa_1_2_10,1-2-10-5
poblado_pa_1_2_10_6,El Guabo de Yorkin,correg_pa_1_2_10,1-2-10-6
poblado_pa_1_2_10_7,Sinostre Adentro (P),correg_pa_1_2_10,1-2-10-7
poblado_pa_1_2_10_8,Endi,correg_pa_1_2_10,1-2-10-8
poblado_pa_1_2_10_9,Alto Yorkin,correg_pa_1_2_10,1-2-10-9
poblado_pa_1_2_10_10,La Golondrina,correg_pa_1_2_10,1-2-10-10
poblado_pa_1_2_10_11,Las Delicias Abajo,correg_pa_1_2_10,1-2-10-11
poblado_pa_1_2_10_12,Las Delicias Arriba,correg_pa_1_2_10,1-2-10-12
poblado_pa_1_2_10_13,Las Palmas o las Palmitas de Yorkin,correg_pa_1_2_10,1-2-10-13
poblado_pa_1_2_10_15,Namuwuoki,correg_pa_1_2_10,1-2-10-15
poblado_pa_1_2_10_16,Santa Clara (P),correg_pa_1_2_10,1-2-10-16
poblado_pa_1_2_10_17,Sanury o Dos Bocas,correg_pa_1_2_10,1-2-10-17
poblado_pa_1_2_10_18,Sibube,correg_pa_1_2_10,1-2-10-18
poblado_pa_1_2_10_19,Sibube Adentro,correg_pa_1_2_10,1-2-10-19
poblado_pa_1_2_10_21,Sinostre (P),correg_pa_1_2_10,1-2-10-21
poblado_pa_1_2_10_25,Bris,correg_pa_1_2_10,1-2-10-25
poblado_pa_1_2_10_26,Katsi,correg_pa_1_2_10,1-2-10-26
poblado_pa_1_2_10_27,Tscui,correg_pa_1_2_10,1-2-10-27
poblado_pa_1_2_13_2,Finca 71,correg_pa_1_2_13,1-2-13-2
poblado_pa_1_2_13_3,Finca la Ponderosa,correg_pa_1_2_13,1-2-13-3
poblado_pa_1_2_13_4,Puente de San San (P),correg_pa_1_2_13,1-2-13-4
poblado_pa_1_2_13_5,Changuinola (P),correg_pa_1_2_13,1-2-13-5
poblado_pa_1_2_14_2,Charagre (P),correg_pa_1_2_14,1-2-14-2
poblado_pa_1_2_14_3,El Silencio (P),correg_pa_1_2_14,1-2-14-3
poblado_pa_1_2_14_4,La Hortaliza (P),correg_pa_1_2_14,1-2-14-4
poblado_pa_1_2_14_5,Quebrada Carbón No. 1,correg_pa_1_2_14,1-2-14-5
poblado_pa_1_2_14_6,Quebrada Carbón No. 2,correg_pa_1_2_14,1-2-14-6
poblado_pa_1_2_14_7,Quebrada Yorkin,correg_pa_1_2_14,1-2-14-7
poblado_pa_1_2_14_8,Santa Marta de Yorkin (P),correg_pa_1_2_14,1-2-14-8
poblado_pa_1_2_15_1,Barra 44,correg_pa_1_2_15,1-2-15-1
poblado_pa_1_2_15_3,Changuinola (P),correg_pa_1_2_15,1-2-15-3
poblado_pa_1_2_15_4,Finca 43,correg_pa_1_2_15,1-2-15-4
poblado_pa_1_2_15_5,Finca 44,correg_pa_1_2_15,1-2-15-5
poblado_pa_1_2_15_7,San San No. 1 (P),correg_pa_1_2_15,1-2-15-7
poblado_pa_1_2_16_1,Barriada la Juventud,correg_pa_1_2_16,1-2-16-1
poblado_pa_1_2_16_2,Barriada la Reina,correg_pa_1_2_16,1-2-16-2
poblado_pa_1_2_16_3,Barriada Theobroma,correg_pa_1_2_16,1-2-16-3
poblado_pa_1_2_16_4,Charagre (P),correg_pa_1_2_16,1-2-16-4
poblado_pa_1_2_16_5,El Tecal,correg_pa_1_2_16,1-2-16-5
poblado_pa_1_2_16_6,Finca 24,correg_pa_1_2_16,1-2-16-6
poblado_pa_1_2_16_7,Finca 31,correg_pa_1_2_16,1-2-16-7
poblado_pa_1_2_16_8,Finca 32,correg_pa_1_2_16,1-2-16-8
poblado_pa_1_2_16_9,Finca 33,correg_pa_1_2_16,1-2-16-9
poblado_pa_1_2_16_10,Finca 69,correg_pa_1_2_16,1-2-16-10
poblado_pa_1_2_16_11,La Nueva Esperanza o Cantiflán,correg_pa_1_2_16,1-2-16-11
poblado_pa_1_2_16_12,Lago 4,correg_pa_1_2_16,1-2-16-12
poblado_pa_1_2_16_13,Santa Marta Abajo,correg_pa_1_2_16,1-2-16-13
poblado_pa_1_2_16_14,5 de Marzo,correg_pa_1_2_16,1-2-16-14
poblado_pa_1_2_16_15,Barriada Anaconda,correg_pa_1_2_16,1-2-16-15
poblado_pa_1_2_16_16,Barriada Cobana,correg_pa_1_2_16,1-2-16-16
poblado_pa_1_2_16_18,Barriada Urracá,correg_pa_1_2_16,1-2-16-18
poblado_pa_1_2_17_1,Barriada 21 de Abril,correg_pa_1_2_17,1-2-17-1
poblado_pa_1_2_17_2,Finca 61,correg_pa_1_2_17,1-2-17-2
poblado_pa_1_2_17_3,Finca 62,correg_pa_1_2_17,1-2-17-3
poblado_pa_1_2_17_4,Finca 62 Rural,correg_pa_1_2_17,1-2-17-4
poblado_pa_1_2_17_5,Finca 63,correg_pa_1_2_17,1-2-17-5
poblado_pa_1_2_17_6,Finca 64,correg_pa_1_2_17,1-2-17-6
poblado_pa_1_2_17_7,Finca 67,correg_pa_1_2_17,1-2-17-7
poblado_pa_1_2_17_8,Finca 67 Abajo,correg_pa_1_2_17,1-2-17-8
poblado_pa_1_2_17_9,La Barra (P),correg_pa_1_2_17,1-2-17-9
poblado_pa_1_2_17_10,La Ponderosa (P),correg_pa_1_2_17,1-2-17-10
poblado_pa_1_2_18_1,Alto Nance (P),correg_pa_1_2_18,1-2-18-1
poblado_pa_1_2_18_2,Bajo Nance,correg_pa_1_2_18,1-2-18-2
poblado_pa_1_2_18_3,Barranco Adentro,correg_pa_1_2_18,1-2-18-3
poblado_pa_1_2_18_4,Barranco Medio,correg_pa_1_2_18,1-2-18-4
poblado_pa_1_2_18_5,Barriada 14 de Abril,correg_pa_1_2_18,1-2-18-5
poblado_pa_1_2_18_6,Barriada Cable 90,correg_pa_1_2_18,1-2-18-6
poblado_pa_1_2_18_7,Boinvota,correg_pa_1_2_18,1-2-18-7
poblado_pa_1_2_18_8,Finca 45 Adentro,correg_pa_1_2_18,1-2-18-8
poblado_pa_1_2_18_9,Las Palmitas,correg_pa_1_2_18,1-2-18-9
poblado_pa_1_2_18_10,Santa Clara (P),correg_pa_1_2_18,1-2-18-10
poblado_pa_1_2_19_1,Bambú,correg_pa_1_2_19,1-2-19-1
poblado_pa_1_2_19_2,Barriada Santa Elena,correg_pa_1_2_19,1-2-19-2
poblado_pa_1_2_19_3,Boca de Junco (P),correg_pa_1_2_19,1-2-19-3
poblado_pa_1_2_19_4,Buena Vista Abajo o Bambito,correg_pa_1_2_19,1-2-19-4
poblado_pa_1_2_19_5,Finca 1,correg_pa_1_2_19,1-2-19-5
poblado_pa_1_2_19_6,Finca 2,correg_pa_1_2_19,1-2-19-6
poblado_pa_1_2_19_7,Finca 2 Rural,correg_pa_1_2_19,1-2-19-7
poblado_pa_1_2_19_8,Finca 3,correg_pa_1_2_19,1-2-19-8
poblado_pa_1_2_19_9,Finca 3 Rural,correg_pa_1_2_19,1-2-19-9
poblado_pa_1_2_19_10,Finca 4,correg_pa_1_2_19,1-2-19-10
poblado_pa_1_2_19_11,La Escondida (P),correg_pa_1_2_19,1-2-19-11
poblado_pa_1_2_19_12,Loma Bambú,correg_pa_1_2_19,1-2-19-12
poblado_pa_1_2_19_14,Milla 11 (P),correg_pa_1_2_19,1-2-19-14
poblado_pa_1_2_19_15,Milla 12,correg_pa_1_2_19,1-2-19-15
poblado_pa_1_2_19_16,Torres,correg_pa_1_2_19,1-2-19-16
poblado_pa_1_2_19_17,Urbanización Nuevo Amanecer,correg_pa_1_2_19,1-2-19-17
poblado_pa_1_2_19_18,Alto Rima,correg_pa_1_2_19,1-2-19-18
poblado_pa_1_2_19_19,Barriada 20 de Enero,correg_pa_1_2_19,1-2-19-19
poblado_pa_1_2_19_20,Barriada Nazareno,correg_pa_1_2_19,1-2-19-20
poblado_pa_1_2_19_21,Finca 1 Rural,correg_pa_1_2_19,1-2-19-21
poblado_pa_1_2_19_22,Loma el Bajo,correg_pa_1_2_19,1-2-19-22
poblado_pa_1_2_20_1,Changuinola (P),correg_pa_1_2_20,1-2-20-1
poblado_pa_1_2_21_1,Agroganadera Caribe,correg_pa_1_2_21,1-2-21-1
poblado_pa_1_2_21_2,Barriada Nuevo Amanecer,correg_pa_1_2_21,1-2-21-2
poblado_pa_1_2_21_4,California,correg_pa_1_2_21,1-2-21-4
poblado_pa_1_2_21_5,Deborah,correg_pa_1_2_21,1-2-21-5
poblado_pa_1_2_21_6,Finca 51,correg_pa_1_2_21,1-2-21-6
poblado_pa_1_2_21_7,Finca 53,correg_pa_1_2_21,1-2-21-7
poblado_pa_1_2_21_9,Finca Nombre de Dios,correg_pa_1_2_21,1-2-21-9
poblado_pa_1_2_21_10,Guabito (P),correg_pa_1_2_21,1-2-21-10
poblado_pa_1_2_21_11,Junta Agraria,correg_pa_1_2_21,1-2-21-11
poblado_pa_1_2_21_12,La Barra,correg_pa_1_2_21,1-2-21-12
poblado_pa_1_2_21_13,La Jara,correg_pa_1_2_21,1-2-21-13
poblado_pa_1_2_21_14,La Palma,correg_pa_1_2_21,1-2-21-14
poblado_pa_1_2_21_15,Milla 21 (P),correg_pa_1_2_21,1-2-21-15
poblado_pa_1_2_21_16,Milla 23 o Puente Blanco (P),correg_pa_1_2_21,1-2-21-16
poblado_pa_1_2_21_17,Nueva California,correg_pa_1_2_21,1-2-21-17
poblado_pa_1_2_21_18,Puente de San San (P),correg_pa_1_2_21,1-2-21-18
poblado_pa_1_2_21_19,Puente del Medio,correg_pa_1_2_21,1-2-21-19
poblado_pa_1_2_21_20,Puente Negro (P),correg_pa_1_2_21,1-2-21-20
poblado_pa_1_2_21_21,Río Negro,correg_pa_1_2_21,1-2-21-21
poblado_pa_1_2_21_22,San San No. 1 (P),correg_pa_1_2_21,1-2-21-22
poblado_pa_1_2_21_23,Barriada 20 de Mayo,correg_pa_1_2_21,1-2-21-23
poblado_pa_1_2_22_1,Changuinola (P),correg_pa_1_2_22,1-2-22-1
poblado_pa_1_2_23_1,Alto Nance (P),correg_pa_1_2_23,1-2-23-1
poblado_pa_1_2_23_2,El Arenal (P),correg_pa_1_2_23,1-2-23-2
poblado_pa_1_2_23_3,Isla Grande,correg_pa_1_2_23,1-2-23-3
poblado_pa_1_2_23_4,La Mesa,correg_pa_1_2_23,1-2-23-4
poblado_pa_1_2_23_5,Quebrada Canela,correg_pa_1_2_23,1-2-23-5
poblado_pa_1_2_23_6,Quebrada Conejo (P),correg_pa_1_2_23,1-2-23-6
poblado_pa_1_2_23_7,San San (P),correg_pa_1_2_23,1-2-23-7
poblado_pa_1_2_23_8,Vicira,correg_pa_1_2_23,1-2-23-8
poblado_pa_1_2_23_9,Washout,correg_pa_1_2_23,1-2-23-9
poblado_pa_1_3_1_2,Quebrada el Bajo,correg_pa_1_3_1,1-3-1-2
poblado_pa_1_3_1_13,Casas Viejas o Barriada el Campesino,correg_pa_1_3_1,1-3-1-13
poblado_pa_1_3_1_17,Chiriquí Grande,correg_pa_1_3_1,1-3-1-17
poblado_pa_1_3_1_33,Juan Cuero,correg_pa_1_3_1,1-3-1-33
poblado_pa_1_3_1_37,Manc Reek o la Mesa,correg_pa_1_3_1,1-3-1-37
poblado_pa_1_3_1_53,Platanerito,correg_pa_1_3_1,1-3-1-53
poblado_pa_1_3_1_58,Quebrada Limón (P),correg_pa_1_3_1,1-3-1-58
poblado_pa_1_3_1_120,El Crudo o Aguacate,correg_pa_1_3_1,1-3-1-120
poblado_pa_1_3_1_121,Árbol de Pan,correg_pa_1_3_1,1-3-1-121
poblado_pa_1_3_1_123,Piña,correg_pa_1_3_1,1-3-1-123
poblado_pa_1_3_1_176,Río Daira (P),correg_pa_1_3_1,1-3-1-176
poblado_pa_1_3_1_178,Alto Claro (P),correg_pa_1_3_1,1-3-1-178
poblado_pa_1_3_1_179,Boca de Río Daira (P),correg_pa_1_3_1,1-3-1-179
poblado_pa_1_3_1_181,Margarita o Quebrada Man Creek,correg_pa_1_3_1,1-3-1-181
poblado_pa_1_3_1_183,Chiriquicito No. 2 (P),correg_pa_1_3_1,1-3-1-183
poblado_pa_1_3_1_184,Boca de Man Creek (P),correg_pa_1_3_1,1-3-1-184
poblado_pa_1_3_1_185,Mata Cacao,correg_pa_1_3_1,1-3-1-185
poblado_pa_1_3_1_186,1 de Noviembre,correg_pa_1_3_1,1-3-1-186
poblado_pa_1_3_1_187,Quebrada Camarón,correg_pa_1_3_1,1-3-1-187
poblado_pa_1_3_1_189,Panagro,correg_pa_1_3_1,1-3-1-189
poblado_pa_1_3_1_190,Rambala (P),correg_pa_1_3_1,1-3-1-190
poblado_pa_1_3_1_191,Guariviara o la Playita,correg_pa_1_3_1,1-3-1-191
poblado_pa_1_3_1_192,El Búfalo,correg_pa_1_3_1,1-3-1-192
poblado_pa_1_3_1_193,El Caimán,correg_pa_1_3_1,1-3-1-193
poblado_pa_1_3_2_5,Gualaca o Gualaquita,correg_pa_1_3_2,1-3-2-5
poblado_pa_1_3_2_6,La Gloria (P),correg_pa_1_3_2,1-3-2-6
poblado_pa_1_3_2_7,Los Cedeños (P),correg_pa_1_3_2,1-3-2-7
poblado_pa_1_3_2_8,Los Chiricanos,correg_pa_1_3_2,1-3-2-8
poblado_pa_1_3_2_9,Miramar,correg_pa_1_3_2,1-3-2-9
poblado_pa_1_3_2_12,La Esperanza,correg_pa_1_3_2,1-3-2-12
poblado_pa_1_3_2_13,Los Franceses,correg_pa_1_3_2,1-3-2-13
poblado_pa_1_3_2_14,Alto Coco,correg_pa_1_3_2,1-3-2-14
poblado_pa_1_3_3_1,Cañaza,correg_pa_1_3_3,1-3-3-1
poblado_pa_1_3_3_2,Entrada de Pueblo Nuevo,correg_pa_1_3_3,1-3-3-2
poblado_pa_1_3_3_4,Los Alvarados,correg_pa_1_3_3,1-3-3-4
poblado_pa_1_3_3_5,Paso Catalina,correg_pa_1_3_3,1-3-3-5
poblado_pa_1_3_3_6,Punta Peña,correg_pa_1_3_3,1-3-3-6
poblado_pa_1_3_3_7,Quebrada Camarón,correg_pa_1_3_3,1-3-3-7
poblado_pa_1_3_3_8,Rambala (P),correg_pa_1_3_3,1-3-3-8
poblado_pa_1_3_3_9,Cañazas No. 2,correg_pa_1_3_3,1-3-3-9
poblado_pa_1_3_3_10,Higuerón (P),correg_pa_1_3_3,1-3-3-10
poblado_pa_1_3_3_11,Higuerón Mellizos Arriba (P),correg_pa_1_3_3,1-3-3-11
poblado_pa_1_3_4_28,Las Cañas (P),correg_pa_1_3_4,1-3-4-28
poblado_pa_1_3_4_32,Los Molejones (P),correg_pa_1_3_4,1-3-4-32
poblado_pa_1_3_4_35,Norteño (P),correg_pa_1_3_4,1-3-4-35
poblado_pa_1_3_4_36,Palma Real (P),correg_pa_1_3_4,1-3-4-36
poblado_pa_1_3_4_37,Punta Róbalo,correg_pa_1_3_4,1-3-4-37
poblado_pa_1_3_4_44,Spanish Town,correg_pa_1_3_4,1-3-4-44
poblado_pa_1_3_4_57,Valle Seco,correg_pa_1_3_4,1-3-4-57
poblado_pa_1_3_4_76,Los Guayabales,correg_pa_1_3_4,1-3-4-76
poblado_pa_1_3_4_78,Alto Zapatero,correg_pa_1_3_4,1-3-4-78
poblado_pa_1_3_4_79,Alto Palma,correg_pa_1_3_4,1-3-4-79
poblado_pa_1_3_4_80,Cilico Creek (P),correg_pa_1_3_4,1-3-4-80
poblado_pa_1_3_5_1,Barranquilla No. 3 (P),correg_pa_1_3_5,1-3-5-1
poblado_pa_1_3_5_2,Boca de Guarumito,correg_pa_1_3_5,1-3-5-2
poblado_pa_1_3_5_3,Chiriquicito o Solate,correg_pa_1_3_5,1-3-5-3
poblado_pa_1_3_5_4,Chiriquicito No. 2 (P),correg_pa_1_3_5,1-3-5-4
poblado_pa_1_3_5_5,El Guarumo,correg_pa_1_3_5,1-3-5-5
poblado_pa_1_3_5_6,Guarumito (P),correg_pa_1_3_5,1-3-5-6
poblado_pa_1_3_5_7,Guarumito No. 2 o Chiriquicito No. 1 (P),correg_pa_1_3_5,1-3-5-7
poblado_pa_1_3_5_8,La Milagrosa,correg_pa_1_3_5,1-3-5-8
poblado_pa_1_3_5_9,Rambala (P),correg_pa_1_3_5,1-3-5-9
poblado_pa_1_3_5_10,Nueva Estrella (P),correg_pa_1_3_5,1-3-5-10
poblado_pa_1_3_6_1,África (P),correg_pa_1_3_6,1-3-6-1
poblado_pa_1_3_6_2,Bajo Cedro,correg_pa_1_3_6,1-3-6-2
poblado_pa_1_3_6_3,El Escobal,correg_pa_1_3_6,1-3-6-3
poblado_pa_1_3_6_4,El Tamarindo,correg_pa_1_3_6,1-3-6-4
poblado_pa_1_3_6_5,La Loma o Loma Bonita,correg_pa_1_3_6,1-3-6-5
poblado_pa_1_3_6_6,Loma de Noni,correg_pa_1_3_6,1-3-6-6
poblado_pa_1_3_6_7,Loma Venado o el Palmito (P),correg_pa_1_3_6,1-3-6-7
poblado_pa_1_3_6_8,Puerto del Diablo,correg_pa_1_3_6,1-3-6-8
poblado_pa_1_3_6_9,Quebrada Garza,correg_pa_1_3_6,1-3-6-9
poblado_pa_1_3_6_10,Traicionera,correg_pa_1_3_6,1-3-6-10
poblado_pa_1_3_6_11,Valle Sarón o Bigote,correg_pa_1_3_6,1-3-6-11
poblado_pa_1_3_6_12,El Tapao,correg_pa_1_3_6,1-3-6-12
poblado_pa_1_3_6_13,La Conga (P),correg_pa_1_3_6,1-3-6-13
poblado_pa_1_3_6_14,Rancho Quemao,correg_pa_1_3_6,1-3-6-14
poblado_pa_1_3_6_15,Quebrada Marín,correg_pa_1_3_6,1-3-6-15
poblado_pa_1_4_1_1,Almirante (P),correg_pa_1_4_1,1-4-1-1
poblado_pa_1_4_1_3,La Bomba (P),correg_pa_1_4_1,1-4-1-3
poblado_pa_1_4_1_6,Milla 2 (P),correg_pa_1_4_1,1-4-1-6
poblado_pa_1_4_1_8,Milla 3 (P),correg_pa_1_4_1,1-4-1-8
poblado_pa_1_4_1_62,Barriada Nuevo Almirante,correg_pa_1_4_1,1-4-1-62
poblado_pa_1_4_1_65,Loma Brava (P),correg_pa_1_4_1,1-4-1-65
poblado_pa_1_4_1_66,Residencial Almirante Bay,correg_pa_1_4_1,1-4-1-66
poblado_pa_1_4_2_1,Almirante (P),correg_pa_1_4_3,1-4-2-1
poblado_pa_1_4_2_3,Punta Bella,correg_pa_1_4_3,1-4-2-3
poblado_pa_1_4_2_5,Loma Brava (P),correg_pa_1_4_3,1-4-2-5
poblado_pa_1_4_3_1,Almirante (P),correg_pa_1_4_2,1-4-3-1
poblado_pa_1_4_3_2,El Caracol o Barrio Guaymí No. 2,correg_pa_1_4_2,1-4-3-2
poblado_pa_1_4_3_3,La Bomba (P),correg_pa_1_4_2,1-4-3-3
poblado_pa_1_4_3_4,Loma Quebrada o los Piñeros,correg_pa_1_4_2,1-4-3-4
poblado_pa_1_4_3_5,Milla 2 (P),correg_pa_1_4_2,1-4-3-5
poblado_pa_1_4_3_6,Milla 3 (P),correg_pa_1_4_2,1-4-3-6
poblado_pa_1_4_3_7,Milla 4,correg_pa_1_4_2,1-4-3-7
poblado_pa_1_4_3_8,Milla 4 1/2,correg_pa_1_4_2,1-4-3-8
poblado_pa_1_4_3_9,Milla 5 (P),correg_pa_1_4_2,1-4-3-9
poblado_pa_1_4_3_10,Miraflores (P),correg_pa_1_4_2,1-4-3-10
poblado_pa_1_4_3_11,Nuevo Paraíso,correg_pa_1_4_2,1-4-3-11
poblado_pa_1_4_3_13,Quebrada Limón,correg_pa_1_4_2,1-4-3-13
poblado_pa_1_4_3_15,Quebrada Nigua No. 1,correg_pa_1_4_2,1-4-3-15
poblado_pa_1_4_3_18,Alto Refugio,correg_pa_1_4_2,1-4-3-18
poblado_pa_1_4_4_2,Bajo Gavilán,correg_pa_1_4_4,1-4-4-2
poblado_pa_1_4_4_3,Boca Chica (P),correg_pa_1_4_4,1-4-4-3
poblado_pa_1_4_4_6,Changuinola Arriba (P),correg_pa_1_4_4,1-4-4-6
poblado_pa_1_4_4_7,Charco la Pava No. 2,correg_pa_1_4_4,1-4-4-7
poblado_pa_1_4_4_9,Guayabal (P),correg_pa_1_4_4,1-4-4-9
poblado_pa_1_4_4_10,Nance de Riscó,correg_pa_1_4_4,1-4-4-10
poblado_pa_1_4_4_11,Punta Peña Blanca (P),correg_pa_1_4_4,1-4-4-11
poblado_pa_1_4_4_13,Valle el Rey,correg_pa_1_4_4,1-4-4-13
poblado_pa_1_4_4_16,Comunidad Lazo,correg_pa_1_4_4,1-4-4-16
poblado_pa_1_4_4_17,La Soledad de Riscó,correg_pa_1_4_4,1-4-4-17
poblado_pa_1_4_5_1,Bahía de Loma Azul,correg_pa_1_4_5,1-4-5-1
poblado_pa_1_4_5_2,Cayo Roldán,correg_pa_1_4_5,1-4-5-2
poblado_pa_1_4_5_3,El Carrizal,correg_pa_1_4_5,1-4-5-3
poblado_pa_1_4_5_4,Isla Pastores,correg_pa_1_4_5,1-4-5-4
poblado_pa_1_4_5_5,Loma Azul (P),correg_pa_1_4_5,1-4-5-5
poblado_pa_1_4_5_6,Loma Coco,correg_pa_1_4_5,1-4-5-6
poblado_pa_1_4_5_7,Loma Estrella (P),correg_pa_1_4_5,1-4-5-7
poblado_pa_1_4_5_8,Ojo de Agua (P),correg_pa_1_4_5,1-4-5-8
poblado_pa_1_4_5_9,Palo Seco (P),correg_pa_1_4_5,1-4-5-9
poblado_pa_1_4_5_10,Punta Gallinazo,correg_pa_1_4_5,1-4-5-10
poblado_pa_1_4_5_11,Punta Pargo,correg_pa_1_4_5,1-4-5-11
poblado_pa_1_4_5_12,Quebrada Bosali,correg_pa_1_4_5,1-4-5-12
poblado_pa_1_4_5_13,Quebrada Cacao,correg_pa_1_4_5,1-4-5-13
poblado_pa_1_4_5_14,Quebrada Cascajo,correg_pa_1_4_5,1-4-5-14
poblado_pa_1_4_5_15,Quebrada Garay,correg_pa_1_4_5,1-4-5-15
poblado_pa_1_4_5_17,Quebrada Pastor,correg_pa_1_4_5,1-4-5-17
poblado_pa_1_4_5_18,Quebrada Pittí,correg_pa_1_4_5,1-4-5-18
poblado_pa_1_4_5_19,Renacimiento,correg_pa_1_4_5,1-4-5-19
poblado_pa_1_4_5_20,Río Oeste Abajo,correg_pa_1_4_5,1-4-5-20
poblado_pa_1_4_5_21,Río Oeste Arriba,correg_pa_1_4_5,1-4-5-21
poblado_pa_1_4_5_22,Valle de Agua Abajo,correg_pa_1_4_5,1-4-5-22
poblado_pa_1_4_5_23,Valle de Agua Arriba,correg_pa_1_4_5,1-4-5-23
poblado_pa_1_4_5_24,Valle de las Perlas,correg_pa_1_4_5,1-4-5-24
poblado_pa_1_4_5_25,La Escapada,correg_pa_1_4_5,1-4-5-25
poblado_pa_1_4_5_26,Nueva Esperanza,correg_pa_1_4_5,1-4-5-26
poblado_pa_1_4_5_27,Bahía Lomas,correg_pa_1_4_5,1-4-5-27
poblado_pa_1_4_5_28,Loma Estrella Abajo,correg_pa_1_4_5,1-4-5-28
poblado_pa_1_4_5_29,Loma Valiente,correg_pa_1_4_5,1-4-5-29
poblado_pa_1_4_5_30,Loma Santos (P),correg_pa_1_4_5,1-4-5-30
poblado_pa_1_4_6_3,Boca de Culubre o Peña Blanca (P),correg_pa_1_4_6,1-4-6-3
poblado_pa_1_4_6_5,Cabecera de Culebra (P),correg_pa_1_4_6,1-4-6-5
poblado_pa_1_4_6_7,Culebra (P),correg_pa_1_4_6,1-4-6-7
poblado_pa_1_4_6_8,Changuinola Arriba (P),correg_pa_1_4_6,1-4-6-8
poblado_pa_1_4_6_10,Guayabo o Finca Guayabo,correg_pa_1_4_6,1-4-6-10
poblado_pa_1_4_6_11,Dos Ríos,correg_pa_1_4_6,1-4-6-11
poblado_pa_1_4_6_13,Barriada 5 Estrellas,correg_pa_1_4_6,1-4-6-13
poblado_pa_1_4_6_19,La Soledad,correg_pa_1_4_6,1-4-6-19
poblado_pa_1_4_6_20,Quebrada Pluma,correg_pa_1_4_6,1-4-6-20
poblado_pa_1_4_6_21,Guayabal (P),correg_pa_1_4_6,1-4-6-21
poblado_pa_1_4_6_22,Nudobiri,correg_pa_1_4_6,1-4-6-22
poblado_pa_1_4_6_27,Punta Peña Blanca (P),correg_pa_1_4_6,1-4-6-27
poblado_pa_1_4_6_28,Punta Peña (P),correg_pa_1_4_6,1-4-6-28
poblado_pa_1_4_6_32,Quebrada Pita,correg_pa_1_4_6,1-4-6-32
poblado_pa_1_4_6_33,Alto Romero,correg_pa_1_4_6,1-4-6-33
poblado_pa_1_4_6_35,Tolote U Oriente del Riscó (P),correg_pa_1_4_6,1-4-6-35
poblado_pa_1_4_6_36,Valle de Riscó,correg_pa_1_4_6,1-4-6-36
poblado_pa_1_4_6_38,Velorio o Monte Verde (P),correg_pa_1_4_6,1-4-6-38
poblado_pa_1_4_6_40,Nirionte No. 2 o Barriada Guerra,correg_pa_1_4_6,1-4-6-40
poblado_pa_1_4_6_41,Palo Seco (P),correg_pa_1_4_6,1-4-6-41
poblado_pa_1_4_6_42,Alto Pineda,correg_pa_1_4_6,1-4-6-42
poblado_pa_1_4_6_43,Alto Refugio,correg_pa_1_4_6,1-4-6-43
poblado_pa_1_4_6_44,Bajo Nieve,correg_pa_1_4_6,1-4-6-44
poblado_pa_1_4_6_45,Barriada Santeña,correg_pa_1_4_6,1-4-6-45
poblado_pa_1_4_6_46,Ojo de Agua,correg_pa_1_4_6,1-4-6-46
poblado_pa_1_4_6_47,Oregonte,correg_pa_1_4_6,1-4-6-47
poblado_pa_1_4_6_48,Quebrada Caracol (P),correg_pa_1_4_6,1-4-6-48
poblado_pa_1_4_6_49,Quebrada Esperanza de Riscó,correg_pa_1_4_6,1-4-6-49
poblado_pa_1_4_7_1,Alto Uri o Nueva Zelandia,correg_pa_1_4_7,1-4-7-1
poblado_pa_1_4_7_2,Arcoíris,correg_pa_1_4_7,1-4-7-2
poblado_pa_1_4_7_3,Bajo Culubre (P),correg_pa_1_4_7,1-4-7-3
poblado_pa_1_4_7_4,Caña Blanca,correg_pa_1_4_7,1-4-7-4
poblado_pa_1_4_7_5,Ceiba Arriba (P),correg_pa_1_4_7,1-4-7-5
poblado_pa_1_4_7_6,Fábrega,correg_pa_1_4_7,1-4-7-6
poblado_pa_1_4_7_7,Lajas o Sol del Monte,correg_pa_1_4_7,1-4-7-7
poblado_pa_1_4_7_8,Los Naranjos,correg_pa_1_4_7,1-4-7-8
poblado_pa_1_4_7_9,Sitio Flores,correg_pa_1_4_7,1-4-7-9
poblado_pa_1_4_8_1,Boca de Negrita o la Negrita (P),correg_pa_1_1_3,1-4-8-1
poblado_pa_1_4_8_2,Quebrada Estrella,correg_pa_1_1_3,1-4-8-2
poblado_pa_1_4_8_3,Cauchero,correg_pa_1_1_3,1-4-8-3
poblado_pa_1_4_8_4,Cauchero Arriba,correg_pa_1_1_3,1-4-8-4
poblado_pa_1_4_8_5,Cayo Mono (P),correg_pa_1_1_3,1-4-8-5
poblado_pa_1_4_8_6,Cerro Palma,correg_pa_1_1_3,1-4-8-6
poblado_pa_1_4_8_8,Dos Bocas (P),correg_pa_1_1_3,1-4-8-8
poblado_pa_1_4_8_9,El Desierto,correg_pa_1_1_3,1-4-8-9
poblado_pa_1_4_8_10,Loma Azul (P),correg_pa_1_1_3,1-4-8-10
poblado_pa_1_4_8_11,Loma Estrella (P),correg_pa_1_1_3,1-4-8-11
poblado_pa_1_4_8_12,Loma Fría,correg_pa_1_1_3,1-4-8-12
poblado_pa_1_4_8_13,Los Higuerones,correg_pa_1_1_3,1-4-8-13
poblado_pa_1_4_8_14,Los Naranjos,correg_pa_1_1_3,1-4-8-14
poblado_pa_1_4_8_17,Pueblo Nuevo (P),correg_pa_1_1_3,1-4-8-17
poblado_pa_1_4_8_21,Quebrada del Pueblo,correg_pa_1_1_3,1-4-8-21
poblado_pa_1_4_8_22,Quebrada Huaca,correg_pa_1_1_3,1-4-8-22
poblado_pa_1_4_8_23,Quebrada Mina,correg_pa_1_1_3,1-4-8-23
poblado_pa_1_4_8_24,Quebrada Pinzón,correg_pa_1_1_3,1-4-8-24
poblado_pa_1_4_8_25,Quebrada Plátano,correg_pa_1_1_3,1-4-8-25
poblado_pa_1_4_8_26,Río Uyama,correg_pa_1_1_3,1-4-8-26
poblado_pa_1_4_8_27,Alto Caña,correg_pa_1_1_3,1-4-8-27
poblado_pa_1_4_8_28,Barriada la Fe,correg_pa_1_1_3,1-4-8-28
poblado_pa_1_4_8_29,Loma Cuchilla o Cerro Piedra,correg_pa_1_1_3,1-4-8-29
poblado_pa_1_4_8_30,Quebrada Mono,correg_pa_1_1_3,1-4-8-30
poblado_pa_1_4_8_31,Siloé,correg_pa_1_1_3,1-4-8-31
poblado_pa_1_4_8_32,África (P),correg_pa_1_1_3,1-4-8-32
poblado_pa_1_4_8_33,Punta Peña (P),correg_pa_1_1_3,1-4-8-33
poblado_pa_1_4_8_34,Tolote U Oriente del Risco (P),correg_pa_1_1_3,1-4-8-34
poblado_pa_1_4_8_35,Alto Piedra,correg_pa_1_1_3,1-4-8-35
poblado_pa_1_4_8_36,Bajo Mina,correg_pa_1_1_3,1-4-8-36
poblado_pa_1_4_8_37,Loma Santos [P],correg_pa_1_1_3,1-4-8-37
poblado_pa_1_4_9_1,Bajo Culubre (P),correg_pa_1_4_9,1-4-9-1
poblado_pa_1_4_9_2,Cabecera de Culebra (P),correg_pa_1_4_9,1-4-9-2
poblado_pa_1_4_9_3,Cedrales,correg_pa_1_4_9,1-4-9-3
poblado_pa_1_4_9_4,Ceiba,correg_pa_1_4_9,1-4-9-4
poblado_pa_1_4_9_5,Ceiba Arriba (P),correg_pa_1_4_9,1-4-9-5
poblado_pa_1_4_9_6,Culebra (P),correg_pa_1_4_9,1-4-9-6
poblado_pa_1_4_9_7,Guayacán,correg_pa_1_4_9,1-4-9-7
poblado_pa_1_4_9_8,La Playita,correg_pa_1_4_9,1-4-9-8
poblado_pa_1_4_9_9,Quebrada Caracol (P),correg_pa_1_4_9,1-4-9-9
poblado_pa_1_4_9_10,Valle Libre,correg_pa_1_4_9,1-4-9-10
poblado_pa_1_4_9_11,Velorio o Monte Verde (P),correg_pa_1_4_9,1-4-9-11
poblado_pa_1_4_9_12,Boca de Culubre o Peña Blanca (P),correg_pa_1_4_9,1-4-9-12
poblado_pa_1_4_10_1,Bella Vista,correg_pa_1_4_10,1-4-10-1
poblado_pa_1_4_10_2,La Gloria (P),correg_pa_1_4_10,1-4-10-2
poblado_pa_1_4_10_3,Loma Muleto (P),correg_pa_1_4_10,1-4-10-3
poblado_pa_1_4_10_4,Milla 3 (P),correg_pa_1_4_10,1-4-10-4
poblado_pa_1_4_10_5,Milla 5 (P),correg_pa_1_4_10,1-4-10-5
poblado_pa_1_4_10_6,Milla 7 1/2 (P),correg_pa_1_4_10,1-4-10-6
poblado_pa_1_4_10_7,Miraflores (P),correg_pa_1_4_10,1-4-10-7
poblado_pa_1_4_10_8,Ojo de Agua (P),correg_pa_1_4_10,1-4-10-8
poblado_pa_1_4_10_9,Quebrada Banano,correg_pa_1_4_10,1-4-10-9
poblado_pa_1_4_10_11,Tibite,correg_pa_1_4_10,1-4-10-11
poblado_pa_2_1_1_1,Aguadulce,correg_pa_2_1_1,2-1-1-1
poblado_pa_2_1_1_5,Puerto de Aguadulce,correg_pa_2_1_1,2-1-1-5
poblado_pa_2_1_1_13,Los Pinos,correg_pa_2_1_1,2-1-1-13
poblado_pa_2_1_1_16,Cerro el Vigía,correg_pa_2_1_1,2-1-1-16
poblado_pa_2_1_1_18,Finca la Fe,correg_pa_2_1_1,2-1-1-18
poblado_pa_2_1_1_21,Vía Al Puerto,correg_pa_2_1_1,2-1-1-21
poblado_pa_2_1_1_22,Finca la Polonia,correg_pa_2_1_1,2-1-1-22
poblado_pa_2_1_2_3,El Calixto o los Juárez,correg_pa_2_1_2,2-1-2-3
poblado_pa_2_1_2_4,El Cristo,correg_pa_2_1_2,2-1-2-4
poblado_pa_2_1_2_5,El Estero de San José (P),correg_pa_2_1_2,2-1-2-5
poblado_pa_2_1_2_7,El Higo,correg_pa_2_1_2,2-1-2-7
poblado_pa_2_1_2_9,El Naranjal,correg_pa_2_1_2,2-1-2-9
poblado_pa_2_1_2_10,El Olivo,correg_pa_2_1_2,2-1-2-10
poblado_pa_2_1_2_11,El Picacho (P),correg_pa_2_1_2,2-1-2-11
poblado_pa_2_1_2_13,Juan Bran,correg_pa_2_1_2,2-1-2-13
poblado_pa_2_1_2_17,Barriada Santa Marta,correg_pa_2_1_2,2-1-2-17
poblado_pa_2_1_2_18,La Poza,correg_pa_2_1_2,2-1-2-18
poblado_pa_2_1_2_24,Quebrada de Hato,correg_pa_2_1_2,2-1-2-24
poblado_pa_2_1_2_25,Barriada Pueblo Nuevo,correg_pa_2_1_2,2-1-2-25
poblado_pa_2_1_2_26,Barriada San Pedro,correg_pa_2_1_2,2-1-2-26
poblado_pa_2_1_2_28,La Negrita,correg_pa_2_1_2,2-1-2-28
poblado_pa_2_1_2_29,Tranquilla,correg_pa_2_1_2,2-1-2-29
poblado_pa_2_1_2_34,Los Lagos,correg_pa_2_1_2,2-1-2-34
poblado_pa_2_1_2_36,Las Mineras (P),correg_pa_2_1_2,2-1-2-36
poblado_pa_2_1_3_4,Chilibre,correg_pa_2_1_3,2-1-3-4
poblado_pa_2_1_3_6,El Guayabo,correg_pa_2_1_3,2-1-3-6
poblado_pa_2_1_3_8,El Roble,correg_pa_2_1_3,2-1-3-8
poblado_pa_2_1_3_12,El Hato la Estrella o Alto la Estrella,correg_pa_2_1_3,2-1-3-12
poblado_pa_2_1_3_13,La Loma,correg_pa_2_1_3,2-1-3-13
poblado_pa_2_1_3_15,Llano Bonito,correg_pa_2_1_3,2-1-3-15
poblado_pa_2_1_3_19,Membrillal,correg_pa_2_1_3,2-1-3-19
poblado_pa_2_1_3_30,El Naranjal (P),correg_pa_2_1_3,2-1-3-30
poblado_pa_2_1_3_38,Residencial Don Bosco,correg_pa_2_1_3,2-1-3-38
poblado_pa_2_1_3_39,Residencial Don Bosco 2,correg_pa_2_1_3,2-1-3-39
poblado_pa_2_1_4_6,Pocrí (P),correg_pa_2_1_4,2-1-4-6
poblado_pa_2_1_5_2,Barrios Unidos,correg_pa_2_1_5,2-1-5-2
poblado_pa_2_1_5_3,Bella Vista,correg_pa_2_1_5,2-1-5-3
poblado_pa_2_1_5_4,El Gallo,correg_pa_2_1_5,2-1-5-4
poblado_pa_2_1_5_5,El Salado,correg_pa_2_1_5,2-1-5-5
poblado_pa_2_1_5_7,Hacienda la Istmeña,correg_pa_2_1_5,2-1-5-7
poblado_pa_2_1_5_8,La Caleta,correg_pa_2_1_5,2-1-5-8
poblado_pa_2_1_5_9,La Isleta,correg_pa_2_1_5,2-1-5-9
poblado_pa_2_1_5_11,Los Indios o Punta Piedra,correg_pa_2_1_5,2-1-5-11
poblado_pa_2_1_5_12,Las Palmillas,correg_pa_2_1_5,2-1-5-12
poblado_pa_2_1_6_1,Altamira,correg_pa_2_1_6,2-1-6-1
poblado_pa_2_1_6_2,Cotava Abajo,correg_pa_2_1_6,2-1-6-2
poblado_pa_2_1_6_3,Cotava Arriba,correg_pa_2_1_6,2-1-6-3
poblado_pa_2_1_6_4,El Barrero,correg_pa_2_1_6,2-1-6-4
poblado_pa_2_1_6_5,El Estero de San José (P),correg_pa_2_1_6,2-1-6-5
poblado_pa_2_1_6_6,El Jagüito,correg_pa_2_1_6,2-1-6-6
poblado_pa_2_1_6_7,Finca la Panela,correg_pa_2_1_6,2-1-6-7
poblado_pa_2_1_6_8,Hato de San Antonio,correg_pa_2_1_6,2-1-6-8
poblado_pa_2_1_6_9,Ingenio Santa Rosa,correg_pa_2_1_6,2-1-6-9
poblado_pa_2_1_6_10,La Chapa,correg_pa_2_1_6,2-1-6-10
poblado_pa_2_1_6_11,La Cruz,correg_pa_2_1_6,2-1-6-11
poblado_pa_2_1_6_12,La Lucía,correg_pa_2_1_6,2-1-6-12
poblado_pa_2_1_6_13,Llano Sánchez,correg_pa_2_1_6,2-1-6-13
poblado_pa_2_1_6_14,Llano Santo,correg_pa_2_1_6,2-1-6-14
poblado_pa_2_1_6_15,Salitrosa (P),correg_pa_2_1_6,2-1-6-15
poblado_pa_2_1_6_16,Vista Hermosa,correg_pa_2_1_6,2-1-6-16
poblado_pa_2_1_6_17,Finca Cocobó,correg_pa_2_1_6,2-1-6-17
poblado_pa_2_1_7_1,Barriada los Santeños,correg_pa_2_1_7,2-1-7-1
poblado_pa_2_1_7_2,Cerro Morado,correg_pa_2_1_7,2-1-7-2
poblado_pa_2_1_7_3,Las Mineras (P),correg_pa_2_1_7,2-1-7-3
poblado_pa_2_1_7_4,Pocrí (P),correg_pa_2_1_7,2-1-7-4
poblado_pa_2_1_7_5,Residencial la Libertad,correg_pa_2_1_7,2-1-7-5
poblado_pa_2_1_7_6,Residencial Cerro Morado,correg_pa_2_1_7,2-1-7-6
poblado_pa_2_1_8_1,Cerro Gordo,correg_pa_2_1_8,2-1-8-1
poblado_pa_2_1_8_2,El Barrero,correg_pa_2_1_8,2-1-8-2
poblado_pa_2_1_8_3,El Hato de San Juan de Dios,correg_pa_2_1_8,2-1-8-3
poblado_pa_2_1_8_4,El Mono,correg_pa_2_1_8,2-1-8-4
poblado_pa_2_1_8_5,El Níspero,correg_pa_2_1_8,2-1-8-5
poblado_pa_2_1_8_6,El Picacho (P),correg_pa_2_1_8,2-1-8-6
poblado_pa_2_1_8_7,El Pinzón,correg_pa_2_1_8,2-1-8-7
poblado_pa_2_1_8_8,La Colorada,correg_pa_2_1_8,2-1-8-8
poblado_pa_2_1_8_9,La Cortadera,correg_pa_2_1_8,2-1-8-9
poblado_pa_2_1_8_10,La Loma de los González,correg_pa_2_1_8,2-1-8-10
poblado_pa_2_1_8_11,La Tinaja,correg_pa_2_1_8,2-1-8-11
poblado_pa_2_1_8_12,Las Mieles (P),correg_pa_2_1_8,2-1-8-12
poblado_pa_2_1_8_13,Los Callejones,correg_pa_2_1_8,2-1-8-13
poblado_pa_2_1_8_14,Los Rincones,correg_pa_2_1_8,2-1-8-14
poblado_pa_2_1_8_15,Los Volcanes (P),correg_pa_2_1_8,2-1-8-15
poblado_pa_2_2_1_1,Antón,correg_pa_2_2_1,2-2-1-1
poblado_pa_2_2_1_2,Bijagual,correg_pa_2_2_1,2-2-1-2
poblado_pa_2_2_1_3,Boca Nueva,correg_pa_2_2_1,2-2-1-3
poblado_pa_2_2_1_4,Calle Larga,correg_pa_2_2_1,2-2-1-4
poblado_pa_2_2_1_5,Ciénega Vieja,correg_pa_2_2_1,2-2-1-5
poblado_pa_2_2_1_8,Guabas Arriba,correg_pa_2_2_1,2-2-1-8
poblado_pa_2_2_1_9,La Hincada,correg_pa_2_2_1,2-2-1-9
poblado_pa_2_2_1_10,Los Azules,correg_pa_2_2_1,2-2-1-10
poblado_pa_2_2_1_11,Los Pantanos,correg_pa_2_2_1,2-2-1-11
poblado_pa_2_2_1_12,Llano Mirador,correg_pa_2_2_1,2-2-1-12
poblado_pa_2_2_1_13,La Camaronera,correg_pa_2_2_1,2-2-1-13
poblado_pa_2_2_1_14,Finca el Guayabo,correg_pa_2_2_1,2-2-1-14
poblado_pa_2_2_1_15,Camaronera la Fe,correg_pa_2_2_1,2-2-1-15
poblado_pa_2_2_1_16,Finca el Guineo (P),correg_pa_2_2_1,2-2-1-16
poblado_pa_2_2_1_17,Finca Desarrollo la Fe,correg_pa_2_2_1,2-2-1-17
poblado_pa_2_2_1_19,El Roblito,correg_pa_2_2_1,2-2-1-19
poblado_pa_2_2_1_20,Hacienda Sendero del Valle,correg_pa_2_2_1,2-2-1-20
poblado_pa_2_2_1_21,Urbanización Hacienda el Mirador,correg_pa_2_2_1,2-2-1-21
poblado_pa_2_2_2_1,Aguacate,correg_pa_2_2_2,2-2-2-1
poblado_pa_2_2_2_3,Bajo de la Cruz,correg_pa_2_2_2,2-2-2-3
poblado_pa_2_2_2_4,Barranquilla,correg_pa_2_2_2,2-2-2-4
poblado_pa_2_2_2_6,Cabuya,correg_pa_2_2_2,2-2-2-6
poblado_pa_2_2_2_8,El Ciruelito,correg_pa_2_2_2,2-2-2-8
poblado_pa_2_2_2_10,El Guanábano,correg_pa_2_2_2,2-2-2-10
poblado_pa_2_2_2_11,El Higo,correg_pa_2_2_2,2-2-2-11
poblado_pa_2_2_2_12,El Macanito,correg_pa_2_2_2,2-2-2-12
poblado_pa_2_2_2_13,El Macano o Macano Abajo,correg_pa_2_2_2,2-2-2-13
poblado_pa_2_2_2_14,El Nancito,correg_pa_2_2_2,2-2-2-14
poblado_pa_2_2_2_15,El Quira,correg_pa_2_2_2,2-2-2-15
poblado_pa_2_2_2_16,La Laguna,correg_pa_2_2_2,2-2-2-16
poblado_pa_2_2_2_17,Loma Larga,correg_pa_2_2_2,2-2-2-17
poblado_pa_2_2_2_19,La Palma,correg_pa_2_2_2,2-2-2-19
poblado_pa_2_2_2_20,La Piñuela,correg_pa_2_2_2,2-2-2-20
poblado_pa_2_2_2_21,La Pita,correg_pa_2_2_2,2-2-2-21
poblado_pa_2_2_2_22,La Zamba,correg_pa_2_2_2,2-2-2-22
poblado_pa_2_2_2_23,Las Guías,correg_pa_2_2_2,2-2-2-23
poblado_pa_2_2_2_24,La Matea,correg_pa_2_2_2,2-2-2-24
poblado_pa_2_2_2_25,Los Alonsos,correg_pa_2_2_2,2-2-2-25
poblado_pa_2_2_2_26,Los Alveos,correg_pa_2_2_2,2-2-2-26
poblado_pa_2_2_2_27,Los Corrales,correg_pa_2_2_2,2-2-2-27
poblado_pa_2_2_2_29,Los Pintos,correg_pa_2_2_2,2-2-2-29
poblado_pa_2_2_2_31,Los Sánchez,correg_pa_2_2_2,2-2-2-31
poblado_pa_2_2_2_32,Los Torres,correg_pa_2_2_2,2-2-2-32
poblado_pa_2_2_2_33,Llano Grande,correg_pa_2_2_2,2-2-2-33
poblado_pa_2_2_2_34,Mata Palo,correg_pa_2_2_2,2-2-2-34
poblado_pa_2_2_2_36,El Aromo,correg_pa_2_2_2,2-2-2-36
poblado_pa_2_2_2_37,Río Hato,correg_pa_2_2_2,2-2-2-37
poblado_pa_2_2_2_38,Roma (P),correg_pa_2_2_2,2-2-2-38
poblado_pa_2_2_2_39,Los Chirú,correg_pa_2_2_2,2-2-2-39
poblado_pa_2_2_2_41,La Palma No. 1,correg_pa_2_2_2,2-2-2-41
poblado_pa_2_2_2_43,La Pedregosa,correg_pa_2_2_2,2-2-2-43
poblado_pa_2_2_2_44,Llano el Tigre,correg_pa_2_2_2,2-2-2-44
poblado_pa_2_2_2_45,Alto del Barrero,correg_pa_2_2_2,2-2-2-45
poblado_pa_2_2_2_48,El Valle (P),correg_pa_2_2_2,2-2-2-48
poblado_pa_2_2_3_1,Buen Retiro,correg_pa_2_2_3,2-2-3-1
poblado_pa_2_2_3_2,El Chirú (P),correg_pa_2_2_3,2-2-3-2
poblado_pa_2_2_3_3,El Hatillo,correg_pa_2_2_3,2-2-3-3
poblado_pa_2_2_3_5,El Rincón,correg_pa_2_2_3,2-2-3-5
poblado_pa_2_2_3_6,Juan Hombrón,correg_pa_2_2_3,2-2-3-6
poblado_pa_2_2_3_8,Palo Verde,correg_pa_2_2_3,2-2-3-8
poblado_pa_2_2_3_10,Pueblo Nuevo,correg_pa_2_2_3,2-2-3-10
poblado_pa_2_2_3_11,Río Chico,correg_pa_2_2_3,2-2-3-11
poblado_pa_2_2_3_12,Santa Fe o Cultivos Juan Hombrón,correg_pa_2_2_3,2-2-3-12
poblado_pa_2_2_3_13,Hacienda Santa Mónica,correg_pa_2_2_3,2-2-3-13
poblado_pa_2_2_3_14,La Romana,correg_pa_2_2_3,2-2-3-14
poblado_pa_2_2_3_15,Buenaventura (P),correg_pa_2_2_3,2-2-3-15
poblado_pa_2_2_3_16,Hacienda Multiganadera,correg_pa_2_2_3,2-2-3-16
poblado_pa_2_2_3_18,Llano Grande (P),correg_pa_2_2_3,2-2-3-18
poblado_pa_2_2_3_19,Llano Sánchez,correg_pa_2_2_3,2-2-3-19
poblado_pa_2_2_3_20,Los Aguilares (P),correg_pa_2_2_3,2-2-3-20
poblado_pa_2_2_3_21,Quebrada las Yeguas,correg_pa_2_2_3,2-2-3-21
poblado_pa_2_2_3_22,Hato Viejo,correg_pa_2_2_3,2-2-3-22
poblado_pa_2_2_3_23,Senderos de Santa Mónica,correg_pa_2_2_3,2-2-3-23
poblado_pa_2_2_4_1,El Espino,correg_pa_2_2_4,2-2-4-1
poblado_pa_2_2_4_2,El Jobo,correg_pa_2_2_4,2-2-4-2
poblado_pa_2_2_4_3,El Marañón,correg_pa_2_2_4,2-2-4-3
poblado_pa_2_2_4_4,El Retiro,correg_pa_2_2_4,2-2-4-4
poblado_pa_2_2_4_5,La Pedregosa (P),correg_pa_2_2_4,2-2-4-5
poblado_pa_2_2_4_7,Caballerito (P),correg_pa_2_2_4,2-2-4-7
poblado_pa_2_2_4_8,Los Reyes,correg_pa_2_2_4,2-2-4-8
poblado_pa_2_2_4_9,Los Samaniegos,correg_pa_2_2_4,2-2-4-9
poblado_pa_2_2_4_10,Los Torreros,correg_pa_2_2_4,2-2-4-10
poblado_pa_2_2_4_11,Llano Grande,correg_pa_2_2_4,2-2-4-11
poblado_pa_2_2_4_12,El Panamacito,correg_pa_2_2_4,2-2-4-12
poblado_pa_2_2_4_14,La Soledad,correg_pa_2_2_4,2-2-4-14
poblado_pa_2_2_4_15,San José No. 2,correg_pa_2_2_4,2-2-4-15
poblado_pa_2_2_4_16,Llano Bonito No. 1 (P),correg_pa_2_2_4,2-2-4-16
poblado_pa_2_2_4_17,Los Reyes No. 1 (P),correg_pa_2_2_4,2-2-4-17
poblado_pa_2_2_4_18,El Chirú (P),correg_pa_2_2_4,2-2-4-18
poblado_pa_2_2_4_19,Paraíso Escondido,correg_pa_2_2_4,2-2-4-19
poblado_pa_2_2_4_20,Llano Grande News,correg_pa_2_2_4,2-2-4-20
poblado_pa_2_2_5_1,El Valle (P),correg_pa_2_2_5,2-2-5-1
poblado_pa_2_2_5_2,La Mesa,correg_pa_2_2_5,2-2-5-2
poblado_pa_2_2_5_3,Quebrada Amarilla,correg_pa_2_2_5,2-2-5-3
poblado_pa_2_2_5_4,La Amapola,correg_pa_2_2_5,2-2-5-4
poblado_pa_2_2_5_5,Alto de la Mesa,correg_pa_2_2_5,2-2-5-5
poblado_pa_2_2_5_7,La India (P),correg_pa_2_2_5,2-2-5-7
poblado_pa_2_2_6_2,El Jagüito,correg_pa_2_2_6,2-2-6-2
poblado_pa_2_2_6_3,El Jobo,correg_pa_2_2_6,2-2-6-3
poblado_pa_2_2_6_5,Juan Díaz,correg_pa_2_2_6,2-2-6-5
poblado_pa_2_2_6_6,La Colorada,correg_pa_2_2_6,2-2-6-6
poblado_pa_2_2_6_8,La Tortuguilla,correg_pa_2_2_6,2-2-6-8
poblado_pa_2_2_6_9,La Iguana,correg_pa_2_2_6,2-2-6-9
poblado_pa_2_2_6_10,"Acuacultura los Azules, S.A.",correg_pa_2_2_6,2-2-6-10
poblado_pa_2_2_6_11,Finca la Rosa de los Vientos,correg_pa_2_2_6,2-2-6-11
poblado_pa_2_2_6_13,Vista del Río,correg_pa_2_2_6,2-2-6-13
poblado_pa_2_2_6_14,El Bajito,correg_pa_2_2_6,2-2-6-14
poblado_pa_2_2_6_15,El Corotú,correg_pa_2_2_6,2-2-6-15
poblado_pa_2_2_6_16,Finca el Guineo (P),correg_pa_2_2_6,2-2-6-16
poblado_pa_2_2_6_17,La Chorrera,correg_pa_2_2_6,2-2-6-17
poblado_pa_2_2_7_2,Alto de la Gloria,correg_pa_2_2_7,2-2-7-2
poblado_pa_2_2_7_3,Arenilla o Toro Bravo,correg_pa_2_2_7,2-2-7-3
poblado_pa_2_2_7_4,Boca de Río Hato,correg_pa_2_2_7,2-2-7-4
poblado_pa_2_2_7_6,Chumico Redondo,correg_pa_2_2_7,2-2-7-6
poblado_pa_2_2_7_7,El Chumico o el Comején,correg_pa_2_2_7,2-2-7-7
poblado_pa_2_2_7_8,Las Guías de Occidente o el Espino,correg_pa_2_2_7,2-2-7-8
poblado_pa_2_2_7_10,El Limón,correg_pa_2_2_7,2-2-7-10
poblado_pa_2_2_7_11,Llano Bonito No. 1 (P),correg_pa_2_2_7,2-2-7-11
poblado_pa_2_2_7_12,Platanal,correg_pa_2_2_7,2-2-7-12
poblado_pa_2_2_7_13,Farallón,correg_pa_2_2_7,2-2-7-13
poblado_pa_2_2_7_16,Las Lomas,correg_pa_2_2_7,2-2-7-16
poblado_pa_2_2_7_17,La Pacora,correg_pa_2_2_7,2-2-7-17
poblado_pa_2_2_7_19,Las Guías Oriente,correg_pa_2_2_7,2-2-7-19
poblado_pa_2_2_7_20,Las Matas,correg_pa_2_2_7,2-2-7-20
poblado_pa_2_2_7_22,Las Trancas,correg_pa_2_2_7,2-2-7-22
poblado_pa_2_2_7_23,Los Pollos,correg_pa_2_2_7,2-2-7-23
poblado_pa_2_2_7_24,Llano Bonito No. 2,correg_pa_2_2_7,2-2-7-24
poblado_pa_2_2_7_26,Palo Verde,correg_pa_2_2_7,2-2-7-26
poblado_pa_2_2_7_27,Playa Blanca,correg_pa_2_2_7,2-2-7-27
poblado_pa_2_2_7_28,Ponedero,correg_pa_2_2_7,2-2-7-28
poblado_pa_2_2_7_29,Pueblo Nuevo o el Jobo,correg_pa_2_2_7,2-2-7-29
poblado_pa_2_2_7_30,Río Hato,correg_pa_2_2_7,2-2-7-30
poblado_pa_2_2_7_32,Santa Clara,correg_pa_2_2_7,2-2-7-32
poblado_pa_2_2_7_34,Foster,correg_pa_2_2_7,2-2-7-34
poblado_pa_2_2_7_35,Sea Cliff,correg_pa_2_2_7,2-2-7-35
poblado_pa_2_2_7_36,Boca de Patiño,correg_pa_2_2_7,2-2-7-36
poblado_pa_2_2_7_37,El Piral,correg_pa_2_2_7,2-2-7-37
poblado_pa_2_2_7_38,La Playa de Santa Clara,correg_pa_2_2_7,2-2-7-38
poblado_pa_2_2_7_40,Los Cuernos,correg_pa_2_2_7,2-2-7-40
poblado_pa_2_2_7_41,Roma (P),correg_pa_2_2_7,2-2-7-41
poblado_pa_2_2_7_43,Agroganadera Coclé,correg_pa_2_2_7,2-2-7-43
poblado_pa_2_2_7_45,Costa Arena,correg_pa_2_2_7,2-2-7-45
poblado_pa_2_2_7_46,Desarrollo Santa Clara,correg_pa_2_2_7,2-2-7-46
poblado_pa_2_2_7_47,El Jobito,correg_pa_2_2_7,2-2-7-47
poblado_pa_2_2_7_48,Entrada de Playa Blanca,correg_pa_2_2_7,2-2-7-48
poblado_pa_2_2_7_50,Finca Bendecida,correg_pa_2_2_7,2-2-7-50
poblado_pa_2_2_7_51,Finca las Palmeras,correg_pa_2_2_7,2-2-7-51
poblado_pa_2_2_7_53,Hotel Royal Decámeron,correg_pa_2_2_7,2-2-7-53
poblado_pa_2_2_7_54,Las Brujas,correg_pa_2_2_7,2-2-7-54
poblado_pa_2_2_7_55,Nuevo Farallón,correg_pa_2_2_7,2-2-7-55
poblado_pa_2_2_7_56,Costa Blanca Villas,correg_pa_2_2_7,2-2-7-56
poblado_pa_2_2_7_57,Barceló Playa Blanca,correg_pa_2_2_7,2-2-7-57
poblado_pa_2_2_7_58,Quintas Sol y Mar,correg_pa_2_2_7,2-2-7-58
poblado_pa_2_2_7_59,Bijao,correg_pa_2_2_7,2-2-7-59
poblado_pa_2_2_7_60,Sol y Mar,correg_pa_2_2_7,2-2-7-60
poblado_pa_2_2_7_61,Ibiza Residences,correg_pa_2_2_7,2-2-7-61
poblado_pa_2_2_7_62,Ibiza Village,correg_pa_2_2_7,2-2-7-62
poblado_pa_2_2_7_63,Buenaventura (P),correg_pa_2_2_7,2-2-7-63
poblado_pa_2_2_7_64,Los Naranjos,correg_pa_2_2_7,2-2-7-64
poblado_pa_2_2_7_65,Urbanización Brisas de Sea Cliff,correg_pa_2_2_7,2-2-7-65
poblado_pa_2_2_8_1,Alto de la Estancia (P),correg_pa_2_2_8,2-2-8-1
poblado_pa_2_2_8_5,Bajo Grande,correg_pa_2_2_8,2-2-8-5
poblado_pa_2_2_8_14,Chumical,correg_pa_2_2_8,2-2-8-14
poblado_pa_2_2_8_16,Águila Abajo o el Palmar (P),correg_pa_2_2_8,2-2-8-16
poblado_pa_2_2_8_17,Entradero,correg_pa_2_2_8,2-2-8-17
poblado_pa_2_2_8_25,La Chapa,correg_pa_2_2_8,2-2-8-25
poblado_pa_2_2_8_29,Chorrerita No. 1,correg_pa_2_2_8,2-2-8-29
poblado_pa_2_2_8_30,Chorrerita No. 2,correg_pa_2_2_8,2-2-8-30
poblado_pa_2_2_8_32,La Estancia,correg_pa_2_2_8,2-2-8-32
poblado_pa_2_2_8_33,El Salado,correg_pa_2_2_8,2-2-8-33
poblado_pa_2_2_8_35,La Salina,correg_pa_2_2_8,2-2-8-35
poblado_pa_2_2_8_40,Los Martínez,correg_pa_2_2_8,2-2-8-40
poblado_pa_2_2_8_41,Los Mendozas,correg_pa_2_2_8,2-2-8-41
poblado_pa_2_2_8_42,Los Meneses,correg_pa_2_2_8,2-2-8-42
poblado_pa_2_2_8_43,Los Morán,correg_pa_2_2_8,2-2-8-43
poblado_pa_2_2_8_45,Los Reyes,correg_pa_2_2_8,2-2-8-45
poblado_pa_2_2_8_48,Los Valdéz,correg_pa_2_2_8,2-2-8-48
poblado_pa_2_2_8_55,San Juan de Dios,correg_pa_2_2_8,2-2-8-55
poblado_pa_2_2_8_56,Santa Elena o las Cabuyas,correg_pa_2_2_8,2-2-8-56
poblado_pa_2_2_8_59,El Coca,correg_pa_2_2_8,2-2-8-59
poblado_pa_2_2_8_62,Alto México,correg_pa_2_2_8,2-2-8-62
poblado_pa_2_2_8_63,Nuevo México,correg_pa_2_2_8,2-2-8-63
poblado_pa_2_2_8_64,La India (P),correg_pa_2_2_8,2-2-8-64
poblado_pa_2_2_8_66,San José,correg_pa_2_2_8,2-2-8-66
poblado_pa_2_2_8_67,Altos del Coca,correg_pa_2_2_8,2-2-8-67
poblado_pa_2_2_8_68,Las Peñitas,correg_pa_2_2_8,2-2-8-68
poblado_pa_2_2_9_1,Buenos Aires,correg_pa_2_2_9,2-2-9-1
poblado_pa_2_2_9_4,Las Peñitas,correg_pa_2_2_9,2-2-9-4
poblado_pa_2_2_9_6,Los González,correg_pa_2_2_9,2-2-9-6
poblado_pa_2_2_9_7,Los Pérez,correg_pa_2_2_9,2-2-9-7
poblado_pa_2_2_9_8,Los Sánchez,correg_pa_2_2_9,2-2-9-8
poblado_pa_2_2_9_9,Llano Grande (P),correg_pa_2_2_9,2-2-9-9
poblado_pa_2_2_9_10,Pueblo Nuevo,correg_pa_2_2_9,2-2-9-10
poblado_pa_2_2_9_11,Quebrada Grande,correg_pa_2_2_9,2-2-9-11
poblado_pa_2_2_9_13,Santa Rita,correg_pa_2_2_9,2-2-9-13
poblado_pa_2_2_9_14,Santa Rita Abajo,correg_pa_2_2_9,2-2-9-14
poblado_pa_2_2_9_15,Los Reyes (P),correg_pa_2_2_9,2-2-9-15
poblado_pa_2_2_9_16,Bella Florida,correg_pa_2_2_9,2-2-9-16
poblado_pa_2_2_9_17,La Granadilla,correg_pa_2_2_9,2-2-9-17
poblado_pa_2_2_9_18,Los Aguilares (P),correg_pa_2_2_9,2-2-9-18
poblado_pa_2_2_9_19,Los Alonso,correg_pa_2_2_9,2-2-9-19
poblado_pa_2_2_9_20,Caballerito (P),correg_pa_2_2_9,2-2-9-20
poblado_pa_2_2_9_21,Cerro Gordo,correg_pa_2_2_9,2-2-9-21
poblado_pa_2_2_9_22,San José No. 1,correg_pa_2_2_9,2-2-9-22
poblado_pa_2_2_9_23,Cabecera de Río Chico,correg_pa_2_2_9,2-2-9-23
poblado_pa_2_2_9_24,Llano Grande No. 1,correg_pa_2_2_9,2-2-9-24
poblado_pa_2_2_9_25,Piedra Amarilla,correg_pa_2_2_9,2-2-9-25
poblado_pa_2_2_10_1,Alto de Río Antón,correg_pa_2_2_10,2-2-10-1
poblado_pa_2_2_10_2,Alto de Río de Jesús,correg_pa_2_2_10,2-2-10-2
poblado_pa_2_2_10_3,Barnizal,correg_pa_2_2_10,2-2-10-3
poblado_pa_2_2_10_4,Bella Vista,correg_pa_2_2_10,2-2-10-4
poblado_pa_2_2_10_5,Boca de Caballero,correg_pa_2_2_10,2-2-10-5
poblado_pa_2_2_10_6,Caballerito o los Alveos,correg_pa_2_2_10,2-2-10-6
poblado_pa_2_2_10_7,Caballero,correg_pa_2_2_10,2-2-10-7
poblado_pa_2_2_10_8,Cerro Lino,correg_pa_2_2_10,2-2-10-8
poblado_pa_2_2_10_9,El Águila o el Palmar (P),correg_pa_2_2_10,2-2-10-9
poblado_pa_2_2_10_10,El Ciruelito o Loma la Palma,correg_pa_2_2_10,2-2-10-10
poblado_pa_2_2_10_11,El Harino,correg_pa_2_2_10,2-2-10-11
poblado_pa_2_2_10_12,El Limón,correg_pa_2_2_10,2-2-10-12
poblado_pa_2_2_10_13,El Nance,correg_pa_2_2_10,2-2-10-13
poblado_pa_2_2_10_14,El Naranjo,correg_pa_2_2_10,2-2-10-14
poblado_pa_2_2_10_15,El Nisperal,correg_pa_2_2_10,2-2-10-15
poblado_pa_2_2_10_16,El Roble,correg_pa_2_2_10,2-2-10-16
poblado_pa_2_2_10_17,La Coca,correg_pa_2_2_10,2-2-10-17
poblado_pa_2_2_10_18,La Esperanza,correg_pa_2_2_10,2-2-10-18
poblado_pa_2_2_10_19,La Gloria,correg_pa_2_2_10,2-2-10-19
poblado_pa_2_2_10_20,La Guáchara,correg_pa_2_2_10,2-2-10-20
poblado_pa_2_2_10_21,La Montañuela o los Martínez,correg_pa_2_2_10,2-2-10-21
poblado_pa_2_2_10_23,Los Cerritos,correg_pa_2_2_10,2-2-10-23
poblado_pa_2_2_10_25,Los Pozos,correg_pa_2_2_10,2-2-10-25
poblado_pa_2_2_10_26,Los Sabinos,correg_pa_2_2_10,2-2-10-26
poblado_pa_2_2_10_27,Los Segundos,correg_pa_2_2_10,2-2-10-27
poblado_pa_2_2_10_28,Llano Bonito,correg_pa_2_2_10,2-2-10-28
poblado_pa_2_2_10_29,Pueblo Nuevo,correg_pa_2_2_10,2-2-10-29
poblado_pa_2_2_10_30,Quebrada Grande,correg_pa_2_2_10,2-2-10-30
poblado_pa_2_2_10_31,Rincón Claro,correg_pa_2_2_10,2-2-10-31
poblado_pa_2_2_10_32,Tebujo,correg_pa_2_2_10,2-2-10-32
poblado_pa_2_2_10_33,Tranquilla,correg_pa_2_2_10,2-2-10-33
poblado_pa_2_2_10_34,Tranquilla Norte,correg_pa_2_2_10,2-2-10-34
poblado_pa_2_2_10_35,Piedra Hacha,correg_pa_2_2_10,2-2-10-35
poblado_pa_2_3_1_2,Boquilla o la Boquilla,correg_pa_2_3_1,2-3-1-2
poblado_pa_2_3_1_3,Chisná,correg_pa_2_3_1,2-3-1-3
poblado_pa_2_3_1_4,El Baco (P),correg_pa_2_3_1,2-3-1-4
poblado_pa_2_3_1_5,El Barrero,correg_pa_2_3_1,2-3-1-5
poblado_pa_2_3_1_6,Hato de la Virgen,correg_pa_2_3_1,2-3-1-6
poblado_pa_2_3_1_7,Picacho,correg_pa_2_3_1,2-3-1-7
poblado_pa_2_3_1_8,El Rodeo (P),correg_pa_2_3_1,2-3-1-8
poblado_pa_2_3_1_9,Farallón,correg_pa_2_3_1,2-3-1-9
poblado_pa_2_3_1_10,Guarumal,correg_pa_2_3_1,2-3-1-10
poblado_pa_2_3_1_11,La Albina,correg_pa_2_3_1,2-3-1-11
poblado_pa_2_3_1_12,La Herrada,correg_pa_2_3_1,2-3-1-12
poblado_pa_2_3_1_13,El Pedregoso,correg_pa_2_3_1,2-3-1-13
poblado_pa_2_3_1_14,La Pintada,correg_pa_2_3_1,2-3-1-14
poblado_pa_2_3_1_15,Las Guabas,correg_pa_2_3_1,2-3-1-15
poblado_pa_2_3_1_16,Los Reyes,correg_pa_2_3_1,2-3-1-16
poblado_pa_2_3_1_17,Llano Moreno,correg_pa_2_3_1,2-3-1-17
poblado_pa_2_3_1_18,Membrillal (P),correg_pa_2_3_1,2-3-1-18
poblado_pa_2_3_1_19,Orari,correg_pa_2_3_1,2-3-1-19
poblado_pa_2_3_1_20,Palo Verde,correg_pa_2_3_1,2-3-1-20
poblado_pa_2_3_1_21,Perico,correg_pa_2_3_1,2-3-1-21
poblado_pa_2_3_1_22,Pintada Vieja,correg_pa_2_3_1,2-3-1-22
poblado_pa_2_3_1_23,Potrerillo,correg_pa_2_3_1,2-3-1-23
poblado_pa_2_3_1_24,Nuevo Paraíso o Rincón Sucio,correg_pa_2_3_1,2-3-1-24
poblado_pa_2_3_1_25,Santa Ana,correg_pa_2_3_1,2-3-1-25
poblado_pa_2_3_1_26,Santos Ortiz,correg_pa_2_3_1,2-3-1-26
poblado_pa_2_3_1_28,Toro Bravo (P),correg_pa_2_3_1,2-3-1-28
poblado_pa_2_3_1_29,Valle Alegre,correg_pa_2_3_1,2-3-1-29
poblado_pa_2_3_1_30,Ojo de Agua,correg_pa_2_3_1,2-3-1-30
poblado_pa_2_3_1_31,El Bajito,correg_pa_2_3_1,2-3-1-31
poblado_pa_2_3_1_32,La Albinita,correg_pa_2_3_1,2-3-1-32
poblado_pa_2_3_1_33,Perecabé,correg_pa_2_3_1,2-3-1-33
poblado_pa_2_3_1_36,El Peñoncito,correg_pa_2_3_1,2-3-1-36
poblado_pa_2_3_1_37,Llano Grande (P),correg_pa_2_3_1,2-3-1-37
poblado_pa_2_3_2_3,Barrigón,correg_pa_2_3_2,2-3-2-3
poblado_pa_2_3_2_5,Boca de los Ríos,correg_pa_2_3_2,2-3-2-5
poblado_pa_2_3_2_7,Cañaveral,correg_pa_2_3_2,2-3-2-7
poblado_pa_2_3_2_8,Caño Sucio,correg_pa_2_3_2,2-3-2-8
poblado_pa_2_3_2_16,El Copé,correg_pa_2_3_2,2-3-2-16
poblado_pa_2_3_2_17,El Entradero,correg_pa_2_3_2,2-3-2-17
poblado_pa_2_3_2_19,Farallón,correg_pa_2_3_2,2-3-2-19
poblado_pa_2_3_2_21,Guabal,correg_pa_2_3_2,2-3-2-21
poblado_pa_2_3_2_23,El Harino,correg_pa_2_3_2,2-3-2-23
poblado_pa_2_3_2_24,El Jobo (P),correg_pa_2_3_2,2-3-2-24
poblado_pa_2_3_2_25,Limón,correg_pa_2_3_2,2-3-2-25
poblado_pa_2_3_2_26,El Macano,correg_pa_2_3_2,2-3-2-26
poblado_pa_2_3_2_31,Papelillo,correg_pa_2_3_2,2-3-2-31
poblado_pa_2_3_2_33,El Potroso,correg_pa_2_3_2,2-3-2-33
poblado_pa_2_3_2_34,Quebrada Honduras,correg_pa_2_3_2,2-3-2-34
poblado_pa_2_3_2_37,El Faldar,correg_pa_2_3_2,2-3-2-37
poblado_pa_2_3_2_39,El Tigre,correg_pa_2_3_2,2-3-2-39
poblado_pa_2_3_2_41,La Ceiba,correg_pa_2_3_2,2-3-2-41
poblado_pa_2_3_2_42,La Colorada,correg_pa_2_3_2,2-3-2-42
poblado_pa_2_3_2_43,La Chaqueta,correg_pa_2_3_2,2-3-2-43
poblado_pa_2_3_2_44,La Chata o Loma Chata,correg_pa_2_3_2,2-3-2-44
poblado_pa_2_3_2_45,La Chichica,correg_pa_2_3_2,2-3-2-45
poblado_pa_2_3_2_46,La Junta o el Jagüito,correg_pa_2_3_2,2-3-2-46
poblado_pa_2_3_2_48,La Palma,correg_pa_2_3_2,2-3-2-48
poblado_pa_2_3_2_49,La Rica,correg_pa_2_3_2,2-3-2-49
poblado_pa_2_3_2_50,Las Peñitas,correg_pa_2_3_2,2-3-2-50
poblado_pa_2_3_2_53,Las Tibias,correg_pa_2_3_2,2-3-2-53
poblado_pa_2_3_2_57,Los Pájaros,correg_pa_2_3_2,2-3-2-57
poblado_pa_2_3_2_58,Los Picadores,correg_pa_2_3_2,2-3-2-58
poblado_pa_2_3_2_61,Santa Marta,correg_pa_2_3_2,2-3-2-61
poblado_pa_2_3_2_63,Palmarazo,correg_pa_2_3_2,2-3-2-63
poblado_pa_2_3_2_66,Río Blanco,correg_pa_2_3_2,2-3-2-66
poblado_pa_2_3_2_67,Río Blanco del Norte,correg_pa_2_3_2,2-3-2-67
poblado_pa_2_3_2_68,Río Colorado,correg_pa_2_3_2,2-3-2-68
poblado_pa_2_3_2_69,San Juan Centro,correg_pa_2_3_2,2-3-2-69
poblado_pa_2_3_2_70,San Pablo,correg_pa_2_3_2,2-3-2-70
poblado_pa_2_3_2_71,Soriano,correg_pa_2_3_2,2-3-2-71
poblado_pa_2_3_2_73,Ventorrillo,correg_pa_2_3_2,2-3-2-73
poblado_pa_2_3_2_74,Villalobos,correg_pa_2_3_2,2-3-2-74
poblado_pa_2_3_2_81,Las Cuevas o San Juan del Medio,correg_pa_2_3_2,2-3-2-81
poblado_pa_2_3_2_83,La Garnadera,correg_pa_2_3_2,2-3-2-83
poblado_pa_2_3_2_88,Aguas Blancas,correg_pa_2_3_2,2-3-2-88
poblado_pa_2_3_2_89,La Mina No. 2,correg_pa_2_3_2,2-3-2-89
poblado_pa_2_3_2_90,Las Tablas (P),correg_pa_2_3_2,2-3-2-90
poblado_pa_2_3_2_91,Alto del Gallo,correg_pa_2_3_2,2-3-2-91
poblado_pa_2_3_2_93,Villa,correg_pa_2_3_2,2-3-2-93
poblado_pa_2_3_2_94,Buena Vista,correg_pa_2_3_2,2-3-2-94
poblado_pa_2_3_2_96,Tres Brazos de Turbe (P),correg_pa_2_3_2,2-3-2-96
poblado_pa_2_3_2_97,Molejón o los Molejones (P),correg_pa_2_3_2,2-3-2-97
poblado_pa_2_3_2_99,Los Bateales,correg_pa_2_3_2,2-3-2-99
poblado_pa_2_3_2_100,Los Saltillos,correg_pa_2_3_2,2-3-2-100
poblado_pa_2_3_2_101,Aclosa o la Aclosa,correg_pa_2_3_2,2-3-2-101
poblado_pa_2_3_2_103,Batata,correg_pa_2_3_2,2-3-2-103
poblado_pa_2_3_2_106,El Porvenir,correg_pa_2_3_2,2-3-2-106
poblado_pa_2_3_2_107,Guabalito,correg_pa_2_3_2,2-3-2-107
poblado_pa_2_3_2_108,Jamaica (P),correg_pa_2_3_2,2-3-2-108
poblado_pa_2_3_2_109,La Conga,correg_pa_2_3_2,2-3-2-109
poblado_pa_2_3_2_110,La Garnaderita,correg_pa_2_3_2,2-3-2-110
poblado_pa_2_3_2_111,La Tollosa,correg_pa_2_3_2,2-3-2-111
poblado_pa_2_3_2_112,Los Andes,correg_pa_2_3_2,2-3-2-112
poblado_pa_2_3_2_113,Los Bateos No. 1,correg_pa_2_3_2,2-3-2-113
poblado_pa_2_3_2_114,Los Bateos No. 2,correg_pa_2_3_2,2-3-2-114
poblado_pa_2_3_2_115,Los Palos,correg_pa_2_3_2,2-3-2-115
poblado_pa_2_3_2_117,Primer Paso,correg_pa_2_3_2,2-3-2-117
poblado_pa_2_3_2_118,Primera Corriente,correg_pa_2_3_2,2-3-2-118
poblado_pa_2_3_2_119,Quebrada Piedra Amarilla,correg_pa_2_3_2,2-3-2-119
poblado_pa_2_3_2_121,Saltillo,correg_pa_2_3_2,2-3-2-121
poblado_pa_2_3_2_123,Alto de Ventorrillo,correg_pa_2_3_2,2-3-2-123
poblado_pa_2_3_2_125,Pozo Redondo,correg_pa_2_3_2,2-3-2-125
poblado_pa_2_3_2_126,Alto del Calvario,correg_pa_2_3_2,2-3-2-126
poblado_pa_2_3_2_127,Jagüito,correg_pa_2_3_2,2-3-2-127
poblado_pa_2_3_2_128,Pan de Azúcar,correg_pa_2_3_2,2-3-2-128
poblado_pa_2_3_2_129,Quebrada la Mona,correg_pa_2_3_2,2-3-2-129
poblado_pa_2_3_2_130,Quebrada la Yegua,correg_pa_2_3_2,2-3-2-130
poblado_pa_2_3_2_131,Saltillo del Medio,correg_pa_2_3_2,2-3-2-131
poblado_pa_2_3_3_1,Agua Buena,correg_pa_2_3_3,2-3-3-1
poblado_pa_2_3_3_3,Bermeja Abajo,correg_pa_2_3_3,2-3-3-3
poblado_pa_2_3_3_4,Bermeja Arriba,correg_pa_2_3_3,2-3-3-4
poblado_pa_2_3_3_6,Boca de las Tablas,correg_pa_2_3_3,2-3-3-6
poblado_pa_2_3_3_7,Cerro Agú,correg_pa_2_3_3,2-3-3-7
poblado_pa_2_3_3_8,Cerro Colorado,correg_pa_2_3_3,2-3-3-8
poblado_pa_2_3_3_9,El Duende,correg_pa_2_3_3,2-3-3-9
poblado_pa_2_3_3_10,El Espino,correg_pa_2_3_3,2-3-3-10
poblado_pa_2_3_3_11,El Hueco,correg_pa_2_3_3,2-3-3-11
poblado_pa_2_3_3_12,El Mague,correg_pa_2_3_3,2-3-3-12
poblado_pa_2_3_3_13,El Pital (P),correg_pa_2_3_3,2-3-3-13
poblado_pa_2_3_3_14,El Potrero,correg_pa_2_3_3,2-3-3-14
poblado_pa_2_3_3_17,La Madera,correg_pa_2_3_3,2-3-3-17
poblado_pa_2_3_3_18,Las Cuestas,correg_pa_2_3_3,2-3-3-18
poblado_pa_2_3_3_19,La Palma,correg_pa_2_3_3,2-3-3-19
poblado_pa_2_3_3_20,Las Tablas (P),correg_pa_2_3_3,2-3-3-20
poblado_pa_2_3_3_21,Loma Colorada,correg_pa_2_3_3,2-3-3-21
poblado_pa_2_3_3_22,Loma Larga,correg_pa_2_3_3,2-3-3-22
poblado_pa_2_3_3_23,Piedra Amarilla,correg_pa_2_3_3,2-3-3-23
poblado_pa_2_3_3_24,Piedras Blancas,correg_pa_2_3_3,2-3-3-24
poblado_pa_2_3_3_25,Potrellano,correg_pa_2_3_3,2-3-3-25
poblado_pa_2_3_3_26,Molejonar o Punta Fresca,correg_pa_2_3_3,2-3-3-26
poblado_pa_2_3_3_27,El Veladero,correg_pa_2_3_3,2-3-3-27
poblado_pa_2_3_3_28,Alto del Chirú,correg_pa_2_3_3,2-3-3-28
poblado_pa_2_3_3_29,Alto de las Cuestas,correg_pa_2_3_3,2-3-3-29
poblado_pa_2_3_3_30,La Loma,correg_pa_2_3_3,2-3-3-30
poblado_pa_2_3_3_31,Toro Bravo (P),correg_pa_2_3_3,2-3-3-31
poblado_pa_2_3_3_33,La Isleta del Potrero,correg_pa_2_3_3,2-3-3-33
poblado_pa_2_3_4_1,Agua Fría,correg_pa_2_3_4,2-3-4-1
poblado_pa_2_3_4_2,Algarrobal,correg_pa_2_3_4,2-3-4-2
poblado_pa_2_3_4_3,Almorzadero,correg_pa_2_3_4,2-3-4-3
poblado_pa_2_3_4_5,Bajo Perico,correg_pa_2_3_4,2-3-4-5
poblado_pa_2_3_4_23,El Chumical,correg_pa_2_3_4,2-3-4-23
poblado_pa_2_3_4_27,Cacique,correg_pa_2_3_4,2-3-4-27
poblado_pa_2_3_4_30,El Jagüito,correg_pa_2_3_4,2-3-4-30
poblado_pa_2_3_4_40,Entradero,correg_pa_2_3_4,2-3-4-40
poblado_pa_2_3_4_48,La Honda,correg_pa_2_3_4,2-3-4-48
poblado_pa_2_3_4_50,Mula,correg_pa_2_3_4,2-3-4-50
poblado_pa_2_3_4_58,La Venta,correg_pa_2_3_4,2-3-4-58
poblado_pa_2_3_4_60,Loma de Paja,correg_pa_2_3_4,2-3-4-60
poblado_pa_2_3_4_64,Luisa,correg_pa_2_3_4,2-3-4-64
poblado_pa_2_3_4_65,Llano Grande (P),correg_pa_2_3_4,2-3-4-65
poblado_pa_2_3_4_67,Mohino,correg_pa_2_3_4,2-3-4-67
poblado_pa_2_3_4_70,Orera o Quebrada Orera,correg_pa_2_3_4,2-3-4-70
poblado_pa_2_3_4_71,Pagua,correg_pa_2_3_4,2-3-4-71
poblado_pa_2_3_4_72,Papayal,correg_pa_2_3_4,2-3-4-72
poblado_pa_2_3_4_81,Sabaneta Arriba,correg_pa_2_3_4,2-3-4-81
poblado_pa_2_3_4_82,Sabaneta de Llano Grande o San Antonio,correg_pa_2_3_4,2-3-4-82
poblado_pa_2_3_4_84,Sabaneta del Palmar,correg_pa_2_3_4,2-3-4-84
poblado_pa_2_3_4_86,San Juanito,correg_pa_2_3_4,2-3-4-86
poblado_pa_2_3_4_87,Santa Cruz,correg_pa_2_3_4,2-3-4-87
poblado_pa_2_3_4_88,Santa Fe,correg_pa_2_3_4,2-3-4-88
poblado_pa_2_3_4_89,Sardina No. 4,correg_pa_2_3_4,2-3-4-89
poblado_pa_2_3_4_123,El Palmar Abajo,correg_pa_2_3_4,2-3-4-123
poblado_pa_2_3_4_145,Las Minas (P),correg_pa_2_3_4,2-3-4-145
poblado_pa_2_3_4_156,Cerro Pelado,correg_pa_2_3_4,2-3-4-156
poblado_pa_2_3_4_158,Aguas Blancas,correg_pa_2_3_4,2-3-4-158
poblado_pa_2_3_4_161,El Chorro,correg_pa_2_3_4,2-3-4-161
poblado_pa_2_3_4_162,El Palmar Arriba,correg_pa_2_3_4,2-3-4-162
poblado_pa_2_3_4_167,Los Potrerillos,correg_pa_2_3_4,2-3-4-167
poblado_pa_2_3_5_1,El Higo o el Higuito,correg_pa_2_3_5,2-3-5-1
poblado_pa_2_3_5_2,Alto del Jobo,correg_pa_2_3_5,2-3-5-2
poblado_pa_2_3_5_4,Bermejo,correg_pa_2_3_5,2-3-5-4
poblado_pa_2_3_5_6,Buenaventura,correg_pa_2_3_5,2-3-5-6
poblado_pa_2_3_5_7,Cerro Corral,correg_pa_2_3_5,2-3-5-7
poblado_pa_2_3_5_8,Cerro del Medio,correg_pa_2_3_5,2-3-5-8
poblado_pa_2_3_5_9,Corotú,correg_pa_2_3_5,2-3-5-9
poblado_pa_2_3_5_10,El Calabazo,correg_pa_2_3_5,2-3-5-10
poblado_pa_2_3_5_11,El Guabo,correg_pa_2_3_5,2-3-5-11
poblado_pa_2_3_5_13,El Jobo,correg_pa_2_3_5,2-3-5-13
poblado_pa_2_3_5_14,El Palomo,correg_pa_2_3_5,2-3-5-14
poblado_pa_2_3_5_15,El Rodeo (P),correg_pa_2_3_5,2-3-5-15
poblado_pa_2_3_5_16,La Vieja,correg_pa_2_3_5,2-3-5-16
poblado_pa_2_3_5_17,Jorones,correg_pa_2_3_5,2-3-5-17
poblado_pa_2_3_5_18,Juan Julio,correg_pa_2_3_5,2-3-5-18
poblado_pa_2_3_5_19,La Cidra,correg_pa_2_3_5,2-3-5-19
poblado_pa_2_3_5_20,La Chavela,correg_pa_2_3_5,2-3-5-20
poblado_pa_2_3_5_22,La Picadura,correg_pa_2_3_5,2-3-5-22
poblado_pa_2_3_5_23,Las Delicias,correg_pa_2_3_5,2-3-5-23
poblado_pa_2_3_5_24,Las Lajas,correg_pa_2_3_5,2-3-5-24
poblado_pa_2_3_5_27,Los Limones,correg_pa_2_3_5,2-3-5-27
poblado_pa_2_3_5_30,Machuca,correg_pa_2_3_5,2-3-5-30
poblado_pa_2_3_5_31,Manguesal,correg_pa_2_3_5,2-3-5-31
poblado_pa_2_3_5_32,Ocusito,correg_pa_2_3_5,2-3-5-32
poblado_pa_2_3_5_33,Pacora,correg_pa_2_3_5,2-3-5-33
poblado_pa_2_3_5_34,El Perú,correg_pa_2_3_5,2-3-5-34
poblado_pa_2_3_5_35,Piedras Gordas,correg_pa_2_3_5,2-3-5-35
poblado_pa_2_3_5_36,Platanal,correg_pa_2_3_5,2-3-5-36
poblado_pa_2_3_5_39,Sardina,correg_pa_2_3_5,2-3-5-39
poblado_pa_2_3_5_40,El Bongo,correg_pa_2_3_5,2-3-5-40
poblado_pa_2_3_5_41,El Rayado,correg_pa_2_3_5,2-3-5-41
poblado_pa_2_3_5_43,Corozal,correg_pa_2_3_5,2-3-5-43
poblado_pa_2_3_5_44,Cerro Hacha o el Hacha,correg_pa_2_3_5,2-3-5-44
poblado_pa_2_3_5_45,Jujucal,correg_pa_2_3_5,2-3-5-45
poblado_pa_2_3_5_46,Batatal,correg_pa_2_3_5,2-3-5-46
poblado_pa_2_3_5_47,Agua Fría,correg_pa_2_3_5,2-3-5-47
poblado_pa_2_3_5_49,El Mamey,correg_pa_2_3_5,2-3-5-49
poblado_pa_2_3_5_50,El Tejal,correg_pa_2_3_5,2-3-5-50
poblado_pa_2_3_5_51,La Arenosa,correg_pa_2_3_5,2-3-5-51
poblado_pa_2_3_5_52,El Tibial,correg_pa_2_3_5,2-3-5-52
poblado_pa_2_3_5_53,San Lucas,correg_pa_2_3_5,2-3-5-53
poblado_pa_2_3_5_54,Jesús María,correg_pa_2_3_5,2-3-5-54
poblado_pa_2_3_5_57,Zancudo,correg_pa_2_3_5,2-3-5-57
poblado_pa_2_3_5_58,El Bateal,correg_pa_2_3_5,2-3-5-58
poblado_pa_2_3_5_59,El Mesano,correg_pa_2_3_5,2-3-5-59
poblado_pa_2_3_5_60,Cabecera de Buenaventura,correg_pa_2_3_5,2-3-5-60
poblado_pa_2_3_5_61,Cedro Hueco,correg_pa_2_3_5,2-3-5-61
poblado_pa_2_3_5_63,Sardina Arriba,correg_pa_2_3_5,2-3-5-63
poblado_pa_2_3_5_64,El Baco (P),correg_pa_2_3_5,2-3-5-64
poblado_pa_2_3_5_66,Alto de Narices,correg_pa_2_3_5,2-3-5-66
poblado_pa_2_3_6_2,Ana María,correg_pa_2_3_6,2-3-6-2
poblado_pa_2_3_6_3,Bajo Grande (P),correg_pa_2_3_6,2-3-6-3
poblado_pa_2_3_6_4,Belencillo No. 1,correg_pa_2_3_6,2-3-6-4
poblado_pa_2_3_6_5,Bella Vista,correg_pa_2_3_6,2-3-6-5
poblado_pa_2_3_6_6,Calabacito,correg_pa_2_3_6,2-3-6-6
poblado_pa_2_3_6_7,Caña Blanca,correg_pa_2_3_6,2-3-6-7
poblado_pa_2_3_6_8,Cañablancal,correg_pa_2_3_6,2-3-6-8
poblado_pa_2_3_6_9,Corte de Paja,correg_pa_2_3_6,2-3-6-9
poblado_pa_2_3_6_10,El Calabazo,correg_pa_2_3_6,2-3-6-10
poblado_pa_2_3_6_11,El Cedro,correg_pa_2_3_6,2-3-6-11
poblado_pa_2_3_6_12,El Chepano,correg_pa_2_3_6,2-3-6-12
poblado_pa_2_3_6_13,El Ciruelito,correg_pa_2_3_6,2-3-6-13
poblado_pa_2_3_6_14,El Jobo (P),correg_pa_2_3_6,2-3-6-14
poblado_pa_2_3_6_15,El Manglar,correg_pa_2_3_6,2-3-6-15
poblado_pa_2_3_6_16,El Níspero,correg_pa_2_3_6,2-3-6-16
poblado_pa_2_3_6_17,El Pedregoso,correg_pa_2_3_6,2-3-6-17
poblado_pa_2_3_6_18,El Silencio,correg_pa_2_3_6,2-3-6-18
poblado_pa_2_3_6_19,El Tigrero,correg_pa_2_3_6,2-3-6-19
poblado_pa_2_3_6_20,Flamenco,correg_pa_2_3_6,2-3-6-20
poblado_pa_2_3_6_21,La Cabuya,correg_pa_2_3_6,2-3-6-21
poblado_pa_2_3_6_22,Las Minas,correg_pa_2_3_6,2-3-6-22
poblado_pa_2_3_6_23,La Toronja,correg_pa_2_3_6,2-3-6-23
poblado_pa_2_3_6_24,La Trinidad,correg_pa_2_3_6,2-3-6-24
poblado_pa_2_3_6_25,Las Potreras,correg_pa_2_3_6,2-3-6-25
poblado_pa_2_3_6_26,Loma Bonita,correg_pa_2_3_6,2-3-6-26
poblado_pa_2_3_6_27,Ojo de Agua,correg_pa_2_3_6,2-3-6-27
poblado_pa_2_3_6_28,Perico o Cerro Perico,correg_pa_2_3_6,2-3-6-28
poblado_pa_2_3_6_29,Piedras Blancas,correg_pa_2_3_6,2-3-6-29
poblado_pa_2_3_6_30,Quebrada Grande,correg_pa_2_3_6,2-3-6-30
poblado_pa_2_3_6_31,Quebrada Honda,correg_pa_2_3_6,2-3-6-31
poblado_pa_2_3_6_32,Varillal,correg_pa_2_3_6,2-3-6-32
poblado_pa_2_3_6_33,El Frailecito,correg_pa_2_3_6,2-3-6-33
poblado_pa_2_3_6_35,Zapillo,correg_pa_2_3_6,2-3-6-35
poblado_pa_2_3_6_36,Zapillito,correg_pa_2_3_6,2-3-6-36
poblado_pa_2_3_6_37,Alto del Alsanagua,correg_pa_2_3_6,2-3-6-37
poblado_pa_2_3_6_38,Bajo de la Pita,correg_pa_2_3_6,2-3-6-38
poblado_pa_2_3_6_39,Las Lomas,correg_pa_2_3_6,2-3-6-39
poblado_pa_2_3_6_40,Cerro Chileno,correg_pa_2_3_6,2-3-6-40
poblado_pa_2_3_7_1,Ahogada de las Yucas,correg_pa_2_3_7,2-3-7-1
poblado_pa_2_3_7_2,Arenal Grande,correg_pa_2_3_7,2-3-7-2
poblado_pa_2_3_7_3,Batatillal,correg_pa_2_3_7,2-3-7-3
poblado_pa_2_3_7_5,Boca de Toabré (P),correg_pa_2_3_7,2-3-7-5
poblado_pa_2_3_7_7,Canoa (P),correg_pa_2_3_7,2-3-7-7
poblado_pa_2_3_7_8,Cañaveral,correg_pa_2_3_7,2-3-7-8
poblado_pa_2_3_7_9,El Cascajal,correg_pa_2_3_7,2-3-7-9
poblado_pa_2_3_7_10,Cerro Bejuco,correg_pa_2_3_7,2-3-7-10
poblado_pa_2_3_7_11,Chiribital,correg_pa_2_3_7,2-3-7-11
poblado_pa_2_3_7_12,Coquillo,correg_pa_2_3_7,2-3-7-12
poblado_pa_2_3_7_13,Culebra,correg_pa_2_3_7,2-3-7-13
poblado_pa_2_3_7_14,Cuteva,correg_pa_2_3_7,2-3-7-14
poblado_pa_2_3_7_15,Cutevilla,correg_pa_2_3_7,2-3-7-15
poblado_pa_2_3_7_16,Cutevilla Arriba,correg_pa_2_3_7,2-3-7-16
poblado_pa_2_3_7_17,Cutevita,correg_pa_2_3_7,2-3-7-17
poblado_pa_2_3_7_19,El Bongo No. 1,correg_pa_2_3_7,2-3-7-19
poblado_pa_2_3_7_22,El Conejo,correg_pa_2_3_7,2-3-7-22
poblado_pa_2_3_7_23,El Espino,correg_pa_2_3_7,2-3-7-23
poblado_pa_2_3_7_25,El Mero,correg_pa_2_3_7,2-3-7-25
poblado_pa_2_3_7_26,El Pifá,correg_pa_2_3_7,2-3-7-26
poblado_pa_2_3_7_27,El Santísimo,correg_pa_2_3_7,2-3-7-27
poblado_pa_2_3_7_28,El Valle de Santa María,correg_pa_2_3_7,2-3-7-28
poblado_pa_2_3_7_29,Embarcadero de Cascajal,correg_pa_2_3_7,2-3-7-29
poblado_pa_2_3_7_30,Fraile,correg_pa_2_3_7,2-3-7-30
poblado_pa_2_3_7_31,Hacha,correg_pa_2_3_7,2-3-7-31
poblado_pa_2_3_7_32,La Jururúa (P),correg_pa_2_3_7,2-3-7-32
poblado_pa_2_3_7_33,La Bruja (P),correg_pa_2_3_7,2-3-7-33
poblado_pa_2_3_7_34,La Colonia,correg_pa_2_3_7,2-3-7-34
poblado_pa_2_3_7_35,La Conga,correg_pa_2_3_7,2-3-7-35
poblado_pa_2_3_7_36,La Huaca,correg_pa_2_3_7,2-3-7-36
poblado_pa_2_3_7_37,La Pedregosa,correg_pa_2_3_7,2-3-7-37
poblado_pa_2_3_7_38,La Peluda,correg_pa_2_3_7,2-3-7-38
poblado_pa_2_3_7_39,La Perdiz,correg_pa_2_3_7,2-3-7-39
poblado_pa_2_3_7_41,La Tigrera,correg_pa_2_3_7,2-3-7-41
poblado_pa_2_3_7_42,La Travesía,correg_pa_2_3_7,2-3-7-42
poblado_pa_2_3_7_43,La Tulúa (P),correg_pa_2_3_7,2-3-7-43
poblado_pa_2_3_7_44,Lagarterito,correg_pa_2_3_7,2-3-7-44
poblado_pa_2_3_7_46,Los González,correg_pa_2_3_7,2-3-7-46
poblado_pa_2_3_7_47,Los Machos,correg_pa_2_3_7,2-3-7-47
poblado_pa_2_3_7_48,Los Ticocles (P),correg_pa_2_3_7,2-3-7-48
poblado_pa_2_3_7_52,Molejón,correg_pa_2_3_7,2-3-7-52
poblado_pa_2_3_7_53,Molejón Abajo,correg_pa_2_3_7,2-3-7-53
poblado_pa_2_3_7_54,Moreno,correg_pa_2_3_7,2-3-7-54
poblado_pa_2_3_7_55,Narices,correg_pa_2_3_7,2-3-7-55
poblado_pa_2_3_7_56,Pedregosa,correg_pa_2_3_7,2-3-7-56
poblado_pa_2_3_7_57,Quebrada del Medio,correg_pa_2_3_7,2-3-7-57
poblado_pa_2_3_7_58,Quebrada el Pifá,correg_pa_2_3_7,2-3-7-58
poblado_pa_2_3_7_59,Quebrada el Tigrero,correg_pa_2_3_7,2-3-7-59
poblado_pa_2_3_7_60,Quebrada Tiburón,correg_pa_2_3_7,2-3-7-60
poblado_pa_2_3_7_61,Quebrada Tigre,correg_pa_2_3_7,2-3-7-61
poblado_pa_2_3_7_62,Quebrada Zapote,correg_pa_2_3_7,2-3-7-62
poblado_pa_2_3_7_63,Ranchería,correg_pa_2_3_7,2-3-7-63
poblado_pa_2_3_7_64,Río Claro,correg_pa_2_3_7,2-3-7-64
poblado_pa_2_3_7_65,San Antonio No. 2,correg_pa_2_3_7,2-3-7-65
poblado_pa_2_3_7_66,Santa Cecilia,correg_pa_2_3_7,2-3-7-66
poblado_pa_2_3_7_67,Santa Lucía (P),correg_pa_2_3_7,2-3-7-67
poblado_pa_2_3_7_68,Sardina No. 1,correg_pa_2_3_7,2-3-7-68
poblado_pa_2_3_7_69,Sardina No. 3,correg_pa_2_3_7,2-3-7-69
poblado_pa_2_3_7_70,Villa del Carmen,correg_pa_2_3_7,2-3-7-70
poblado_pa_2_3_7_71,Boca de Río Cuteva,correg_pa_2_3_7,2-3-7-71
poblado_pa_2_3_7_72,El Saltillo,correg_pa_2_3_7,2-3-7-72
poblado_pa_2_3_7_73,Gallinero (P),correg_pa_2_3_7,2-3-7-73
poblado_pa_2_3_7_74,La Legua,correg_pa_2_3_7,2-3-7-74
poblado_pa_2_3_7_76,Juanchón (P),correg_pa_2_3_7,2-3-7-76
poblado_pa_2_3_7_77,Barriada el Santísimo,correg_pa_2_3_7,2-3-7-77
poblado_pa_2_3_7_78,Cerro Bodoquillal,correg_pa_2_3_7,2-3-7-78
poblado_pa_2_3_7_80,La Dueña,correg_pa_2_3_7,2-3-7-80
poblado_pa_2_3_7_81,Loma Grande,correg_pa_2_3_7,2-3-7-81
poblado_pa_2_3_7_82,Machonsito,correg_pa_2_3_7,2-3-7-82
poblado_pa_2_3_7_83,Manatí (P),correg_pa_2_3_7,2-3-7-83
poblado_pa_2_3_7_84,Quebrada Molejón,correg_pa_2_3_7,2-3-7-84
poblado_pa_2_3_7_85,Sabanita Verde (P),correg_pa_2_3_7,2-3-7-85
poblado_pa_2_3_7_86,San Juanito,correg_pa_2_3_7,2-3-7-86
poblado_pa_2_4_1_2,San Cristóbal,correg_pa_2_4_1,2-4-1-2
poblado_pa_2_4_1_6,El Paso Real,correg_pa_2_4_1,2-4-1-6
poblado_pa_2_4_1_8,Los Algarrobos,correg_pa_2_4_1,2-4-1-8
poblado_pa_2_4_1_11,Mata de los Reyes,correg_pa_2_4_1,2-4-1-11
poblado_pa_2_4_1_12,Mata Palo,correg_pa_2_4_1,2-4-1-12
poblado_pa_2_4_1_13,Natá,correg_pa_2_4_1,2-4-1-13
poblado_pa_2_4_1_15,La Margarita o las Margaritas,correg_pa_2_4_1,2-4-1-15
poblado_pa_2_4_1_16,"Compañía Azucarera la Estrella, S.A. (P)",correg_pa_2_4_1,2-4-1-16
poblado_pa_2_4_1_18,Las Lisas,correg_pa_2_4_1,2-4-1-18
poblado_pa_2_4_1_19,Vía Interamericana,correg_pa_2_4_1,2-4-1-19
poblado_pa_2_4_1_21,Chumungu,correg_pa_2_4_1,2-4-1-21
poblado_pa_2_4_1_22,Finca Agropecuaria Don Arcelio,correg_pa_2_4_1,2-4-1-22
poblado_pa_2_4_1_23,Finca Agua Azul,correg_pa_2_4_1,2-4-1-23
poblado_pa_2_4_1_24,Industria Camaronera de Panamá,correg_pa_2_4_1,2-4-1-24
poblado_pa_2_4_2_2,Capellanía o las Guabas (P),correg_pa_2_4_2,2-4-2-2
poblado_pa_2_4_2_5,Ciénega Redonda o el Espino,correg_pa_2_4_2,2-4-2-5
poblado_pa_2_4_2_8,El Cerro o el Cerro Capellán,correg_pa_2_4_2,2-4-2-8
poblado_pa_2_4_2_10,El Limón,correg_pa_2_4_2,2-4-2-10
poblado_pa_2_4_2_13,Compañía Azucarera la Estrella S.A. (P),correg_pa_2_4_2,2-4-2-13
poblado_pa_2_4_2_23,El Espino,correg_pa_2_4_2,2-4-2-23
poblado_pa_2_4_2_25,Guarumillo,correg_pa_2_4_2,2-4-2-25
poblado_pa_2_4_2_27,Peñas Prietas,correg_pa_2_4_2,2-4-2-27
poblado_pa_2_4_3_2,Cerro Chato,correg_pa_2_4_3,2-4-3-2
poblado_pa_2_4_3_3,Churubé Abajo,correg_pa_2_4_3,2-4-3-3
poblado_pa_2_4_3_4,Churubé Arriba (P),correg_pa_2_4_3,2-4-3-4
poblado_pa_2_4_3_5,El Caño,correg_pa_2_4_3,2-4-3-5
poblado_pa_2_4_3_6,El Olivo,correg_pa_2_4_3,2-4-3-6
poblado_pa_2_4_3_7,El Piñal (P),correg_pa_2_4_3,2-4-3-7
poblado_pa_2_4_3_8,La Salineta,correg_pa_2_4_3,2-4-3-8
poblado_pa_2_4_3_9,Los Valles (P),correg_pa_2_4_3,2-4-3-9
poblado_pa_2_4_3_10,Medio de los Cerros,correg_pa_2_4_3,2-4-3-10
poblado_pa_2_4_3_11,Cerro Muela,correg_pa_2_4_3,2-4-3-11
poblado_pa_2_4_3_12,San Miguel,correg_pa_2_4_3,2-4-3-12
poblado_pa_2_4_3_13,Santa Lucía o Batatilla,correg_pa_2_4_3,2-4-3-13
poblado_pa_2_4_3_14,Virulí,correg_pa_2_4_3,2-4-3-14
poblado_pa_2_4_3_15,Peña Prieta,correg_pa_2_4_3,2-4-3-15
poblado_pa_2_4_4_1,Caimitillo,correg_pa_2_4_4,2-4-4-1
poblado_pa_2_4_4_2,Chirva,correg_pa_2_4_4,2-4-4-2
poblado_pa_2_4_4_3,El Espavé,correg_pa_2_4_4,2-4-4-3
poblado_pa_2_4_4_4,El Fraile,correg_pa_2_4_4,2-4-4-4
poblado_pa_2_4_4_5,El Otoal,correg_pa_2_4_4,2-4-4-5
poblado_pa_2_4_4_7,El Valle,correg_pa_2_4_4,2-4-4-7
poblado_pa_2_4_4_8,Garicín,correg_pa_2_4_4,2-4-4-8
poblado_pa_2_4_4_9,Guzmán,correg_pa_2_4_4,2-4-4-9
poblado_pa_2_4_4_10,Las Lajas,correg_pa_2_4_4,2-4-4-10
poblado_pa_2_4_4_11,La Yeguada,correg_pa_2_4_4,2-4-4-11
poblado_pa_2_4_4_12,Llano el Fraile,correg_pa_2_4_4,2-4-4-12
poblado_pa_2_4_4_13,Los Paulinos,correg_pa_2_4_4,2-4-4-13
poblado_pa_2_4_4_14,Mata Hambre,correg_pa_2_4_4,2-4-4-14
poblado_pa_2_4_4_15,Piedras Blancas,correg_pa_2_4_4,2-4-4-15
poblado_pa_2_4_4_16,Piedras Gordas,correg_pa_2_4_4,2-4-4-16
poblado_pa_2_4_4_17,Sapillo Abajo o Mata de Arroz,correg_pa_2_4_4,2-4-4-17
poblado_pa_2_4_4_18,Sapillo Arriba o Caracucha,correg_pa_2_4_4,2-4-4-18
poblado_pa_2_4_4_19,El Piñal (P),correg_pa_2_4_4,2-4-4-19
poblado_pa_2_4_4_22,El Orejito,correg_pa_2_4_4,2-4-4-22
poblado_pa_2_4_4_23,La Mata,correg_pa_2_4_4,2-4-4-23
poblado_pa_2_4_4_24,Los Valles (P),correg_pa_2_4_4,2-4-4-24
poblado_pa_2_4_4_25,Llano Verde,correg_pa_2_4_4,2-4-4-25
poblado_pa_2_4_4_26,Honduras No. 2,correg_pa_2_4_4,2-4-4-26
poblado_pa_2_4_4_27,Palenque,correg_pa_2_4_4,2-4-4-27
poblado_pa_2_4_4_28,Salitral,correg_pa_2_4_4,2-4-4-28
poblado_pa_2_4_4_29,El Guanábano,correg_pa_2_4_4,2-4-4-29
poblado_pa_2_4_4_30,El Jobo,correg_pa_2_4_4,2-4-4-30
poblado_pa_2_4_4_31,Altos del Fraile,correg_pa_2_4_4,2-4-4-31
poblado_pa_2_4_5_1,Bajo Aguacate,correg_pa_2_4_5,2-4-5-1
poblado_pa_2_4_5_3,Caimitillo,correg_pa_2_4_5,2-4-5-3
poblado_pa_2_4_5_4,Campanario o Loma Larga,correg_pa_2_4_5,2-4-5-4
poblado_pa_2_4_5_6,Don Juan,correg_pa_2_4_5,2-4-5-6
poblado_pa_2_4_5_7,El Cerro o Loma Redonda,correg_pa_2_4_5,2-4-5-7
poblado_pa_2_4_5_10,El Quije (P),correg_pa_2_4_5,2-4-5-10
poblado_pa_2_4_5_11,El Rincón,correg_pa_2_4_5,2-4-5-11
poblado_pa_2_4_5_14,La Culebra,correg_pa_2_4_5,2-4-5-14
poblado_pa_2_4_5_15,Las Huacas del Quije,correg_pa_2_4_5,2-4-5-15
poblado_pa_2_4_5_16,Las Lajas,correg_pa_2_4_5,2-4-5-16
poblado_pa_2_4_5_17,La Marcela,correg_pa_2_4_5,2-4-5-17
poblado_pa_2_4_5_18,La Yeguada,correg_pa_2_4_5,2-4-5-18
poblado_pa_2_4_5_20,Los Cerritos,correg_pa_2_4_5,2-4-5-20
poblado_pa_2_4_5_23,Llano Concho (P),correg_pa_2_4_5,2-4-5-23
poblado_pa_2_4_5_26,Río Co,correg_pa_2_4_5,2-4-5-26
poblado_pa_2_4_5_28,Rojito,correg_pa_2_4_5,2-4-5-28
poblado_pa_2_4_5_29,Sabaneta,correg_pa_2_4_5,2-4-5-29
poblado_pa_2_4_5_30,Salitral,correg_pa_2_4_5,2-4-5-30
poblado_pa_2_4_5_31,Coibita,correg_pa_2_4_5,2-4-5-31
poblado_pa_2_4_5_32,Corotú,correg_pa_2_4_5,2-4-5-32
poblado_pa_2_4_5_34,Paso Canoa,correg_pa_2_4_5,2-4-5-34
poblado_pa_2_4_5_36,Coralillo,correg_pa_2_4_5,2-4-5-36
poblado_pa_2_4_5_37,El Horconcito (P),correg_pa_2_4_5,2-4-5-37
poblado_pa_2_4_5_38,La Sardinosa,correg_pa_2_4_5,2-4-5-38
poblado_pa_2_4_5_39,Las Tranquillas (P),correg_pa_2_4_5,2-4-5-39
poblado_pa_2_4_5_43,Nuevo Campanario,correg_pa_2_4_5,2-4-5-43
poblado_pa_2_4_5_48,Cerro Alto,correg_pa_2_4_5,2-4-5-48
poblado_pa_2_4_5_49,El Zancudo,correg_pa_2_4_5,2-4-5-49
poblado_pa_2_4_5_51,Plan de Colón,correg_pa_2_4_5,2-4-5-51
poblado_pa_2_4_5_53,Loma Larga,correg_pa_2_4_5,2-4-5-53
poblado_pa_2_4_5_54,Los Torres (P),correg_pa_2_4_5,2-4-5-54
poblado_pa_2_4_5_55,Quebrada Grande o Conejo,correg_pa_2_4_5,2-4-5-55
poblado_pa_2_4_5_56,Bajo la Palma,correg_pa_2_4_5,2-4-5-56
poblado_pa_2_4_5_57,El Jondo,correg_pa_2_4_5,2-4-5-57
poblado_pa_2_4_5_58,Llano Bonito,correg_pa_2_4_5,2-4-5-58
poblado_pa_2_4_6_1,Cerro Pelao,correg_pa_2_4_6,2-4-6-1
poblado_pa_2_4_6_2,Rincón Hondo o el Hueco,correg_pa_2_4_6,2-4-6-2
poblado_pa_2_4_6_4,Cruz de Macano,correg_pa_2_4_6,2-4-6-4
poblado_pa_2_4_6_5,La Mula,correg_pa_2_4_6,2-4-6-5
poblado_pa_2_4_6_6,Guayabital o las Peñas,correg_pa_2_4_6,2-4-6-6
poblado_pa_2_4_6_7,Loma Larga,correg_pa_2_4_6,2-4-6-7
poblado_pa_2_4_6_9,Los Picachos,correg_pa_2_4_6,2-4-6-9
poblado_pa_2_4_6_10,Los Rincones,correg_pa_2_4_6,2-4-6-10
poblado_pa_2_4_6_12,San Antonio,correg_pa_2_4_6,2-4-6-12
poblado_pa_2_4_6_13,Tierra Blanca,correg_pa_2_4_6,2-4-6-13
poblado_pa_2_4_6_14,Toza,correg_pa_2_4_6,2-4-6-14
poblado_pa_2_4_6_15,El Cortezo (P),correg_pa_2_4_6,2-4-6-15
poblado_pa_2_4_6_16,El Corzo,correg_pa_2_4_6,2-4-6-16
poblado_pa_2_4_6_17,La Enea,correg_pa_2_4_6,2-4-6-17
poblado_pa_2_4_6_18,La Tortuga,correg_pa_2_4_6,2-4-6-18
poblado_pa_2_4_6_19,Llanito Largo,correg_pa_2_4_6,2-4-6-19
poblado_pa_2_4_6_20,El Cortezo (P),correg_pa_2_4_6,2-4-6-20
poblado_pa_2_4_6_22,Los Corralitos,correg_pa_2_4_6,2-4-6-22
poblado_pa_2_4_6_24,Piedra la Gallota,correg_pa_2_4_6,2-4-6-24
poblado_pa_2_4_6_25,Santa Bárbara,correg_pa_2_4_6,2-4-6-25
poblado_pa_2_4_6_26,Llano de Guayabital,correg_pa_2_4_6,2-4-6-26
poblado_pa_2_4_6_28,El Camarón,correg_pa_2_4_6,2-4-6-28
poblado_pa_2_4_6_30,Los Patios o los Patos,correg_pa_2_4_6,2-4-6-30
poblado_pa_2_4_7_1,Alto del Marañón o el Cortezo,correg_pa_2_4_7,2-4-7-1
poblado_pa_2_4_7_2,Capellanía o las Guabas (P),correg_pa_2_4_7,2-4-7-2
poblado_pa_2_4_7_3,Cerrito Casa,correg_pa_2_4_7,2-4-7-3
poblado_pa_2_4_7_4,Chumicosa,correg_pa_2_4_7,2-4-7-4
poblado_pa_2_4_7_5,Ciénega Larga,correg_pa_2_4_7,2-4-7-5
poblado_pa_2_4_7_6,Cocobo,correg_pa_2_4_7,2-4-7-6
poblado_pa_2_4_7_7,El Espavé,correg_pa_2_4_7,2-4-7-7
poblado_pa_2_4_7_8,El Jobo,correg_pa_2_4_7,2-4-7-8
poblado_pa_2_4_7_9,El Roblito,correg_pa_2_4_7,2-4-7-9
poblado_pa_2_4_7_10,Flamenco,correg_pa_2_4_7,2-4-7-10
poblado_pa_2_4_7_11,Llano Bonito,correg_pa_2_4_7,2-4-7-11
poblado_pa_2_4_7_12,Llano de la Palma,correg_pa_2_4_7,2-4-7-12
poblado_pa_2_4_7_14,Llano Lázaro,correg_pa_2_4_7,2-4-7-14
poblado_pa_2_4_7_15,Los Cerritos,correg_pa_2_4_7,2-4-7-15
poblado_pa_2_4_7_16,Los Limpios (P),correg_pa_2_4_7,2-4-7-16
poblado_pa_2_4_7_17,Río Año,correg_pa_2_4_7,2-4-7-17
poblado_pa_2_4_7_18,Río Chico,correg_pa_2_4_7,2-4-7-18
poblado_pa_2_4_7_19,Villarreal,correg_pa_2_4_7,2-4-7-19
poblado_pa_2_5_1_1,Aguas Blancas,correg_pa_2_5_1,2-5-1-1
poblado_pa_2_5_1_2,Andariel,correg_pa_2_5_1,2-5-1-2
poblado_pa_2_5_1_3,Buena Vista,correg_pa_2_5_1,2-5-1-3
poblado_pa_2_5_1_4,Burrica,correg_pa_2_5_1,2-5-1-4
poblado_pa_2_5_1_9,La Cigarra,correg_pa_2_5_1,2-5-1-9
poblado_pa_2_5_1_12,El Barniz,correg_pa_2_5_1,2-5-1-12
poblado_pa_2_5_1_13,El Barón,correg_pa_2_5_1,2-5-1-13
poblado_pa_2_5_1_15,El Corozo,correg_pa_2_5_1,2-5-1-15
poblado_pa_2_5_1_19,El Banco,correg_pa_2_5_1,2-5-1-19
poblado_pa_2_5_1_22,El Pedregoso,correg_pa_2_5_1,2-5-1-22
poblado_pa_2_5_1_23,Llano Bonito o Hato Bonito,correg_pa_2_5_1,2-5-1-23
poblado_pa_2_5_1_24,La Ciénaga o Rosario,correg_pa_2_5_1,2-5-1-24
poblado_pa_2_5_1_25,El Hato o Hato Nuevo,correg_pa_2_5_1,2-5-1-25
poblado_pa_2_5_1_26,La Cabuya,correg_pa_2_5_1,2-5-1-26
poblado_pa_2_5_1_30,Las Lajitas,correg_pa_2_5_1,2-5-1-30
poblado_pa_2_5_1_32,La Yeguada,correg_pa_2_5_1,2-5-1-32
poblado_pa_2_5_1_33,La Zota,correg_pa_2_5_1,2-5-1-33
poblado_pa_2_5_1_34,Los Cabritos (P),correg_pa_2_5_1,2-5-1-34
poblado_pa_2_5_1_36,El Picacho (P),correg_pa_2_5_1,2-5-1-36
poblado_pa_2_5_1_38,Marañón,correg_pa_2_5_1,2-5-1-38
poblado_pa_2_5_1_39,Olá,correg_pa_2_5_1,2-5-1-39
poblado_pa_2_5_1_40,Piedras Gordas,correg_pa_2_5_1,2-5-1-40
poblado_pa_2_5_1_41,Quebrada Grande (P),correg_pa_2_5_1,2-5-1-41
poblado_pa_2_5_1_42,Rodeito,correg_pa_2_5_1,2-5-1-42
poblado_pa_2_5_1_43,San Juan,correg_pa_2_5_1,2-5-1-43
poblado_pa_2_5_1_45,Suruba,correg_pa_2_5_1,2-5-1-45
poblado_pa_2_5_1_47,La Mesita,correg_pa_2_5_1,2-5-1-47
poblado_pa_2_5_1_49,El Pajoso,correg_pa_2_5_1,2-5-1-49
poblado_pa_2_5_1_50,El Cruce,correg_pa_2_5_1,2-5-1-50
poblado_pa_2_5_1_53,Guirí (P),correg_pa_2_5_1,2-5-1-53
poblado_pa_2_5_1_54,Palo Parado (P),correg_pa_2_5_1,2-5-1-54
poblado_pa_2_5_1_55,Loma Chata (P),correg_pa_2_5_1,2-5-1-55
poblado_pa_2_5_1_56,Cerro Gordo,correg_pa_2_5_1,2-5-1-56
poblado_pa_2_5_1_58,El Peñón,correg_pa_2_5_1,2-5-1-58
poblado_pa_2_5_2_1,El Ajico,correg_pa_2_5_2,2-5-2-1
poblado_pa_2_5_2_2,Baraña,correg_pa_2_5_2,2-5-2-2
poblado_pa_2_5_2_5,Cerro Agú o Espavecito,correg_pa_2_5_2,2-5-2-5
poblado_pa_2_5_2_6,Cerro Alto,correg_pa_2_5_2,2-5-2-6
poblado_pa_2_5_2_9,Cerro Pelado,correg_pa_2_5_2,2-5-2-9
poblado_pa_2_5_2_10,Chumicosa,correg_pa_2_5_2,2-5-2-10
poblado_pa_2_5_2_11,Llano las Mulas,correg_pa_2_5_2,2-5-2-11
poblado_pa_2_5_2_12,La Cabima,correg_pa_2_5_2,2-5-2-12
poblado_pa_2_5_2_13,El Copé,correg_pa_2_5_2,2-5-2-13
poblado_pa_2_5_2_14,El Cristo,correg_pa_2_5_2,2-5-2-14
poblado_pa_2_5_2_15,La Trina,correg_pa_2_5_2,2-5-2-15
poblado_pa_2_5_2_18,Macano o Macanito,correg_pa_2_5_2,2-5-2-18
poblado_pa_2_5_2_19,El Ratón,correg_pa_2_5_2,2-5-2-19
poblado_pa_2_5_2_20,Hato Viejo,correg_pa_2_5_2,2-5-2-20
poblado_pa_2_5_2_21,Hijo de Dios No. 1,correg_pa_2_5_2,2-5-2-21
poblado_pa_2_5_2_22,Hijo de Dios No. 2,correg_pa_2_5_2,2-5-2-22
poblado_pa_2_5_2_23,Gaita,correg_pa_2_5_2,2-5-2-23
poblado_pa_2_5_2_24,La Mata,correg_pa_2_5_2,2-5-2-24
poblado_pa_2_5_2_25,La Mesa,correg_pa_2_5_2,2-5-2-25
poblado_pa_2_5_2_26,Los Cabritos (P),correg_pa_2_5_2,2-5-2-26
poblado_pa_2_5_2_27,Los Caracoles,correg_pa_2_5_2,2-5-2-27
poblado_pa_2_5_2_28,Loma Blanca o Chumicosa,correg_pa_2_5_2,2-5-2-28
poblado_pa_2_5_2_29,Quebrada Marcela,correg_pa_2_5_2,2-5-2-29
poblado_pa_2_5_2_31,Llano Concho (P),correg_pa_2_5_2,2-5-2-31
poblado_pa_2_5_2_33,Las Tibias,correg_pa_2_5_2,2-5-2-33
poblado_pa_2_5_2_34,Palo Parado (P),correg_pa_2_5_2,2-5-2-34
poblado_pa_2_5_2_37,La Roda,correg_pa_2_5_2,2-5-2-37
poblado_pa_2_5_2_39,San Roquito,correg_pa_2_5_2,2-5-2-39
poblado_pa_2_5_2_41,Luisa,correg_pa_2_5_2,2-5-2-41
poblado_pa_2_5_2_42,El Guayabo,correg_pa_2_5_2,2-5-2-42
poblado_pa_2_5_2_43,El Pichón,correg_pa_2_5_2,2-5-2-43
poblado_pa_2_5_2_46,Loma del Guásimo,correg_pa_2_5_2,2-5-2-46
poblado_pa_2_5_2_49,Pontón,correg_pa_2_5_2,2-5-2-49
poblado_pa_2_5_2_50,Quebrada Tranquilla,correg_pa_2_5_2,2-5-2-50
poblado_pa_2_5_2_51,La Mina,correg_pa_2_5_2,2-5-2-51
poblado_pa_2_5_2_52,Quebrada Grande (P),correg_pa_2_5_2,2-5-2-52
poblado_pa_2_5_2_53,El Horconcito (P),correg_pa_2_5_2,2-5-2-53
poblado_pa_2_5_3_1,Boca de Bejuco,correg_pa_2_5_3,2-5-3-1
poblado_pa_2_5_3_2,Bajo Grande (P),correg_pa_2_5_3,2-5-3-2
poblado_pa_2_5_3_3,El Calabacito,correg_pa_2_5_3,2-5-3-3
poblado_pa_2_5_3_5,Cerro de Paja,correg_pa_2_5_3,2-5-3-5
poblado_pa_2_5_3_6,Chichical,correg_pa_2_5_3,2-5-3-6
poblado_pa_2_5_3_7,Chilibre,correg_pa_2_5_3,2-5-3-7
poblado_pa_2_5_3_9,El Brujo,correg_pa_2_5_3,2-5-3-9
poblado_pa_2_5_3_10,El Cacao,correg_pa_2_5_3,2-5-3-10
poblado_pa_2_5_3_11,El Guarumal,correg_pa_2_5_3,2-5-3-11
poblado_pa_2_5_3_12,El Cenizo,correg_pa_2_5_3,2-5-3-12
poblado_pa_2_5_3_13,El Guayacán,correg_pa_2_5_3,2-5-3-13
poblado_pa_2_5_3_14,El Palmar,correg_pa_2_5_3,2-5-3-14
poblado_pa_2_5_3_16,El Zapato,correg_pa_2_5_3,2-5-3-16
poblado_pa_2_5_3_19,Getulio,correg_pa_2_5_3,2-5-3-19
poblado_pa_2_5_3_20,El Helechal,correg_pa_2_5_3,2-5-3-20
poblado_pa_2_5_3_21,Honduras,correg_pa_2_5_3,2-5-3-21
poblado_pa_2_5_3_24,La Antonia,correg_pa_2_5_3,2-5-3-24
poblado_pa_2_5_3_26,La Mesa,correg_pa_2_5_3,2-5-3-26
poblado_pa_2_5_3_27,La Mina,correg_pa_2_5_3,2-5-3-27
poblado_pa_2_5_3_28,Peña Blanca,correg_pa_2_5_3,2-5-3-28
poblado_pa_2_5_3_29,La Puente,correg_pa_2_5_3,2-5-3-29
poblado_pa_2_5_3_30,Las Barretas,correg_pa_2_5_3,2-5-3-30
poblado_pa_2_5_3_31,Las Sabanas,correg_pa_2_5_3,2-5-3-31
poblado_pa_2_5_3_32,Los Barrios,correg_pa_2_5_3,2-5-3-32
poblado_pa_2_5_3_34,Los Molejones o Molejón,correg_pa_2_5_3,2-5-3-34
poblado_pa_2_5_3_35,Los Machos,correg_pa_2_5_3,2-5-3-35
poblado_pa_2_5_3_36,El Naranjal o Naranjal,correg_pa_2_5_3,2-5-3-36
poblado_pa_2_5_3_37,Nombre de Dios,correg_pa_2_5_3,2-5-3-37
poblado_pa_2_5_3_39,El Pedregoso,correg_pa_2_5_3,2-5-3-39
poblado_pa_2_5_3_40,Pentecostés,correg_pa_2_5_3,2-5-3-40
poblado_pa_2_5_3_41,Rodeo Vicente,correg_pa_2_5_3,2-5-3-41
poblado_pa_2_5_3_43,Vista Alegre,correg_pa_2_5_3,2-5-3-43
poblado_pa_2_5_3_44,Volca,correg_pa_2_5_3,2-5-3-44
poblado_pa_2_5_3_45,La Zancona,correg_pa_2_5_3,2-5-3-45
poblado_pa_2_5_3_46,El Conejito,correg_pa_2_5_3,2-5-3-46
poblado_pa_2_5_3_47,Pacoral,correg_pa_2_5_3,2-5-3-47
poblado_pa_2_5_3_48,Caña Blanca,correg_pa_2_5_3,2-5-3-48
poblado_pa_2_5_3_49,Cauchal o el Cauchal,correg_pa_2_5_3,2-5-3-49
poblado_pa_2_5_3_50,Cerro Paja Abajo,correg_pa_2_5_3,2-5-3-50
poblado_pa_2_5_3_51,El Bongo,correg_pa_2_5_3,2-5-3-51
poblado_pa_2_5_3_52,El Frijol,correg_pa_2_5_3,2-5-3-52
poblado_pa_2_5_3_53,La Tivieja,correg_pa_2_5_3,2-5-3-53
poblado_pa_2_5_3_54,El Cenizo No. 1,correg_pa_2_5_3,2-5-3-54
poblado_pa_2_5_4_2,Barranco Colorado,correg_pa_2_5_4,2-5-4-2
poblado_pa_2_5_4_3,Cerro Gordo,correg_pa_2_5_4,2-5-4-3
poblado_pa_2_5_4_4,Alto del Castillo,correg_pa_2_5_4,2-5-4-4
poblado_pa_2_5_4_6,El Guayabito,correg_pa_2_5_4,2-5-4-6
poblado_pa_2_5_4_7,El Instante,correg_pa_2_5_4,2-5-4-7
poblado_pa_2_5_4_9,El Picacho (P),correg_pa_2_5_4,2-5-4-9
poblado_pa_2_5_4_10,El Pilón,correg_pa_2_5_4,2-5-4-10
poblado_pa_2_5_4_11,El Rodeito,correg_pa_2_5_4,2-5-4-11
poblado_pa_2_5_4_14,La Hincada,correg_pa_2_5_4,2-5-4-14
poblado_pa_2_5_4_15,La Negrita,correg_pa_2_5_4,2-5-4-15
poblado_pa_2_5_4_16,El Cicuaro,correg_pa_2_5_4,2-5-4-16
poblado_pa_2_5_4_17,Loma Chata (P),correg_pa_2_5_4,2-5-4-17
poblado_pa_2_5_4_20,Peña Prieta,correg_pa_2_5_4,2-5-4-20
poblado_pa_2_5_4_21,Quebrada el Calabazo,correg_pa_2_5_4,2-5-4-21
poblado_pa_2_5_4_22,Quebrada Uvero,correg_pa_2_5_4,2-5-4-22
poblado_pa_2_5_4_26,Parque Agroturístico Visión Verde,correg_pa_2_5_4,2-5-4-26
poblado_pa_2_5_5_1,Boquerón,correg_pa_2_5_5,2-5-5-1
poblado_pa_2_5_5_2,Cerro Agú,correg_pa_2_5_5,2-5-5-2
poblado_pa_2_5_5_3,Cerro Pelado,correg_pa_2_5_5,2-5-5-3
poblado_pa_2_5_5_4,Cumbirilla,correg_pa_2_5_5,2-5-5-4
poblado_pa_2_5_5_8,El Ciruelo,correg_pa_2_5_5,2-5-5-8
poblado_pa_2_5_5_10,El Vaca,correg_pa_2_5_5,2-5-5-10
poblado_pa_2_5_5_11,Guirí (P),correg_pa_2_5_5,2-5-5-11
poblado_pa_2_5_5_13,La Hincada,correg_pa_2_5_5,2-5-5-13
poblado_pa_2_5_5_15,La Pava,correg_pa_2_5_5,2-5-5-15
poblado_pa_2_5_5_16,La Pedregosa,correg_pa_2_5_5,2-5-5-16
poblado_pa_2_5_5_17,Zumbador,correg_pa_2_5_5,2-5-5-17
poblado_pa_2_5_5_18,El Barrero de Guzmán,correg_pa_2_5_5,2-5-5-18
poblado_pa_2_5_5_19,La Soledad,correg_pa_2_5_5,2-5-5-19
poblado_pa_2_5_5_21,Los Chorros,correg_pa_2_5_5,2-5-5-21
poblado_pa_2_5_5_23,Los Llanos,correg_pa_2_5_5,2-5-5-23
poblado_pa_2_5_5_25,Los Valles (P),correg_pa_2_5_5,2-5-5-25
poblado_pa_2_5_5_26,Nuestro Amo,correg_pa_2_5_5,2-5-5-26
poblado_pa_2_5_5_27,Palenque,correg_pa_2_5_5,2-5-5-27
poblado_pa_2_5_5_28,Palo Verde,correg_pa_2_5_5,2-5-5-28
poblado_pa_2_5_5_31,Los Corotú o el Corotú,correg_pa_2_5_5,2-5-5-31
poblado_pa_2_5_5_33,Las Puntas,correg_pa_2_5_5,2-5-5-33
poblado_pa_2_6_1_2,Chigoré,correg_pa_2_6_1,2-6-1-2
poblado_pa_2_6_1_4,Las Delicias,correg_pa_2_6_1,2-6-1-4
poblado_pa_2_6_1_5,Las Lomas,correg_pa_2_6_1,2-6-1-5
poblado_pa_2_6_1_6,Las Peñitas,correg_pa_2_6_1,2-6-1-6
poblado_pa_2_6_1_8,Penonomé,correg_pa_2_6_1,2-6-1-8
poblado_pa_2_6_1_11,Sardina,correg_pa_2_6_1,2-6-1-11
poblado_pa_2_6_1_12,Vía Hernández o Interamericana,correg_pa_2_6_1,2-6-1-12
poblado_pa_2_6_1_14,Cerro el Encanto (P),correg_pa_2_6_1,2-6-1-14
poblado_pa_2_6_1_15,El Encanto Arriba,correg_pa_2_6_1,2-6-1-15
poblado_pa_2_6_1_16,Santa Cruz (P),correg_pa_2_6_1,2-6-1-16
poblado_pa_2_6_1_17,Residencial Pueblo Hermoso,correg_pa_2_6_1,2-6-1-17
poblado_pa_2_6_1_18,Residencial las Delicias,correg_pa_2_6_1,2-6-1-18
poblado_pa_2_6_1_19,Residencial Santa Rosa,correg_pa_2_6_1,2-6-1-19
poblado_pa_2_6_2_1,Cermeño,correg_pa_2_6_2,2-6-2-1
poblado_pa_2_6_2_2,Cañaveral,correg_pa_2_6_2,2-6-2-2
poblado_pa_2_6_2_3,Cerro Gordo,correg_pa_2_6_2,2-6-2-3
poblado_pa_2_6_2_4,El Silencio,correg_pa_2_6_2,2-6-2-4
poblado_pa_2_6_2_5,La Agustina,correg_pa_2_6_2,2-6-2-5
poblado_pa_2_6_2_6,Peñita de los Uveros o la Angostura,correg_pa_2_6_2,2-6-2-6
poblado_pa_2_6_2_7,Los Uveros,correg_pa_2_6_2,2-6-2-7
poblado_pa_2_6_2_8,Bella Vista,correg_pa_2_6_2,2-6-2-8
poblado_pa_2_6_2_9,Membrillal (P),correg_pa_2_6_2,2-6-2-9
poblado_pa_2_6_2_11,Santa María,correg_pa_2_6_2,2-6-2-11
poblado_pa_2_6_2_12,Vista Hermosa,correg_pa_2_6_2,2-6-2-12
poblado_pa_2_6_2_13,Nuevo Santa María,correg_pa_2_6_2,2-6-2-13
poblado_pa_2_6_2_14,Residencial Altos de Cañaveral,correg_pa_2_6_2,2-6-2-14
poblado_pa_2_6_2_15,Residencial Altos del Zaratí,correg_pa_2_6_2,2-6-2-15
poblado_pa_2_6_2_16,Villas del Silencio,correg_pa_2_6_2,2-6-2-16
poblado_pa_2_6_2_17,Villas de Santa María,correg_pa_2_6_2,2-6-2-17
poblado_pa_2_6_3_1,Buena Vista,correg_pa_2_6_3,2-6-3-1
poblado_pa_2_6_3_2,Cerrezuela,correg_pa_2_6_3,2-6-3-2
poblado_pa_2_6_3_3,Coclé,correg_pa_2_6_3,2-6-3-3
poblado_pa_2_6_3_5,El Gago o Puerto el Gago,correg_pa_2_6_3,2-6-3-5
poblado_pa_2_6_3_6,Las Guabas,correg_pa_2_6_3,2-6-3-6
poblado_pa_2_6_3_7,Las Lajas,correg_pa_2_6_3,2-6-3-7
poblado_pa_2_6_3_9,Pan de Azúcar,correg_pa_2_6_3,2-6-3-9
poblado_pa_2_6_3_10,Puerto Posada,correg_pa_2_6_3,2-6-3-10
poblado_pa_2_6_3_11,Miraflores,correg_pa_2_6_3,2-6-3-11
poblado_pa_2_6_3_12,Residencial Wynn 100,correg_pa_2_6_3,2-6-3-12
poblado_pa_2_6_3_13,Residencial Palo Alto,correg_pa_2_6_3,2-6-3-13
poblado_pa_2_6_4_2,Boca de las Minas (P),correg_pa_2_6_4,2-6-4-2
poblado_pa_2_6_4_3,Boca de Vaquilla,correg_pa_2_6_4,2-6-4-3
poblado_pa_2_6_4_9,Chiguirí Arriba,correg_pa_2_6_4,2-6-4-9
poblado_pa_2_6_4_10,Chiguirí Centro (P),correg_pa_2_6_4,2-6-4-10
poblado_pa_2_6_4_11,Larguillo Abajo (P),correg_pa_2_6_4,2-6-4-11
poblado_pa_2_6_4_12,Larguillo Arriba,correg_pa_2_6_4,2-6-4-12
poblado_pa_2_6_4_13,La Vieja,correg_pa_2_6_4,2-6-4-13
poblado_pa_2_6_4_16,Palmilla,correg_pa_2_6_4,2-6-4-16
poblado_pa_2_6_4_18,Río Indio Arriba,correg_pa_2_6_4,2-6-4-18
poblado_pa_2_6_4_21,San Miguel Arriba,correg_pa_2_6_4,2-6-4-21
poblado_pa_2_6_4_27,Tavidal Abajo,correg_pa_2_6_4,2-6-4-27
poblado_pa_2_6_4_28,Tavidal Arriba,correg_pa_2_6_4,2-6-4-28
poblado_pa_2_6_4_30,La Vaquilla (P),correg_pa_2_6_4,2-6-4-30
poblado_pa_2_6_4_32,Cocobari (P),correg_pa_2_6_4,2-6-4-32
poblado_pa_2_6_4_35,Larguillo Centro,correg_pa_2_6_4,2-6-4-35
poblado_pa_2_6_4_36,Loma Grande,correg_pa_2_6_4,2-6-4-36
poblado_pa_2_6_4_38,Oajaca,correg_pa_2_6_4,2-6-4-38
poblado_pa_2_6_4_39,Pozo Azul (P),correg_pa_2_6_4,2-6-4-39
poblado_pa_2_6_4_41,Cabecera de Zaratí,correg_pa_2_6_4,2-6-4-41
poblado_pa_2_6_4_42,El Congal,correg_pa_2_6_4,2-6-4-42
poblado_pa_2_6_4_43,El Limón,correg_pa_2_6_4,2-6-4-43
poblado_pa_2_6_4_45,La Subida del Coquillo,correg_pa_2_6_4,2-6-4-45
poblado_pa_2_6_4_46,Peña Blanca,correg_pa_2_6_4,2-6-4-46
poblado_pa_2_6_5_1,Aguas Frías,correg_pa_2_6_5,2-6-5-1
poblado_pa_2_6_5_2,Aguas Blancas,correg_pa_2_6_5,2-6-5-2
poblado_pa_2_6_5_3,Cerro el Encanto (P),correg_pa_2_6_5,2-6-5-3
poblado_pa_2_6_5_4,Chorrerita o Monte Lirio,correg_pa_2_6_5,2-6-5-4
poblado_pa_2_6_5_5,El Coco,correg_pa_2_6_5,2-6-5-5
poblado_pa_2_6_5_6,El Cristo,correg_pa_2_6_5,2-6-5-6
poblado_pa_2_6_5_7,El Rosario,correg_pa_2_6_5,2-6-5-7
poblado_pa_2_6_5_10,La Ortiga,correg_pa_2_6_5,2-6-5-10
poblado_pa_2_6_5_13,Llano Marín,correg_pa_2_6_5,2-6-5-13
poblado_pa_2_6_5_14,Río Hondo,correg_pa_2_6_5,2-6-5-14
poblado_pa_2_6_5_15,Santa Cruz (P),correg_pa_2_6_5,2-6-5-15
poblado_pa_2_6_5_16,Bajo de Río Hondo,correg_pa_2_6_5,2-6-5-16
poblado_pa_2_6_5_18,La Pacora,correg_pa_2_6_5,2-6-5-18
poblado_pa_2_6_5_19,Marciaga,correg_pa_2_6_5,2-6-5-19
poblado_pa_2_6_5_23,Residencial Quintas de Penonomé,correg_pa_2_6_5,2-6-5-23
poblado_pa_2_6_5_24,Residencial Paseo del Bosque,correg_pa_2_6_5,2-6-5-24
poblado_pa_2_6_5_25,Residencial Monte Lirio,correg_pa_2_6_5,2-6-5-25
poblado_pa_2_6_5_26,Guacamaya Gardens,correg_pa_2_6_5,2-6-5-26
poblado_pa_2_6_6_1,Alto de la Estancia (P),correg_pa_2_6_6,2-6-6-1
poblado_pa_2_6_6_2,Boquerón,correg_pa_2_6_6,2-6-6-2
poblado_pa_2_6_6_3,Caimito (P),correg_pa_2_6_6,2-6-6-3
poblado_pa_2_6_6_5,Cerro Colorado,correg_pa_2_6_6,2-6-6-5
poblado_pa_2_6_6_16,Atré No. 1 (P),correg_pa_2_6_6,2-6-6-16
poblado_pa_2_6_6_18,Membrillo,correg_pa_2_6_6,2-6-6-18
poblado_pa_2_6_6_22,Pajonal Abajo (P),correg_pa_2_6_6,2-6-6-22
poblado_pa_2_6_6_23,Pajonal Arriba,correg_pa_2_6_6,2-6-6-23
poblado_pa_2_6_6_26,Sofre,correg_pa_2_6_6,2-6-6-26
poblado_pa_2_6_6_28,Turega,correg_pa_2_6_6,2-6-6-28
poblado_pa_2_6_6_29,Atré Arriba,correg_pa_2_6_6,2-6-6-29
poblado_pa_2_6_6_33,Larguillo Abajo (P),correg_pa_2_6_6,2-6-6-33
poblado_pa_2_6_6_34,Pajonal Centro,correg_pa_2_6_6,2-6-6-34
poblado_pa_2_6_6_35,Pozo Azul (P),correg_pa_2_6_6,2-6-6-35
poblado_pa_2_6_6_36,Águila Abajo,correg_pa_2_6_6,2-6-6-36
poblado_pa_2_6_6_37,Águila Arriba,correg_pa_2_6_6,2-6-6-37
poblado_pa_2_6_6_38,Chorrerita,correg_pa_2_6_6,2-6-6-38
poblado_pa_2_6_6_39,Membrillo Arriba,correg_pa_2_6_6,2-6-6-39
poblado_pa_2_6_6_40,Membrillo Centro,correg_pa_2_6_6,2-6-6-40
poblado_pa_2_6_6_41,Río Viejo,correg_pa_2_6_6,2-6-6-41
poblado_pa_2_6_6_42,Salado,correg_pa_2_6_6,2-6-6-42
poblado_pa_2_6_6_43,Serén,correg_pa_2_6_6,2-6-6-43
poblado_pa_2_6_6_44,Cabecera de Atré,correg_pa_2_6_6,2-6-6-44
poblado_pa_2_6_7_2,Ciruelito,correg_pa_2_6_7,2-6-7-2
poblado_pa_2_6_7_5,Garicín,correg_pa_2_6_7,2-6-7-5
poblado_pa_2_6_7_6,La Candelaria,correg_pa_2_6_7,2-6-7-6
poblado_pa_2_6_7_8,Llano el Apóstol,correg_pa_2_6_7,2-6-7-8
poblado_pa_2_6_7_9,Los Saldañas,correg_pa_2_6_7,2-6-7-9
poblado_pa_2_6_7_11,Río Grande,correg_pa_2_6_7,2-6-7-11
poblado_pa_2_6_7_12,Santa María,correg_pa_2_6_7,2-6-7-12
poblado_pa_2_6_7_13,El Guacamayo,correg_pa_2_6_7,2-6-7-13
poblado_pa_2_6_7_14,El Pital (P),correg_pa_2_6_7,2-6-7-14
poblado_pa_2_6_7_15,Villas las Perlas,correg_pa_2_6_7,2-6-7-15
poblado_pa_2_6_8_1,Alto de Buena Vista,correg_pa_2_6_8,2-6-8-1
poblado_pa_2_6_8_3,Alto del Mora,correg_pa_2_6_8,2-6-8-3
poblado_pa_2_6_8_5,Barnizal,correg_pa_2_6_8,2-6-8-5
poblado_pa_2_6_8_7,El Jobo,correg_pa_2_6_8,2-6-8-7
poblado_pa_2_6_8_8,Boca de Uracillo,correg_pa_2_6_8,2-6-8-8
poblado_pa_2_6_8_9,Boca del Silencio,correg_pa_2_6_8,2-6-8-9
poblado_pa_2_6_8_12,Alto de Uracillo,correg_pa_2_6_8,2-6-8-12
poblado_pa_2_6_8_15,El Ladrillal de San Cristóbal,correg_pa_2_6_8,2-6-8-15
poblado_pa_2_6_8_16,El Dominical (P),correg_pa_2_6_8,2-6-8-16
poblado_pa_2_6_8_17,El Aguacate,correg_pa_2_6_8,2-6-8-17
poblado_pa_2_6_8_18,El Águila,correg_pa_2_6_8,2-6-8-18
poblado_pa_2_6_8_20,El Ají,correg_pa_2_6_8,2-6-8-20
poblado_pa_2_6_8_21,Bajo Pifá,correg_pa_2_6_8,2-6-8-21
poblado_pa_2_6_8_22,El Barrero,correg_pa_2_6_8,2-6-8-22
poblado_pa_2_6_8_25,La Calabaza,correg_pa_2_6_8,2-6-8-25
poblado_pa_2_6_8_26,El Campano,correg_pa_2_6_8,2-6-8-26
poblado_pa_2_6_8_28,Coquillo Centro,correg_pa_2_6_8,2-6-8-28
poblado_pa_2_6_8_32,El Espavelar,correg_pa_2_6_8,2-6-8-32
poblado_pa_2_6_8_33,El Faldar,correg_pa_2_6_8,2-6-8-33
poblado_pa_2_6_8_34,Boquilla de las Potreras,correg_pa_2_6_8,2-6-8-34
poblado_pa_2_6_8_35,La Arenosa,correg_pa_2_6_8,2-6-8-35
poblado_pa_2_6_8_36,El Jobo Arriba,correg_pa_2_6_8,2-6-8-36
poblado_pa_2_6_8_38,El Limón No. 1 (P),correg_pa_2_6_8,2-6-8-38
poblado_pa_2_6_8_41,El Papayo (P),correg_pa_2_6_8,2-6-8-41
poblado_pa_2_6_8_42,Pon la Olla,correg_pa_2_6_8,2-6-8-42
poblado_pa_2_6_8_43,El Silencio No. 1,correg_pa_2_6_8,2-6-8-43
poblado_pa_2_6_8_44,Cerro Miguel,correg_pa_2_6_8,2-6-8-44
poblado_pa_2_6_8_45,El Silencio Chico,correg_pa_2_6_8,2-6-8-45
poblado_pa_2_6_8_48,La Hormiguera,correg_pa_2_6_8,2-6-8-48
poblado_pa_2_6_8_50,La Mona,correg_pa_2_6_8,2-6-8-50
poblado_pa_2_6_8_51,La Paila,correg_pa_2_6_8,2-6-8-51
poblado_pa_2_6_8_52,La Pedregosa,correg_pa_2_6_8,2-6-8-52
poblado_pa_2_6_8_53,Pigüila,correg_pa_2_6_8,2-6-8-53
poblado_pa_2_6_8_55,"Sabaneta de ""U"" (P)",correg_pa_2_6_8,2-6-8-55
poblado_pa_2_6_8_56,La Sardina,correg_pa_2_6_8,2-6-8-56
poblado_pa_2_6_8_57,Las Canoas,correg_pa_2_6_8,2-6-8-57
poblado_pa_2_6_8_58,Las Marías,correg_pa_2_6_8,2-6-8-58
poblado_pa_2_6_8_59,Las Marías Arriba,correg_pa_2_6_8,2-6-8-59
poblado_pa_2_6_8_60,Las Minas (P),correg_pa_2_6_8,2-6-8-60
poblado_pa_2_6_8_61,Campo Alegre,correg_pa_2_6_8,2-6-8-61
poblado_pa_2_6_8_62,Las Postreras,correg_pa_2_6_8,2-6-8-62
poblado_pa_2_6_8_63,Las Quebradas de Uracillo,correg_pa_2_6_8,2-6-8-63
poblado_pa_2_6_8_64,La Tigrita,correg_pa_2_6_8,2-6-8-64
poblado_pa_2_6_8_65,La Tollosa,correg_pa_2_6_8,2-6-8-65
poblado_pa_2_6_8_66,Loma Alta (P),correg_pa_2_6_8,2-6-8-66
poblado_pa_2_6_8_67,Loma de la Cigarra,correg_pa_2_6_8,2-6-8-67
poblado_pa_2_6_8_69,Los Molejones,correg_pa_2_6_8,2-6-8-69
poblado_pa_2_6_8_71,Manquesal,correg_pa_2_6_8,2-6-8-71
poblado_pa_2_6_8_72,Palma Real,correg_pa_2_6_8,2-6-8-72
poblado_pa_2_6_8_73,Uracillo No. 2,correg_pa_2_6_8,2-6-8-73
poblado_pa_2_6_8_74,Paso Carnal,correg_pa_2_6_8,2-6-8-74
poblado_pa_2_6_8_75,Piedra Amarilla,correg_pa_2_6_8,2-6-8-75
poblado_pa_2_6_8_77,Quebrada el Macho,correg_pa_2_6_8,2-6-8-77
poblado_pa_2_6_8_78,Quebrada Jacumilla,correg_pa_2_6_8,2-6-8-78
poblado_pa_2_6_8_79,Quebrada la Conga,correg_pa_2_6_8,2-6-8-79
poblado_pa_2_6_8_80,Quebrada la Palma,correg_pa_2_6_8,2-6-8-80
poblado_pa_2_6_8_85,Coquillo de Uracillo,correg_pa_2_6_8,2-6-8-85
poblado_pa_2_6_8_87,Río Indio,correg_pa_2_6_8,2-6-8-87
poblado_pa_2_6_8_88,San Cristóbal,correg_pa_2_6_8,2-6-8-88
poblado_pa_2_6_8_89,Silencito,correg_pa_2_6_8,2-6-8-89
poblado_pa_2_6_8_90,Tierra Buena,correg_pa_2_6_8,2-6-8-90
poblado_pa_2_6_8_91,Tres Hermanas (P),correg_pa_2_6_8,2-6-8-91
poblado_pa_2_6_8_94,"""U"" Centro (P)",correg_pa_2_6_8,2-6-8-94
poblado_pa_2_6_8_95,Cerro Venado,correg_pa_2_6_8,2-6-8-95
poblado_pa_2_6_8_96,Alto Silencio,correg_pa_2_6_8,2-6-8-96
poblado_pa_2_6_8_97,La Cecilia,correg_pa_2_6_8,2-6-8-97
poblado_pa_2_6_8_99,Los Rodeos,correg_pa_2_6_8,2-6-8-99
poblado_pa_2_6_8_102,El Límite,correg_pa_2_6_8,2-6-8-102
poblado_pa_2_6_8_103,El Vallecito (P),correg_pa_2_6_8,2-6-8-103
poblado_pa_2_6_8_106,La Guinea,correg_pa_2_6_8,2-6-8-106
poblado_pa_2_6_8_107,La Mina,correg_pa_2_6_8,2-6-8-107
poblado_pa_2_6_8_108,La Negrita,correg_pa_2_6_8,2-6-8-108
poblado_pa_2_6_8_109,La Tollosita,correg_pa_2_6_8,2-6-8-109
poblado_pa_2_6_8_112,Las Vegas,correg_pa_2_6_8,2-6-8-112
poblado_pa_2_6_8_114,Los Naranjitos,correg_pa_2_6_8,2-6-8-114
poblado_pa_2_6_8_115,Los Rastrojos,correg_pa_2_6_8,2-6-8-115
poblado_pa_2_6_8_117,La Puente,correg_pa_2_6_8,2-6-8-117
poblado_pa_2_6_8_119,Boquilla de la Mina,correg_pa_2_6_8,2-6-8-119
poblado_pa_2_6_8_121,Cigua,correg_pa_2_6_8,2-6-8-121
poblado_pa_2_6_8_123,El Guabo,correg_pa_2_6_8,2-6-8-123
poblado_pa_2_6_8_124,El Harino,correg_pa_2_6_8,2-6-8-124
poblado_pa_2_6_8_125,El Silencio,correg_pa_2_6_8,2-6-8-125
poblado_pa_2_6_8_126,El Silencio Arriba,correg_pa_2_6_8,2-6-8-126
poblado_pa_2_6_8_127,La Iguana,correg_pa_2_6_8,2-6-8-127
poblado_pa_2_6_8_128,La Jejena (P),correg_pa_2_6_8,2-6-8-128
poblado_pa_2_6_8_129,La Tigra,correg_pa_2_6_8,2-6-8-129
poblado_pa_2_6_8_131,Las Mercedes,correg_pa_2_6_8,2-6-8-131
poblado_pa_2_6_8_132,Los Cedros (P),correg_pa_2_6_8,2-6-8-132
poblado_pa_2_6_8_134,Pueblo Nuevo,correg_pa_2_6_8,2-6-8-134
poblado_pa_2_6_8_137,Uracillo Centro,correg_pa_2_6_8,2-6-8-137
poblado_pa_2_6_8_138,Uracillo de las Marías,correg_pa_2_6_8,2-6-8-138
poblado_pa_2_6_8_139,Barnizal No. 1,correg_pa_2_6_8,2-6-8-139
poblado_pa_2_6_8_142,La Cabina,correg_pa_2_6_8,2-6-8-142
poblado_pa_2_6_8_143,Las Marías Centro,correg_pa_2_6_8,2-6-8-143
poblado_pa_2_6_8_145,Cabecera de Quebrada el Coca,correg_pa_2_6_8,2-6-8-145
poblado_pa_2_6_8_146,El Arenoso,correg_pa_2_6_8,2-6-8-146
poblado_pa_2_6_8_147,El Higueronal,correg_pa_2_6_8,2-6-8-147
poblado_pa_2_6_8_148,Iguana Quemá,correg_pa_2_6_8,2-6-8-148
poblado_pa_2_6_8_149,Loma Alta Abajo (P),correg_pa_2_6_8,2-6-8-149
poblado_pa_2_6_9_3,Atré No. 1 (P),correg_pa_2_6_9,2-6-9-3
poblado_pa_2_6_9_9,Bito (P),correg_pa_2_6_9,2-6-9-9
poblado_pa_2_6_9_11,Boca de Chiguirí,correg_pa_2_6_9,2-6-9-11
poblado_pa_2_6_9_19,Cacaco,correg_pa_2_6_9,2-6-9-19
poblado_pa_2_6_9_20,Cañazas No. 2,correg_pa_2_6_9,2-6-9-20
poblado_pa_2_6_9_25,Altos del Coco,correg_pa_2_6_9,2-6-9-25
poblado_pa_2_6_9_26,El Cucharo,correg_pa_2_6_9,2-6-9-26
poblado_pa_2_6_9_28,El Jagua,correg_pa_2_6_9,2-6-9-28
poblado_pa_2_6_9_35,La Candelaria,correg_pa_2_6_9,2-6-9-35
poblado_pa_2_6_9_37,Las Cuestas de Marica,correg_pa_2_6_9,2-6-9-37
poblado_pa_2_6_9_38,Martillada,correg_pa_2_6_9,2-6-9-38
poblado_pa_2_6_9_42,Las Varitas,correg_pa_2_6_9,2-6-9-42
poblado_pa_2_6_9_44,"Brazo de ""U"" (P)",correg_pa_2_6_9,2-6-9-44
poblado_pa_2_6_9_45,Los Molejones (P),correg_pa_2_6_9,2-6-9-45
poblado_pa_2_6_9_47,Miraflores,correg_pa_2_6_9,2-6-9-47
poblado_pa_2_6_9_48,El Naranjal,correg_pa_2_6_9,2-6-9-48
poblado_pa_2_6_9_50,Santa Ana Arriba (P),correg_pa_2_6_9,2-6-9-50
poblado_pa_2_6_9_51,Ojo de Agua,correg_pa_2_6_9,2-6-9-51
poblado_pa_2_6_9_59,Sabana Larga,correg_pa_2_6_9,2-6-9-59
poblado_pa_2_6_9_60,"Sabaneta de ""U"" (P)",correg_pa_2_6_9,2-6-9-60
poblado_pa_2_6_9_61,Sagreja,correg_pa_2_6_9,2-6-9-61
poblado_pa_2_6_9_63,San Miguel (P),correg_pa_2_6_9,2-6-9-63
poblado_pa_2_6_9_64,Tambo,correg_pa_2_6_9,2-6-9-64
poblado_pa_2_6_9_66,Toabré,correg_pa_2_6_9,2-6-9-66
poblado_pa_2_6_9_68,Tucué (P),correg_pa_2_6_9,2-6-9-68
poblado_pa_2_6_9_70,Tucuecito (P),correg_pa_2_6_9,2-6-9-70
poblado_pa_2_6_9_72,"""U"" Centro (P)",correg_pa_2_6_9,2-6-9-72
poblado_pa_2_6_9_74,Chiguirí Abajo,correg_pa_2_6_9,2-6-9-74
poblado_pa_2_6_9_76,Bejuco,correg_pa_2_6_9,2-6-9-76
poblado_pa_2_6_9_78,El Caño de San Miguel (P),correg_pa_2_6_9,2-6-9-78
poblado_pa_2_6_9_81,Chorrerita (P),correg_pa_2_6_9,2-6-9-81
poblado_pa_2_6_9_82,San Pedro Abajo (P),correg_pa_2_6_9,2-6-9-82
poblado_pa_2_6_9_83,San José,correg_pa_2_6_9,2-6-9-83
poblado_pa_2_6_9_84,San Pablo,correg_pa_2_6_9,2-6-9-84
poblado_pa_2_6_9_86,Atré No. 2,correg_pa_2_6_9,2-6-9-86
poblado_pa_2_6_9_88,Boca de Larguillo,correg_pa_2_6_9,2-6-9-88
poblado_pa_2_6_9_91,Cabecera de Río Bito,correg_pa_2_6_9,2-6-9-91
poblado_pa_2_6_9_95,Guabal Arriba,correg_pa_2_6_9,2-6-9-95
poblado_pa_2_6_9_97,Las Marías,correg_pa_2_6_9,2-6-9-97
poblado_pa_2_6_9_98,Los Pilares (P),correg_pa_2_6_9,2-6-9-98
poblado_pa_2_6_9_107,Quebrada los Sules,correg_pa_2_6_9,2-6-9-107
poblado_pa_2_6_9_108,Quebrada Sardinosa,correg_pa_2_6_9,2-6-9-108
poblado_pa_2_6_9_111,San Pablo Abajo,correg_pa_2_6_9,2-6-9-111
poblado_pa_2_6_9_112,San Pablo Arriba,correg_pa_2_6_9,2-6-9-112
poblado_pa_2_6_9_115,Quebrada Arenal,correg_pa_2_6_9,2-6-9-115
poblado_pa_2_6_9_120,Perecabecito o Santa Cruz (P),correg_pa_2_6_9,2-6-9-120
poblado_pa_2_6_9_121,Alto de la Mona,correg_pa_2_6_9,2-6-9-121
poblado_pa_2_6_9_122,Valle Solitario,correg_pa_2_6_9,2-6-9-122
poblado_pa_2_6_9_124,Chiguirí Centro (P),correg_pa_2_6_9,2-6-9-124
poblado_pa_2_6_9_125,Larguillo Abajo (P),correg_pa_2_6_9,2-6-9-125
poblado_pa_2_6_9_126,San Pedro (P),correg_pa_2_6_9,2-6-9-126
poblado_pa_2_6_9_127,Valle Miraflores,correg_pa_2_6_9,2-6-9-127
poblado_pa_2_6_10_2,Boca de Cuiria,correg_pa_2_6_10,2-6-10-2
poblado_pa_2_6_10_4,Buena Vista,correg_pa_2_6_10,2-6-10-4
poblado_pa_2_6_10_11,Las Marinas (P),correg_pa_2_6_10,2-6-10-11
poblado_pa_2_6_10_15,La Tulúa (P),correg_pa_2_6_10,2-6-10-15
poblado_pa_2_6_10_16,Lubré,correg_pa_2_6_10,2-6-10-16
poblado_pa_2_6_10_17,Lurá Centro (P),correg_pa_2_6_10,2-6-10-17
poblado_pa_2_6_10_18,Luracito Arriba (P),correg_pa_2_6_10,2-6-10-18
poblado_pa_2_6_10_25,Tulú Abajo,correg_pa_2_6_10,2-6-10-25
poblado_pa_2_6_10_26,Tulú Arriba,correg_pa_2_6_10,2-6-10-26
poblado_pa_2_6_10_30,Chicagua,correg_pa_2_6_10,2-6-10-30
poblado_pa_2_6_10_31,Gato Espino,correg_pa_2_6_10,2-6-10-31
poblado_pa_2_6_10_32,Nuevo San Pablo,correg_pa_2_6_10,2-6-10-32
poblado_pa_2_6_10_33,San Isidro,correg_pa_2_6_10,2-6-10-33
poblado_pa_2_6_10_34,San Vicente,correg_pa_2_6_10,2-6-10-34
poblado_pa_2_6_10_35,Tulú Centro,correg_pa_2_6_10,2-6-10-35
poblado_pa_2_6_10_36,Unión Santeña,correg_pa_2_6_10,2-6-10-36
poblado_pa_2_6_10_37,Cuteva Arriba,correg_pa_2_6_10,2-6-10-37
poblado_pa_2_6_10_38,La Boca de Tulú (P),correg_pa_2_6_10,2-6-10-38
poblado_pa_2_6_10_40,Nuevo Rosario,correg_pa_2_6_10,2-6-10-40
poblado_pa_2_6_10_41,Nuevo San Antonio,correg_pa_2_6_10,2-6-10-41
poblado_pa_2_6_10_42,Piedra Amarilla,correg_pa_2_6_10,2-6-10-42
poblado_pa_2_6_10_43,Tacuma,correg_pa_2_6_10,2-6-10-43
poblado_pa_2_6_10_45,Cerro Tulú,correg_pa_2_6_10,2-6-10-45
poblado_pa_2_6_10_47,Caba Corriente,correg_pa_2_6_10,2-6-10-47
poblado_pa_2_6_11_1,Altos de San Miguel (P),correg_pa_2_6_11,2-6-11-1
poblado_pa_2_6_11_2,Banacito,correg_pa_2_6_11,2-6-11-2
poblado_pa_2_6_11_3,Boca de Guayabo,correg_pa_2_6_11,2-6-11-3
poblado_pa_2_6_11_4,Boca de Lurá,correg_pa_2_6_11,2-6-11-4
poblado_pa_2_6_11_5,Boca de San Miguel,correg_pa_2_6_11,2-6-11-5
poblado_pa_2_6_11_6,Boca de Tucué,correg_pa_2_6_11,2-6-11-6
poblado_pa_2_6_11_7,Boquilla de Dominica,correg_pa_2_6_11,2-6-11-7
poblado_pa_2_6_11_8,Cañazas No. 1,correg_pa_2_6_11,2-6-11-8
poblado_pa_2_6_11_9,Chorrerita (P),correg_pa_2_6_11,2-6-11-9
poblado_pa_2_6_11_10,San Francisco,correg_pa_2_6_11,2-6-11-10
poblado_pa_2_6_11_11,Dominica,correg_pa_2_6_11,2-6-11-11
poblado_pa_2_6_11_12,El Guayabo,correg_pa_2_6_11,2-6-11-12
poblado_pa_2_6_11_13,El Pernal,correg_pa_2_6_11,2-6-11-13
poblado_pa_2_6_11_14,Higueronal,correg_pa_2_6_11,2-6-11-14
poblado_pa_2_6_11_15,La Boca de Tulú (P),correg_pa_2_6_11,2-6-11-15
poblado_pa_2_6_11_16,La Semilla (P),correg_pa_2_6_11,2-6-11-16
poblado_pa_2_6_11_17,Las Marinas (P),correg_pa_2_6_11,2-6-11-17
poblado_pa_2_6_11_18,Lourdes,correg_pa_2_6_11,2-6-11-18
poblado_pa_2_6_11_19,Lurá Centro (P),correg_pa_2_6_11,2-6-11-19
poblado_pa_2_6_11_20,Luracito Arriba (P),correg_pa_2_6_11,2-6-11-20
poblado_pa_2_6_11_21,Monte Buena,correg_pa_2_6_11,2-6-11-21
poblado_pa_2_6_11_22,Nuevo Banacito,correg_pa_2_6_11,2-6-11-22
poblado_pa_2_6_11_23,Paso Ancho,correg_pa_2_6_11,2-6-11-23
poblado_pa_2_6_11_24,Paso Real (P),correg_pa_2_6_11,2-6-11-24
poblado_pa_2_6_11_25,Quebrada la Tabila,correg_pa_2_6_11,2-6-11-25
poblado_pa_2_6_11_26,Tierra Buena,correg_pa_2_6_11,2-6-11-26
poblado_pa_2_6_11_27,Tucué (P),correg_pa_2_6_11,2-6-11-27
poblado_pa_2_6_11_28,Tucuecito (P),correg_pa_2_6_11,2-6-11-28
poblado_pa_2_6_12_1,"""U"" Arriba",correg_pa_2_6_12,2-6-12-1
poblado_pa_2_6_12_2,Barrio Unido,correg_pa_2_6_12,2-6-12-2
poblado_pa_2_6_12_3,Boca de las Minas (P),correg_pa_2_6_12,2-6-12-3
poblado_pa_2_6_12_4,Brazo Chico,correg_pa_2_6_12,2-6-12-4
poblado_pa_2_6_12_5,"Brazo de ""U"" (P)",correg_pa_2_6_12,2-6-12-5
poblado_pa_2_6_12_6,Cerro Chica,correg_pa_2_6_12,2-6-12-6
poblado_pa_2_6_12_7,Cerro Congoso,correg_pa_2_6_12,2-6-12-7
poblado_pa_2_6_12_8,Cocobari (P),correg_pa_2_6_12,2-6-12-8
poblado_pa_2_6_12_9,El Vallecito (P),correg_pa_2_6_12,2-6-12-9
poblado_pa_2_6_12_10,La Vaquilla (P),correg_pa_2_6_12,2-6-12-10
poblado_pa_2_6_12_11,Los Pilares (P),correg_pa_2_6_12,2-6-12-11
poblado_pa_2_6_12_12,Quebrada Grande,correg_pa_2_6_12,2-6-12-12
poblado_pa_2_6_12_13,Renacimiento de ''U'',correg_pa_2_6_12,2-6-12-13
poblado_pa_2_6_12_14,Sacramento,correg_pa_2_6_12,2-6-12-14
poblado_pa_2_6_12_15,San Miguel (P),correg_pa_2_6_12,2-6-12-15
poblado_pa_2_6_12_16,San Miguel Centro,correg_pa_2_6_12,2-6-12-16
poblado_pa_2_6_12_17,San Miguelito,correg_pa_2_6_12,2-6-12-17
poblado_pa_2_6_12_18,San Pedro (P),correg_pa_2_6_12,2-6-12-18
poblado_pa_2_6_12_19,San Pedro Abajo (P),correg_pa_2_6_12,2-6-12-19
poblado_pa_2_6_12_20,San Pedro Arriba,correg_pa_2_6_12,2-6-12-20
poblado_pa_2_6_12_21,Santa Ana Arriba (P),correg_pa_2_6_12,2-6-12-21
poblado_pa_2_6_12_22,Zapotal,correg_pa_2_6_12,2-6-12-22
poblado_pa_2_6_13_1,Atré No. 1 (P),correg_pa_2_6_13,2-6-13-1
poblado_pa_2_6_13_2,Caimito (P),correg_pa_2_6_13,2-6-13-2
poblado_pa_2_6_13_3,Churuquita Chiquita,correg_pa_2_6_13,2-6-13-3
poblado_pa_2_6_13_4,Churuquita Grande,correg_pa_2_6_13,2-6-13-4
poblado_pa_2_6_13_5,El Barrero o Barrero,correg_pa_2_6_13,2-6-13-5
poblado_pa_2_6_13_6,El Cocal,correg_pa_2_6_13,2-6-13-6
poblado_pa_2_6_13_7,El Nanzal,correg_pa_2_6_13,2-6-13-7
poblado_pa_2_6_13_8,El Piral,correg_pa_2_6_13,2-6-13-8
poblado_pa_2_6_13_9,El Potrero,correg_pa_2_6_13,2-6-13-9
poblado_pa_2_6_13_10,Guabal,correg_pa_2_6_13,2-6-13-10
poblado_pa_2_6_13_11,La Negrita,correg_pa_2_6_13,2-6-13-11
poblado_pa_2_6_13_12,Monte Grande,correg_pa_2_6_13,2-6-13-12
poblado_pa_2_6_13_13,Mosquitero,correg_pa_2_6_13,2-6-13-13
poblado_pa_2_6_13_14,Pajonal Abajo (P),correg_pa_2_6_13,2-6-13-14
poblado_pa_2_6_13_15,Rincón de las Palmas,correg_pa_2_6_13,2-6-13-15
poblado_pa_2_6_13_16,Santa Cruz (P),correg_pa_2_6_13,2-6-13-16
poblado_pa_2_6_13_17,Sonadora,correg_pa_2_6_13,2-6-13-17
poblado_pa_2_6_13_18,Tué,correg_pa_2_6_13,2-6-13-18
poblado_pa_2_6_14_1,Aguas Blancas (P),correg_pa_2_6_14,2-6-14-1
poblado_pa_2_6_14_2,Aguas Claras,correg_pa_2_6_14,2-6-14-2
poblado_pa_2_6_14_3,Alto de los Reyes,correg_pa_2_6_14,2-6-14-3
poblado_pa_2_6_14_4,Caimital,correg_pa_2_6_14,2-6-14-4
poblado_pa_2_6_14_5,El Escobal,correg_pa_2_6_14,2-6-14-5
poblado_pa_2_6_14_6,El Hatillo,correg_pa_2_6_14,2-6-14-6
poblado_pa_2_6_14_7,El Limón,correg_pa_2_6_14,2-6-14-7
poblado_pa_2_6_14_8,La Pedregosa,correg_pa_2_6_14,2-6-14-8
poblado_pa_2_6_14_9,Las Minas,correg_pa_2_6_14,2-6-14-9
poblado_pa_2_6_14_10,Las Pozas,correg_pa_2_6_14,2-6-14-10
poblado_pa_2_6_14_11,Las Tranquillas,correg_pa_2_6_14,2-6-14-11
poblado_pa_2_6_14_12,Mano de Piedra,correg_pa_2_6_14,2-6-14-12
poblado_pa_2_6_14_13,Perecabé,correg_pa_2_6_14,2-6-14-13
poblado_pa_2_6_14_14,Perecabecito o Santa Cruz (P),correg_pa_2_6_14,2-6-14-14
poblado_pa_2_6_14_15,Zumbador,correg_pa_2_6_14,2-6-14-15
poblado_pa_2_6_15_1,"""U"" Abajo",correg_pa_2_6_15,2-6-15-1
poblado_pa_2_6_15_2,Alto de Riecito,correg_pa_2_6_15,2-6-15-2
poblado_pa_2_6_15_3,Alto Limón,correg_pa_2_6_15,2-6-15-3
poblado_pa_2_6_15_4,Boca de la Encantada (P),correg_pa_2_6_15,2-6-15-4
poblado_pa_2_6_15_5,Boquilla de Quebraón,correg_pa_2_6_15,2-6-15-5
poblado_pa_2_6_15_6,Cabecera de Riecito,correg_pa_2_6_15,2-6-15-6
poblado_pa_2_6_15_7,Cacique,correg_pa_2_6_15,2-6-15-7
poblado_pa_2_6_15_8,Caño Sucio,correg_pa_2_6_15,2-6-15-8
poblado_pa_2_6_15_9,El Pantano,correg_pa_2_6_15,2-6-15-9
poblado_pa_2_6_15_10,El Quebraón,correg_pa_2_6_15,2-6-15-10
poblado_pa_2_6_15_11,El Valle de Riecito,correg_pa_2_6_15,2-6-15-11
poblado_pa_2_6_15_12,Gurbe,correg_pa_2_6_15,2-6-15-12
poblado_pa_2_6_15_13,La Pita,correg_pa_2_6_15,2-6-15-13
poblado_pa_2_6_15_14,Las Maravillas (P),correg_pa_2_6_15,2-6-15-14
poblado_pa_2_6_15_15,Las Palmas,correg_pa_2_6_15,2-6-15-15
poblado_pa_2_6_15_16,Loma Alta (P),correg_pa_2_6_15,2-6-15-16
poblado_pa_2_6_15_17,Loma Alta Abajo (P),correg_pa_2_6_15,2-6-15-17
poblado_pa_2_6_15_18,Los Cedros (P),correg_pa_2_6_15,2-6-15-18
poblado_pa_2_6_15_19,Los Cerritos,correg_pa_2_6_15,2-6-15-19
poblado_pa_2_6_15_20,Los Cerritos No. 1,correg_pa_2_6_15,2-6-15-20
poblado_pa_2_6_15_21,Los Elegidos (P),correg_pa_2_6_15,2-6-15-21
poblado_pa_2_6_15_22,Los Zules,correg_pa_2_6_15,2-6-15-22
poblado_pa_2_6_15_23,Piedras Largas,correg_pa_2_6_15,2-6-15-23
poblado_pa_2_6_15_24,"Sabaneta de ""U"" (P)",correg_pa_2_6_15,2-6-15-24
poblado_pa_2_6_15_25,Samaria,correg_pa_2_6_15,2-6-15-25
poblado_pa_2_6_15_27,Valle del Platanal,correg_pa_2_6_15,2-6-15-27
poblado_pa_2_6_16_1,Altos de los Darieles,correg_pa_2_6_16,2-6-16-1
poblado_pa_2_6_16_2,Altos de San Miguel (P),correg_pa_2_6_16,2-6-16-2
poblado_pa_2_6_16_3,Bajito de San Miguel,correg_pa_2_6_16,2-6-16-3
poblado_pa_2_6_16_4,Banazo Arriba,correg_pa_2_6_16,2-6-16-4
poblado_pa_2_6_16_5,Banazo Centro,correg_pa_2_6_16,2-6-16-5
poblado_pa_2_6_16_6,Bito (P),correg_pa_2_6_16,2-6-16-6
poblado_pa_2_6_16_7,El Caño de San Miguel (P),correg_pa_2_6_16,2-6-16-7
poblado_pa_2_6_16_8,La Semilla (P),correg_pa_2_6_16,2-6-16-8
poblado_pa_2_6_16_9,"Las Quebradas de ""U""",correg_pa_2_6_16,2-6-16-9
poblado_pa_2_6_16_10,Los Molejones (P),correg_pa_2_6_16,2-6-16-10
poblado_pa_2_6_16_11,Paso Real (P),correg_pa_2_6_16,2-6-16-11
poblado_pa_2_6_16_12,Quebrada Culebra,correg_pa_2_6_16,2-6-16-12
poblado_pa_2_6_16_13,Quebrada el Clavo,correg_pa_2_6_16,2-6-16-13
poblado_pa_2_6_16_14,Quebrada el Corotú o Quebrada la Minga,correg_pa_2_6_16,2-6-16-14
poblado_pa_2_6_16_15,Quebrada el Tigre,correg_pa_2_6_16,2-6-16-15
poblado_pa_2_6_16_16,Quebrada la Chispa,correg_pa_2_6_16,2-6-16-16
poblado_pa_2_6_16_17,Quebrada la Lajosa,correg_pa_2_6_16,2-6-16-17
poblado_pa_2_6_16_18,Quebrada la Tigra,correg_pa_2_6_16,2-6-16-18
poblado_pa_2_6_16_19,"Sabaneta de ""U"" (P)",correg_pa_2_6_16,2-6-16-19
poblado_pa_2_6_16_20,San Miguel No. 2,correg_pa_2_6_16,2-6-16-20
poblado_pa_2_6_16_21,San Miguelito,correg_pa_2_6_16,2-6-16-21
poblado_pa_2_6_16_22,Santa Ana Abajo,correg_pa_2_6_16,2-6-16-22
poblado_pa_2_6_16_23,Valle de San Miguel,correg_pa_2_6_16,2-6-16-23
poblado_pa_3_1_1_1,Barrio Norte,correg_pa_3_1_1,3-1-1-1
poblado_pa_3_1_2_1,Barrio Sur,correg_pa_3_1_2,3-1-2-1
poblado_pa_3_1_3_2,Alto la Gloria,correg_pa_3_1_3,3-1-3-2
poblado_pa_3_1_3_4,Buena Vista,correg_pa_3_1_3,3-1-3-4
poblado_pa_3_1_3_6,El Giral (P),correg_pa_3_1_3,3-1-3-6
poblado_pa_3_1_3_9,La Coclesana,correg_pa_3_1_3,3-1-3-9
poblado_pa_3_1_3_10,Nuevo Veraguas o la Escandalosa,correg_pa_3_1_3,3-1-3-10
poblado_pa_3_1_3_11,Las Tablitas,correg_pa_3_1_3,3-1-3-11
poblado_pa_3_1_3_13,Los Playones,correg_pa_3_1_3,3-1-3-13
poblado_pa_3_1_3_15,Peñas Blancas,correg_pa_3_1_3,3-1-3-15
poblado_pa_3_1_3_16,Pueblo Grande o Entrada de Sardinilla,correg_pa_3_1_3,3-1-3-16
poblado_pa_3_1_3_17,Pueblo Grande No. 2,correg_pa_3_1_3,3-1-3-17
poblado_pa_3_1_3_18,Quebrada Bonita,correg_pa_3_1_3,3-1-3-18
poblado_pa_3_1_3_19,Quebrada Bonita Adentro,correg_pa_3_1_3,3-1-3-19
poblado_pa_3_1_3_20,Río Duque,correg_pa_3_1_3,3-1-3-20
poblado_pa_3_1_3_23,La Loma de la Gloria,correg_pa_3_1_3,3-1-3-23
poblado_pa_3_1_3_24,Frijolito o Frijolito Abajo (P),correg_pa_3_1_3,3-1-3-24
poblado_pa_3_1_3_25,Barriada Nueva Esperanza No. 1,correg_pa_3_1_3,3-1-3-25
poblado_pa_3_1_3_26,Barriada Nueva Esperanza No. 2,correg_pa_3_1_3,3-1-3-26
poblado_pa_3_1_3_27,Altos de Divisa,correg_pa_3_1_3,3-1-3-27
poblado_pa_3_1_3_28,Campo Alegre,correg_pa_3_1_3,3-1-3-28
poblado_pa_3_1_3_30,Rincón Caliente,correg_pa_3_1_3,3-1-3-30
poblado_pa_3_1_3_31,Dos Ríos,correg_pa_3_1_3,3-1-3-31
poblado_pa_3_1_3_32,El Valle del Giral,correg_pa_3_1_3,3-1-3-32
poblado_pa_3_1_3_33,Río Gatún,correg_pa_3_1_3,3-1-3-33
poblado_pa_3_1_3_34,Sardinilla (P),correg_pa_3_1_3,3-1-3-34
poblado_pa_3_1_3_35,Quebrada Ancha (P),correg_pa_3_1_3,3-1-3-35
poblado_pa_3_1_3_36,Quebrada Bonita Arriba,correg_pa_3_1_3,3-1-3-36
poblado_pa_3_1_3_37,Las Colinas o las Amazonas,correg_pa_3_1_3,3-1-3-37
poblado_pa_3_1_3_38,Alto de la Gloria No. 2,correg_pa_3_1_3,3-1-3-38
poblado_pa_3_1_3_39,Los Lotes de Buena Vista o Brisas de Peñas Blancas,correg_pa_3_1_3,3-1-3-39
poblado_pa_3_1_3_40,El Bosque,correg_pa_3_1_3,3-1-3-40
poblado_pa_3_1_3_41,La Bonga,correg_pa_3_1_3,3-1-3-41
poblado_pa_3_1_3_42,Barrio Fino,correg_pa_3_1_3,3-1-3-42
poblado_pa_3_1_4_2,Cativá (P),correg_pa_3_1_4,3-1-4-2
poblado_pa_3_1_4_4,La Represa (P),correg_pa_3_1_4,3-1-4-4
poblado_pa_3_1_4_19,El Laguito,correg_pa_3_1_4,3-1-4-19
poblado_pa_3_1_4_29,Costa de Oro,correg_pa_3_1_4,3-1-4-29
poblado_pa_3_1_4_42,Las Colinas,correg_pa_3_1_4,3-1-4-42
poblado_pa_3_1_5_1,Arañagatal (P),correg_pa_3_1_5,3-1-5-1
poblado_pa_3_1_5_2,Arrecifal,correg_pa_3_1_5,3-1-5-2
poblado_pa_3_1_5_3,Caña Brava (P),correg_pa_3_1_5,3-1-5-3
poblado_pa_3_1_5_4,Caño de Ciricito,correg_pa_3_1_5,3-1-5-4
poblado_pa_3_1_5_5,Caño de Viviano (P),correg_pa_3_1_5,3-1-5-5
poblado_pa_3_1_5_6,Caña Brava No. 1,correg_pa_3_1_5,3-1-5-6
poblado_pa_3_1_5_7,Ciricito,correg_pa_3_1_5,3-1-5-7
poblado_pa_3_1_5_8,Los Chorros de Cirí Grande (P),correg_pa_3_1_5,3-1-5-8
poblado_pa_3_1_5_9,Cuipo (P),correg_pa_3_1_5,3-1-5-9
poblado_pa_3_1_5_10,Chorrillo (P),correg_pa_3_1_5,3-1-5-10
poblado_pa_3_1_5_11,El Congal (P),correg_pa_3_1_5,3-1-5-11
poblado_pa_3_1_5_13,Frente de Ciricito (P),correg_pa_3_1_5,3-1-5-13
poblado_pa_3_1_5_14,La Cauchera,correg_pa_3_1_5,3-1-5-14
poblado_pa_3_1_5_15,La Humildad (P),correg_pa_3_1_5,3-1-5-15
poblado_pa_3_1_5_17,Los Cedros del Lago (P),correg_pa_3_1_5,3-1-5-17
poblado_pa_3_1_5_19,Marañoncito,correg_pa_3_1_5,3-1-5-19
poblado_pa_3_1_5_20,Nueva América,correg_pa_3_1_5,3-1-5-20
poblado_pa_3_1_5_21,Pablón (P),correg_pa_3_1_5,3-1-5-21
poblado_pa_3_1_5_22,Palmira (P),correg_pa_3_1_5,3-1-5-22
poblado_pa_3_1_5_24,El Pepino (P),correg_pa_3_1_5,3-1-5-24
poblado_pa_3_1_5_25,Nuevo Porvenir,correg_pa_3_1_5,3-1-5-25
poblado_pa_3_1_5_26,Trinidad de los Lagos (P),correg_pa_3_1_5,3-1-5-26
poblado_pa_3_1_5_27,Caño Quebrado Arriba (P),correg_pa_3_1_5,3-1-5-27
poblado_pa_3_1_5_30,Los Laguitos (P),correg_pa_3_1_5,3-1-5-30
poblado_pa_3_1_5_31,Nuevo Ciricito,correg_pa_3_1_5,3-1-5-31
poblado_pa_3_1_6_3,Gatún o Río Gatún (P),correg_pa_3_1_6,3-1-6-3
poblado_pa_3_1_6_4,Margarita (P),correg_pa_3_1_6,3-1-6-4
poblado_pa_3_1_6_5,Gamboa (P),correg_pa_3_1_6,3-1-6-5
poblado_pa_3_1_6_6,Ciudad Arco Iris,correg_pa_3_1_6,3-1-6-6
poblado_pa_3_1_6_15,Loma Flores,correg_pa_3_1_6,3-1-6-15
poblado_pa_3_1_6_16,La Treinta y Cinco o Batería 35,correg_pa_3_1_6,3-1-6-16
poblado_pa_3_1_6_24,Cristóbal,correg_pa_3_1_6,3-1-6-24
poblado_pa_3_1_6_25,Barriada San Andrés (P),correg_pa_3_1_6,3-1-6-25
poblado_pa_3_1_6_26,Barriada San José (P),correg_pa_3_1_6,3-1-6-26
poblado_pa_3_1_6_28,Nueva Italia (P),correg_pa_3_1_6,3-1-6-28
poblado_pa_3_1_6_29,Quebrada Pato,correg_pa_3_1_6,3-1-6-29
poblado_pa_3_1_6_30,Agua Sucia,correg_pa_3_1_6,3-1-6-30
poblado_pa_3_1_6_32,Escobal (P),correg_pa_3_1_6,3-1-6-32
poblado_pa_3_1_6_38,La Ullama,correg_pa_3_1_6,3-1-6-38
poblado_pa_3_1_6_39,La Humildad (P),correg_pa_3_1_6,3-1-6-39
poblado_pa_3_1_6_40,Caño Victorio (P),correg_pa_3_1_6,3-1-6-40
poblado_pa_3_1_6_41,Campo Alegre (P),correg_pa_3_1_6,3-1-6-41
poblado_pa_3_1_6_42,Chorrillo (P),correg_pa_3_1_6,3-1-6-42
poblado_pa_3_1_6_43,Cuipo (P),correg_pa_3_1_6,3-1-6-43
poblado_pa_3_1_6_44,Caña Brava (P),correg_pa_3_1_6,3-1-6-44
poblado_pa_3_1_6_45,Punta la Mora (P),correg_pa_3_1_6,3-1-6-45
poblado_pa_3_1_6_48,Pablón (P),correg_pa_3_1_6,3-1-6-48
poblado_pa_3_1_6_50,Arañagatal (P),correg_pa_3_1_6,3-1-6-50
poblado_pa_3_1_6_51,El Congal (P),correg_pa_3_1_6,3-1-6-51
poblado_pa_3_1_6_52,Frente de Ciricito (P),correg_pa_3_1_6,3-1-6-52
poblado_pa_3_1_6_54,Los Chorros de Cirí Grande (P),correg_pa_3_1_6,3-1-6-54
poblado_pa_3_1_6_56,Nueva Providencia (P),correg_pa_3_1_6,3-1-6-56
poblado_pa_3_1_6_58,El Limón (P),correg_pa_3_1_6,3-1-6-58
poblado_pa_3_1_6_59,Guayabalito (P),correg_pa_3_1_6,3-1-6-59
poblado_pa_3_1_6_60,Santa Rosa (P),correg_pa_3_1_6,3-1-6-60
poblado_pa_3_1_6_61,Cartagenita (P),correg_pa_3_1_6,3-1-6-61
poblado_pa_3_1_6_62,Isla Verde (P),correg_pa_3_1_6,3-1-6-62
poblado_pa_3_1_6_63,El Valle de Santa Cruz (P),correg_pa_3_1_6,3-1-6-63
poblado_pa_3_1_6_64,Trapichito (P),correg_pa_3_1_6,3-1-6-64
poblado_pa_3_1_6_66,Salamanca (P),correg_pa_3_1_6,3-1-6-66
poblado_pa_3_1_6_68,Nuevo Vigía (P),correg_pa_3_1_6,3-1-6-68
poblado_pa_3_1_6_69,Pueblo Viejo (P),correg_pa_3_1_6,3-1-6-69
poblado_pa_3_1_6_74,Fuerte Sherman,correg_pa_3_1_6,3-1-6-74
poblado_pa_3_1_6_83,Piña (P),correg_pa_3_1_6,3-1-6-83
poblado_pa_3_1_6_84,Residencial José Dominador Bazán (P),correg_pa_3_1_6,3-1-6-84
poblado_pa_3_1_6_85,Salamanquita (P),correg_pa_3_1_6,3-1-6-85
poblado_pa_3_1_6_88,Vino Tinto (P),correg_pa_3_1_6,3-1-6-88
poblado_pa_3_1_6_89,San Antonio,correg_pa_3_1_6,3-1-6-89
poblado_pa_3_1_6_90,Gatún High,correg_pa_3_1_6,3-1-6-90
poblado_pa_3_1_6_91,Aguas Claras (P),correg_pa_3_1_6,3-1-6-91
poblado_pa_3_1_6_92,Alfagia (P),correg_pa_3_1_6,3-1-6-92
poblado_pa_3_1_6_94,Quebrada Domingo (P),correg_pa_3_1_6,3-1-6-94
poblado_pa_3_1_6_96,Barriada Juan Demóstenes Arosemena o el Veinte (P),correg_pa_3_1_6,3-1-6-96
poblado_pa_3_1_6_97,Campana (P),correg_pa_3_1_6,3-1-6-97
poblado_pa_3_1_6_99,Fuerte San Lorenzo,correg_pa_3_1_6,3-1-6-99
poblado_pa_3_1_6_100,Loma Bracho,correg_pa_3_1_6,3-1-6-100
poblado_pa_3_1_6_101,Madroñal (P),correg_pa_3_1_6,3-1-6-101
poblado_pa_3_1_6_102,Quebrada Plata No. 2 (P),correg_pa_3_1_6,3-1-6-102
poblado_pa_3_1_6_109,Los Laguitos (P),correg_pa_3_1_6,3-1-6-109
poblado_pa_3_1_6_110,Caño de Viviano (P),correg_pa_3_1_6,3-1-6-110
poblado_pa_3_1_6_111,Isla Calvo,correg_pa_3_1_6,3-1-6-111
poblado_pa_3_1_6_112,La Estrella (P),correg_pa_3_1_6,3-1-6-112
poblado_pa_3_1_6_113,La Gallinita,correg_pa_3_1_6,3-1-6-113
poblado_pa_3_1_6_114,Los Cedros del Lago (P),correg_pa_3_1_6,3-1-6-114
poblado_pa_3_1_6_115,Boquerón Abajo (P),correg_pa_3_1_6,3-1-6-115
poblado_pa_3_1_6_116,Ella Purú Emberá,correg_pa_3_1_6,3-1-6-116
poblado_pa_3_1_6_117,Isla Marañón,correg_pa_3_1_6,3-1-6-117
poblado_pa_3_1_6_118,Nepono Purú Emberá,correg_pa_3_1_6,3-1-6-118
poblado_pa_3_1_6_119,Río Piña (P),correg_pa_3_1_6,3-1-6-119
poblado_pa_3_1_6_120,Tanque Negro,correg_pa_3_1_6,3-1-6-120
poblado_pa_3_1_6_121,Flor del Café,correg_pa_3_1_6,3-1-6-121
poblado_pa_3_1_6_122,Granja Nueva Jerusalén,correg_pa_3_1_6,3-1-6-122
poblado_pa_3_1_6_123,Embecerá Cimarrón Paraíso (P),correg_pa_3_1_6,3-1-6-123
poblado_pa_3_1_6_124,Isla Dos Huevos,correg_pa_3_1_6,3-1-6-124
poblado_pa_3_1_7_2,Caño Quebrado (P),correg_pa_3_1_7,3-1-7-2
poblado_pa_3_1_7_5,El Portachuelo,correg_pa_3_1_7,3-1-7-5
poblado_pa_3_1_7_6,Escobal (P),correg_pa_3_1_7,3-1-7-6
poblado_pa_3_1_7_8,La Escoba (P),correg_pa_3_1_7,3-1-7-8
poblado_pa_3_1_7_9,La Estrella (P),correg_pa_3_1_7,3-1-7-9
poblado_pa_3_1_7_11,La Humildad (P),correg_pa_3_1_7,3-1-7-11
poblado_pa_3_1_7_13,La Ullama (P),correg_pa_3_1_7,3-1-7-13
poblado_pa_3_1_7_14,Las Cruces,correg_pa_3_1_7,3-1-7-14
poblado_pa_3_1_7_16,Los Negros,correg_pa_3_1_7,3-1-7-16
poblado_pa_3_1_7_17,Quebraón,correg_pa_3_1_7,3-1-7-17
poblado_pa_3_1_7_18,Vino Tinto (P),correg_pa_3_1_7,3-1-7-18
poblado_pa_3_1_7_21,El Bracito,correg_pa_3_1_7,3-1-7-21
poblado_pa_3_1_7_22,Campo Alegre (P),correg_pa_3_1_7,3-1-7-22
poblado_pa_3_1_7_23,El Arriero,correg_pa_3_1_7,3-1-7-23
poblado_pa_3_1_7_24,La Floridas,correg_pa_3_1_7,3-1-7-24
poblado_pa_3_1_7_25,La Valerosa,correg_pa_3_1_7,3-1-7-25
poblado_pa_3_1_7_26,Trinidad de los Lagos (P),correg_pa_3_1_7,3-1-7-26
poblado_pa_3_1_8_1,Aguas Claras,correg_pa_3_1_8,3-1-8-1
poblado_pa_3_1_8_2,Agua Sucia (P),correg_pa_3_1_8,3-1-8-2
poblado_pa_3_1_8_3,Alfagia (P),correg_pa_3_1_8,3-1-8-3
poblado_pa_3_1_8_8,Villa Limón (P),correg_pa_3_1_8,3-1-8-8
poblado_pa_3_1_8_9,Cartagenita (P),correg_pa_3_1_8,3-1-8-9
poblado_pa_3_1_8_10,El Limón (P),correg_pa_3_1_8,3-1-8-10
poblado_pa_3_1_8_12,Quebrada Ancha,correg_pa_3_1_8,3-1-8-12
poblado_pa_3_1_8_13,Quebrada del Medio,correg_pa_3_1_8,3-1-8-13
poblado_pa_3_1_8_16,Quebrada Grande,correg_pa_3_1_8,3-1-8-16
poblado_pa_3_1_8_19,Quebrada Norberto,correg_pa_3_1_8,3-1-8-19
poblado_pa_3_1_8_20,Quebrada Plata No. 1,correg_pa_3_1_8,3-1-8-20
poblado_pa_3_1_8_21,Gatún o Río Gatún (P),correg_pa_3_1_8,3-1-8-21
poblado_pa_3_1_8_22,Salud,correg_pa_3_1_8,3-1-8-22
poblado_pa_3_1_8_31,Quebrada Ancha Arriba,correg_pa_3_1_8,3-1-8-31
poblado_pa_3_1_8_32,Cerro Azul,correg_pa_3_1_8,3-1-8-32
poblado_pa_3_1_8_34,El Valle de Quebrada Ancha,correg_pa_3_1_8,3-1-8-34
poblado_pa_3_1_8_35,Quebrada Domingo (P),correg_pa_3_1_8,3-1-8-35
poblado_pa_3_1_8_36,Quebrada Plata No. 2 (P),correg_pa_3_1_8,3-1-8-36
poblado_pa_3_1_8_38,Bella Vista,correg_pa_3_1_8,3-1-8-38
poblado_pa_3_1_8_39,Cabecera de Quebrada Pato,correg_pa_3_1_8,3-1-8-39
poblado_pa_3_1_8_41,Tres Quebradas o el Silencio,correg_pa_3_1_8,3-1-8-41
poblado_pa_3_1_8_42,Quebrada Mamey,correg_pa_3_1_8,3-1-8-42
poblado_pa_3_1_8_43,Emberá Querá (P),correg_pa_3_1_8,3-1-8-43
poblado_pa_3_1_8_44,Río del Jobo (P),correg_pa_3_1_8,3-1-8-44
poblado_pa_3_1_8_45,Gusanillo,correg_pa_3_1_8,3-1-8-45
poblado_pa_3_1_8_46,Altos de la Bandera,correg_pa_3_1_8,3-1-8-46
poblado_pa_3_1_8_47,Estación Ciento,correg_pa_3_1_8,3-1-8-47
poblado_pa_3_1_8_48,Emberá Cimarrón Paraíso (P),correg_pa_3_1_8,3-1-8-48
poblado_pa_3_1_9_4,Nueva Providencia (P),correg_pa_3_1_9,3-1-9-4
poblado_pa_3_1_9_6,Río Rita o Río Rita Sur,correg_pa_3_1_9,3-1-9-6
poblado_pa_3_1_9_7,Nueva Italia (P),correg_pa_3_1_9,3-1-9-7
poblado_pa_3_1_9_8,La Barriada de Níspero,correg_pa_3_1_9,3-1-9-8
poblado_pa_3_1_9_9,Los Pinos,correg_pa_3_1_9,3-1-9-9
poblado_pa_3_1_9_12,Río Rita Arriba o Río Rita Norte (P),correg_pa_3_1_9,3-1-9-12
poblado_pa_3_1_9_13,Villa Linda,correg_pa_3_1_9,3-1-9-13
poblado_pa_3_1_9_14,Altos de Guayacanes,correg_pa_3_1_9,3-1-9-14
poblado_pa_3_1_9_16,Las Acacias,correg_pa_3_1_9,3-1-9-16
poblado_pa_3_1_9_17,Caracolín,correg_pa_3_1_9,3-1-9-17
poblado_pa_3_1_10_2,Aguas Claras No. 2 o Aguas Claras Arriba,correg_pa_3_1_10,3-1-10-2
poblado_pa_3_1_10_5,Alto el Chorro o Ella Drue Emberá,correg_pa_3_1_10,3-1-10-5
poblado_pa_3_1_10_8,Puerto Pilón,correg_pa_3_1_10,3-1-10-8
poblado_pa_3_1_10_13,Río Gatún Grande,correg_pa_3_1_10,3-1-10-13
poblado_pa_3_1_10_14,Río Viejo,correg_pa_3_1_10,3-1-10-14
poblado_pa_3_1_10_15,Santa Rita Arriba,correg_pa_3_1_10,3-1-10-15
poblado_pa_3_1_10_16,Villa Alondra,correg_pa_3_1_10,3-1-10-16
poblado_pa_3_1_10_22,Villa Catalina (P),correg_pa_3_1_10,3-1-10-22
poblado_pa_3_1_10_26,Sierra Llorona (P),correg_pa_3_1_10,3-1-10-26
poblado_pa_3_1_10_29,Río Alejandro,correg_pa_3_1_10,3-1-10-29
poblado_pa_3_1_10_30,Urbanización las Perlas de Pilón,correg_pa_3_1_10,3-1-10-30
poblado_pa_3_1_10_31,Gatún o Río Gatún (P),correg_pa_3_1_10,3-1-10-31
poblado_pa_3_1_10_32,Quebrada Mocho o Quebrada la Pava,correg_pa_3_1_10,3-1-10-32
poblado_pa_3_1_10_33,Río Gatún Sector No. 1,correg_pa_3_1_10,3-1-10-33
poblado_pa_3_1_11_2,Campeón,correg_pa_3_1_11,3-1-11-2
poblado_pa_3_1_11_5,Puerto el Caño,correg_pa_3_1_11,3-1-11-5
poblado_pa_3_1_11_6,Quebrada López (P),correg_pa_3_1_11,3-1-11-6
poblado_pa_3_1_11_7,Río Rita Arriba o Río Rita Norte (P),correg_pa_3_1_11,3-1-11-7
poblado_pa_3_1_11_8,Sabanitas,correg_pa_3_1_11,3-1-11-8
poblado_pa_3_1_11_17,Barriada San Andrés (P),correg_pa_3_1_11,3-1-11-17
poblado_pa_3_1_11_18,Barriada San José (P),correg_pa_3_1_11,3-1-11-18
poblado_pa_3_1_11_19,La Planta de Agua,correg_pa_3_1_11,3-1-11-19
poblado_pa_3_1_11_23,Villa Catalina (P),correg_pa_3_1_11,3-1-11-23
poblado_pa_3_1_11_24,Complejo Habitacional de Nueva Providencia,correg_pa_3_1_11,3-1-11-24
poblado_pa_3_1_12_4,El Valle de Santa Cruz (P),correg_pa_3_1_12,3-1-12-4
poblado_pa_3_1_12_5,Gatuncillo Arriba,correg_pa_3_1_12,3-1-12-5
poblado_pa_3_1_12_6,Nuevo Paraíso (P),correg_pa_3_1_12,3-1-12-6
poblado_pa_3_1_12_14,Salamanca (P),correg_pa_3_1_12,3-1-12-14
poblado_pa_3_1_12_15,Sardinilla (P),correg_pa_3_1_12,3-1-12-15
poblado_pa_3_1_12_16,Trapichito (P),correg_pa_3_1_12,3-1-12-16
poblado_pa_3_1_12_17,Boquerón Abajo (P),correg_pa_3_1_12,3-1-12-17
poblado_pa_3_1_12_18,Salamanquita (P),correg_pa_3_1_12,3-1-12-18
poblado_pa_3_1_12_19,Nuevo Ocú,correg_pa_3_1_12,3-1-12-19
poblado_pa_3_1_12_20,Nuevo San José,correg_pa_3_1_12,3-1-12-20
poblado_pa_3_1_12_21,Corozal,correg_pa_3_1_12,3-1-12-21
poblado_pa_3_1_12_22,Boquerón Arriba,correg_pa_3_1_12,3-1-12-22
poblado_pa_3_1_12_23,La Llana,correg_pa_3_1_12,3-1-12-23
poblado_pa_3_1_12_24,Pueblo Viejo (P),correg_pa_3_1_12,3-1-12-24
poblado_pa_3_1_12_25,Santa Librada (P),correg_pa_3_1_12,3-1-12-25
poblado_pa_3_1_12_26,Santo Domingo,correg_pa_3_1_12,3-1-12-26
poblado_pa_3_1_12_27,Cabecera de Gatuncillo,correg_pa_3_1_12,3-1-12-27
poblado_pa_3_1_12_28,El Bajo,correg_pa_3_1_12,3-1-12-28
poblado_pa_3_1_12_29,El Peligro,correg_pa_3_1_12,3-1-12-29
poblado_pa_3_1_12_30,Entrada A la Bandera,correg_pa_3_1_12,3-1-12-30
poblado_pa_3_1_12_31,La Bandera,correg_pa_3_1_12,3-1-12-31
poblado_pa_3_1_12_32,Santo Domingo Abajo,correg_pa_3_1_12,3-1-12-32
poblado_pa_3_1_12_33,Corre Gente,correg_pa_3_1_12,3-1-12-33
poblado_pa_3_1_12_34,Los Planes,correg_pa_3_1_12,3-1-12-34
poblado_pa_3_1_12_35,Río Gatún o Bonga,correg_pa_3_1_12,3-1-12-35
poblado_pa_3_1_13_1,Barriada Juan Demóstenes Arosemena o el Veinte (P),correg_pa_3_1_13,3-1-13-1
poblado_pa_3_1_13_3,Campana (P),correg_pa_3_1_13,3-1-13-3
poblado_pa_3_1_13_7,El Valle de la Unión,correg_pa_3_1_13,3-1-13-7
poblado_pa_3_1_13_8,Gatuncillo,correg_pa_3_1_13,3-1-13-8
poblado_pa_3_1_13_10,Madroñal (P),correg_pa_3_1_13,3-1-13-10
poblado_pa_3_1_13_11,Nuevo San Juan,correg_pa_3_1_13,3-1-13-11
poblado_pa_3_1_13_12,Nuevo Vigía (P),correg_pa_3_1_13,3-1-13-12
poblado_pa_3_1_13_15,Isla Verde (P),correg_pa_3_1_13,3-1-13-15
poblado_pa_3_1_13_16,Entrada de Nuevo San Juan,correg_pa_3_1_13,3-1-13-16
poblado_pa_3_1_13_17,Nuevo Paraíso (P),correg_pa_3_1_13,3-1-13-17
poblado_pa_3_1_13_19,Quebrada Ancha (P),correg_pa_3_1_13,3-1-13-19
poblado_pa_3_1_13_22,Sardinilla (P),correg_pa_3_1_13,3-1-13-22
poblado_pa_3_1_13_23,El Tecal,correg_pa_3_1_13,3-1-13-23
poblado_pa_3_1_13_24,Nuevo Vigía No. 2,correg_pa_3_1_13,3-1-13-24
poblado_pa_3_1_14_1,Aguas Claras (P),correg_pa_3_1_14,3-1-14-1
poblado_pa_3_1_14_3,Frijolito o Frijolito Abajo (P),correg_pa_3_1_14,3-1-14-3
poblado_pa_3_1_14_4,Guayabalito (P),correg_pa_3_1_14,3-1-14-4
poblado_pa_3_1_14_6,Palenque,correg_pa_3_1_14,3-1-14-6
poblado_pa_3_1_14_7,Santa Rosa (P),correg_pa_3_1_14,3-1-14-7
poblado_pa_3_1_14_9,Loma del Macho,correg_pa_3_1_14,3-1-14-9
poblado_pa_3_1_14_10,El Giral (P),correg_pa_3_1_14,3-1-14-10
poblado_pa_3_1_15_1,Barriada Villa del Carmen,correg_pa_3_1_15,3-1-15-1
poblado_pa_3_1_15_2,Cativá (P),correg_pa_3_1_15,3-1-15-2
poblado_pa_3_1_15_3,La Represa (P),correg_pa_3_1_15,3-1-15-3
poblado_pa_3_1_15_4,Margarita (P),correg_pa_3_1_15,3-1-15-4
poblado_pa_3_1_15_5,Puerto Escondido o Urbanización el Esfuerzo,correg_pa_3_1_15,3-1-15-5
poblado_pa_3_1_15_6,Punta Galeta,correg_pa_3_1_15,3-1-15-6
poblado_pa_3_1_15_7,Residencial José Dominador Bazán (P),correg_pa_3_1_15,3-1-15-7
poblado_pa_3_1_15_8,Urbanización el Lago o la Feria,correg_pa_3_1_15,3-1-15-8
poblado_pa_3_1_15_9,Urbanización Villa del Caribe,correg_pa_3_1_15,3-1-15-9
poblado_pa_3_1_15_10,Altos de los Lagos,correg_pa_3_1_15,3-1-15-10
poblado_pa_3_1_15_11,Cielo Azul o Brisas del Caribe,correg_pa_3_1_15,3-1-15-11
poblado_pa_3_2_1_1,Nuevo Chagres,correg_pa_3_2_1,3-2-1-1
poblado_pa_3_2_1_3,Punta Grande o Punta del Medio,correg_pa_3_2_1,3-2-1-3
poblado_pa_3_2_2_1,Achiote,correg_pa_3_2_2,3-2-2-1
poblado_pa_3_2_2_2,La Providencia,correg_pa_3_2_2,3-2-2-2
poblado_pa_3_2_2_3,Caño Quebrado (P),correg_pa_3_2_2,3-2-2-3
poblado_pa_3_2_2_4,Dos Hermanas,correg_pa_3_2_2,3-2-2-4
poblado_pa_3_2_2_5,El Gallo,correg_pa_3_2_2,3-2-2-5
poblado_pa_3_2_2_6,Frijolito,correg_pa_3_2_2,3-2-2-6
poblado_pa_3_2_2_11,La Pajosa,correg_pa_3_2_2,3-2-2-11
poblado_pa_3_2_2_12,Las Tablitas,correg_pa_3_2_2,3-2-2-12
poblado_pa_3_2_2_13,Paulino,correg_pa_3_2_2,3-2-2-13
poblado_pa_3_2_2_14,Las Cuarenta y Cinco,correg_pa_3_2_2,3-2-2-14
poblado_pa_3_2_2_15,Mono Macho,correg_pa_3_2_2,3-2-2-15
poblado_pa_3_2_2_16,Llano Bonito,correg_pa_3_2_2,3-2-2-16
poblado_pa_3_2_2_19,La Tagua,correg_pa_3_2_2,3-2-2-19
poblado_pa_3_2_2_20,Tagualito (P),correg_pa_3_2_2,3-2-2-20
poblado_pa_3_2_2_21,La Chunga,correg_pa_3_2_2,3-2-2-21
poblado_pa_3_2_2_23,Alto del Congal,correg_pa_3_2_2,3-2-2-23
poblado_pa_3_2_2_26,Tagua Arriba,correg_pa_3_2_2,3-2-2-26
poblado_pa_3_2_2_28,El Campamento,correg_pa_3_2_2,3-2-2-28
poblado_pa_3_2_2_31,La Gloria (P),correg_pa_3_2_2,3-2-2-31
poblado_pa_3_2_2_32,La Escoba (P),correg_pa_3_2_2,3-2-2-32
poblado_pa_3_2_3_2,Caña Blanca,correg_pa_3_2_3,3-2-3-2
poblado_pa_3_2_3_3,Caño Quebrado Abajo,correg_pa_3_2_3,3-2-3-3
poblado_pa_3_2_3_4,Las Escobas,correg_pa_3_2_3,3-2-3-4
poblado_pa_3_2_3_5,Cardenillo,correg_pa_3_2_3,3-2-3-5
poblado_pa_3_2_3_6,El Congal,correg_pa_3_2_3,3-2-3-6
poblado_pa_3_2_3_7,El Guabo,correg_pa_3_2_3,3-2-3-7
poblado_pa_3_2_3_9,El Pepino (P),correg_pa_3_2_3,3-2-3-9
poblado_pa_3_2_3_10,La Primitiva,correg_pa_3_2_3,3-2-3-10
poblado_pa_3_2_3_11,El Plátano,correg_pa_3_2_3,3-2-3-11
poblado_pa_3_2_3_14,Limón (P),correg_pa_3_2_3,3-2-3-14
poblado_pa_3_2_3_15,Los Fardales,correg_pa_3_2_3,3-2-3-15
poblado_pa_3_2_3_18,Río Lagarto,correg_pa_3_2_3,3-2-3-18
poblado_pa_3_2_3_20,Tagualito (P),correg_pa_3_2_3,3-2-3-20
poblado_pa_3_2_3_21,Santa Fe Arriba,correg_pa_3_2_3,3-2-3-21
poblado_pa_3_2_3_22,Santa Fe Abajo o No. 1 (P),correg_pa_3_2_3,3-2-3-22
poblado_pa_3_2_3_24,Caño Quebrado Arriba (P),correg_pa_3_2_3,3-2-3-24
poblado_pa_3_2_3_25,Piedra Candela o las Palmitas,correg_pa_3_2_3,3-2-3-25
poblado_pa_3_2_3_32,Cerro Colina,correg_pa_3_2_3,3-2-3-32
poblado_pa_3_2_3_33,Héctor Gallegos (P),correg_pa_3_2_3,3-2-3-33
poblado_pa_3_2_3_34,Loma del Gasparillal,correg_pa_3_2_3,3-2-3-34
poblado_pa_3_2_3_35,Requenez (P),correg_pa_3_2_3,3-2-3-35
poblado_pa_3_2_3_36,La Gloria (P),correg_pa_3_2_3,3-2-3-36
poblado_pa_3_2_3_37,Chorrillo (P),correg_pa_3_2_3,3-2-3-37
poblado_pa_3_2_4_1,Alcarreto,correg_pa_3_2_4,3-2-4-1
poblado_pa_3_2_4_4,Cerro Pelao (P),correg_pa_3_2_4,3-2-4-4
poblado_pa_3_2_4_5,El Dominical (P),correg_pa_3_2_4,3-2-4-5
poblado_pa_3_2_4_6,El Árbol,correg_pa_3_2_4,3-2-4-6
poblado_pa_3_2_4_7,El Berraco,correg_pa_3_2_4,3-2-4-7
poblado_pa_3_2_4_8,El Cabimo,correg_pa_3_2_4,3-2-4-8
poblado_pa_3_2_4_10,El Cajón,correg_pa_3_2_4,3-2-4-10
poblado_pa_3_2_4_11,El Congo,correg_pa_3_2_4,3-2-4-11
poblado_pa_3_2_4_13,Charcón o el Charcón (P),correg_pa_3_2_4,3-2-4-13
poblado_pa_3_2_4_14,Chilar (P),correg_pa_3_2_4,3-2-4-14
poblado_pa_3_2_4_18,El Jobito (P),correg_pa_3_2_4,3-2-4-18
poblado_pa_3_2_4_19,El Limón No. 1 (P),correg_pa_3_2_4,3-2-4-19
poblado_pa_3_2_4_20,Torno Abajo,correg_pa_3_2_4,3-2-4-20
poblado_pa_3_2_4_23,El Jordán,correg_pa_3_2_4,3-2-4-23
poblado_pa_3_2_4_24,La Jota,correg_pa_3_2_4,3-2-4-24
poblado_pa_3_2_4_26,La Candilera,correg_pa_3_2_4,3-2-4-26
poblado_pa_3_2_4_30,La Conga,correg_pa_3_2_4,3-2-4-30
poblado_pa_3_2_4_32,La Encantada,correg_pa_3_2_4,3-2-4-32
poblado_pa_3_2_4_36,La Encantadita (P),correg_pa_3_2_4,3-2-4-36
poblado_pa_3_2_4_37,El Castillo o Quebrada Guarapo,correg_pa_3_2_4,3-2-4-37
poblado_pa_3_2_4_40,La Pólvora (P),correg_pa_3_2_4,3-2-4-40
poblado_pa_3_2_4_41,La Puerca,correg_pa_3_2_4,3-2-4-41
poblado_pa_3_2_4_44,Las Cruces,correg_pa_3_2_4,3-2-4-44
poblado_pa_3_2_4_45,Las Delicias,correg_pa_3_2_4,3-2-4-45
poblado_pa_3_2_4_46,Las Vigas,correg_pa_3_2_4,3-2-4-46
poblado_pa_3_2_4_47,Los Cedros,correg_pa_3_2_4,3-2-4-47
poblado_pa_3_2_4_48,Los Frailes,correg_pa_3_2_4,3-2-4-48
poblado_pa_3_2_4_49,Los Órganos,correg_pa_3_2_4,3-2-4-49
poblado_pa_3_2_4_50,Los Uveros (P),correg_pa_3_2_4,3-2-4-50
poblado_pa_3_2_4_52,Palmira (P),correg_pa_3_2_4,3-2-4-52
poblado_pa_3_2_4_53,Piedra Amarilla,correg_pa_3_2_4,3-2-4-53
poblado_pa_3_2_4_54,Piedrota,correg_pa_3_2_4,3-2-4-54
poblado_pa_3_2_4_57,Quebrada Bonita,correg_pa_3_2_4,3-2-4-57
poblado_pa_3_2_4_58,Ranguillero,correg_pa_3_2_4,3-2-4-58
poblado_pa_3_2_4_60,Santa Rosa,correg_pa_3_2_4,3-2-4-60
poblado_pa_3_2_4_61,El Tigre,correg_pa_3_2_4,3-2-4-61
poblado_pa_3_2_4_62,El Tornito,correg_pa_3_2_4,3-2-4-62
poblado_pa_3_2_4_63,El Limón No. 2,correg_pa_3_2_4,3-2-4-63
poblado_pa_3_2_4_65,El Micho,correg_pa_3_2_4,3-2-4-65
poblado_pa_3_2_4_66,Tres Hermanas (P),correg_pa_3_2_4,3-2-4-66
poblado_pa_3_2_4_67,Ventura (P),correg_pa_3_2_4,3-2-4-67
poblado_pa_3_2_4_68,Quebrada Cruz,correg_pa_3_2_4,3-2-4-68
poblado_pa_3_2_4_69,Nueva Unión,correg_pa_3_2_4,3-2-4-69
poblado_pa_3_2_4_70,Nueva Arenosa,correg_pa_3_2_4,3-2-4-70
poblado_pa_3_2_4_71,El Nancito,correg_pa_3_2_4,3-2-4-71
poblado_pa_3_2_4_72,Los Santos,correg_pa_3_2_4,3-2-4-72
poblado_pa_3_2_4_74,Membrillar,correg_pa_3_2_4,3-2-4-74
poblado_pa_3_2_4_76,Alto Membrillar (P),correg_pa_3_2_4,3-2-4-76
poblado_pa_3_2_4_80,Lagartero o el Lagartero,correg_pa_3_2_4,3-2-4-80
poblado_pa_3_2_4_81,La Tigra,correg_pa_3_2_4,3-2-4-81
poblado_pa_3_2_4_83,El Estillero,correg_pa_3_2_4,3-2-4-83
poblado_pa_3_2_4_84,Encantadita Arriba,correg_pa_3_2_4,3-2-4-84
poblado_pa_3_2_4_85,Boca Chica o Nueva Esperanza,correg_pa_3_2_4,3-2-4-85
poblado_pa_3_2_4_86,Batatilla,correg_pa_3_2_4,3-2-4-86
poblado_pa_3_2_4_88,El Torno,correg_pa_3_2_4,3-2-4-88
poblado_pa_3_2_4_89,Quebrada los Cedros,correg_pa_3_2_4,3-2-4-89
poblado_pa_3_2_4_91,Cerro Benito,correg_pa_3_2_4,3-2-4-91
poblado_pa_3_2_4_92,Los Olivos,correg_pa_3_2_4,3-2-4-92
poblado_pa_3_2_4_93,La Tortuga,correg_pa_3_2_4,3-2-4-93
poblado_pa_3_2_4_94,Cabecera del Jobito,correg_pa_3_2_4,3-2-4-94
poblado_pa_3_2_4_99,Quebrada Bejuco,correg_pa_3_2_4,3-2-4-99
poblado_pa_3_2_4_100,El Hinojal,correg_pa_3_2_4,3-2-4-100
poblado_pa_3_2_4_101,La Tusa,correg_pa_3_2_4,3-2-4-101
poblado_pa_3_2_4_102,Bateal,correg_pa_3_2_4,3-2-4-102
poblado_pa_3_2_4_103,Loma Cucua,correg_pa_3_2_4,3-2-4-103
poblado_pa_3_2_4_104,Quebrada el Pepito,correg_pa_3_2_4,3-2-4-104
poblado_pa_3_2_4_105,Torna Guinea,correg_pa_3_2_4,3-2-4-105
poblado_pa_3_2_5_1,Los Algarrobos,correg_pa_3_2_5,3-2-5-1
poblado_pa_3_2_5_2,Guafe,correg_pa_3_2_5,3-2-5-2
poblado_pa_3_2_5_4,Brillante,correg_pa_3_2_5,3-2-5-4
poblado_pa_3_2_5_10,La Loma el Panamá,correg_pa_3_2_5,3-2-5-10
poblado_pa_3_2_5_11,Jiménez (P),correg_pa_3_2_5,3-2-5-11
poblado_pa_3_2_5_12,Nuevo Paraíso,correg_pa_3_2_5,3-2-5-12
poblado_pa_3_2_5_13,Jimenito,correg_pa_3_2_5,3-2-5-13
poblado_pa_3_2_5_15,La Cuchara,correg_pa_3_2_5,3-2-5-15
poblado_pa_3_2_5_16,Las Margaritas,correg_pa_3_2_5,3-2-5-16
poblado_pa_3_2_5_21,Mata de Guineo o Vallejo,correg_pa_3_2_5,3-2-5-21
poblado_pa_3_2_5_22,Mateo,correg_pa_3_2_5,3-2-5-22
poblado_pa_3_2_5_23,Mateo Arriba,correg_pa_3_2_5,3-2-5-23
poblado_pa_3_2_5_25,Palmas Bellas,correg_pa_3_2_5,3-2-5-25
poblado_pa_3_2_5_29,Resbalón,correg_pa_3_2_5,3-2-5-29
poblado_pa_3_2_5_36,Puerto Escondido,correg_pa_3_2_5,3-2-5-36
poblado_pa_3_2_5_38,La Gloria (P),correg_pa_3_2_5,3-2-5-38
poblado_pa_3_2_5_39,Limón (P),correg_pa_3_2_5,3-2-5-39
poblado_pa_3_2_5_40,Paulino,correg_pa_3_2_5,3-2-5-40
poblado_pa_3_2_5_42,Cacao,correg_pa_3_2_5,3-2-5-42
poblado_pa_3_2_5_44,Clemencia,correg_pa_3_2_5,3-2-5-44
poblado_pa_3_2_5_45,Dos Hermanas,correg_pa_3_2_5,3-2-5-45
poblado_pa_3_2_5_49,Requenez (P),correg_pa_3_2_5,3-2-5-49
poblado_pa_3_2_5_50,Cardenillo,correg_pa_3_2_5,3-2-5-50
poblado_pa_3_2_5_52,Cerro Tute,correg_pa_3_2_5,3-2-5-52
poblado_pa_3_2_5_53,Dos Hermanas No. 1,correg_pa_3_2_5,3-2-5-53
poblado_pa_3_2_5_54,La Loma,correg_pa_3_2_5,3-2-5-54
poblado_pa_3_2_6_3,La Unión o Unión de Piña,correg_pa_3_2_6,3-2-6-3
poblado_pa_3_2_6_4,Las Nubes,correg_pa_3_2_6,3-2-6-4
poblado_pa_3_2_6_6,Piña (P),correg_pa_3_2_6,3-2-6-6
poblado_pa_3_2_6_8,Pueblo Nuevo,correg_pa_3_2_6,3-2-6-8
poblado_pa_3_2_6_9,Punta del Medio,correg_pa_3_2_6,3-2-6-9
poblado_pa_3_2_6_12,Tarascón,correg_pa_3_2_6,3-2-6-12
poblado_pa_3_2_6_14,Río Piña (P),correg_pa_3_2_6,3-2-6-14
poblado_pa_3_2_6_15,El Encanto,correg_pa_3_2_6,3-2-6-15
poblado_pa_3_2_7_5,Los Camarones,correg_pa_3_2_7,3-2-7-5
poblado_pa_3_2_7_6,Baila Monos,correg_pa_3_2_7,3-2-7-6
poblado_pa_3_2_7_7,Caño Claro,correg_pa_3_2_7,3-2-7-7
poblado_pa_3_2_7_12,El Estillero,correg_pa_3_2_7,3-2-7-12
poblado_pa_3_2_7_13,Barnizal,correg_pa_3_2_7,3-2-7-13
poblado_pa_3_2_7_14,Ven Acá,correg_pa_3_2_7,3-2-7-14
poblado_pa_3_2_7_15,El Coquillo,correg_pa_3_2_7,3-2-7-15
poblado_pa_3_2_7_16,El Espavé,correg_pa_3_2_7,3-2-7-16
poblado_pa_3_2_7_17,Quebrada León,correg_pa_3_2_7,3-2-7-17
poblado_pa_3_2_7_18,Pixvae o el Pixvae,correg_pa_3_2_7,3-2-7-18
poblado_pa_3_2_7_22,Gandona,correg_pa_3_2_7,3-2-7-22
poblado_pa_3_2_7_23,La Lechona,correg_pa_3_2_7,3-2-7-23
poblado_pa_3_2_7_24,Icacal,correg_pa_3_2_7,3-2-7-24
poblado_pa_3_2_7_26,Jimenito,correg_pa_3_2_7,3-2-7-26
poblado_pa_3_2_7_27,Cerro Barbacoa,correg_pa_3_2_7,3-2-7-27
poblado_pa_3_2_7_29,La Hicotea,correg_pa_3_2_7,3-2-7-29
poblado_pa_3_2_7_31,Escobalito,correg_pa_3_2_7,3-2-7-31
poblado_pa_3_2_7_32,Pixvae Arriba,correg_pa_3_2_7,3-2-7-32
poblado_pa_3_2_7_33,El Brillante,correg_pa_3_2_7,3-2-7-33
poblado_pa_3_2_7_34,Los Puercos,correg_pa_3_2_7,3-2-7-34
poblado_pa_3_2_7_36,Punta Margarita,correg_pa_3_2_7,3-2-7-36
poblado_pa_3_2_7_39,Nueva Sevilla,correg_pa_3_2_7,3-2-7-39
poblado_pa_3_2_7_41,Pueblo Viejo,correg_pa_3_2_7,3-2-7-41
poblado_pa_3_2_7_42,El Congal,correg_pa_3_2_7,3-2-7-42
poblado_pa_3_2_7_45,Rancho Malo,correg_pa_3_2_7,3-2-7-45
poblado_pa_3_2_7_46,Salsipuedes,correg_pa_3_2_7,3-2-7-46
poblado_pa_3_2_7_47,Salud,correg_pa_3_2_7,3-2-7-47
poblado_pa_3_2_7_49,Jiménez (P),correg_pa_3_2_7,3-2-7-49
poblado_pa_3_2_7_53,Bajo Bonito,correg_pa_3_2_7,3-2-7-53
poblado_pa_3_2_7_54,Barnizal Arriba,correg_pa_3_2_7,3-2-7-54
poblado_pa_3_2_7_55,Salud Arriba,correg_pa_3_2_7,3-2-7-55
poblado_pa_3_2_7_56,Alto Membrillar (P),correg_pa_3_2_7,3-2-7-56
poblado_pa_3_2_7_57,Caño Claro Arriba,correg_pa_3_2_7,3-2-7-57
poblado_pa_3_2_7_58,Cerro Pelado,correg_pa_3_2_7,3-2-7-58
poblado_pa_3_2_7_59,Dos Hermanas,correg_pa_3_2_7,3-2-7-59
poblado_pa_3_2_7_60,Icacal Arriba,correg_pa_3_2_7,3-2-7-60
poblado_pa_3_2_7_61,La Encantadita (P),correg_pa_3_2_7,3-2-7-61
poblado_pa_3_2_7_63,Las Palmitas,correg_pa_3_2_7,3-2-7-63
poblado_pa_3_2_7_64,Escobal Abajo,correg_pa_3_2_7,3-2-7-64
poblado_pa_3_2_7_65,Las Palmitas de Icacal o las Palmeras,correg_pa_3_2_7,3-2-7-65
poblado_pa_3_2_7_66,Entrada de Gandona,correg_pa_3_2_7,3-2-7-66
poblado_pa_3_2_7_67,El Guayacán,correg_pa_3_2_7,3-2-7-67
poblado_pa_3_3_1_1,Aguacate,correg_pa_3_3_1,3-3-1-1
poblado_pa_3_3_1_4,Boca de Pixvae,correg_pa_3_3_1,3-3-1-4
poblado_pa_3_3_1_7,Campo Alegre,correg_pa_3_3_1,3-3-1-7
poblado_pa_3_3_1_8,Caño Rey Arriba,correg_pa_3_3_1,3-3-1-8
poblado_pa_3_3_1_9,Cerro Pelado,correg_pa_3_3_1,3-3-1-9
poblado_pa_3_3_1_10,Cirí,correg_pa_3_3_1,3-3-1-10
poblado_pa_3_3_1_11,El Chumico,correg_pa_3_3_1,3-3-1-11
poblado_pa_3_3_1_12,Diego,correg_pa_3_3_1,3-3-1-12
poblado_pa_3_3_1_15,El Nazaret o el Calabazo,correg_pa_3_3_1,3-3-1-15
poblado_pa_3_3_1_17,El Cedro No. 1,correg_pa_3_3_1,3-3-1-17
poblado_pa_3_3_1_18,El Conejo o Boca de Conejo,correg_pa_3_3_1,3-3-1-18
poblado_pa_3_3_1_19,El Cope,correg_pa_3_3_1,3-3-1-19
poblado_pa_3_3_1_20,El Granadino,correg_pa_3_3_1,3-3-1-20
poblado_pa_3_3_1_21,Iguanerito,correg_pa_3_3_1,3-3-1-21
poblado_pa_3_3_1_22,El Mango,correg_pa_3_3_1,3-3-1-22
poblado_pa_3_3_1_24,Mansueto,correg_pa_3_3_1,3-3-1-24
poblado_pa_3_3_1_28,El Tallo,correg_pa_3_3_1,3-3-1-28
poblado_pa_3_3_1_29,Icaco,correg_pa_3_3_1,3-3-1-29
poblado_pa_3_3_1_32,La Hicotea,correg_pa_3_3_1,3-3-1-32
poblado_pa_3_3_1_33,La Palma,correg_pa_3_3_1,3-3-1-33
poblado_pa_3_3_1_35,Las Lajas,correg_pa_3_3_1,3-3-1-35
poblado_pa_3_3_1_39,La Zaragoza,correg_pa_3_3_1,3-3-1-39
poblado_pa_3_3_1_40,Limón,correg_pa_3_3_1,3-3-1-40
poblado_pa_3_3_1_44,Miguel de la Borda,correg_pa_3_3_1,3-3-1-44
poblado_pa_3_3_1_45,Mónica o Quebrada Mónica,correg_pa_3_3_1,3-3-1-45
poblado_pa_3_3_1_46,Nuevo Cristóbal,correg_pa_3_3_1,3-3-1-46
poblado_pa_3_3_1_47,Ñaño,correg_pa_3_3_1,3-3-1-47
poblado_pa_3_3_1_49,Platanal,correg_pa_3_3_1,3-3-1-49
poblado_pa_3_3_1_53,Quebrada Grande,correg_pa_3_3_1,3-3-1-53
poblado_pa_3_3_1_56,El Quebraón o Caño del Rey,correg_pa_3_3_1,3-3-1-56
poblado_pa_3_3_1_62,La Negrita,correg_pa_3_3_1,3-3-1-62
poblado_pa_3_3_1_63,Caleta Tanque,correg_pa_3_3_1,3-3-1-63
poblado_pa_3_3_1_65,Pontón,correg_pa_3_3_1,3-3-1-65
poblado_pa_3_3_1_66,Pontoncito,correg_pa_3_3_1,3-3-1-66
poblado_pa_3_3_1_69,El Chorro No. 1,correg_pa_3_3_1,3-3-1-69
poblado_pa_3_3_1_72,Caño del Medio o la Patriota,correg_pa_3_3_1,3-3-1-72
poblado_pa_3_3_1_76,El Vallecito,correg_pa_3_3_1,3-3-1-76
poblado_pa_3_3_1_77,El Mono,correg_pa_3_3_1,3-3-1-77
poblado_pa_3_3_1_78,Los Laureles No. 1,correg_pa_3_3_1,3-3-1-78
poblado_pa_3_3_1_81,El Cruce o Loma del Saíno,correg_pa_3_3_1,3-3-1-81
poblado_pa_3_3_1_84,Quebrada Venao,correg_pa_3_3_1,3-3-1-84
poblado_pa_3_3_1_85,El Manguito,correg_pa_3_3_1,3-3-1-85
poblado_pa_3_3_1_86,El Bongo del Cruce,correg_pa_3_3_1,3-3-1-86
poblado_pa_3_3_1_87,Nuevo San Juan,correg_pa_3_3_1,3-3-1-87
poblado_pa_3_3_1_88,Nuevo Veraguas,correg_pa_3_3_1,3-3-1-88
poblado_pa_3_3_1_90,Iguanerito Arriba,correg_pa_3_3_1,3-3-1-90
poblado_pa_3_3_1_93,Quebrada la Coca,correg_pa_3_3_1,3-3-1-93
poblado_pa_3_3_1_95,El Cerillo o Quebrada el Cerillo,correg_pa_3_3_1,3-3-1-95
poblado_pa_3_3_1_96,Cabecera del Cacao,correg_pa_3_3_1,3-3-1-96
poblado_pa_3_3_1_98,Nueva Victoria,correg_pa_3_3_1,3-3-1-98
poblado_pa_3_3_1_99,Las Tres Palmitas,correg_pa_3_3_1,3-3-1-99
poblado_pa_3_3_1_104,Nuevo Cope,correg_pa_3_3_1,3-3-1-104
poblado_pa_3_3_1_105,Quebradita,correg_pa_3_3_1,3-3-1-105
poblado_pa_3_3_1_106,Shalon o Llano Verde,correg_pa_3_3_1,3-3-1-106
poblado_pa_3_3_1_108,Cerro Mono No. 2,correg_pa_3_3_1,3-3-1-108
poblado_pa_3_3_1_110,Ciri Arriba,correg_pa_3_3_1,3-3-1-110
poblado_pa_3_3_1_111,Madre Vieja,correg_pa_3_3_1,3-3-1-111
poblado_pa_3_3_1_112,Moja Pollo,correg_pa_3_3_1,3-3-1-112
poblado_pa_3_3_1_113,Sardinosa,correg_pa_3_3_1,3-3-1-113
poblado_pa_3_3_1_114,Cabecera de Majagual,correg_pa_3_3_1,3-3-1-114
poblado_pa_3_3_1_116,Quebrada los Tallos,correg_pa_3_3_1,3-3-1-116
poblado_pa_3_3_1_119,Los Dos Brazos de Platanal,correg_pa_3_3_1,3-3-1-119
poblado_pa_3_3_1_121,Punta Platanal,correg_pa_3_3_1,3-3-1-121
poblado_pa_3_3_1_126,Cerro Mono,correg_pa_3_3_1,3-3-1-126
poblado_pa_3_3_1_128,Cabecera de Aguacate,correg_pa_3_3_1,3-3-1-128
poblado_pa_3_3_1_129,Cabecera del Caño del Medio,correg_pa_3_3_1,3-3-1-129
poblado_pa_3_3_1_130,Cabecera de Iguanero,correg_pa_3_3_1,3-3-1-130
poblado_pa_3_3_1_131,El Chorro No. 2,correg_pa_3_3_1,3-3-1-131
poblado_pa_3_3_1_132,El Escobalito,correg_pa_3_3_1,3-3-1-132
poblado_pa_3_3_1_133,El Iguanerito,correg_pa_3_3_1,3-3-1-133
poblado_pa_3_3_1_137,La Pedregosa,correg_pa_3_3_1,3-3-1-137
poblado_pa_3_3_1_138,La Taguita (P),correg_pa_3_3_1,3-3-1-138
poblado_pa_3_3_1_140,Las Minas,correg_pa_3_3_1,3-3-1-140
poblado_pa_3_3_1_141,Las Negritas,correg_pa_3_3_1,3-3-1-141
poblado_pa_3_3_1_142,Los Farallones,correg_pa_3_3_1,3-3-1-142
poblado_pa_3_3_1_143,Los Laureles No. 2,correg_pa_3_3_1,3-3-1-143
poblado_pa_3_3_1_145,Quebrada la Tagua,correg_pa_3_3_1,3-3-1-145
poblado_pa_3_3_1_146,San José,correg_pa_3_3_1,3-3-1-146
poblado_pa_3_3_1_148,Diego Arriba,correg_pa_3_3_1,3-3-1-148
poblado_pa_3_3_1_149,Ciénega,correg_pa_3_3_1,3-3-1-149
poblado_pa_3_3_1_150,Arriba del Chorro,correg_pa_3_3_1,3-3-1-150
poblado_pa_3_3_1_151,Cabecera del Rio Diego,correg_pa_3_3_1,3-3-1-151
poblado_pa_3_3_1_154,Camacho,correg_pa_3_3_1,3-3-1-154
poblado_pa_3_3_1_155,La Iglesia,correg_pa_3_3_1,3-3-1-155
poblado_pa_3_3_1_156,La Boca de Bongo,correg_pa_3_3_1,3-3-1-156
poblado_pa_3_3_1_157,Rio Caño,correg_pa_3_3_1,3-3-1-157
poblado_pa_3_3_1_158,La Candilera,correg_pa_3_3_1,3-3-1-158
poblado_pa_3_3_1_160,Buenos Aires,correg_pa_3_3_1,3-3-1-160
poblado_pa_3_3_1_161,Camarón o Quebrada Camarón,correg_pa_3_3_1,3-3-1-161
poblado_pa_3_3_1_162,Cabecera de Iguanerito,correg_pa_3_3_1,3-3-1-162
poblado_pa_3_3_1_163,Los Naranjales de Iguanero,correg_pa_3_3_1,3-3-1-163
poblado_pa_3_3_1_164,Caño del Rey o las Mercedes,correg_pa_3_3_1,3-3-1-164
poblado_pa_3_3_1_165,Molejón,correg_pa_3_3_1,3-3-1-165
poblado_pa_3_3_1_166,Boquilla del Mango,correg_pa_3_3_1,3-3-1-166
poblado_pa_3_3_1_167,El Cedro No. 2 o el Iguanero,correg_pa_3_3_1,3-3-1-167
poblado_pa_3_3_1_168,La Jejena (P),correg_pa_3_3_1,3-3-1-168
poblado_pa_3_3_1_169,El Chorro de Caño del Rey,correg_pa_3_3_1,3-3-1-169
poblado_pa_3_3_1_170,La Fortaleza,correg_pa_3_3_1,3-3-1-170
poblado_pa_3_3_1_172,La Compuerta,correg_pa_3_3_1,3-3-1-172
poblado_pa_3_3_1_173,Las Minas (P),correg_pa_3_3_1,3-3-1-173
poblado_pa_3_3_1_175,Quebradita Arriba,correg_pa_3_3_1,3-3-1-175
poblado_pa_3_3_2_1,Alto de Yangüez,correg_pa_3_3_2,3-3-2-1
poblado_pa_3_3_2_3,Belén,correg_pa_3_3_2,3-3-2-3
poblado_pa_3_3_2_7,Sabanita Verde (P),correg_pa_3_3_2,3-3-2-7
poblado_pa_3_3_2_8,Boca de Escribano,correg_pa_3_3_2,3-3-2-8
poblado_pa_3_3_2_10,Boca de Toabré (P),correg_pa_3_3_2,3-3-2-10
poblado_pa_3_3_2_11,"Boca de ""U""",correg_pa_3_3_2,3-3-2-11
poblado_pa_3_3_2_13,Calle Larga,correg_pa_3_3_2,3-3-2-13
poblado_pa_3_3_2_17,Caño del Rey,correg_pa_3_3_2,3-3-2-17
poblado_pa_3_3_2_19,Coclé del Norte,correg_pa_3_3_2,3-3-2-19
poblado_pa_3_3_2_20,Palenque,correg_pa_3_3_2,3-3-2-20
poblado_pa_3_3_2_21,Cuatro Calles,correg_pa_3_3_2,3-3-2-21
poblado_pa_3_3_2_22,Cuatro Callecitas,correg_pa_3_3_2,3-3-2-22
poblado_pa_3_3_2_23,El Pontón,correg_pa_3_3_2,3-3-2-23
poblado_pa_3_3_2_24,Cerro Verde,correg_pa_3_3_2,3-3-2-24
poblado_pa_3_3_2_27,El Papayo,correg_pa_3_3_2,3-3-2-27
poblado_pa_3_3_2_30,El Tigre o Quebrada Tigre,correg_pa_3_3_2,3-3-2-30
poblado_pa_3_3_2_31,Santa Elena,correg_pa_3_3_2,3-3-2-31
poblado_pa_3_3_2_33,Pueblo Viejo,correg_pa_3_3_2,3-3-2-33
poblado_pa_3_3_2_34,La Bruja (P),correg_pa_3_3_2,3-3-2-34
poblado_pa_3_3_2_42,San Roque,correg_pa_3_3_2,3-3-2-42
poblado_pa_3_3_2_45,Los Tarros,correg_pa_3_3_2,3-3-2-45
poblado_pa_3_3_2_46,Los Ticocles (P),correg_pa_3_3_2,3-3-2-46
poblado_pa_3_3_2_47,Manatí (P),correg_pa_3_3_2,3-3-2-47
poblado_pa_3_3_2_52,Petaquilla,correg_pa_3_3_2,3-3-2-52
poblado_pa_3_3_2_54,Quebrada las Nicaragua,correg_pa_3_3_2,3-3-2-54
poblado_pa_3_3_2_55,Quebrada Tortuga,correg_pa_3_3_2,3-3-2-55
poblado_pa_3_3_2_60,San Lucas,correg_pa_3_3_2,3-3-2-60
poblado_pa_3_3_2_71,Cerro Pelado,correg_pa_3_3_2,3-3-2-71
poblado_pa_3_3_2_73,La Sargenta,correg_pa_3_3_2,3-3-2-73
poblado_pa_3_3_2_75,San Luis,correg_pa_3_3_2,3-3-2-75
poblado_pa_3_3_2_77,La Tomasa,correg_pa_3_3_2,3-3-2-77
poblado_pa_3_3_2_79,Camaroncito,correg_pa_3_3_2,3-3-2-79
poblado_pa_3_3_2_80,Camarón,correg_pa_3_3_2,3-3-2-80
poblado_pa_3_3_2_81,Barranco,correg_pa_3_3_2,3-3-2-81
poblado_pa_3_3_2_82,Boca del Caño,correg_pa_3_3_2,3-3-2-82
poblado_pa_3_3_2_83,Río Caimito o Caimito,correg_pa_3_3_2,3-3-2-83
poblado_pa_3_3_2_86,Boca del Río Calzones,correg_pa_3_3_2,3-3-2-86
poblado_pa_3_3_2_88,Berraco,correg_pa_3_3_2,3-3-2-88
poblado_pa_3_3_2_90,La Peña,correg_pa_3_3_2,3-3-2-90
poblado_pa_3_3_2_93,Belorizar No. 1 (P),correg_pa_3_3_2,3-3-2-93
poblado_pa_3_3_2_97,Tres Brazos de Turbe (P),correg_pa_3_3_2,3-3-2-97
poblado_pa_3_3_2_99,La Carrera,correg_pa_3_3_2,3-3-2-99
poblado_pa_3_3_2_100,Río Santiaguito,correg_pa_3_3_2,3-3-2-100
poblado_pa_3_3_2_103,El Madril (P),correg_pa_3_3_2,3-3-2-103
poblado_pa_3_3_2_104,El Chorrillo,correg_pa_3_3_2,3-3-2-104
poblado_pa_3_3_2_105,Quebrada los Indios,correg_pa_3_3_2,3-3-2-105
poblado_pa_3_3_2_108,Alto del Corocillo,correg_pa_3_3_2,3-3-2-108
poblado_pa_3_3_2_110,Boca de la Encantada (P),correg_pa_3_3_2,3-3-2-110
poblado_pa_3_3_2_113,El Collao,correg_pa_3_3_2,3-3-2-113
poblado_pa_3_3_2_114,El Desfiladero,correg_pa_3_3_2,3-3-2-114
poblado_pa_3_3_2_115,El Guabo,correg_pa_3_3_2,3-3-2-115
poblado_pa_3_3_2_117,El Mogollón,correg_pa_3_3_2,3-3-2-117
poblado_pa_3_3_2_120,La Engostura,correg_pa_3_3_2,3-3-2-120
poblado_pa_3_3_2_121,La Gloria,correg_pa_3_3_2,3-3-2-121
poblado_pa_3_3_2_122,La Macha,correg_pa_3_3_2,3-3-2-122
poblado_pa_3_3_2_124,Los Almendros,correg_pa_3_3_2,3-3-2-124
poblado_pa_3_3_2_126,Los Tres Caños,correg_pa_3_3_2,3-3-2-126
poblado_pa_3_3_2_127,Media Playa,correg_pa_3_3_2,3-3-2-127
poblado_pa_3_3_2_128,Palmilla,correg_pa_3_3_2,3-3-2-128
poblado_pa_3_3_2_129,Quebrada Cacique,correg_pa_3_3_2,3-3-2-129
poblado_pa_3_3_2_130,Quebrada de los Nietos,correg_pa_3_3_2,3-3-2-130
poblado_pa_3_3_2_133,San Pablo,correg_pa_3_3_2,3-3-2-133
poblado_pa_3_3_2_134,San Pedro,correg_pa_3_3_2,3-3-2-134
poblado_pa_3_3_2_135,Uverito o el Portete,correg_pa_3_3_2,3-3-2-135
poblado_pa_3_3_2_136,Vista Alegre,correg_pa_3_3_2,3-3-2-136
poblado_pa_3_3_2_137,Arenal,correg_pa_3_3_2,3-3-2-137
poblado_pa_3_3_2_138,Caletón,correg_pa_3_3_2,3-3-2-138
poblado_pa_3_3_2_139,Caletón Arriba,correg_pa_3_3_2,3-3-2-139
poblado_pa_3_3_2_140,Isleta Rinconcito,correg_pa_3_3_2,3-3-2-140
poblado_pa_3_3_2_142,Río Hoja,correg_pa_3_3_2,3-3-2-142
poblado_pa_3_3_2_143,Bateal,correg_pa_3_3_2,3-3-2-143
poblado_pa_3_3_2_144,Belencillo (P),correg_pa_3_3_2,3-3-2-144
poblado_pa_3_3_2_145,Boca Chica,correg_pa_3_3_2,3-3-2-145
poblado_pa_3_3_2_146,La Negrita,correg_pa_3_3_2,3-3-2-146
poblado_pa_3_3_2_147,Miguelito (P),correg_pa_3_3_2,3-3-2-147
poblado_pa_3_3_2_148,Nuevo Sinaí (P),correg_pa_3_3_2,3-3-2-148
poblado_pa_3_3_2_149,Quebrada el Jenjibre,correg_pa_3_3_2,3-3-2-149
poblado_pa_3_3_2_150,Petaquilla Nueva Lucha,correg_pa_3_3_2,3-3-2-150
poblado_pa_3_3_2_157,Belencito,correg_pa_3_3_2,3-3-2-157
poblado_pa_3_3_2_159,Boca de Mogollón,correg_pa_3_3_2,3-3-2-159
poblado_pa_3_3_2_160,Boca de Tulú (P),correg_pa_3_3_2,3-3-2-160
poblado_pa_3_3_2_161,Cañón,correg_pa_3_3_2,3-3-2-161
poblado_pa_3_3_2_162,Cuernito,correg_pa_3_3_2,3-3-2-162
poblado_pa_3_3_2_163,El Cedro,correg_pa_3_3_2,3-3-2-163
poblado_pa_3_3_2_165,El Ortigal,correg_pa_3_3_2,3-3-2-165
poblado_pa_3_3_2_166,Gallina,correg_pa_3_3_2,3-3-2-166
poblado_pa_3_3_2_168,Isleta,correg_pa_3_3_2,3-3-2-168
poblado_pa_3_3_2_169,La Anguilla,correg_pa_3_3_2,3-3-2-169
poblado_pa_3_3_2_170,La Boca de Río Claro,correg_pa_3_3_2,3-3-2-170
poblado_pa_3_3_2_171,La Conga,correg_pa_3_3_2,3-3-2-171
poblado_pa_3_3_2_172,La Conga No. 1,correg_pa_3_3_2,3-3-2-172
poblado_pa_3_3_2_173,La Encantada Arriba (P),correg_pa_3_3_2,3-3-2-173
poblado_pa_3_3_2_174,La Sardinosa,correg_pa_3_3_2,3-3-2-174
poblado_pa_3_3_2_175,La Tabida,correg_pa_3_3_2,3-3-2-175
poblado_pa_3_3_2_177,Los Castillos,correg_pa_3_3_2,3-3-2-177
poblado_pa_3_3_2_178,Los Cedros,correg_pa_3_3_2,3-3-2-178
poblado_pa_3_3_2_179,Los Cocos,correg_pa_3_3_2,3-3-2-179
poblado_pa_3_3_2_180,Los Oros de Cuatro Calles,correg_pa_3_3_2,3-3-2-180
poblado_pa_3_3_2_181,Manguesal,correg_pa_3_3_2,3-3-2-181
poblado_pa_3_3_2_183,Monte Virgen,correg_pa_3_3_2,3-3-2-183
poblado_pa_3_3_2_184,Nuevo Edén,correg_pa_3_3_2,3-3-2-184
poblado_pa_3_3_2_185,Pinta Moso,correg_pa_3_3_2,3-3-2-185
poblado_pa_3_3_2_186,Río Claro,correg_pa_3_3_2,3-3-2-186
poblado_pa_3_3_2_187,San Luis Cuatro Calles,correg_pa_3_3_2,3-3-2-187
poblado_pa_3_3_2_188,Tucuesito,correg_pa_3_3_2,3-3-2-188
poblado_pa_3_3_3_2,Boca del Caño Sucio,correg_pa_3_3_3,3-3-3-2
poblado_pa_3_3_3_4,Boca del Congal,correg_pa_3_3_3,3-3-3-4
poblado_pa_3_3_3_6,Boquilla de Escobal,correg_pa_3_3_3,3-3-3-6
poblado_pa_3_3_3_7,El Bongo,correg_pa_3_3_3,3-3-3-7
poblado_pa_3_3_3_8,Cacique,correg_pa_3_3_3,3-3-3-8
poblado_pa_3_3_3_13,El Ponchoso,correg_pa_3_3_3,3-3-3-13
poblado_pa_3_3_3_15,El Bateal,correg_pa_3_3_3,3-3-3-15
poblado_pa_3_3_3_19,San José o el Cedro,correg_pa_3_3_3,3-3-3-19
poblado_pa_3_3_3_20,El Caimito,correg_pa_3_3_3,3-3-3-20
poblado_pa_3_3_3_21,La Chasla,correg_pa_3_3_3,3-3-3-21
poblado_pa_3_3_3_23,El Torno del Jobo,correg_pa_3_3_3,3-3-3-23
poblado_pa_3_3_3_24,El Rondón,correg_pa_3_3_3,3-3-3-24
poblado_pa_3_3_3_25,Jobo Centro,correg_pa_3_3_3,3-3-3-25
poblado_pa_3_3_3_28,La Boca del Guásimo,correg_pa_3_3_3,3-3-3-28
poblado_pa_3_3_3_31,La Coca,correg_pa_3_3_3,3-3-3-31
poblado_pa_3_3_3_32,La Hondura,correg_pa_3_3_3,3-3-3-32
poblado_pa_3_3_3_37,La Palizada,correg_pa_3_3_3,3-3-3-37
poblado_pa_3_3_3_38,El Patriota,correg_pa_3_3_3,3-3-3-38
poblado_pa_3_3_3_40,La Sardinosa,correg_pa_3_3_3,3-3-3-40
poblado_pa_3_3_3_41,Cerro Miguel de Donoso,correg_pa_3_3_3,3-3-3-41
poblado_pa_3_3_3_46,Las Maravillas (P),correg_pa_3_3_3,3-3-3-46
poblado_pa_3_3_3_56,Miguelito (P),correg_pa_3_3_3,3-3-3-56
poblado_pa_3_3_3_58,Los Chorritos,correg_pa_3_3_3,3-3-3-58
poblado_pa_3_3_3_63,Nombre de Dios,correg_pa_3_3_3,3-3-3-63
poblado_pa_3_3_3_64,Robalero,correg_pa_3_3_3,3-3-3-64
poblado_pa_3_3_3_68,Ortigal,correg_pa_3_3_3,3-3-3-68
poblado_pa_3_3_3_71,Quebrada Germán,correg_pa_3_3_3,3-3-3-71
poblado_pa_3_3_3_72,Hinojal,correg_pa_3_3_3,3-3-3-72
poblado_pa_3_3_3_73,Villa del Carmen,correg_pa_3_3_3,3-3-3-73
poblado_pa_3_3_3_77,Nueva Concepción,correg_pa_3_3_3,3-3-3-77
poblado_pa_3_3_3_78,La Felicidad,correg_pa_3_3_3,3-3-3-78
poblado_pa_3_3_3_84,El Guanábano,correg_pa_3_3_3,3-3-3-84
poblado_pa_3_3_3_89,Guayacán,correg_pa_3_3_3,3-3-3-89
poblado_pa_3_3_3_90,La Tagüita (P),correg_pa_3_3_3,3-3-3-90
poblado_pa_3_3_3_91,Agua Fresca,correg_pa_3_3_3,3-3-3-91
poblado_pa_3_3_3_93,Los Bajitos,correg_pa_3_3_3,3-3-3-93
poblado_pa_3_3_3_94,Río Claro,correg_pa_3_3_3,3-3-3-94
poblado_pa_3_3_3_95,Las Mañanitas,correg_pa_3_3_3,3-3-3-95
poblado_pa_3_3_3_96,El Alto de Santa Cruz,correg_pa_3_3_3,3-3-3-96
poblado_pa_3_3_3_97,Belorizar No. 1 (P),correg_pa_3_3_3,3-3-3-97
poblado_pa_3_3_3_98,Paso Carnal,correg_pa_3_3_3,3-3-3-98
poblado_pa_3_3_3_99,Chorrerita,correg_pa_3_3_3,3-3-3-99
poblado_pa_3_3_3_100,El Ají,correg_pa_3_3_3,3-3-3-100
poblado_pa_3_3_3_101,Loma Villa del Carmen,correg_pa_3_3_3,3-3-3-101
poblado_pa_3_3_3_103,La Teja,correg_pa_3_3_3,3-3-3-103
poblado_pa_3_3_3_104,El Moreno o Cacho Venado,correg_pa_3_3_3,3-3-3-104
poblado_pa_3_3_3_106,Camarón,correg_pa_3_3_3,3-3-3-106
poblado_pa_3_3_3_107,Las Minas,correg_pa_3_3_3,3-3-3-107
poblado_pa_3_3_3_109,Los Blancos,correg_pa_3_3_3,3-3-3-109
poblado_pa_3_3_3_110,Belorizar No. 2,correg_pa_3_3_3,3-3-3-110
poblado_pa_3_3_3_111,Cerro de la Ullama,correg_pa_3_3_3,3-3-3-111
poblado_pa_3_3_3_112,Valle Escobal,correg_pa_3_3_3,3-3-3-112
poblado_pa_3_3_3_113,Miguelito Arriba,correg_pa_3_3_3,3-3-3-113
poblado_pa_3_3_3_114,Escobal Arriba,correg_pa_3_3_3,3-3-3-114
poblado_pa_3_3_3_116,Las Cruces,correg_pa_3_3_3,3-3-3-116
poblado_pa_3_3_3_117,Los Chorritos de Santa María,correg_pa_3_3_3,3-3-3-117
poblado_pa_3_3_3_118,La Palmita de Donoso,correg_pa_3_3_3,3-3-3-118
poblado_pa_3_3_3_119,Nuevo Horizonte,correg_pa_3_3_3,3-3-3-119
poblado_pa_3_3_3_122,El Resumidero,correg_pa_3_3_3,3-3-3-122
poblado_pa_3_3_3_123,Patriota Arriba,correg_pa_3_3_3,3-3-3-123
poblado_pa_3_3_3_124,El Castillo o Santa Lucia,correg_pa_3_3_3,3-3-3-124
poblado_pa_3_3_3_125,Agua Buena,correg_pa_3_3_3,3-3-3-125
poblado_pa_3_3_3_126,Alto de la Chasla,correg_pa_3_3_3,3-3-3-126
poblado_pa_3_3_3_127,Alto el Panamá,correg_pa_3_3_3,3-3-3-127
poblado_pa_3_3_3_129,La Encantada Arriba ( P ),correg_pa_3_3_3,3-3-3-129
poblado_pa_3_3_3_130,Cabecera Congal,correg_pa_3_3_3,3-3-3-130
poblado_pa_3_3_3_132,Cabecera del Caño Sin Pescao,correg_pa_3_3_3,3-3-3-132
poblado_pa_3_3_3_133,Cabecera del Jobo,correg_pa_3_3_3,3-3-3-133
poblado_pa_3_3_3_135,Cerro Viejo,correg_pa_3_3_3,3-3-3-135
poblado_pa_3_3_3_136,Chiribatal o el Chivirital,correg_pa_3_3_3,3-3-3-136
poblado_pa_3_3_3_138,El Cutarro,correg_pa_3_3_3,3-3-3-138
poblado_pa_3_3_3_139,El Estillero,correg_pa_3_3_3,3-3-3-139
poblado_pa_3_3_3_140,Guesital,correg_pa_3_3_3,3-3-3-140
poblado_pa_3_3_3_142,La Baldomera,correg_pa_3_3_3,3-3-3-142
poblado_pa_3_3_3_144,La Mantequilla,correg_pa_3_3_3,3-3-3-144
poblado_pa_3_3_3_145,La Palma Real,correg_pa_3_3_3,3-3-3-145
poblado_pa_3_3_3_146,La Pedregosa,correg_pa_3_3_3,3-3-3-146
poblado_pa_3_3_3_147,La Peñalosa,correg_pa_3_3_3,3-3-3-147
poblado_pa_3_3_3_148,La Raspadura,correg_pa_3_3_3,3-3-3-148
poblado_pa_3_3_3_149,La Tortuga,correg_pa_3_3_3,3-3-3-149
poblado_pa_3_3_3_150,Las Corrientes,correg_pa_3_3_3,3-3-3-150
poblado_pa_3_3_3_151,Loma Bonita,correg_pa_3_3_3,3-3-3-151
poblado_pa_3_3_3_152,Llano Bonito,correg_pa_3_3_3,3-3-3-152
poblado_pa_3_3_3_153,Nuevo San José,correg_pa_3_3_3,3-3-3-153
poblado_pa_3_3_3_154,Quebrada Mono,correg_pa_3_3_3,3-3-3-154
poblado_pa_3_3_3_156,Sabanitas del Jobo,correg_pa_3_3_3,3-3-3-156
poblado_pa_3_3_3_157,Unión Coclesana,correg_pa_3_3_3,3-3-3-157
poblado_pa_3_3_3_159,Alto de Tierra Buena,correg_pa_3_3_3,3-3-3-159
poblado_pa_3_3_3_160,Caña Blanca,correg_pa_3_3_3,3-3-3-160
poblado_pa_3_3_3_162,Boca del Bateal,correg_pa_3_3_3,3-3-3-162
poblado_pa_3_3_3_163,La Miel de Donoso,correg_pa_3_3_3,3-3-3-163
poblado_pa_3_3_3_164,El Barrero,correg_pa_3_3_3,3-3-3-164
poblado_pa_3_3_3_165,Las Margaritas,correg_pa_3_3_3,3-3-3-165
poblado_pa_3_3_3_166,Las Minas No. 2,correg_pa_3_3_3,3-3-3-166
poblado_pa_3_3_3_167,Quebrada Belorizar,correg_pa_3_3_3,3-3-3-167
poblado_pa_3_3_3_168,Quebrada el Tulú,correg_pa_3_3_3,3-3-3-168
poblado_pa_3_3_3_169,Quebrada la Chasla,correg_pa_3_3_3,3-3-3-169
poblado_pa_3_3_3_170,Quebrada los Cuacos,correg_pa_3_3_3,3-3-3-170
poblado_pa_3_3_3_171,Cabecera de Yunet,correg_pa_3_3_3,3-3-3-171
poblado_pa_3_3_3_172,El Caño del Guásimo,correg_pa_3_3_3,3-3-3-172
poblado_pa_3_3_3_173,Quebrada la Tigra,correg_pa_3_3_3,3-3-3-173
poblado_pa_3_3_3_174,Los Elegidos (P),correg_pa_3_3_3,3-3-3-174
poblado_pa_3_3_4_2,El Bongo,correg_pa_3_3_4,3-3-4-2
poblado_pa_3_3_4_3,Caño Mamey,correg_pa_3_3_4,3-3-4-3
poblado_pa_3_3_4_4,El Golfo,correg_pa_3_3_4,3-3-4-4
poblado_pa_3_3_4_5,Punta Gavilán,correg_pa_3_3_4,3-3-4-5
poblado_pa_3_3_4_6,Gobea,correg_pa_3_3_4,3-3-4-6
poblado_pa_3_3_4_7,Gobeita No. 1,correg_pa_3_3_4,3-3-4-7
poblado_pa_3_3_4_9,La Hormigosa,correg_pa_3_3_4,3-3-4-9
poblado_pa_3_3_4_11,La Raizosa,correg_pa_3_3_4,3-3-4-11
poblado_pa_3_3_4_12,La Sardinosa,correg_pa_3_3_4,3-3-4-12
poblado_pa_3_3_4_13,Las Tres Bocas,correg_pa_3_3_4,3-3-4-13
poblado_pa_3_3_4_14,Loma Alta,correg_pa_3_3_4,3-3-4-14
poblado_pa_3_3_4_15,Los Brujos o las Negritas,correg_pa_3_3_4,3-3-4-15
poblado_pa_3_3_4_16,Los Espaveces,correg_pa_3_3_4,3-3-4-16
poblado_pa_3_3_4_17,Pilón (P),correg_pa_3_3_4,3-3-4-17
poblado_pa_3_3_4_18,Piloncito,correg_pa_3_3_4,3-3-4-18
poblado_pa_3_3_4_21,Las Negritas,correg_pa_3_3_4,3-3-4-21
poblado_pa_3_3_4_25,La Andriona,correg_pa_3_3_4,3-3-4-25
poblado_pa_3_3_4_28,La Coca,correg_pa_3_3_4,3-3-4-28
poblado_pa_3_3_4_29,Cañafístulo,correg_pa_3_3_4,3-3-4-29
poblado_pa_3_3_4_30,Limón,correg_pa_3_3_4,3-3-4-30
poblado_pa_3_3_4_31,El Cedro,correg_pa_3_3_4,3-3-4-31
poblado_pa_3_3_4_32,Gobeita No. 2,correg_pa_3_3_4,3-3-4-32
poblado_pa_3_3_4_33,El Cacique,correg_pa_3_3_4,3-3-4-33
poblado_pa_3_3_4_35,El Salto,correg_pa_3_3_4,3-3-4-35
poblado_pa_3_3_4_36,Loma de Gobea,correg_pa_3_3_4,3-3-4-36
poblado_pa_3_3_4_37,Viet Com,correg_pa_3_3_4,3-3-4-37
poblado_pa_3_3_4_40,Bambito,correg_pa_3_3_4,3-3-4-40
poblado_pa_3_3_4_43,Quebrada Jagua,correg_pa_3_3_4,3-3-4-43
poblado_pa_3_3_4_44,Uvero,correg_pa_3_3_4,3-3-4-44
poblado_pa_3_3_4_45,La Vigía,correg_pa_3_3_4,3-3-4-45
poblado_pa_3_3_4_46,Quebrada Macho,correg_pa_3_3_4,3-3-4-46
poblado_pa_3_3_5_3,Guayabalito,correg_pa_3_3_5,3-3-5-3
poblado_pa_3_3_5_4,Boca de Río Indio,correg_pa_3_3_5,3-3-5-4
poblado_pa_3_3_5_5,Brisas del Mar,correg_pa_3_3_5,3-3-5-5
poblado_pa_3_3_5_6,Castillito,correg_pa_3_3_5,3-3-5-6
poblado_pa_3_3_5_9,Charcón o el Charcón (P),correg_pa_3_3_5,3-3-5-9
poblado_pa_3_3_5_10,Chilar (P),correg_pa_3_3_5,3-3-5-10
poblado_pa_3_3_5_13,El Guásimo,correg_pa_3_3_5,3-3-5-13
poblado_pa_3_3_5_14,El Jobito (P),correg_pa_3_3_5,3-3-5-14
poblado_pa_3_3_5_17,Gandona,correg_pa_3_3_5,3-3-5-17
poblado_pa_3_3_5_19,La Cañaza,correg_pa_3_3_5,3-3-5-19
poblado_pa_3_3_5_20,La Cerdeña,correg_pa_3_3_5,3-3-5-20
poblado_pa_3_3_5_21,La Jejena (P),correg_pa_3_3_5,3-3-5-21
poblado_pa_3_3_5_24,La Pólvora (P),correg_pa_3_3_5,3-3-5-24
poblado_pa_3_3_5_26,Las Minas (P),correg_pa_3_3_5,3-3-5-26
poblado_pa_3_3_5_31,Pilón (P),correg_pa_3_3_5,3-3-5-31
poblado_pa_3_3_5_33,El Papayo,correg_pa_3_3_5,3-3-5-33
poblado_pa_3_3_5_35,Ventura (P),correg_pa_3_3_5,3-3-5-35
poblado_pa_3_3_5_36,Mi Campo,correg_pa_3_3_5,3-3-5-36
poblado_pa_3_3_5_37,Loma de Piloncito o Alto Piloncito,correg_pa_3_3_5,3-3-5-37
poblado_pa_3_3_5_38,El Iguano,correg_pa_3_3_5,3-3-5-38
poblado_pa_3_3_5_39,Miraflores,correg_pa_3_3_5,3-3-5-39
poblado_pa_3_3_5_41,Cerro Pelao (P),correg_pa_3_3_5,3-3-5-41
poblado_pa_3_3_5_43,La Candelaria,correg_pa_3_3_5,3-3-5-43
poblado_pa_3_3_5_44,Sancuderito,correg_pa_3_3_5,3-3-5-44
poblado_pa_3_3_5_45,La Montañuela,correg_pa_3_3_5,3-3-5-45
poblado_pa_3_4_1_2,Buenaventura,correg_pa_3_4_1,3-4-1-2
poblado_pa_3_4_1_3,Can Can,correg_pa_3_4_1,3-4-1-3
poblado_pa_3_4_1_5,El Guanche,correg_pa_3_4_1,3-4-1-5
poblado_pa_3_4_1_6,Iguanita,correg_pa_3_4_1,3-4-1-6
poblado_pa_3_4_1_9,Marco Antonio,correg_pa_3_4_1,3-4-1-9
poblado_pa_3_4_1_10,María Soto,correg_pa_3_4_1,3-4-1-10
poblado_pa_3_4_1_11,Mechí,correg_pa_3_4_1,3-4-1-11
poblado_pa_3_4_1_12,Portobelo,correg_pa_3_4_1,3-4-1-12
poblado_pa_3_4_1_16,Nuevo Tonosí,correg_pa_3_4_1,3-4-1-16
poblado_pa_3_4_1_17,Río Piedra No. 1,correg_pa_3_4_1,3-4-1-17
poblado_pa_3_4_1_18,La Angosta o Playa la Angosta,correg_pa_3_4_1,3-4-1-18
poblado_pa_3_4_1_19,Bajo Mesa,correg_pa_3_4_1,3-4-1-19
poblado_pa_3_4_1_20,La Escucha,correg_pa_3_4_1,3-4-1-20
poblado_pa_3_4_1_21,Cascajal o Dos Bocas,correg_pa_3_4_1,3-4-1-21
poblado_pa_3_4_1_23,Valle de la Media Luna,correg_pa_3_4_1,3-4-1-23
poblado_pa_3_4_1_25,Altos de la Cruz,correg_pa_3_4_1,3-4-1-25
poblado_pa_3_4_1_27,Peña Blanca o Peñas Blancas,correg_pa_3_4_1,3-4-1-27
poblado_pa_3_4_1_32,Cabongo o Cambongo,correg_pa_3_4_1,3-4-1-32
poblado_pa_3_4_1_33,Río Claro,correg_pa_3_4_1,3-4-1-33
poblado_pa_3_4_1_34,Santa Isabel,correg_pa_3_4_1,3-4-1-34
poblado_pa_3_4_1_36,Al Otro Lado,correg_pa_3_4_1,3-4-1-36
poblado_pa_3_4_1_37,Bajo Bonito,correg_pa_3_4_1,3-4-1-37
poblado_pa_3_4_1_39,Cascajal Arriba,correg_pa_3_4_1,3-4-1-39
poblado_pa_3_4_1_40,Isla del Padre,correg_pa_3_4_1,3-4-1-40
poblado_pa_3_4_1_43,Punta Gorda,correg_pa_3_4_1,3-4-1-43
poblado_pa_3_4_1_44,Quebrada el Macho,correg_pa_3_4_1,3-4-1-44
poblado_pa_3_4_1_45,Río Bonito,correg_pa_3_4_1,3-4-1-45
poblado_pa_3_4_1_46,San Agustín,correg_pa_3_4_1,3-4-1-46
poblado_pa_3_4_1_47,Río More,correg_pa_3_4_1,3-4-1-47
poblado_pa_3_4_1_48,Santa Elena,correg_pa_3_4_1,3-4-1-48
poblado_pa_3_4_1_49,Emberá Errebache- Brindar,correg_pa_3_4_1,3-4-1-49
poblado_pa_3_4_1_50,Finca las Mañanitas,correg_pa_3_4_1,3-4-1-50
poblado_pa_3_4_1_51,Residencial San Marino,correg_pa_3_4_1,3-4-1-51
poblado_pa_3_4_2_1,Cacique,correg_pa_3_4_2,3-4-2-1
poblado_pa_3_4_2_2,José Pobre,correg_pa_3_4_2,3-4-2-2
poblado_pa_3_4_2_3,More,correg_pa_3_4_2,3-4-2-3
poblado_pa_3_4_2_4,Playa Blanca Arriba o Malena de Playa Blanca,correg_pa_3_4_2,3-4-2-4
poblado_pa_3_4_2_5,Playa Blanca,correg_pa_3_4_2,3-4-2-5
poblado_pa_3_4_2_6,Boca de la Quebrada,correg_pa_3_4_2,3-4-2-6
poblado_pa_3_4_2_7,Pueblo Nuevo,correg_pa_3_4_2,3-4-2-7
poblado_pa_3_4_2_9,Villa del Cortezo,correg_pa_3_4_2,3-4-2-9
poblado_pa_3_4_2_12,Majagual,correg_pa_3_4_2,3-4-2-12
poblado_pa_3_4_2_13,More Arriba,correg_pa_3_4_2,3-4-2-13
poblado_pa_3_4_2_14,Finca Tesoro Verde,correg_pa_3_4_2,3-4-2-14
poblado_pa_3_4_2_15,Finca Yvaga,correg_pa_3_4_2,3-4-2-15
poblado_pa_3_4_3_1,Puerto Lindo o Garrote,correg_pa_3_4_3,3-4-3-1
poblado_pa_3_4_3_3,Los Yunques,correg_pa_3_4_3,3-4-3-3
poblado_pa_3_4_3_4,Cangüe,correg_pa_3_4_3,3-4-3-4
poblado_pa_3_4_3_5,Isla Cabra,correg_pa_3_4_3,3-4-3-5
poblado_pa_3_4_3_7,La Cucaracha,correg_pa_3_4_3,3-4-3-7
poblado_pa_3_4_3_8,La Jagua,correg_pa_3_4_3,3-4-3-8
poblado_pa_3_4_3_9,San Antonio (P),correg_pa_3_4_3,3-4-3-9
poblado_pa_3_4_3_10,Ballestilla,correg_pa_3_4_3,3-4-3-10
poblado_pa_3_4_3_12,La Macana,correg_pa_3_4_3,3-4-3-12
poblado_pa_3_4_3_13,Puerto Nuevo,correg_pa_3_4_3,3-4-3-13
poblado_pa_3_4_3_15,Bartolito o Bahía Linton,correg_pa_3_4_3,3-4-3-15
poblado_pa_3_4_3_17,Cacique (P),correg_pa_3_4_3,3-4-3-17
poblado_pa_3_4_4_1,Isla Grande,correg_pa_3_4_4,3-4-4-1
poblado_pa_3_4_4_2,Juan Gallego,correg_pa_3_4_4,3-4-4-2
poblado_pa_3_4_4_3,La Guaira,correg_pa_3_4_4,3-4-4-3
poblado_pa_3_4_4_7,San Antonio (P),correg_pa_3_4_4,3-4-4-7
poblado_pa_3_4_4_8,Caño Ciego,correg_pa_3_4_4,3-4-4-8
poblado_pa_3_4_4_9,Manzanillo,correg_pa_3_4_4,3-4-4-9
poblado_pa_3_4_4_11,Quebrada Grande,correg_pa_3_4_4,3-4-4-11
poblado_pa_3_4_5_1,Coco Solo o la Tablita,correg_pa_3_4_5,3-4-5-1
poblado_pa_3_4_5_4,Las Mercedes o Villa Laura,correg_pa_3_4_5,3-4-5-4
poblado_pa_3_4_5_5,María Chiquita,correg_pa_3_4_5,3-4-5-5
poblado_pa_3_4_5_6,El Portete,correg_pa_3_4_5,3-4-5-6
poblado_pa_3_4_5_10,Río Manga Indio o Manga Indio,correg_pa_3_4_5,3-4-5-10
poblado_pa_3_4_5_18,Sierra Llorona (P),correg_pa_3_4_5,3-4-5-18
poblado_pa_3_4_5_19,El Aserrío,correg_pa_3_4_5,3-4-5-19
poblado_pa_3_4_5_20,Río Piedra No. 2,correg_pa_3_4_5,3-4-5-20
poblado_pa_3_4_5_22,Río Brazo Chico,correg_pa_3_4_5,3-4-5-22
poblado_pa_3_4_5_23,La Bandera,correg_pa_3_4_5,3-4-5-23
poblado_pa_3_4_5_24,Río Madre Vieja,correg_pa_3_4_5,3-4-5-24
poblado_pa_3_4_5_25,Las Merceditas,correg_pa_3_4_5,3-4-5-25
poblado_pa_3_4_5_26,Playa Escondida,correg_pa_3_4_5,3-4-5-26
poblado_pa_3_5_1_1,Palenque,correg_pa_3_5_1,3-5-1-1
poblado_pa_3_5_1_2,Nuevo Flores o Saíno (P),correg_pa_3_5_1,3-5-1-2
poblado_pa_3_5_1_9,La Calambra,correg_pa_3_5_1,3-5-1-9
poblado_pa_3_5_1_12,Río Saíno Arriba,correg_pa_3_5_1,3-5-1-12
poblado_pa_3_5_1_13,Río Suave,correg_pa_3_5_1,3-5-1-13
poblado_pa_3_5_1_15,Villarreal,correg_pa_3_5_1,3-5-1-15
poblado_pa_3_5_1_16,Villarreal Adentro,correg_pa_3_5_1,3-5-1-16
poblado_pa_3_5_1_19,Río Saíno (P),correg_pa_3_5_1,3-5-1-19
poblado_pa_3_5_2_1,Cuango,correg_pa_3_5_2,3-5-2-1
poblado_pa_3_5_2_4,Quebrada la Pita,correg_pa_3_5_2,3-5-2-4
poblado_pa_3_5_2_5,San Juan,correg_pa_3_5_2,3-5-2-5
poblado_pa_3_5_2_6,San Juan Arriba,correg_pa_3_5_2,3-5-2-6
poblado_pa_3_5_2_8,San Josecito,correg_pa_3_5_2,3-5-2-8
poblado_pa_3_5_2_11,Río San José,correg_pa_3_5_2,3-5-2-11
poblado_pa_3_5_2_12,Mocoso,correg_pa_3_5_2,3-5-2-12
poblado_pa_3_5_2_17,Finca Pineda,correg_pa_3_5_2,3-5-2-17
poblado_pa_3_5_3_2,Miramar,correg_pa_3_5_3,3-5-3-2
poblado_pa_3_5_3_5,Juan Díaz,correg_pa_3_5_3,3-5-3-5
poblado_pa_3_5_3_7,La Loma,correg_pa_3_5_3,3-5-3-7
poblado_pa_3_5_3_8,La Piedrecita,correg_pa_3_5_3,3-5-3-8
poblado_pa_3_5_3_9,Isla Miramar,correg_pa_3_5_3,3-5-3-9
poblado_pa_3_5_3_10,Boquilla del Hoyito,correg_pa_3_5_3,3-5-3-10
poblado_pa_3_5_3_11,San Antonio,correg_pa_3_5_3,3-5-3-11
poblado_pa_3_5_3_13,La Escondida,correg_pa_3_5_3,3-5-3-13
poblado_pa_3_5_3_14,Llerena,correg_pa_3_5_3,3-5-3-14
poblado_pa_3_5_3_16,Tamarindo,correg_pa_3_5_3,3-5-3-16
poblado_pa_3_5_4_1,Nombre de Dios,correg_pa_3_5_4,3-5-4-1
poblado_pa_3_5_4_4,Bajo Corral o Río Fato,correg_pa_3_5_4,3-5-4-4
poblado_pa_3_5_4_6,Brazo de Cedro,correg_pa_3_5_4,3-5-4-6
poblado_pa_3_5_4_7,La Línea,correg_pa_3_5_4,3-5-4-7
poblado_pa_3_5_4_8,Los Olivos,correg_pa_3_5_4,3-5-4-8
poblado_pa_3_5_4_10,Peña Blanca,correg_pa_3_5_4,3-5-4-10
poblado_pa_3_5_4_11,Quebrada Canoa,correg_pa_3_5_4,3-5-4-11
poblado_pa_3_5_4_12,Río Indio,correg_pa_3_5_4,3-5-4-12
poblado_pa_3_5_4_13,Mariano,correg_pa_3_5_4,3-5-4-13
poblado_pa_3_5_4_14,Juan Miguel,correg_pa_3_5_4,3-5-4-14
poblado_pa_3_5_4_15,Las Margaritas,correg_pa_3_5_4,3-5-4-15
poblado_pa_3_5_4_18,Los Pavos,correg_pa_3_5_4,3-5-4-18
poblado_pa_3_5_4_20,Playa de Damas o Playa Damas,correg_pa_3_5_4,3-5-4-20
poblado_pa_3_5_4_22,Mostrencosa,correg_pa_3_5_4,3-5-4-22
poblado_pa_3_5_4_23,Quebrada la Prieta,correg_pa_3_5_4,3-5-4-23
poblado_pa_3_5_4_24,San Antonio (P),correg_pa_3_5_4,3-5-4-24
poblado_pa_3_5_4_25,Dos Bocas,correg_pa_3_5_4,3-5-4-25
poblado_pa_3_5_4_26,La Unión Santeña (P),correg_pa_3_5_4,3-5-4-26
poblado_pa_3_5_4_27,Bella Vista,correg_pa_3_5_4,3-5-4-27
poblado_pa_3_5_4_28,Agua Muerta,correg_pa_3_5_4,3-5-4-28
poblado_pa_3_5_4_30,Brazo de Tigre,correg_pa_3_5_4,3-5-4-30
poblado_pa_3_5_4_31,La Huaca,correg_pa_3_5_4,3-5-4-31
poblado_pa_3_5_4_33,Las Pavas,correg_pa_3_5_4,3-5-4-33
poblado_pa_3_5_4_35,Nombre de Dios Arriba,correg_pa_3_5_4,3-5-4-35
poblado_pa_3_5_4_36,Hoyo Mesa,correg_pa_3_5_4,3-5-4-36
poblado_pa_3_5_4_37,Raicero,correg_pa_3_5_4,3-5-4-37
poblado_pa_3_5_4_38,Playa Alta,correg_pa_3_5_4,3-5-4-38
poblado_pa_3_5_4_39,Albóndiga o Río Sucio,correg_pa_3_5_4,3-5-4-39
poblado_pa_3_5_4_40,Caño Coco,correg_pa_3_5_4,3-5-4-40
poblado_pa_3_5_4_41,El Bongo (P),correg_pa_3_5_4,3-5-4-41
poblado_pa_3_5_4_42,Golondrino,correg_pa_3_5_4,3-5-4-42
poblado_pa_3_5_4_43,Las Guabas,correg_pa_3_5_4,3-5-4-43
poblado_pa_3_5_4_44,Margarita,correg_pa_3_5_4,3-5-4-44
poblado_pa_3_5_4_45,Quebrada Perdí,correg_pa_3_5_4,3-5-4-45
poblado_pa_3_5_4_46,Viento Frío,correg_pa_3_5_4,3-5-4-46
poblado_pa_3_5_5_1,Palmira,correg_pa_3_5_5,3-5-5-1
poblado_pa_3_5_5_6,Río Negro,correg_pa_3_5_5,3-5-5-6
poblado_pa_3_5_5_9,Río Culebra,correg_pa_3_5_5,3-5-5-9
poblado_pa_3_5_5_11,Río Tumba,correg_pa_3_5_5,3-5-5-11
poblado_pa_3_5_5_13,Bajo Obispo,correg_pa_3_5_5,3-5-5-13
poblado_pa_3_5_5_14,Charco Dulce,correg_pa_3_5_5,3-5-5-14
poblado_pa_3_5_5_15,Diandí,correg_pa_3_5_5,3-5-5-15
poblado_pa_3_5_5_16,Guágara,correg_pa_3_5_5,3-5-5-16
poblado_pa_3_5_5_17,Peña Bomba,correg_pa_3_5_5,3-5-5-17
poblado_pa_3_5_5_20,Rangallosa o el Progreso (P),correg_pa_3_5_5,3-5-5-20
poblado_pa_3_5_5_21,Las Malditas (P),correg_pa_3_5_5,3-5-5-21
poblado_pa_3_5_5_22,Brazo Ignacio,correg_pa_3_5_5,3-5-5-22
poblado_pa_3_5_6_1,Playa Chiquita,correg_pa_3_5_6,3-5-6-1
poblado_pa_3_5_6_5,Culebra o Boca de Culebra,correg_pa_3_5_6,3-5-6-5
poblado_pa_3_5_6_6,Fute,correg_pa_3_5_6,3-5-6-6
poblado_pa_3_5_6_7,Quebrada Grande,correg_pa_3_5_6,3-5-6-7
poblado_pa_3_5_6_8,Ronsuavo o Bajo Grande,correg_pa_3_5_6,3-5-6-8
poblado_pa_3_5_6_11,Nuevo Canajagua,correg_pa_3_5_6,3-5-6-11
poblado_pa_3_5_6_12,Paso Hondo,correg_pa_3_5_6,3-5-6-12
poblado_pa_3_5_6_15,Loma Bonita,correg_pa_3_5_6,3-5-6-15
poblado_pa_3_5_6_16,Puerto Pava,correg_pa_3_5_6,3-5-6-16
poblado_pa_3_5_6_17,Quebrada el Totumo,correg_pa_3_5_6,3-5-6-17
poblado_pa_3_5_6_18,Río Matanza,correg_pa_3_5_6,3-5-6-18
poblado_pa_3_5_6_20,Rangallosa o el Progreso (P),correg_pa_3_5_6,3-5-6-20
poblado_pa_3_5_7_5,Santa Isabel,correg_pa_3_5_7,3-5-7-5
poblado_pa_3_5_7_8,Bahía de Escribano,correg_pa_3_5_7,3-5-7-8
poblado_pa_3_5_7_9,Bajo Grande,correg_pa_3_5_7,3-5-7-9
poblado_pa_3_5_7_10,Cocuye,correg_pa_3_5_7,3-5-7-10
poblado_pa_3_5_7_11,Chitra,correg_pa_3_5_7,3-5-7-11
poblado_pa_3_5_7_13,Las Malditas (P),correg_pa_3_5_7,3-5-7-13
poblado_pa_3_5_7_14,Los Caletones,correg_pa_3_5_7,3-5-7-14
poblado_pa_3_5_8_1,Viento Frío,correg_pa_3_5_8,3-5-8-1
poblado_pa_3_5_8_2,Nuevo Flores o Saíno (P),correg_pa_3_5_8,3-5-8-2
poblado_pa_3_5_8_4,El Cruce,correg_pa_3_5_8,3-5-8-4
poblado_pa_3_5_8_5,La Unión Santeña (P),correg_pa_3_5_8,3-5-8-5
poblado_pa_3_5_8_6,El Bongo (P),correg_pa_3_5_8,3-5-8-6
poblado_pa_3_5_8_7,La Horqueta de Barro,correg_pa_3_5_8,3-5-8-7
poblado_pa_3_5_8_8,El Marañón,correg_pa_3_5_8,3-5-8-8
poblado_pa_3_5_8_10,El Inglés,correg_pa_3_5_8,3-5-8-10
poblado_pa_3_5_8_11,Río Saíno (P),correg_pa_3_5_8,3-5-8-11
poblado_pa_3_6_1_2,Canoa (P),correg_pa_3_3_6,3-6-1-2
poblado_pa_3_6_1_3,Nazareno (P),correg_pa_3_3_6,3-6-1-3
poblado_pa_3_6_1_4,Coclesito (P),correg_pa_3_3_6,3-6-1-4
poblado_pa_3_6_1_8,Victoria,correg_pa_3_3_6,3-6-1-8
poblado_pa_3_6_1_31,Juanchón (P),correg_pa_3_3_6,3-6-1-31
poblado_pa_3_6_1_36,La Jururúa (P),correg_pa_3_3_6,3-6-1-36
poblado_pa_3_6_1_38,Alto de la Cruz (P),correg_pa_3_3_6,3-6-1-38
poblado_pa_3_6_1_51,Gallinero (P),correg_pa_3_3_6,3-6-1-51
poblado_pa_3_6_1_56,San Antonio o Nicaragua,correg_pa_3_3_6,3-6-1-56
poblado_pa_3_6_1_62,Mandinga,correg_pa_3_3_6,3-6-1-62
poblado_pa_3_6_1_63,Santa Lucía (P),correg_pa_3_3_6,3-6-1-63
poblado_pa_3_6_2_1,Botija (P),correg_pa_3_6_2,3-6-2-1
poblado_pa_3_6_2_2,Nuevo Sinaí (P),correg_pa_3_6_2,3-6-2-2
poblado_pa_3_6_2_3,San Benito (P),correg_pa_3_6_2,3-6-2-3
poblado_pa_3_6_2_4,Broma,correg_pa_3_6_2,3-6-2-4
poblado_pa_3_6_2_5,Coclesito (P),correg_pa_3_6_2,3-6-2-5
poblado_pa_3_6_2_6,El Pifá,correg_pa_3_6_2,3-6-2-6
poblado_pa_3_6_2_8,Nueva Esperanza,correg_pa_3_6_2,3-6-2-8
poblado_pa_3_6_2_9,Pera,correg_pa_3_6_2,3-6-2-9
poblado_pa_3_6_3_1,Boca de Limón o Nuevo San José,correg_pa_3_6_3,3-6-3-1
poblado_pa_3_6_3_2,Botija (P),correg_pa_3_6_3,3-6-3-2
poblado_pa_3_6_3_3,Higuerones,correg_pa_3_6_3,3-6-3-3
poblado_pa_3_6_3_4,Jamaica (P),correg_pa_3_6_3,3-6-3-4
poblado_pa_3_6_3_5,La Ceiba,correg_pa_3_6_3,3-6-3-5
poblado_pa_3_6_3_6,Las Quebradas de Turbe,correg_pa_3_6_3,3-6-3-6
poblado_pa_3_6_3_7,Molejón o los Molejones (P),correg_pa_3_6_3,3-6-3-7
poblado_pa_3_6_3_8,Nazareno (P),correg_pa_3_6_3,3-6-3-8
poblado_pa_3_6_3_10,San Benito (P),correg_pa_3_6_3,3-6-3-10
poblado_pa_3_6_3_11,San Juan de Turbe,correg_pa_3_6_3,3-6-3-11
poblado_pa_3_6_3_12,Alto de la Cruz (P),correg_pa_3_6_3,3-6-3-12
poblado_pa_3_6_3_13,El Canal (P),correg_pa_3_6_3,3-6-3-13
poblado_pa_4_1_1_1,Alanje,correg_pa_4_1_1,4-1-1-1
poblado_pa_4_1_1_3,La Pita (P),correg_pa_4_1_1,4-1-1-3
poblado_pa_4_1_1_5,Mostrenco (P),correg_pa_4_1_1,4-1-1-5
poblado_pa_4_1_1_6,La Pita Abajo (P),correg_pa_4_1_1,4-1-1-6
poblado_pa_4_1_1_9,Barriada Buena Vista,correg_pa_4_1_1,4-1-1-9
poblado_pa_4_1_1_10,Bajo Chirigagua o Chirigagua (P),correg_pa_4_1_1,4-1-1-10
poblado_pa_4_1_1_11,Jarquín,correg_pa_4_1_1,4-1-1-11
poblado_pa_4_1_1_12,Jarquincito,correg_pa_4_1_1,4-1-1-12
poblado_pa_4_1_1_13,Posada Berroa,correg_pa_4_1_1,4-1-1-13
poblado_pa_4_1_1_14,Barriada Etchelecu,correg_pa_4_1_1,4-1-1-14
poblado_pa_4_1_1_15,Residencial Villa Vincent,correg_pa_4_1_1,4-1-1-15
poblado_pa_4_1_2_3,Chánguina(P),correg_pa_4_1_2,4-1-2-3
poblado_pa_4_1_2_5,Divalá,correg_pa_4_1_2,4-1-2-5
poblado_pa_4_1_2_9,El Jobito (P),correg_pa_4_1_2,4-1-2-9
poblado_pa_4_1_2_30,La Gurgulla o Gurgullada (P),correg_pa_4_1_2,4-1-2-30
poblado_pa_4_1_2_31,La Laguna,correg_pa_4_1_2,4-1-2-31
poblado_pa_4_1_2_32,La Peña,correg_pa_4_1_2,4-1-2-32
poblado_pa_4_1_2_33,La Picadura,correg_pa_4_1_2,4-1-2-33
poblado_pa_4_1_2_37,Los Árbol Panes,correg_pa_4_1_2,4-1-2-37
poblado_pa_4_1_2_38,Los Limones,correg_pa_4_1_2,4-1-2-38
poblado_pa_4_1_2_45,San Martín Abajo,correg_pa_4_1_2,4-1-2-45
poblado_pa_4_1_2_46,Siogui Abajo (P),correg_pa_4_1_2,4-1-2-46
poblado_pa_4_1_3_1,Bajo Chirigagua o Chirigagua (P),correg_pa_4_1_3,4-1-3-1
poblado_pa_4_1_3_3,El Tejar (Cab.),correg_pa_4_1_3,4-1-3-3
poblado_pa_4_1_3_5,La Lora,correg_pa_4_1_3,4-1-3-5
poblado_pa_4_1_3_6,La Pita (P),correg_pa_4_1_3,4-1-3-6
poblado_pa_4_1_3_7,Loma de San Pedro,correg_pa_4_1_3,4-1-3-7
poblado_pa_4_1_3_8,Sitio Lazaro (P),correg_pa_4_1_3,4-1-3-8
poblado_pa_4_1_3_9,Veladero,correg_pa_4_1_3,4-1-3-9
poblado_pa_4_1_3_11,La Achacona,correg_pa_4_1_3,4-1-3-11
poblado_pa_4_1_3_12,La Pita Arriba (P),correg_pa_4_1_3,4-1-3-12
poblado_pa_4_1_4_1,Bachagra,correg_pa_4_1_4,4-1-4-1
poblado_pa_4_1_4_2,Cabreño,correg_pa_4_1_4,4-1-4-2
poblado_pa_4_1_4_3,El Cacao,correg_pa_4_1_4,4-1-4-3
poblado_pa_4_1_4_5,Guarumal,correg_pa_4_1_4,4-1-4-5
poblado_pa_4_1_4_6,Guásimo,correg_pa_4_1_4,4-1-4-6
poblado_pa_4_1_4_7,La Barqueta,correg_pa_4_1_4,4-1-4-7
poblado_pa_4_1_4_8,La Martina,correg_pa_4_1_4,4-1-4-8
poblado_pa_4_1_4_9,Sabaneta,correg_pa_4_1_4,4-1-4-9
poblado_pa_4_1_4_10,Los Chiriquies,correg_pa_4_1_4,4-1-4-10
poblado_pa_4_1_4_11,Los Pocitos,correg_pa_4_1_4,4-1-4-11
poblado_pa_4_1_4_12,Membrillal,correg_pa_4_1_4,4-1-4-12
poblado_pa_4_1_4_13,Mostrenco (P),correg_pa_4_1_4,4-1-4-13
poblado_pa_4_1_4_14,Paja Blanca,correg_pa_4_1_4,4-1-4-14
poblado_pa_4_1_4_18,Boca de Hacha,correg_pa_4_1_4,4-1-4-18
poblado_pa_4_1_4_20,El Jobo,correg_pa_4_1_4,4-1-4-20
poblado_pa_4_1_4_21,Barqueta Nice (P),correg_pa_4_1_4,4-1-4-21
poblado_pa_4_1_4_22,Las Olas Villa,correg_pa_4_1_4,4-1-4-22
poblado_pa_4_1_4_23,Urbanización las Brisas de Alanje,correg_pa_4_1_4,4-1-4-23
poblado_pa_4_1_5_1,Alto la Playa,correg_pa_4_1_5,4-1-5-1
poblado_pa_4_1_5_3,Cornozuelo,correg_pa_4_1_5,4-1-5-3
poblado_pa_4_1_5_5,La Ortega,correg_pa_4_1_5,4-1-5-5
poblado_pa_4_1_5_6,Las Moras,correg_pa_4_1_5,4-1-5-6
poblado_pa_4_1_5_7,Llano Grande (P),correg_pa_4_1_5,4-1-5-7
poblado_pa_4_1_5_9,Palo Grande o Sabana Bonita,correg_pa_4_1_5,4-1-5-9
poblado_pa_4_1_5_11,Barqueta Nice (P),correg_pa_4_1_5,4-1-5-11
poblado_pa_4_1_6_1,Calabazal o Cabezones,correg_pa_4_1_6,4-1-6-1
poblado_pa_4_1_6_2,Orillas del Río,correg_pa_4_1_6,4-1-6-2
poblado_pa_4_1_6_3,Querévalo,correg_pa_4_1_6,4-1-6-3
poblado_pa_4_1_6_5,La Berlina (P),correg_pa_4_1_6,4-1-6-5
poblado_pa_4_1_6_6,La Lora,correg_pa_4_1_6,4-1-6-6
poblado_pa_4_1_6_7,Bajo Hondo (P),correg_pa_4_1_6,4-1-6-7
poblado_pa_4_1_7_2,Estero Rico,correg_pa_4_1_7,4-1-7-2
poblado_pa_4_1_7_3,La Cucua,correg_pa_4_1_7,4-1-7-3
poblado_pa_4_1_7_4,La Cucua de San Martín,correg_pa_4_1_7,4-1-7-4
poblado_pa_4_1_7_5,La Trinchera,correg_pa_4_1_7,4-1-7-5
poblado_pa_4_1_7_6,Monte Grande,correg_pa_4_1_7,4-1-7-6
poblado_pa_4_1_7_8,Santo Tomás,correg_pa_4_1_7,4-1-7-8
poblado_pa_4_1_7_9,San Martín (P),correg_pa_4_1_7,4-1-7-9
poblado_pa_4_1_7_10,El Jobito (P),correg_pa_4_1_7,4-1-7-10
poblado_pa_4_1_8_1,Canta Gallo,correg_pa_4_1_8,4-1-8-1
poblado_pa_4_1_8_2,La Pita (P),correg_pa_4_1_8,4-1-8-2
poblado_pa_4_1_8_3,La Pita Abajo (P),correg_pa_4_1_8,4-1-8-3
poblado_pa_4_1_8_4,Llano Grande (P),correg_pa_4_1_8,4-1-8-4
poblado_pa_4_1_9_1,Ojo de Agua (P),correg_pa_4_1_9,4-1-9-1
poblado_pa_4_1_9_2,Bajo Hondo,correg_pa_4_1_9,4-1-9-2
poblado_pa_4_1_9_3,Barro Blanco,correg_pa_4_1_9,4-1-9-3
poblado_pa_4_1_9_4,Camino Hacia los Guabos,correg_pa_4_1_9,4-1-9-4
poblado_pa_4_1_9_5,El Chanchito,correg_pa_4_1_9,4-1-9-5
poblado_pa_4_1_9_6,Finca Colcha,correg_pa_4_1_9,4-1-9-6
poblado_pa_4_1_9_8,Finca los Ángeles,correg_pa_4_1_9,4-1-9-8
poblado_pa_4_1_9_9,Finca San Antonio,correg_pa_4_1_9,4-1-9-9
poblado_pa_4_1_9_14,Finca Santa Elena,correg_pa_4_1_9,4-1-9-14
poblado_pa_4_1_9_15,Finca Santa Librada,correg_pa_4_1_9,4-1-9-15
poblado_pa_4_1_9_18,Finca Santa Rita,correg_pa_4_1_9,4-1-9-18
poblado_pa_4_1_9_20,Finca Santa Teresa,correg_pa_4_1_9,4-1-9-20
poblado_pa_4_1_9_22,Gariché Abajo (P),correg_pa_4_1_9,4-1-9-22
poblado_pa_4_1_9_23,Gariché Abajo No. 2,correg_pa_4_1_9,4-1-9-23
poblado_pa_4_1_9_26,Las Mercedes,correg_pa_4_1_9,4-1-9-26
poblado_pa_4_1_9_27,Las Tres Bocas,correg_pa_4_1_9,4-1-9-27
poblado_pa_4_1_9_28,Nuevo México,correg_pa_4_1_9,4-1-9-28
poblado_pa_4_1_9_29,Paso de Tranquilla,correg_pa_4_1_9,4-1-9-29
poblado_pa_4_1_9_30,Paso de los Guabos,correg_pa_4_1_9,4-1-9-30
poblado_pa_4_1_9_31,Quebrada Grande,correg_pa_4_1_9,4-1-9-31
poblado_pa_4_1_9_32,Quebrada Negra Abajo,correg_pa_4_1_9,4-1-9-32
poblado_pa_4_1_9_33,Río Chiriquí Viejo,correg_pa_4_1_9,4-1-9-33
poblado_pa_4_1_9_34,La Gurgulla (P),correg_pa_4_1_9,4-1-9-34
poblado_pa_4_2_1_2,Agua Buena,correg_pa_4_2_1,4-2-1-2
poblado_pa_4_2_1_15,Márgenes de Corotú,correg_pa_4_2_1,4-2-1-15
poblado_pa_4_2_1_19,El Fraile,correg_pa_4_2_1,4-2-1-19
poblado_pa_4_2_1_53,Guanabanito,correg_pa_4_2_1,4-2-1-53
poblado_pa_4_2_1_54,Guanábano,correg_pa_4_2_1,4-2-1-54
poblado_pa_4_2_1_64,Manzanillo,correg_pa_4_2_1,4-2-1-64
poblado_pa_4_2_1_66,Melliza Abajo,correg_pa_4_2_1,4-2-1-66
poblado_pa_4_2_1_68,Monte Verde,correg_pa_4_2_1,4-2-1-68
poblado_pa_4_2_1_74,Puerto Armuelles,correg_pa_4_2_1,4-2-1-74
poblado_pa_4_2_1_75,Quebrada de Piedra,correg_pa_4_2_1,4-2-1-75
poblado_pa_4_2_1_77,Asentamiento,correg_pa_4_2_1,4-2-1-77
poblado_pa_4_2_1_81,San Bartolo Arriba (P),correg_pa_4_2_1,4-2-1-81
poblado_pa_4_2_1_82,San Bartolo Límite (P),correg_pa_4_2_1,4-2-1-82
poblado_pa_4_2_1_109,Punta de Piedra,correg_pa_4_2_1,4-2-1-109
poblado_pa_4_2_1_110,Cabecera Corotú,correg_pa_4_2_1,4-2-1-110
poblado_pa_4_2_1_112,Rabo de Puerco Abajo,correg_pa_4_2_1,4-2-1-112
poblado_pa_4_2_1_118,Altos de San Vicente,correg_pa_4_2_1,4-2-1-118
poblado_pa_4_2_1_119,Melliza Arriba,correg_pa_4_2_1,4-2-1-119
poblado_pa_4_2_1_126,Alto de los Lagos,correg_pa_4_2_1,4-2-1-126
poblado_pa_4_2_1_128,Corotú la Unión,correg_pa_4_2_1,4-2-1-128
poblado_pa_4_2_1_129,Monte Verde Arriba,correg_pa_4_2_1,4-2-1-129
poblado_pa_4_2_1_136,Llano Bonito,correg_pa_4_2_1,4-2-1-136
poblado_pa_4_2_1_137,Asentamiento Pitty,correg_pa_4_2_1,4-2-1-137
poblado_pa_4_2_2_1,Baco,correg_pa_4_2_2,4-2-2-1
poblado_pa_4_2_2_3,Baules,correg_pa_4_2_2,4-2-2-3
poblado_pa_4_2_2_4,Burica,correg_pa_4_2_2,4-2-2-4
poblado_pa_4_2_2_5,Canegua,correg_pa_4_2_2,4-2-2-5
poblado_pa_4_2_2_6,Caña Blanca,correg_pa_4_2_2,4-2-2-6
poblado_pa_4_2_2_7,Quebrada Tallo,correg_pa_4_2_2,4-2-2-7
poblado_pa_4_2_2_8,Limones,correg_pa_4_2_2,4-2-2-8
poblado_pa_4_2_2_9,Mellicita,correg_pa_4_2_2,4-2-2-9
poblado_pa_4_2_2_10,Calabazo,correg_pa_4_2_2,4-2-2-10
poblado_pa_4_2_2_11,Corotú,correg_pa_4_2_2,4-2-2-11
poblado_pa_4_2_2_12,Bella Vista,correg_pa_4_2_2,4-2-2-12
poblado_pa_4_2_2_15,Resbalosa o la Resbalosa,correg_pa_4_2_2,4-2-2-15
poblado_pa_4_2_2_16,Yerbazales,correg_pa_4_2_2,4-2-2-16
poblado_pa_4_2_2_19,Puerto Balsa,correg_pa_4_2_2,4-2-2-19
poblado_pa_4_2_2_24,Quebrada del Medio,correg_pa_4_2_2,4-2-2-24
poblado_pa_4_2_3_2,Canoa Abajo,correg_pa_4_2_3,4-2-3-2
poblado_pa_4_2_3_3,Paso Canoa Arriba,correg_pa_4_2_3,4-2-3-3
poblado_pa_4_2_3_5,Colorado o Kilómetro 32 (P),correg_pa_4_2_3,4-2-3-5
poblado_pa_4_2_3_7,Cuervito Abajo,correg_pa_4_2_3,4-2-3-7
poblado_pa_4_2_3_8,Cuervito Arriba,correg_pa_4_2_3,4-2-3-8
poblado_pa_4_2_3_10,El Cedro,correg_pa_4_2_3,4-2-3-10
poblado_pa_4_2_3_16,Finca María,correg_pa_4_2_3,4-2-3-16
poblado_pa_4_2_3_17,Quira,correg_pa_4_2_3,4-2-3-17
poblado_pa_4_2_3_23,Paso Canoa Internacional,correg_pa_4_2_3,4-2-3-23
poblado_pa_4_2_3_24,Progreso,correg_pa_4_2_3,4-2-3-24
poblado_pa_4_2_3_25,Quebrada Arena,correg_pa_4_2_3,4-2-3-25
poblado_pa_4_2_3_27,Santa María,correg_pa_4_2_3,4-2-3-27
poblado_pa_4_2_3_28,Chuchupate,correg_pa_4_2_3,4-2-3-28
poblado_pa_4_2_3_29,Revolución o Colorado Centro,correg_pa_4_2_3,4-2-3-29
poblado_pa_4_2_3_37,Barriada el Triunfo,correg_pa_4_2_3,4-2-3-37
poblado_pa_4_2_3_38,Barriada Bello Amanecer,correg_pa_4_2_3,4-2-3-38
poblado_pa_4_2_3_39,Barriada Don Pinto,correg_pa_4_2_3,4-2-3-39
poblado_pa_4_2_4_1,Berba,correg_pa_4_2_4,4-2-4-1
poblado_pa_4_2_4_3,Corotú Civil,correg_pa_4_2_4,4-2-4-3
poblado_pa_4_2_4_4,Chiriquí Viejo,correg_pa_4_2_4,4-2-4-4
poblado_pa_4_2_4_5,El Salado de los Guabos,correg_pa_4_2_4,4-2-4-5
poblado_pa_4_2_4_6,Finca Baco,correg_pa_4_2_4,4-2-4-6
poblado_pa_4_2_4_7,Finca Teca,correg_pa_4_2_4,4-2-4-7
poblado_pa_4_2_4_8,Kilómetro 24,correg_pa_4_2_4,4-2-4-8
poblado_pa_4_2_4_9,La Esperanza,correg_pa_4_2_4,4-2-4-9
poblado_pa_4_2_4_10,La Irrigación,correg_pa_4_2_4,4-2-4-10
poblado_pa_4_2_4_11,Las Huacas,correg_pa_4_2_4,4-2-4-11
poblado_pa_4_2_4_12,Los Tecales,correg_pa_4_2_4,4-2-4-12
poblado_pa_4_2_4_13,Madre Vieja,correg_pa_4_2_4,4-2-4-13
poblado_pa_4_2_4_14,Majagual,correg_pa_4_2_4,4-2-4-14
poblado_pa_4_2_4_15,San Pedro,correg_pa_4_2_4,4-2-4-15
poblado_pa_4_2_4_16,San Valentín,correg_pa_4_2_4,4-2-4-16
poblado_pa_4_2_4_17,Santa Rosa de Lima,correg_pa_4_2_4,4-2-4-17
poblado_pa_4_2_5_1,Acueducto Almendro,correg_pa_4_2_5,4-2-5-1
poblado_pa_4_2_5_3,Asentamiento Almendro,correg_pa_4_2_5,4-2-5-3
poblado_pa_4_2_5_5,Blanco Arriba (P),correg_pa_4_2_5,4-2-5-5
poblado_pa_4_2_5_6,Bongo Civil,correg_pa_4_2_5,4-2-5-6
poblado_pa_4_2_5_7,Burica Centro,correg_pa_4_2_5,4-2-5-7
poblado_pa_4_2_5_8,Cañazas,correg_pa_4_2_5,4-2-5-8
poblado_pa_4_2_5_9,Cañazas Arriba,correg_pa_4_2_5,4-2-5-9
poblado_pa_4_2_5_11,Colorado o Kilómetro 32 (P),correg_pa_4_2_5,4-2-5-11
poblado_pa_4_2_5_12,El Coco,correg_pa_4_2_5,4-2-5-12
poblado_pa_4_2_5_14,El Muro o el Almendro,correg_pa_4_2_5,4-2-5-14
poblado_pa_4_2_5_18,Finca Aguacate,correg_pa_4_2_5,4-2-5-18
poblado_pa_4_2_5_19,Finca Balsa,correg_pa_4_2_5,4-2-5-19
poblado_pa_4_2_5_20,Finca Blanco,correg_pa_4_2_5,4-2-5-20
poblado_pa_4_2_5_21,Finca Bongo,correg_pa_4_2_5,4-2-5-21
poblado_pa_4_2_5_23,Finca Corozo,correg_pa_4_2_5,4-2-5-23
poblado_pa_4_2_5_25,Finca Guayabo,correg_pa_4_2_5,4-2-5-25
poblado_pa_4_2_5_27,Finca Higuerón,correg_pa_4_2_5,4-2-5-27
poblado_pa_4_2_5_36,Finca Palmito No. 1,correg_pa_4_2_5,4-2-5-36
poblado_pa_4_2_5_37,Finca Palmito Viejo,correg_pa_4_2_5,4-2-5-37
poblado_pa_4_2_5_39,Finca Sigua,correg_pa_4_2_5,4-2-5-39
poblado_pa_4_2_5_40,Finca Zapatero,correg_pa_4_2_5,4-2-5-40
poblado_pa_4_2_5_42,La Pista,correg_pa_4_2_5,4-2-5-42
poblado_pa_4_2_5_43,La Unión (P),correg_pa_4_2_5,4-2-5-43
poblado_pa_4_2_5_44,La Vaquita,correg_pa_4_2_5,4-2-5-44
poblado_pa_4_2_5_45,La Victoria,correg_pa_4_2_5,4-2-5-45
poblado_pa_4_2_5_47,Los Plancitos,correg_pa_4_2_5,4-2-5-47
poblado_pa_4_2_5_53,Nuevo Burica o San Antonio,correg_pa_4_2_5,4-2-5-53
poblado_pa_4_2_5_58,Proyecto 2000,correg_pa_4_2_5,4-2-5-58
poblado_pa_4_2_5_61,Proyecto Caoba,correg_pa_4_2_5,4-2-5-61
poblado_pa_4_2_5_69,Rabo de Gallo,correg_pa_4_2_5,4-2-5-69
poblado_pa_4_2_5_70,Samaria,correg_pa_4_2_5,4-2-5-70
poblado_pa_4_2_5_72,Higuerón o Topoyiyo,correg_pa_4_2_5,4-2-5-72
poblado_pa_4_2_5_74,Burica Sur,correg_pa_4_2_5,4-2-5-74
poblado_pa_4_2_6_1,Agua Fría,correg_pa_4_2_6,4-2-6-1
poblado_pa_4_2_6_2,La Unión (P),correg_pa_4_2_6,4-2-6-2
poblado_pa_4_2_6_3,Boquilla,correg_pa_4_2_6,4-2-6-3
poblado_pa_4_2_6_5,Choroca,correg_pa_4_2_6,4-2-6-5
poblado_pa_4_2_6_6,Divisa,correg_pa_4_2_6,4-2-6-6
poblado_pa_4_2_6_7,El Palmar,correg_pa_4_2_6,4-2-6-7
poblado_pa_4_2_6_8,Los Planes,correg_pa_4_2_6,4-2-6-8
poblado_pa_4_2_6_9,Majagua Civil No. 2,correg_pa_4_2_6,4-2-6-9
poblado_pa_4_2_6_10,Quebrada Sábalo,correg_pa_4_2_6,4-2-6-10
poblado_pa_4_2_6_11,Río Chiquito,correg_pa_4_2_6,4-2-6-11
poblado_pa_4_2_6_12,San Bartolo,correg_pa_4_2_6,4-2-6-12
poblado_pa_4_2_6_13,San Bartolo Arriba (P),correg_pa_4_2_6,4-2-6-13
poblado_pa_4_2_6_14,San Bartolo Límite (P),correg_pa_4_2_6,4-2-6-14
poblado_pa_4_2_6_15,San Bartolo Línea,correg_pa_4_2_6,4-2-6-15
poblado_pa_4_2_6_16,Sangrillo,correg_pa_4_2_6,4-2-6-16
poblado_pa_4_2_6_17,Sangrillo Abajo,correg_pa_4_2_6,4-2-6-17
poblado_pa_4_2_6_18,Majagual Civil No. 1 (P),correg_pa_4_2_6,4-2-6-18
poblado_pa_4_2_6_19,Tres Brazos,correg_pa_4_2_6,4-2-6-19
poblado_pa_4_2_7_1,Aguacatón,correg_pa_4_2_7,4-2-7-1
poblado_pa_4_2_7_2,Balaspit,correg_pa_4_2_7,4-2-7-2
poblado_pa_4_2_7_3,Blanco Arriba (P),correg_pa_4_2_7,4-2-7-3
poblado_pa_4_2_7_4,Brisas de las Palmeras,correg_pa_4_2_7,4-2-7-4
poblado_pa_4_2_7_5,Ceiba,correg_pa_4_2_7,4-2-7-5
poblado_pa_4_2_7_6,Coco Beach,correg_pa_4_2_7,4-2-7-6
poblado_pa_4_2_7_7,El Jazmín,correg_pa_4_2_7,4-2-7-7
poblado_pa_4_2_7_9,Finca Ceiba,correg_pa_4_2_7,4-2-7-9
poblado_pa_4_2_7_10,Finca Corredor,correg_pa_4_2_7,4-2-7-10
poblado_pa_4_2_7_11,Finca Guayacán,correg_pa_4_2_7,4-2-7-11
poblado_pa_4_2_7_12,Finca Higuito,correg_pa_4_2_7,4-2-7-12
poblado_pa_4_2_7_13,Finca Jagua,correg_pa_4_2_7,4-2-7-13
poblado_pa_4_2_7_14,Finca Jobito,correg_pa_4_2_7,4-2-7-14
poblado_pa_4_2_7_15,Finca Jocote,correg_pa_4_2_7,4-2-7-15
poblado_pa_4_2_7_16,Finca Lechoza,correg_pa_4_2_7,4-2-7-16
poblado_pa_4_2_7_17,Finca Majagua,correg_pa_4_2_7,4-2-7-17
poblado_pa_4_2_7_18,Finca Malagueto,correg_pa_4_2_7,4-2-7-18
poblado_pa_4_2_7_19,Finca Malagueto Adentro,correg_pa_4_2_7,4-2-7-19
poblado_pa_4_2_7_20,Finca Zapote,correg_pa_4_2_7,4-2-7-20
poblado_pa_4_2_7_21,La Unión (P),correg_pa_4_2_7,4-2-7-21
poblado_pa_4_2_7_22,Los Olivos,correg_pa_4_2_7,4-2-7-22
poblado_pa_4_2_7_23,Majagua Civil No. 1 (P),correg_pa_4_2_7,4-2-7-23
poblado_pa_4_2_7_24,Manaca Civil,correg_pa_4_2_7,4-2-7-24
poblado_pa_4_2_7_25,Manaca Norte,correg_pa_4_2_7,4-2-7-25
poblado_pa_4_2_7_28,Proyecto 20 o 422,correg_pa_4_2_7,4-2-7-28
poblado_pa_4_2_7_31,Quebrada Peña,correg_pa_4_2_7,4-2-7-31
poblado_pa_4_2_7_32,Sitrachilco,correg_pa_4_2_7,4-2-7-32
poblado_pa_4_2_7_33,Urbanización Manaca,correg_pa_4_2_7,4-2-7-33
poblado_pa_4_3_1_2,Boquerón,correg_pa_4_3_1,4-3-1-2
poblado_pa_4_3_1_3,Boquerón Viejo (P),correg_pa_4_3_1,4-3-1-3
poblado_pa_4_3_1_4,La Meseta,correg_pa_4_3_1,4-3-1-4
poblado_pa_4_3_1_5,Macano Abajo,correg_pa_4_3_1,4-3-1-5
poblado_pa_4_3_1_6,Macano Arriba (P),correg_pa_4_3_1,4-3-1-6
poblado_pa_4_3_1_8,Tijeras (P),correg_pa_4_3_1,4-3-1-8
poblado_pa_4_3_1_11,Boquerón Arriba,correg_pa_4_3_1,4-3-1-11
poblado_pa_4_3_1_12,Bocalatum (P),correg_pa_4_3_1,4-3-1-12
poblado_pa_4_3_2_1,Bágala (P),correg_pa_4_3_2,4-3-2-1
poblado_pa_4_3_2_2,Cerro Cabuya,correg_pa_4_3_2,4-3-2-2
poblado_pa_4_3_2_3,Cerro Colorado,correg_pa_4_3_2,4-3-2-3
poblado_pa_4_3_2_4,Ojo de Agua,correg_pa_4_3_2,4-3-2-4
poblado_pa_4_3_2_7,Los Lezcano,correg_pa_4_3_2,4-3-2-7
poblado_pa_4_3_2_8,Urbanización Santa María (P),correg_pa_4_3_2,4-3-2-8
poblado_pa_4_3_2_9,Residencial las Villas de Bágala,correg_pa_4_3_2,4-3-2-9
poblado_pa_4_3_2_10,Residencial Villa Oliva,correg_pa_4_3_2,4-3-2-10
poblado_pa_4_3_2_11,Las Fuentes,correg_pa_4_3_2,4-3-2-11
poblado_pa_4_3_2_12,Residencial Hacienda del Bosque,correg_pa_4_3_2,4-3-2-12
poblado_pa_4_3_2_13,Residencial María Bonita,correg_pa_4_3_2,4-3-2-13
poblado_pa_4_3_2_14,Residencial Salomé,correg_pa_4_3_2,4-3-2-14
poblado_pa_4_3_2_15,Urbanización Condado del Río,correg_pa_4_3_2,4-3-2-15
poblado_pa_4_3_3_3,Cordillera Arriba,correg_pa_4_3_3,4-3-3-3
poblado_pa_4_3_3_4,Las Vueltas (P),correg_pa_4_3_3,4-3-3-4
poblado_pa_4_3_3_6,Los Naranjos,correg_pa_4_3_3,4-3-3-6
poblado_pa_4_3_3_7,Cordillera,correg_pa_4_3_3,4-3-3-7
poblado_pa_4_3_3_9,Aguacatal,correg_pa_4_3_3,4-3-3-9
poblado_pa_4_3_3_10,Cordillera Arriba,correg_pa_4_3_3,4-3-3-10
poblado_pa_4_3_4_2,Bonilla,correg_pa_4_3_4,4-3-4-2
poblado_pa_4_3_4_3,Aguacate,correg_pa_4_3_4,4-3-4-3
poblado_pa_4_3_4_4,Guabal,correg_pa_4_3_4,4-3-4-4
poblado_pa_4_3_4_5,Huacas Abajo,correg_pa_4_3_4,4-3-4-5
poblado_pa_4_3_4_6,Huacas Arriba,correg_pa_4_3_4,4-3-4-6
poblado_pa_4_3_4_7,El Bajo,correg_pa_4_3_4,4-3-4-7
poblado_pa_4_3_4_8,Nance Bonito (P),correg_pa_4_3_4,4-3-4-8
poblado_pa_4_3_4_9,Palmira del Banco (P),correg_pa_4_3_4,4-3-4-9
poblado_pa_4_3_5_1,Bocalatum (P),correg_pa_4_3_5,4-3-5-1
poblado_pa_4_3_5_2,Guayabal,correg_pa_4_3_5,4-3-5-2
poblado_pa_4_3_5_3,La Elvira,correg_pa_4_3_5,4-3-5-3
poblado_pa_4_3_5_4,Las Monjas,correg_pa_4_3_5,4-3-5-4
poblado_pa_4_3_5_5,Macano Arriba (P),correg_pa_4_3_5,4-3-5-5
poblado_pa_4_3_5_6,Palma Real,correg_pa_4_3_5,4-3-5-6
poblado_pa_4_3_5_7,Santa Rita,correg_pa_4_3_5,4-3-5-7
poblado_pa_4_3_6_1,La Herradura de Paraíso,correg_pa_4_3_6,4-3-6-1
poblado_pa_4_3_6_3,Paraíso,correg_pa_4_3_6,4-3-6-3
poblado_pa_4_3_6_4,Santa Marta,correg_pa_4_3_6,4-3-6-4
poblado_pa_4_3_6_6,Miraflores,correg_pa_4_3_6,4-3-6-6
poblado_pa_4_3_6_7,Palo Suave,correg_pa_4_3_6,4-3-6-7
poblado_pa_4_3_7_1,Bajo Canoa,correg_pa_4_3_7,4-3-7-1
poblado_pa_4_3_7_2,Boquerón Viejo (P),correg_pa_4_3_7,4-3-7-2
poblado_pa_4_3_7_3,La Victoria (P),correg_pa_4_3_7,4-3-7-3
poblado_pa_4_3_7_4,Chiquero,correg_pa_4_3_7,4-3-7-4
poblado_pa_4_3_7_7,La Guinea,correg_pa_4_3_7,4-3-7-7
poblado_pa_4_3_7_8,Pedregalito,correg_pa_4_3_7,4-3-7-8
poblado_pa_4_3_7_9,Varital (P),correg_pa_4_3_7,4-3-7-9
poblado_pa_4_3_7_11,Hacienda la Victoria,correg_pa_4_3_7,4-3-7-11
poblado_pa_4_3_7_12,Solano,correg_pa_4_3_7,4-3-7-12
poblado_pa_4_3_8_1,Bajo la Arena,correg_pa_4_3_8,4-3-8-1
poblado_pa_4_3_8_3,Mata Gorda,correg_pa_4_3_8,4-3-8-3
poblado_pa_4_3_8_4,Sitio Lázaro (P),correg_pa_4_3_8,4-3-8-4
poblado_pa_4_3_8_5,Tijeras (P),correg_pa_4_3_8,4-3-8-5
poblado_pa_4_3_8_6,Varital (P),correg_pa_4_3_8,4-3-8-6
poblado_pa_4_3_8_7,Barriada la Esperanza,correg_pa_4_3_8,4-3-8-7
poblado_pa_4_3_8_8,Loma San Pedro,correg_pa_4_3_8,4-3-8-8
poblado_pa_4_3_8_9,Urbanización Doña Fela,correg_pa_4_3_8,4-3-8-9
poblado_pa_4_3_8_10,Varital Este,correg_pa_4_3_8,4-3-8-10
poblado_pa_4_3_8_11,Villa María,correg_pa_4_3_8,4-3-8-11
poblado_pa_4_3_8_12,Palmera Village,correg_pa_4_3_8,4-3-8-12
poblado_pa_4_3_8_13,Villa Julieth,correg_pa_4_3_8,4-3-8-13
poblado_pa_4_3_8_14,Virginia Park,correg_pa_4_3_8,4-3-8-14
poblado_pa_4_3_8_15,Residencial Villas de San Miguel,correg_pa_4_3_8,4-3-8-15
poblado_pa_4_4_1_5,Bajo Boquete,correg_pa_4_4_1,4-4-1-5
poblado_pa_4_4_1_10,Camiseta (P),correg_pa_4_4_1,4-4-1-10
poblado_pa_4_4_1_14,El Salto (P),correg_pa_4_4_1,4-4-1-14
poblado_pa_4_4_1_23,Los Cabezos (P),correg_pa_4_4_1,4-4-1-23
poblado_pa_4_4_1_33,Volcancito (P),correg_pa_4_4_1,4-4-1-33
poblado_pa_4_4_1_43,Santa Lucía o Barriada Santa Lucía,correg_pa_4_4_1,4-4-1-43
poblado_pa_4_4_1_44,El Huacal (P),correg_pa_4_4_1,4-4-1-44
poblado_pa_4_4_1_45,Finca María Eugenia,correg_pa_4_4_1,4-4-1-45
poblado_pa_4_4_1_46,Volcancito Village,correg_pa_4_4_1,4-4-1-46
poblado_pa_4_4_1_47,Alto Boquete,correg_pa_4_4_1,4-4-1-47
poblado_pa_4_4_1_48,Barriada Divino Niño,correg_pa_4_4_1,4-4-1-48
poblado_pa_4_4_2_1,Alto el Nance,correg_pa_4_4_2,4-4-2-1
poblado_pa_4_4_2_2,Bajo Chiriquí,correg_pa_4_4_2,4-4-2-2
poblado_pa_4_4_2_4,Caldera,correg_pa_4_4_2,4-4-2-4
poblado_pa_4_4_2_5,Calderita,correg_pa_4_4_2,4-4-2-5
poblado_pa_4_4_2_6,Campo Alegre,correg_pa_4_4_2,4-4-2-6
poblado_pa_4_4_2_7,Casita de Piedra,correg_pa_4_4_2,4-4-2-7
poblado_pa_4_4_2_8,El Algarrobo,correg_pa_4_4_2,4-4-2-8
poblado_pa_4_4_2_9,El Barrero,correg_pa_4_4_2,4-4-2-9
poblado_pa_4_4_2_10,El Copé,correg_pa_4_4_2,4-4-2-10
poblado_pa_4_4_2_11,El Chorrillo,correg_pa_4_4_2,4-4-2-11
poblado_pa_4_4_2_13,El Nancito,correg_pa_4_4_2,4-4-2-13
poblado_pa_4_4_2_14,El Síndigo,correg_pa_4_4_2,4-4-2-14
poblado_pa_4_4_2_15,Guayabo Blanco,correg_pa_4_4_2,4-4-2-15
poblado_pa_4_4_2_16,Hato Nuevo,correg_pa_4_4_2,4-4-2-16
poblado_pa_4_4_2_18,La Cruz,correg_pa_4_4_2,4-4-2-18
poblado_pa_4_4_2_20,Lérida,correg_pa_4_4_2,4-4-2-20
poblado_pa_4_4_2_22,Los Valles Arriba,correg_pa_4_4_2,4-4-2-22
poblado_pa_4_4_2_24,Pueblo Nuevo,correg_pa_4_4_2,4-4-2-24
poblado_pa_4_4_2_25,Quebrada Seca,correg_pa_4_4_2,4-4-2-25
poblado_pa_4_4_2_26,Los Vargas,correg_pa_4_4_2,4-4-2-26
poblado_pa_4_4_2_27,Ventanita,correg_pa_4_4_2,4-4-2-27
poblado_pa_4_4_2_28,El Zarziadero,correg_pa_4_4_2,4-4-2-28
poblado_pa_4_4_2_29,Mague,correg_pa_4_4_2,4-4-2-29
poblado_pa_4_4_2_30,Las Peñas,correg_pa_4_4_2,4-4-2-30
poblado_pa_4_4_2_31,Perico,correg_pa_4_4_2,4-4-2-31
poblado_pa_4_4_2_32,Alto el Copé,correg_pa_4_4_2,4-4-2-32
poblado_pa_4_4_2_33,El Jobo,correg_pa_4_4_2,4-4-2-33
poblado_pa_4_4_2_34,Alto Jaramillo,correg_pa_4_4_2,4-4-2-34
poblado_pa_4_4_2_35,Rancho Caldera,correg_pa_4_4_2,4-4-2-35
poblado_pa_4_4_2_36,Cielo Paraíso,correg_pa_4_4_2,4-4-2-36
poblado_pa_4_4_2_37,Finca los Valles,correg_pa_4_4_2,4-4-2-37
poblado_pa_4_4_2_38,Hidroeléctrica la Estrella (P),correg_pa_4_4_2,4-4-2-38
poblado_pa_4_4_3_1,Cañas Verdes,correg_pa_4_4_3,4-4-3-1
poblado_pa_4_4_3_3,Río Colga,correg_pa_4_4_3,4-4-3-3
poblado_pa_4_4_3_4,La Colonia,correg_pa_4_4_3,4-4-3-4
poblado_pa_4_4_3_6,Palmira Arriba,correg_pa_4_4_3,4-4-3-6
poblado_pa_4_4_3_7,Palmira Centro,correg_pa_4_4_3,4-4-3-7
poblado_pa_4_4_3_8,Palmira Abajo,correg_pa_4_4_3,4-4-3-8
poblado_pa_4_4_4_1,Agua Blanca (P),correg_pa_4_4_4,4-4-4-1
poblado_pa_4_4_4_2,Alto Boquete,correg_pa_4_4_4,4-4-4-2
poblado_pa_4_4_4_3,El Peñón,correg_pa_4_4_4,4-4-4-3
poblado_pa_4_4_4_4,El Roble,correg_pa_4_4_4,4-4-4-4
poblado_pa_4_4_4_6,Las Huacas,correg_pa_4_4_4,4-4-4-6
poblado_pa_4_4_4_8,Tortuga,correg_pa_4_4_4,4-4-4-8
poblado_pa_4_4_4_9,Volcancito (P),correg_pa_4_4_4,4-4-4-9
poblado_pa_4_4_4_10,El Francés Arriba,correg_pa_4_4_4,4-4-4-10
poblado_pa_4_4_4_11,El Macano (P),correg_pa_4_4_4,4-4-4-11
poblado_pa_4_4_4_12,Finca el Socorro,correg_pa_4_4_4,4-4-4-12
poblado_pa_4_4_4_14,Jaramillo Abajo (P),correg_pa_4_4_4,4-4-4-14
poblado_pa_4_4_4_15,Residencial Montañas de Caldera,correg_pa_4_4_4,4-4-4-15
poblado_pa_4_4_4_17,Urbanización los Amigos,correg_pa_4_4_4,4-4-4-17
poblado_pa_4_4_4_19,Manga Vieja,correg_pa_4_4_4,4-4-4-19
poblado_pa_4_4_4_20,Alto Tortuga,correg_pa_4_4_4,4-4-4-20
poblado_pa_4_4_4_21,Alta Vista (P),correg_pa_4_4_4,4-4-4-21
poblado_pa_4_4_4_22,Villas los Altos de Boquete,correg_pa_4_4_4,4-4-4-22
poblado_pa_4_4_5_1,Alto Jaramillo,correg_pa_4_4_5,4-4-5-1
poblado_pa_4_4_5_2,Buenos Aires,correg_pa_4_4_5,4-4-5-2
poblado_pa_4_4_5_3,La Casa del Tigre,correg_pa_4_4_5,4-4-5-3
poblado_pa_4_4_5_6,La India Vieja Abajo,correg_pa_4_4_5,4-4-5-6
poblado_pa_4_4_5_7,La India Vieja Arriba,correg_pa_4_4_5,4-4-5-7
poblado_pa_4_4_5_8,Jaramillo Abajo (P),correg_pa_4_4_5,4-4-5-8
poblado_pa_4_4_5_9,Jaramillo Arriba (P),correg_pa_4_4_5,4-4-5-9
poblado_pa_4_4_5_10,Jaramillo Centro,correg_pa_4_4_5,4-4-5-10
poblado_pa_4_4_5_11,La Estrella (P),correg_pa_4_4_5,4-4-5-11
poblado_pa_4_4_5_12,Agua Blanca (P),correg_pa_4_4_5,4-4-5-12
poblado_pa_4_4_5_13,Alta Vista (P),correg_pa_4_4_5,4-4-5-13
poblado_pa_4_4_5_14,Hidroeléctrica la Estrella (P),correg_pa_4_4_5,4-4-5-14
poblado_pa_4_4_5_15,La Cima del Cerro Cabezón,correg_pa_4_4_5,4-4-5-15
poblado_pa_4_4_6_1,Alto Chiquero,correg_pa_4_4_6,4-4-6-1
poblado_pa_4_4_6_2,Alto Lino,correg_pa_4_4_6,4-4-6-2
poblado_pa_4_4_6_3,Alto Quiel,correg_pa_4_4_6,4-4-6-3
poblado_pa_4_4_6_4,Arco Iris,correg_pa_4_4_6,4-4-6-4
poblado_pa_4_4_6_7,Bajo Lino,correg_pa_4_4_6,4-4-6-7
poblado_pa_4_4_6_8,Barriada las Flores,correg_pa_4_4_6,4-4-6-8
poblado_pa_4_4_6_9,Callejón Seco,correg_pa_4_4_6,4-4-6-9
poblado_pa_4_4_6_10,Calograma,correg_pa_4_4_6,4-4-6-10
poblado_pa_4_4_6_11,Camiseta (P),correg_pa_4_4_6,4-4-6-11
poblado_pa_4_4_6_12,El Huacal (P),correg_pa_4_4_6,4-4-6-12
poblado_pa_4_4_6_13,El Salto (P),correg_pa_4_4_6,4-4-6-13
poblado_pa_4_4_6_14,El Santuario o Barriada Virgen de Guadalupe,correg_pa_4_4_6,4-4-6-14
poblado_pa_4_4_6_15,Jaramillo Arriba (P),correg_pa_4_4_6,4-4-6-15
poblado_pa_4_4_6_16,La Horqueta U Horqueta,correg_pa_4_4_6,4-4-6-16
poblado_pa_4_4_6_17,La Pandura,correg_pa_4_4_6,4-4-6-17
poblado_pa_4_4_6_18,Los Cabezos (P),correg_pa_4_4_6,4-4-6-18
poblado_pa_4_4_6_19,Los Ladrillos,correg_pa_4_4_6,4-4-6-19
poblado_pa_4_4_6_20,Los Naranjos,correg_pa_4_4_6,4-4-6-20
poblado_pa_4_4_6_21,Palo Alto o Arco Iris,correg_pa_4_4_6,4-4-6-21
poblado_pa_4_4_6_22,El Pianista,correg_pa_4_4_6,4-4-6-22
poblado_pa_4_4_6_23,Respingo,correg_pa_4_4_6,4-4-6-23
poblado_pa_4_4_6_24,San Ramón o Bajo Mono,correg_pa_4_4_6,4-4-6-24
poblado_pa_4_4_6_25,Boquete Plantation,correg_pa_4_4_6,4-4-6-25
poblado_pa_4_4_6_27,Finca Bo Maring,correg_pa_4_4_6,4-4-6-27
poblado_pa_4_4_6_28,Finca Revilla Bonita Spring,correg_pa_4_4_6,4-4-6-28
poblado_pa_4_4_6_29,The Spring,correg_pa_4_4_6,4-4-6-29
poblado_pa_4_5_1_1,Buena Vista Abajo,correg_pa_4_5_1,4-5-1-1
poblado_pa_4_5_1_2,Buena Vista Arriba (P),correg_pa_4_5_1,4-5-1-2
poblado_pa_4_5_1_4,Bugabita Arriba,correg_pa_4_5_1,4-5-1-4
poblado_pa_4_5_1_6,Alto de Escarrea (P),correg_pa_4_5_1,4-5-1-6
poblado_pa_4_5_1_13,Bajo del Cerro,correg_pa_4_5_1,4-5-1-13
poblado_pa_4_5_1_15,La Concepción (P),correg_pa_4_5_1,4-5-1-15
poblado_pa_4_5_1_20,San Miguel del Yuco,correg_pa_4_5_1,4-5-1-20
poblado_pa_4_5_1_22,San Vicente,correg_pa_4_5_1,4-5-1-22
poblado_pa_4_5_1_23,El Congo o Santa Clara,correg_pa_4_5_1,4-5-1-23
poblado_pa_4_5_1_24,San Valentín,correg_pa_4_5_1,4-5-1-24
poblado_pa_4_5_1_25,Residencial Virginia Iv,correg_pa_4_5_1,4-5-1-25
poblado_pa_4_5_1_26,Bugaba (P),correg_pa_4_5_1,4-5-1-26
poblado_pa_4_5_1_27,Los Robles de San Miguel,correg_pa_4_5_1,4-5-1-27
poblado_pa_4_5_1_28,Praderas de San Miguel,correg_pa_4_5_1,4-5-1-28
poblado_pa_4_5_1_29,Residencial Santa Clara,correg_pa_4_5_1,4-5-1-29
poblado_pa_4_5_1_30,Sortová (P),correg_pa_4_5_1,4-5-1-30
poblado_pa_4_5_1_31,Residencial Villas de San Miguel,correg_pa_4_5_1,4-5-1-31
poblado_pa_4_5_2_1,Alto de Gariché,correg_pa_4_5_2,4-5-2-1
poblado_pa_4_5_2_2,Aserrío de Gariché,correg_pa_4_5_2,4-5-2-2
poblado_pa_4_5_2_3,Barro Blanco,correg_pa_4_5_2,4-5-2-3
poblado_pa_4_5_2_6,Correntón (P),correg_pa_4_5_2,4-5-2-6
poblado_pa_4_5_2_7,El Roble,correg_pa_4_5_2,4-5-2-7
poblado_pa_4_5_2_8,Exquisito,correg_pa_4_5_2,4-5-2-8
poblado_pa_4_5_2_9,Gariché,correg_pa_4_5_2,4-5-2-9
poblado_pa_4_5_2_12,La Unión,correg_pa_4_5_2,4-5-2-12
poblado_pa_4_5_2_13,Los Azules,correg_pa_4_5_2,4-5-2-13
poblado_pa_4_5_2_17,San Miguel (P),correg_pa_4_5_2,4-5-2-17
poblado_pa_4_5_2_20,La Libertad,correg_pa_4_5_2,4-5-2-20
poblado_pa_4_5_2_21,Frijol de Palo,correg_pa_4_5_2,4-5-2-21
poblado_pa_4_5_2_24,Exquisito Abajo,correg_pa_4_5_2,4-5-2-24
poblado_pa_4_5_3_1,Bugaba (P),correg_pa_4_5_3,4-5-3-1
poblado_pa_4_5_3_2,Bajo Escarrea,correg_pa_4_5_3,4-5-3-2
poblado_pa_4_5_3_3,La Madroña,correg_pa_4_5_3,4-5-3-3
poblado_pa_4_5_3_4,Brisas del Río,correg_pa_4_5_3,4-5-3-4
poblado_pa_4_5_3_5,La Victoria (P),correg_pa_4_5_3,4-5-3-5
poblado_pa_4_5_3_6,Urbanización Santa Teresa,correg_pa_4_5_3,4-5-3-6
poblado_pa_4_5_5_2,Alto de Chiriquí Viejo,correg_pa_4_5_5,4-5-5-2
poblado_pa_4_5_5_3,Gómez,correg_pa_4_5_5,4-5-5-3
poblado_pa_4_5_5_4,Gómez Abajo,correg_pa_4_5_5,4-5-5-4
poblado_pa_4_5_5_5,La Meseta,correg_pa_4_5_5,4-5-5-5
poblado_pa_4_5_5_7,Cerro Machuque,correg_pa_4_5_5,4-5-5-7
poblado_pa_4_5_5_8,San Miguel (P),correg_pa_4_5_5,4-5-5-8
poblado_pa_4_5_5_10,Cimarrón,correg_pa_4_5_5,4-5-5-10
poblado_pa_4_5_5_11,Las Planuras,correg_pa_4_5_5,4-5-5-11
poblado_pa_4_5_5_12,Alto Jacú (P),correg_pa_4_5_5,4-5-5-12
poblado_pa_4_5_5_13,Alto Meseta,correg_pa_4_5_5,4-5-5-13
poblado_pa_4_5_5_14,Palmas Bellas (P),correg_pa_4_5_5,4-5-5-14
poblado_pa_4_5_6_1,Chánguina (P),correg_pa_4_5_6,4-5-6-1
poblado_pa_4_5_6_3,La Estrella,correg_pa_4_5_6,4-5-6-3
poblado_pa_4_5_6_5,San Martín (P),correg_pa_4_5_6,4-5-6-5
poblado_pa_4_5_6_6,Sioguí Abajo (P),correg_pa_4_5_6,4-5-6-6
poblado_pa_4_5_6_7,Sioguí Arriba,correg_pa_4_5_6,4-5-6-7
poblado_pa_4_5_6_8,Alto los Miranda,correg_pa_4_5_6,4-5-6-8
poblado_pa_4_5_6_9,La Unión,correg_pa_4_5_6,4-5-6-9
poblado_pa_4_5_6_10,Las Adjuntas,correg_pa_4_5_6,4-5-6-10
poblado_pa_4_5_6_11,Las Cruces,correg_pa_4_5_6,4-5-6-11
poblado_pa_4_5_6_12,Las Trancas de Sioguí,correg_pa_4_5_6,4-5-6-12
poblado_pa_4_5_6_13,Los Ángeles,correg_pa_4_5_6,4-5-6-13
poblado_pa_4_5_6_14,Residencial los Senderos Ii,correg_pa_4_5_6,4-5-6-14
poblado_pa_4_5_6_15,Residencial Sueño Bonito,correg_pa_4_5_6,4-5-6-15
poblado_pa_4_5_7_1,Alto de Jacú,correg_pa_4_5_7,4-5-7-1
poblado_pa_4_5_7_2,Buena Vista,correg_pa_4_5_7,4-5-7-2
poblado_pa_4_5_7_3,Cafetal,correg_pa_4_5_7,4-5-7-3
poblado_pa_4_5_7_4,Cueta,correg_pa_4_5_7,4-5-7-4
poblado_pa_4_5_7_5,El Cedro,correg_pa_4_5_7,4-5-7-5
poblado_pa_4_5_7_6,La Esperanza,correg_pa_4_5_7,4-5-7-6
poblado_pa_4_5_7_7,La Primavera,correg_pa_4_5_7,4-5-7-7
poblado_pa_4_5_7_9,Palma Real,correg_pa_4_5_7,4-5-7-9
poblado_pa_4_5_7_10,Quebrada Llana,correg_pa_4_5_7,4-5-7-10
poblado_pa_4_5_7_11,San Andrés,correg_pa_4_5_7,4-5-7-11
poblado_pa_4_5_7_12,San Francisco,correg_pa_4_5_7,4-5-7-12
poblado_pa_4_5_7_16,Entrada de Cueta,correg_pa_4_5_7,4-5-7-16
poblado_pa_4_5_7_17,Los Naranjos,correg_pa_4_5_7,4-5-7-17
poblado_pa_4_5_7_18,Río Negro o la Línea,correg_pa_4_5_7,4-5-7-18
poblado_pa_4_5_7_19,La Olla,correg_pa_4_5_7,4-5-7-19
poblado_pa_4_5_7_20,San Lucas,correg_pa_4_5_7,4-5-7-20
poblado_pa_4_5_8_1,Alto Divalá o el Búho,correg_pa_4_5_8,4-5-8-1
poblado_pa_4_5_8_2,Bijagual No. 1,correg_pa_4_5_8,4-5-8-2
poblado_pa_4_5_8_3,Manchuila (P),correg_pa_4_5_8,4-5-8-3
poblado_pa_4_5_8_4,Santa Marta (P),correg_pa_4_5_8,4-5-8-4
poblado_pa_4_5_8_6,Bijagual No. 2,correg_pa_4_5_8,4-5-8-6
poblado_pa_4_5_8_7,Ojo de Agua (P),correg_pa_4_5_8,4-5-8-7
poblado_pa_4_5_9_1,Bajo Frío,correg_pa_4_5_9,4-5-9-1
poblado_pa_4_5_9_2,Bella Vista (P),correg_pa_4_5_9,4-5-9-2
poblado_pa_4_5_9_3,Camarón Arriba,correg_pa_4_5_9,4-5-9-3
poblado_pa_4_5_9_4,Camaroncito,correg_pa_4_5_9,4-5-9-4
poblado_pa_4_5_9_5,Camaroncito Arriba,correg_pa_4_5_9,4-5-9-5
poblado_pa_4_5_9_6,El Santo,correg_pa_4_5_9,4-5-9-6
poblado_pa_4_5_9_7,La Herradura,correg_pa_4_5_9,4-5-9-7
poblado_pa_4_5_9_8,La Maquenca,correg_pa_4_5_9,4-5-9-8
poblado_pa_4_5_9_9,Las Mercedes,correg_pa_4_5_9,4-5-9-9
poblado_pa_4_5_9_11,Santa Rosa,correg_pa_4_5_9,4-5-9-11
poblado_pa_4_5_10_1,Bajo Hondo,correg_pa_4_5_10,4-5-10-1
poblado_pa_4_5_10_2,Gariché,correg_pa_4_5_10,4-5-10-2
poblado_pa_4_5_10_3,Gariché Abajo (P),correg_pa_4_5_10,4-5-10-3
poblado_pa_4_5_10_4,Manchuila (P),correg_pa_4_5_10,4-5-10-4
poblado_pa_4_5_10_5,Quebrada Grande,correg_pa_4_5_10,4-5-10-5
poblado_pa_4_5_10_7,Quebrada Negra Arriba,correg_pa_4_5_10,4-5-10-7
poblado_pa_4_5_10_8,Quebrada Negra o Mosca,correg_pa_4_5_10,4-5-10-8
poblado_pa_4_5_10_9,Santo Domingo,correg_pa_4_5_10,4-5-10-9
poblado_pa_4_5_10_11,Barriada San Agustín,correg_pa_4_5_10,4-5-10-11
poblado_pa_4_5_10_12,Santa Marta (P),correg_pa_4_5_10,4-5-10-12
poblado_pa_4_5_10_13,Santo Domingo Arriba - el Guabo,correg_pa_4_5_10,4-5-10-13
poblado_pa_4_5_10_14,Santo Domingo Arriba - la Laguna,correg_pa_4_5_10,4-5-10-14
poblado_pa_4_5_10_15,Urbanización los Altos de Gariché,correg_pa_4_5_10,4-5-10-15
poblado_pa_4_5_11_2,Nueva Esperanza o Chatal,correg_pa_4_5_11,4-5-11-2
poblado_pa_4_5_11_4,El Escobal,correg_pa_4_5_11,4-5-11-4
poblado_pa_4_5_11_6,La Colonia,correg_pa_4_5_11,4-5-11-6
poblado_pa_4_5_11_8,Sortová (P),correg_pa_4_5_11,4-5-11-8
poblado_pa_4_5_11_9,Volante,correg_pa_4_5_11,4-5-11-9
poblado_pa_4_5_11_10,Volante Arriba,correg_pa_4_5_11,4-5-11-10
poblado_pa_4_5_11_11,Residencial Colinas de Sortová,correg_pa_4_5_11,4-5-11-11
poblado_pa_4_5_13_1,Bongo Abajo,correg_pa_4_5_13,4-5-13-1
poblado_pa_4_5_13_2,Bongo Arriba,correg_pa_4_5_13,4-5-13-2
poblado_pa_4_5_13_3,Calvario,correg_pa_4_5_13,4-5-13-3
poblado_pa_4_5_13_4,Jujucal o Jujucales,correg_pa_4_5_13,4-5-13-4
poblado_pa_4_5_13_5,La Cuchilla,correg_pa_4_5_13,4-5-13-5
poblado_pa_4_5_13_6,Las Tumbas,correg_pa_4_5_13,4-5-13-6
poblado_pa_4_5_13_7,El Mamey,correg_pa_4_5_13,4-5-13-7
poblado_pa_4_5_13_8,Palma Real,correg_pa_4_5_13,4-5-13-8
poblado_pa_4_5_14_1,La Concepción (P),correg_pa_4_5_14,4-5-14-1
poblado_pa_4_5_15_1,Alto Jacú (P),correg_pa_4_5_15,4-5-15-1
poblado_pa_4_5_15_2,Celmira,correg_pa_4_5_15,4-5-15-2
poblado_pa_4_5_15_3,Correntón (P),correg_pa_4_5_15,4-5-15-3
poblado_pa_4_5_15_4,Jacú,correg_pa_4_5_15,4-5-15-4
poblado_pa_4_5_15_5,Los Arenales,correg_pa_4_5_15,4-5-15-5
poblado_pa_4_5_15_6,Portón,correg_pa_4_5_15,4-5-15-6
poblado_pa_4_5_15_7,Quebrada Grande,correg_pa_4_5_15,4-5-15-7
poblado_pa_4_5_15_8,San Isidro,correg_pa_4_5_15,4-5-15-8
poblado_pa_4_5_15_9,San Pedro,correg_pa_4_5_15,4-5-15-9
poblado_pa_4_5_15_10,Zueco o San Pedro Abajo,correg_pa_4_5_15,4-5-15-10
poblado_pa_4_6_1_1,David (P),correg_pa_4_6_1,4-6-1-1
poblado_pa_4_6_1_26,Portachuelo,correg_pa_4_6_1,4-6-1-26
poblado_pa_4_6_1_31,Villa Natalia,correg_pa_4_6_1,4-6-1-31
poblado_pa_4_6_2_1,Bajo de las Palmas,correg_pa_4_6_2,4-6-2-1
poblado_pa_4_6_2_2,Bijagual,correg_pa_4_6_2,4-6-2-2
poblado_pa_4_6_2_3,Cerrillos,correg_pa_4_6_2,4-6-2-3
poblado_pa_4_6_2_4,El Jobo,correg_pa_4_6_2,4-6-2-4
poblado_pa_4_6_2_5,La Montera,correg_pa_4_6_2,4-6-2-5
poblado_pa_4_6_2_6,Los Algarrobos o las Yayas,correg_pa_4_6_2,4-6-2-6
poblado_pa_4_6_2_7,Los Charrascales,correg_pa_4_6_2,4-6-2-7
poblado_pa_4_6_2_8,Los Pedernales,correg_pa_4_6_2,4-6-2-8
poblado_pa_4_6_2_9,Potrero Zambrano,correg_pa_4_6_2,4-6-2-9
poblado_pa_4_6_2_10,El Roblillo,correg_pa_4_6_2,4-6-2-10
poblado_pa_4_6_2_11,Los Zambranos,correg_pa_4_6_2,4-6-2-11
poblado_pa_4_6_2_12,Finca Guardia,correg_pa_4_6_2,4-6-2-12
poblado_pa_4_6_2_13,Finca Orlando Real,correg_pa_4_6_2,4-6-2-13
poblado_pa_4_6_3_1,Angostura de Cochea Arriba,correg_pa_4_6_3,4-6-3-1
poblado_pa_4_6_3_3,Cochea Abajo,correg_pa_4_6_3,4-6-3-3
poblado_pa_4_6_3_4,Cochea Arriba,correg_pa_4_6_3,4-6-3-4
poblado_pa_4_6_3_5,El Higo,correg_pa_4_6_3,4-6-3-5
poblado_pa_4_6_3_6,El Macano (P),correg_pa_4_6_3,4-6-3-6
poblado_pa_4_6_3_7,Roblillo Arriba,correg_pa_4_6_3,4-6-3-7
poblado_pa_4_6_3_8,Guayabal,correg_pa_4_6_3,4-6-3-8
poblado_pa_4_6_3_10,Los Jiménez,correg_pa_4_6_3,4-6-3-10
poblado_pa_4_6_3_12,Los Piros,correg_pa_4_6_3,4-6-3-12
poblado_pa_4_6_3_13,Los Papayales,correg_pa_4_6_3,4-6-3-13
poblado_pa_4_6_3_14,Hato Fiel,correg_pa_4_6_3,4-6-3-14
poblado_pa_4_6_3_15,Cerillos,correg_pa_4_6_3,4-6-3-15
poblado_pa_4_6_3_16,Dos Tigre,correg_pa_4_6_3,4-6-3-16
poblado_pa_4_6_3_17,Finca el Robillo,correg_pa_4_6_3,4-6-3-17
poblado_pa_4_6_4_1,Batipa,correg_pa_4_6_4,4-6-4-1
poblado_pa_4_6_4_2,Buena Vista,correg_pa_4_6_4,4-6-4-2
poblado_pa_4_6_4_3,Cañazas,correg_pa_4_6_4,4-6-4-3
poblado_pa_4_6_4_4,Chiriquí,correg_pa_4_6_4,4-6-4-4
poblado_pa_4_6_4_6,Chorcha Abajo,correg_pa_4_6_4,4-6-4-6
poblado_pa_4_6_4_7,Chorchita,correg_pa_4_6_4,4-6-4-7
poblado_pa_4_6_4_8,Gallina,correg_pa_4_6_4,4-6-4-8
poblado_pa_4_6_4_12,Hato el Hicaco,correg_pa_4_6_4,4-6-4-12
poblado_pa_4_6_4_15,La Maltes,correg_pa_4_6_4,4-6-4-15
poblado_pa_4_6_4_16,La Mina,correg_pa_4_6_4,4-6-4-16
poblado_pa_4_6_4_18,La Pita,correg_pa_4_6_4,4-6-4-18
poblado_pa_4_6_4_19,Las Mercedes,correg_pa_4_6_4,4-6-4-19
poblado_pa_4_6_4_22,Los Naranjos,correg_pa_4_6_4,4-6-4-22
poblado_pa_4_6_4_24,Paja Blanca,correg_pa_4_6_4,4-6-4-24
poblado_pa_4_6_4_25,Plan de la Galera (P),correg_pa_4_6_4,4-6-4-25
poblado_pa_4_6_4_26,Río Chiriquí,correg_pa_4_6_4,4-6-4-26
poblado_pa_4_6_4_27,Sabana Bonita,correg_pa_4_6_4,4-6-4-27
poblado_pa_4_6_4_28,Veladero (P),correg_pa_4_6_4,4-6-4-28
poblado_pa_4_6_4_29,Zapote,correg_pa_4_6_4,4-6-4-29
poblado_pa_4_6_4_30,La Gloria o la Lajita,correg_pa_4_6_4,4-6-4-30
poblado_pa_4_6_4_31,El Encanto,correg_pa_4_6_4,4-6-4-31
poblado_pa_4_6_4_32,La Piedra,correg_pa_4_6_4,4-6-4-32
poblado_pa_4_6_4_33,San Luis,correg_pa_4_6_4,4-6-4-33
poblado_pa_4_6_4_34,La Barranca,correg_pa_4_6_4,4-6-4-34
poblado_pa_4_6_4_36,Hacienda del Río,correg_pa_4_6_4,4-6-4-36
poblado_pa_4_6_5_2,Alto Majagua,correg_pa_4_6_5,4-6-5-2
poblado_pa_4_6_5_3,Coibita o Nuevo San Carlitos,correg_pa_4_6_5,4-6-5-3
poblado_pa_4_6_5_4,El Hato,correg_pa_4_6_5,4-6-5-4
poblado_pa_4_6_5_5,Guaca Abajo,correg_pa_4_6_5,4-6-5-5
poblado_pa_4_6_5_6,Guacá Arriba,correg_pa_4_6_5,4-6-5-6
poblado_pa_4_6_5_8,Mata de Piro,correg_pa_4_6_5,4-6-5-8
poblado_pa_4_6_5_9,Nance Bonito (P),correg_pa_4_6_5,4-6-5-9
poblado_pa_4_6_5_10,Palmira del Banco (P),correg_pa_4_6_5,4-6-5-10
poblado_pa_4_6_5_11,Rodeo o el Rodeo,correg_pa_4_6_5,4-6-5-11
poblado_pa_4_6_5_13,Majagua,correg_pa_4_6_5,4-6-5-13
poblado_pa_4_6_6_2,El Corro,correg_pa_4_6_6,4-6-6-2
poblado_pa_4_6_6_3,El Jazmín,correg_pa_4_6_6,4-6-6-3
poblado_pa_4_6_6_4,Quiteño,correg_pa_4_6_6,4-6-6-4
poblado_pa_4_6_6_5,El Quira,correg_pa_4_6_6,4-6-6-5
poblado_pa_4_6_6_7,Hato Viejo o el Valle,correg_pa_4_6_6,4-6-6-7
poblado_pa_4_6_6_8,La Eloisa,correg_pa_4_6_6,4-6-6-8
poblado_pa_4_6_6_9,Las Lomas o Llano del Medio,correg_pa_4_6_6,4-6-6-9
poblado_pa_4_6_6_17,Mata de Nance,correg_pa_4_6_6,4-6-6-17
poblado_pa_4_6_6_19,Río Chiriquí o Rancho Grande,correg_pa_4_6_6,4-6-6-19
poblado_pa_4_6_6_21,Las Trancas,correg_pa_4_6_6,4-6-6-21
poblado_pa_4_6_6_22,Los Cerritos,correg_pa_4_6_6,4-6-6-22
poblado_pa_4_6_6_26,Residencial Altos de Quiteño,correg_pa_4_6_6,4-6-6-26
poblado_pa_4_6_6_28,Residencial Jardines de Isabella,correg_pa_4_6_6,4-6-6-28
poblado_pa_4_6_6_29,Residencial Santa Catalina,correg_pa_4_6_6,4-6-6-29
poblado_pa_4_6_7_1,Boquita Abajo,correg_pa_4_6_7,4-6-7-1
poblado_pa_4_6_7_7,Guerrero,correg_pa_4_6_7,4-6-7-7
poblado_pa_4_6_7_8,Isla Muerto,correg_pa_4_6_7,4-6-7-8
poblado_pa_4_6_7_11,El Hato o la Galera,correg_pa_4_6_7,4-6-7-11
poblado_pa_4_6_7_12,Sabaneta,correg_pa_4_6_7,4-6-7-12
poblado_pa_4_6_7_13,Paridita,correg_pa_4_6_7,4-6-7-13
poblado_pa_4_6_7_16,Los Sigüeros,correg_pa_4_6_7,4-6-7-16
poblado_pa_4_6_7_17,Pedregal,correg_pa_4_6_7,4-6-7-17
poblado_pa_4_6_7_19,Sabino,correg_pa_4_6_7,4-6-7-19
poblado_pa_4_6_7_26,Palma Real,correg_pa_4_6_7,4-6-7-26
poblado_pa_4_6_7_28,Santa Cruz,correg_pa_4_6_7,4-6-7-28
poblado_pa_4_6_7_30,Jurel,correg_pa_4_6_7,4-6-7-30
poblado_pa_4_6_7_31,La Pitahaya,correg_pa_4_6_7,4-6-7-31
poblado_pa_4_6_7_33,Interior,correg_pa_4_6_7,4-6-7-33
poblado_pa_4_6_7_34,Hicaco,correg_pa_4_6_7,4-6-7-34
poblado_pa_4_6_7_35,Bejucosa,correg_pa_4_6_7,4-6-7-35
poblado_pa_4_6_7_36,Los Colorados,correg_pa_4_6_7,4-6-7-36
poblado_pa_4_6_7_37,Los Negros,correg_pa_4_6_7,4-6-7-37
poblado_pa_4_6_7_38,Mata Palo,correg_pa_4_6_7,4-6-7-38
poblado_pa_4_6_7_49,Boquita Centro,correg_pa_4_6_7,4-6-7-49
poblado_pa_4_6_7_50,Isla Chalapa,correg_pa_4_6_7,4-6-7-50
poblado_pa_4_6_7_51,Playa Blanca,correg_pa_4_6_7,4-6-7-51
poblado_pa_4_6_7_52,Punta las Pavas,correg_pa_4_6_7,4-6-7-52
poblado_pa_4_6_7_57,Los Lajones,correg_pa_4_6_7,4-6-7-57
poblado_pa_4_6_8_1,Buena Vista,correg_pa_4_6_8,4-6-8-1
poblado_pa_4_6_8_2,La Montañuela,correg_pa_4_6_8,4-6-8-2
poblado_pa_4_6_8_3,Las Marías,correg_pa_4_6_8,4-6-8-3
poblado_pa_4_6_8_4,Nuevo San Carlitos,correg_pa_4_6_8,4-6-8-4
poblado_pa_4_6_8_6,Paso Piña,correg_pa_4_6_8,4-6-8-6
poblado_pa_4_6_8_7,Pueblo Nuevo,correg_pa_4_6_8,4-6-8-7
poblado_pa_4_6_8_8,Sabana Bonita,correg_pa_4_6_8,4-6-8-8
poblado_pa_4_6_8_9,San Carlitos,correg_pa_4_6_8,4-6-8-9
poblado_pa_4_6_8_10,San Carlos,correg_pa_4_6_8,4-6-8-10
poblado_pa_4_6_8_13,Campo Alegre,correg_pa_4_6_8,4-6-8-13
poblado_pa_4_6_8_14,Residencial Colinas del Valle,correg_pa_4_6_8,4-6-8-14
poblado_pa_4_6_8_15,Urbanización Tierras Altas,correg_pa_4_6_8,4-6-8-15
poblado_pa_4_6_9_1,Bágala (P),correg_pa_4_6_9,4-6-9-1
poblado_pa_4_6_9_2,Caña Blanca,correg_pa_4_6_9,4-6-9-2
poblado_pa_4_6_9_3,Corotú o Puentes los Ladrillos,correg_pa_4_6_9,4-6-9-3
poblado_pa_4_6_9_4,Corozal,correg_pa_4_6_9,4-6-9-4
poblado_pa_4_6_9_6,Palmilla o Finca las Palmilla,correg_pa_4_6_9,4-6-9-6
poblado_pa_4_6_9_7,Rincón Grande,correg_pa_4_6_9,4-6-9-7
poblado_pa_4_6_9_8,San Pablo Nuevo Abajo,correg_pa_4_6_9,4-6-9-8
poblado_pa_4_6_9_9,San Pablo Nuevo Arriba,correg_pa_4_6_9,4-6-9-9
poblado_pa_4_6_9_10,Finca Don Ricardo,correg_pa_4_6_9,4-6-9-10
poblado_pa_4_6_9_11,Campamento Corozal,correg_pa_4_6_9,4-6-9-11
poblado_pa_4_6_9_13,La Cucaracha,correg_pa_4_6_9,4-6-9-13
poblado_pa_4_6_9_14,Finca Progreso,correg_pa_4_6_9,4-6-9-14
poblado_pa_4_6_9_16,Urbanización Santa María (P),correg_pa_4_6_9,4-6-9-16
poblado_pa_4_6_9_17,Residencial los Ángeles,correg_pa_4_6_9,4-6-9-17
poblado_pa_4_6_9_18,Residencial Prados la Riviera,correg_pa_4_6_9,4-6-9-18
poblado_pa_4_6_10_1,Aguacatal,correg_pa_4_6_10,4-6-10-1
poblado_pa_4_6_10_4,Montilla,correg_pa_4_6_10,4-6-10-4
poblado_pa_4_6_10_5,San Juan del Tejal,correg_pa_4_6_10,4-6-10-5
poblado_pa_4_6_10_6,San Pablo Viejo Abajo,correg_pa_4_6_10,4-6-10-6
poblado_pa_4_6_10_7,San Pablo Viejo Arriba,correg_pa_4_6_10,4-6-10-7
poblado_pa_4_6_10_14,Coquito Abajo,correg_pa_4_6_10,4-6-10-14
poblado_pa_4_6_10_16,La Cola de San Pablo Viejo,correg_pa_4_6_10,4-6-10-16
poblado_pa_4_6_10_21,Residencial Villa Ana,correg_pa_4_6_10,4-6-10-21
poblado_pa_4_6_10_25,Residencial Aqualina,correg_pa_4_6_10,4-6-10-25
poblado_pa_4_6_10_26,Residencial Buenos Aires,correg_pa_4_6_10,4-6-10-26
poblado_pa_4_6_10_27,Residencial Condado Sur,correg_pa_4_6_10,4-6-10-27
poblado_pa_4_6_10_28,Residencial el Dorado,correg_pa_4_6_10,4-6-10-28
poblado_pa_4_6_10_29,Residencial Piamonte,correg_pa_4_6_10,4-6-10-29
poblado_pa_4_6_10_30,Villa Patricia,correg_pa_4_6_10,4-6-10-30
poblado_pa_4_6_10_31,Hacienda el Tecal,correg_pa_4_6_10,4-6-10-31
poblado_pa_4_6_10_32,Hacienda Real,correg_pa_4_6_10,4-6-10-32
poblado_pa_4_6_10_33,Hibiscus Villa,correg_pa_4_6_10,4-6-10-33
poblado_pa_4_6_10_34,Valle del Sur,correg_pa_4_6_10,4-6-10-34
poblado_pa_4_6_10_35,P.H. Villa de las Rosas,correg_pa_4_6_10,4-6-10-35
poblado_pa_4_6_10_36,Residencial Colinas de San Juan,correg_pa_4_6_10,4-6-10-36
poblado_pa_4_6_10_37,Residencial Coquito Heights,correg_pa_4_6_10,4-6-10-37
poblado_pa_4_6_10_38,Residencial los Tulipanes,correg_pa_4_6_10,4-6-10-38
poblado_pa_4_6_10_39,Residencial Montilla,correg_pa_4_6_10,4-6-10-39
poblado_pa_4_6_10_40,Residencial Valle de San Pablo,correg_pa_4_6_10,4-6-10-40
poblado_pa_4_6_10_41,Residencial Veranda,correg_pa_4_6_10,4-6-10-41
poblado_pa_4_6_10_42,Residencial Lomas de Aguacatal,correg_pa_4_6_10,4-6-10-42
poblado_pa_4_6_11_1,David (P),correg_pa_4_6_11,4-6-11-1
poblado_pa_4_6_11_2,Mangote,correg_pa_4_6_11,4-6-11-2
poblado_pa_4_6_12_1,David (P),correg_pa_4_6_12,4-6-12-1
poblado_pa_4_6_12_2,La Yeguada,correg_pa_4_6_12,4-6-12-2
poblado_pa_4_7_1_3,Cochea (P),correg_pa_4_7_1,4-7-1-3
poblado_pa_4_7_1_4,Dolega,correg_pa_4_7_1,4-7-1-4
poblado_pa_4_7_1_5,El Cacao,correg_pa_4_7_1,4-7-1-5
poblado_pa_4_7_1_6,El Flor,correg_pa_4_7_1,4-7-1-6
poblado_pa_4_7_1_8,Las Acequias (P),correg_pa_4_7_1,4-7-1-8
poblado_pa_4_7_1_12,Pueblo Nuevo,correg_pa_4_7_1,4-7-1-12
poblado_pa_4_7_1_15,Caña Blanca (P),correg_pa_4_7_1,4-7-1-15
poblado_pa_4_7_1_16,El Fifí,correg_pa_4_7_1,4-7-1-16
poblado_pa_4_7_1_17,Residencial San Francisco,correg_pa_4_7_1,4-7-1-17
poblado_pa_4_7_1_18,Urbanización Vía Boquete,correg_pa_4_7_1,4-7-1-18
poblado_pa_4_7_2_2,Chumical,correg_pa_4_7_2,4-7-2-2
poblado_pa_4_7_2_3,Dos Ríos o Dos Ríos Abajo,correg_pa_4_7_2,4-7-2-3
poblado_pa_4_7_2_4,Dos Ríos Arriba,correg_pa_4_7_2,4-7-2-4
poblado_pa_4_7_2_5,El Naranjal,correg_pa_4_7_2,4-7-2-5
poblado_pa_4_7_2_6,La Florida,correg_pa_4_7_2,4-7-2-6
poblado_pa_4_7_3_1,Caimito,correg_pa_4_7_3,4-7-3-1
poblado_pa_4_7_3_2,Los Anastacios,correg_pa_4_7_3,4-7-3-2
poblado_pa_4_7_3_3,Rincón Largo,correg_pa_4_7_3,4-7-3-3
poblado_pa_4_7_3_4,Bajo Hondo,correg_pa_4_7_3,4-7-3-4
poblado_pa_4_7_4_1,Brazo de Cochea,correg_pa_4_7_4,4-7-4-1
poblado_pa_4_7_4_2,Cabecera de Cochea,correg_pa_4_7_4,4-7-4-2
poblado_pa_4_7_4_3,Los Mameyes,correg_pa_4_7_4,4-7-4-3
poblado_pa_4_7_4_4,Potrerillos Arriba,correg_pa_4_7_4,4-7-4-4
poblado_pa_4_7_4_5,El Burro,correg_pa_4_7_4,4-7-4-5
poblado_pa_4_7_4_6,Finca Olimpo,correg_pa_4_7_4,4-7-4-6
poblado_pa_4_7_4_7,Las Brujas,correg_pa_4_7_4,4-7-4-7
poblado_pa_4_7_4_8,Residencial Altos del Naranjal,correg_pa_4_7_4,4-7-4-8
poblado_pa_4_7_5_1,Cochea (P),correg_pa_4_7_5,4-7-5-1
poblado_pa_4_7_5_2,Las Acequias (P),correg_pa_4_7_5,4-7-5-2
poblado_pa_4_7_5_3,Potrerillos Abajo,correg_pa_4_7_5,4-7-5-3
poblado_pa_4_7_5_4,Residencial los Cortijos de la Acequía,correg_pa_4_7_5,4-7-5-4
poblado_pa_4_7_6_1,El Banco,correg_pa_4_7_6,4-7-6-1
poblado_pa_4_7_6_2,Palma Real,correg_pa_4_7_6,4-7-6-2
poblado_pa_4_7_6_3,Rovira Abajo (P),correg_pa_4_7_6,4-7-6-3
poblado_pa_4_7_6_4,Rovira Arriba,correg_pa_4_7_6,4-7-6-4
poblado_pa_4_7_6_5,El Banco de Palmira,correg_pa_4_7_6,4-7-6-5
poblado_pa_4_7_6_6,Loma Alta (P),correg_pa_4_7_6,4-7-6-6
poblado_pa_4_7_6_7,Caña Blanca (P),correg_pa_4_7_6,4-7-6-7
poblado_pa_4_7_6_8,Santa Elena,correg_pa_4_7_6,4-7-6-8
poblado_pa_4_7_6_9,Cerro del Banco,correg_pa_4_7_6,4-7-6-9
poblado_pa_4_7_7_1,Balita,correg_pa_4_7_7,4-7-7-1
poblado_pa_4_7_7_2,Cermeño,correg_pa_4_7_7,4-7-7-2
poblado_pa_4_7_7_3,Conventillo,correg_pa_4_7_7,4-7-7-3
poblado_pa_4_7_7_4,Loma Alta (P),correg_pa_4_7_7,4-7-7-4
poblado_pa_4_7_7_5,Los Guásimos,correg_pa_4_7_7,4-7-7-5
poblado_pa_4_7_7_6,Los Palomos,correg_pa_4_7_7,4-7-7-6
poblado_pa_4_7_7_7,Rovira Abajo (P),correg_pa_4_7_7,4-7-7-7
poblado_pa_4_7_7_8,Tinajas,correg_pa_4_7_7,4-7-7-8
poblado_pa_4_7_7_10,Residencial los Cántaros,correg_pa_4_7_7,4-7-7-10
poblado_pa_4_7_8_1,Algarrobos Arriba,correg_pa_4_7_8,4-7-8-1
poblado_pa_4_7_8_2,Bejuco,correg_pa_4_7_8,4-7-8-2
poblado_pa_4_7_8_3,El Jagua,correg_pa_4_7_8,4-7-8-3
poblado_pa_4_7_8_4,Las Cañas,correg_pa_4_7_8,4-7-8-4
poblado_pa_4_7_8_5,Las Cañas Abajo,correg_pa_4_7_8,4-7-8-5
poblado_pa_4_7_8_6,Los Algarrobos,correg_pa_4_7_8,4-7-8-6
poblado_pa_4_7_8_7,Santa Rosa,correg_pa_4_7_8,4-7-8-7
poblado_pa_4_7_8_8,El Valle de Santa Rosa,correg_pa_4_7_8,4-7-8-8
poblado_pa_4_7_8_9,Urbanización Villa Layla,correg_pa_4_7_8,4-7-8-9
poblado_pa_4_7_8_10,Residencial Bariloche,correg_pa_4_7_8,4-7-8-10
poblado_pa_4_8_1_3,Algarrobal,correg_pa_4_8_1,4-8-1-3
poblado_pa_4_8_1_8,La Tollosa,correg_pa_4_8_1,4-8-1-8
poblado_pa_4_8_1_14,Barrigón,correg_pa_4_8_1,4-8-1-14
poblado_pa_4_8_1_15,Bella Vista,correg_pa_4_8_1,4-8-1-15
poblado_pa_4_8_1_16,Brazo de Tigre,correg_pa_4_8_1,4-8-1-16
poblado_pa_4_8_1_17,Brazo de Mono o Bajo Mono,correg_pa_4_8_1,4-8-1-17
poblado_pa_4_8_1_18,Buenos Aires (P),correg_pa_4_8_1,4-8-1-18
poblado_pa_4_8_1_20,Calle Larga,correg_pa_4_8_1,4-8-1-20
poblado_pa_4_8_1_22,Cerro Sabana,correg_pa_4_8_1,4-8-1-22
poblado_pa_4_8_1_24,La Chichicosa,correg_pa_4_8_1,4-8-1-24
poblado_pa_4_8_1_29,El Salado,correg_pa_4_8_1,4-8-1-29
poblado_pa_4_8_1_31,Flauta,correg_pa_4_8_1,4-8-1-31
poblado_pa_4_8_1_32,Guabo Abajo,correg_pa_4_8_1,4-8-1-32
poblado_pa_4_8_1_33,Guabo Arriba,correg_pa_4_8_1,4-8-1-33
poblado_pa_4_8_1_34,Guagarales,correg_pa_4_8_1,4-8-1-34
poblado_pa_4_8_1_35,Gualaca,correg_pa_4_8_1,4-8-1-35
poblado_pa_4_8_1_36,Gualaquita,correg_pa_4_8_1,4-8-1-36
poblado_pa_4_8_1_37,El Higuerón,correg_pa_4_8_1,4-8-1-37
poblado_pa_4_8_1_38,La Esperanza,correg_pa_4_8_1,4-8-1-38
poblado_pa_4_8_1_39,La Fila,correg_pa_4_8_1,4-8-1-39
poblado_pa_4_8_1_40,Las Colonias o el Palomo,correg_pa_4_8_1,4-8-1-40
poblado_pa_4_8_1_43,La Soledad,correg_pa_4_8_1,4-8-1-43
poblado_pa_4_8_1_44,La Vaca,correg_pa_4_8_1,4-8-1-44
poblado_pa_4_8_1_46,Loma Grande o Loma Larga,correg_pa_4_8_1,4-8-1-46
poblado_pa_4_8_1_47,Londres,correg_pa_4_8_1,4-8-1-47
poblado_pa_4_8_1_48,Los Naranjos,correg_pa_4_8_1,4-8-1-48
poblado_pa_4_8_1_49,Los Planes,correg_pa_4_8_1,4-8-1-49
poblado_pa_4_8_1_50,Mamecillal,correg_pa_4_8_1,4-8-1-50
poblado_pa_4_8_1_52,Pan de Azúcar,correg_pa_4_8_1,4-8-1-52
poblado_pa_4_8_1_56,Dos Brazos del Estí,correg_pa_4_8_1,4-8-1-56
poblado_pa_4_8_1_59,Bajo la Peña,correg_pa_4_8_1,4-8-1-59
poblado_pa_4_8_1_60,El Letrero (P),correg_pa_4_8_1,4-8-1-60
poblado_pa_4_8_1_63,Los Nísperos,correg_pa_4_8_1,4-8-1-63
poblado_pa_4_8_1_65,Aguacatal,correg_pa_4_8_1,4-8-1-65
poblado_pa_4_8_1_67,Las Guaquitas,correg_pa_4_8_1,4-8-1-67
poblado_pa_4_8_1_68,Loma Alta (P),correg_pa_4_8_1,4-8-1-68
poblado_pa_4_8_1_69,Londres Arriba,correg_pa_4_8_1,4-8-1-69
poblado_pa_4_8_1_71,Barriada Asociación Nuestra Señora de los Ángeles,correg_pa_4_8_1,4-8-1-71
poblado_pa_4_8_1_72,El Raizoso,correg_pa_4_8_1,4-8-1-72
poblado_pa_4_8_1_73,El Roble de Gualaca,correg_pa_4_8_1,4-8-1-73
poblado_pa_4_8_1_74,El Sitio,correg_pa_4_8_1,4-8-1-74
poblado_pa_4_8_1_75,Finca las Davelitas,correg_pa_4_8_1,4-8-1-75
poblado_pa_4_8_1_76,Finca Montana,correg_pa_4_8_1,4-8-1-76
poblado_pa_4_8_1_77,La Pita,correg_pa_4_8_1,4-8-1-77
poblado_pa_4_8_1_78,La Pita No. 1,correg_pa_4_8_1,4-8-1-78
poblado_pa_4_8_1_79,Barrial o Arco Iris (P),correg_pa_4_8_1,4-8-1-79
poblado_pa_4_8_2_1,Alto Nuevo de Fortuna,correg_pa_4_8_2,4-8-2-1
poblado_pa_4_8_2_2,Bajo Largo,correg_pa_4_8_2,4-8-2-2
poblado_pa_4_8_2_3,Chiriquicito,correg_pa_4_8_2,4-8-2-3
poblado_pa_4_8_2_4,El Cedro,correg_pa_4_8_2,4-8-2-4
poblado_pa_4_8_2_5,Entre Ríos,correg_pa_4_8_2,4-8-2-5
poblado_pa_4_8_2_6,Fortuna,correg_pa_4_8_2,4-8-2-6
poblado_pa_4_8_2_7,Guayabo Negro,correg_pa_4_8_2,4-8-2-7
poblado_pa_4_8_2_9,Las Marías,correg_pa_4_8_2,4-8-2-9
poblado_pa_4_8_2_10,Soledad,correg_pa_4_8_2,4-8-2-10
poblado_pa_4_8_2_11,Lavadero,correg_pa_4_8_2,4-8-2-11
poblado_pa_4_8_2_12,El Níspero,correg_pa_4_8_2,4-8-2-12
poblado_pa_4_8_2_13,Peña Blanca,correg_pa_4_8_2,4-8-2-13
poblado_pa_4_8_2_14,Pinola,correg_pa_4_8_2,4-8-2-14
poblado_pa_4_8_2_15,Pueblo Nuevo,correg_pa_4_8_2,4-8-2-15
poblado_pa_4_8_2_17,Sigua,correg_pa_4_8_2,4-8-2-17
poblado_pa_4_8_2_18,Valle de las Minas,correg_pa_4_8_2,4-8-2-18
poblado_pa_4_8_2_21,El Letrero (P),correg_pa_4_8_2,4-8-2-21
poblado_pa_4_8_2_22,Filipinas,correg_pa_4_8_2,4-8-2-22
poblado_pa_4_8_2_24,Pandura,correg_pa_4_8_2,4-8-2-24
poblado_pa_4_8_2_25,Alto de la Mina,correg_pa_4_8_2,4-8-2-25
poblado_pa_4_8_2_27,Nueva York,correg_pa_4_8_2,4-8-2-27
poblado_pa_4_8_2_28,Presión o Chimenea,correg_pa_4_8_2,4-8-2-28
poblado_pa_4_8_2_30,Alto de los Pinos,correg_pa_4_8_2,4-8-2-30
poblado_pa_4_8_2_31,Chiriquicito Abajo,correg_pa_4_8_2,4-8-2-31
poblado_pa_4_8_2_33,Cerro Prieto,correg_pa_4_8_2,4-8-2-33
poblado_pa_4_8_2_34,Quebrada Nueva,correg_pa_4_8_2,4-8-2-34
poblado_pa_4_8_2_35,Alto Frío,correg_pa_4_8_2,4-8-2-35
poblado_pa_4_8_2_36,Bajo León,correg_pa_4_8_2,4-8-2-36
poblado_pa_4_8_2_37,Barrial o Arco Iris (P),correg_pa_4_8_2,4-8-2-37
poblado_pa_4_8_2_39,La Bamba,correg_pa_4_8_2,4-8-2-39
poblado_pa_4_8_2_40,Masigal,correg_pa_4_8_2,4-8-2-40
poblado_pa_4_8_3_1,Alto Bonito,correg_pa_4_8_3,4-8-3-1
poblado_pa_4_8_3_3,El Higo,correg_pa_4_8_3,4-8-3-3
poblado_pa_4_8_3_4,Las Huacas,correg_pa_4_8_3,4-8-3-4
poblado_pa_4_8_3_5,Los Ángeles Arriba,correg_pa_4_8_3,4-8-3-5
poblado_pa_4_8_3_6,Bajo Bonito,correg_pa_4_8_3,4-8-3-6
poblado_pa_4_8_3_7,Caña Blanca,correg_pa_4_8_3,4-8-3-7
poblado_pa_4_8_3_10,Chorchita,correg_pa_4_8_3,4-8-3-10
poblado_pa_4_8_3_12,Los Bongos,correg_pa_4_8_3,4-8-3-12
poblado_pa_4_8_3_19,Los Ángeles,correg_pa_4_8_3,4-8-3-19
poblado_pa_4_8_3_20,Los Ladrillos,correg_pa_4_8_3,4-8-3-20
poblado_pa_4_8_3_22,Sardina,correg_pa_4_8_3,4-8-3-22
poblado_pa_4_8_3_23,Galerita o Cerro Galerita (P),correg_pa_4_8_3,4-8-3-23
poblado_pa_4_8_3_24,Cordillera,correg_pa_4_8_3,4-8-3-24
poblado_pa_4_8_3_25,El Macho,correg_pa_4_8_3,4-8-3-25
poblado_pa_4_8_3_28,Finca Vallarta,correg_pa_4_8_3,4-8-3-28
poblado_pa_4_8_3_29,Chorchita Arriba (P),correg_pa_4_8_3,4-8-3-29
poblado_pa_4_8_3_32,Guabo,correg_pa_4_8_3,4-8-3-32
poblado_pa_4_8_3_33,Junta Many o Miry (P),correg_pa_4_8_3,4-8-3-33
poblado_pa_4_8_4_1,Bajo Méndez,correg_pa_4_8_4,4-8-4-1
poblado_pa_4_8_4_2,Buenos Aires (P),correg_pa_4_8_4,4-8-4-2
poblado_pa_4_8_4_3,Cerro Cacho,correg_pa_4_8_4,4-8-4-3
poblado_pa_4_8_4_4,Calabazal,correg_pa_4_8_4,4-8-4-4
poblado_pa_4_8_4_6,Cuchilla,correg_pa_4_8_4,4-8-4-6
poblado_pa_4_8_4_8,Chalapa,correg_pa_4_8_4,4-8-4-8
poblado_pa_4_8_4_9,Chalapita,correg_pa_4_8_4,4-8-4-9
poblado_pa_4_8_4_11,Guabal,correg_pa_4_8_4,4-8-4-11
poblado_pa_4_8_4_12,La Graciosa,correg_pa_4_8_4,4-8-4-12
poblado_pa_4_8_4_13,La Palma,correg_pa_4_8_4,4-8-4-13
poblado_pa_4_8_4_15,El Amarillo,correg_pa_4_8_4,4-8-4-15
poblado_pa_4_8_4_16,Los Pozos,correg_pa_4_8_4,4-8-4-16
poblado_pa_4_8_4_17,Macanito,correg_pa_4_8_4,4-8-4-17
poblado_pa_4_8_4_19,Paja de Sombrero,correg_pa_4_8_4,4-8-4-19
poblado_pa_4_8_4_21,Loma Alta (P),correg_pa_4_8_4,4-8-4-21
poblado_pa_4_8_4_22,Cucua,correg_pa_4_8_4,4-8-4-22
poblado_pa_4_8_4_23,Bajo el Mango,correg_pa_4_8_4,4-8-4-23
poblado_pa_4_8_4_24,Barrial o Arco Iris (P),correg_pa_4_8_4,4-8-4-24
poblado_pa_4_8_5_1,Bajo Chorcha,correg_pa_4_8_5,4-8-5-1
poblado_pa_4_8_5_2,Bajo Gualaca,correg_pa_4_8_5,4-8-5-2
poblado_pa_4_8_5_5,Galerita o Cerro Galerita (P),correg_pa_4_8_5,4-8-5-5
poblado_pa_4_8_5_7,La Huaca,correg_pa_4_8_5,4-8-5-7
poblado_pa_4_8_5_8,La Victoria,correg_pa_4_8_5,4-8-5-8
poblado_pa_4_8_5_9,Mata Rica,correg_pa_4_8_5,4-8-5-9
poblado_pa_4_8_5_10,Perú,correg_pa_4_8_5,4-8-5-10
poblado_pa_4_8_5_11,Plan de la Galera (P),correg_pa_4_8_5,4-8-5-11
poblado_pa_4_8_5_12,Quebrada Laja,correg_pa_4_8_5,4-8-5-12
poblado_pa_4_8_5_13,Redondito,correg_pa_4_8_5,4-8-5-13
poblado_pa_4_8_5_14,Rincón,correg_pa_4_8_5,4-8-5-14
poblado_pa_4_8_5_15,Veladero (P),correg_pa_4_8_5,4-8-5-15
poblado_pa_4_9_1_1,Hato Trafal,correg_pa_4_9_1,4-9-1-1
poblado_pa_4_9_1_3,Boca Vieja,correg_pa_4_9_1,4-9-1-3
poblado_pa_4_9_1_4,Cabrera,correg_pa_4_9_1,4-9-1-4
poblado_pa_4_9_1_11,El Puerto (P),correg_pa_4_9_1,4-9-1-11
poblado_pa_4_9_1_27,La Playa,correg_pa_4_9_1,4-9-1-27
poblado_pa_4_9_1_30,Llano Correa,correg_pa_4_9_1,4-9-1-30
poblado_pa_4_9_1_31,Isla Cangrejo,correg_pa_4_9_1,4-9-1-31
poblado_pa_4_9_1_32,Finca Miraflores (P),correg_pa_4_9_1,4-9-1-32
poblado_pa_4_9_1_35,Remedios,correg_pa_4_9_1,4-9-1-35
poblado_pa_4_9_2_2,Boquibajo,correg_pa_4_9_2,4-9-2-2
poblado_pa_4_9_2_3,Boquibajo Arriba,correg_pa_4_9_2,4-9-2-3
poblado_pa_4_9_2_7,El Nancito,correg_pa_4_9_2,4-9-2-7
poblado_pa_4_9_2_8,Río Santiago,correg_pa_4_9_2,4-9-2-8
poblado_pa_4_9_2_10,La Peña,correg_pa_4_9_2,4-9-2-10
poblado_pa_4_9_2_11,Naranjal,correg_pa_4_9_2,4-9-2-11
poblado_pa_4_9_2_12,Potrero de Olla (P),correg_pa_4_9_2,4-9-2-12
poblado_pa_4_9_2_19,Salado Abajo,correg_pa_4_9_2,4-9-2-19
poblado_pa_4_9_2_20,Olá (P),correg_pa_4_9_2,4-9-2-20
poblado_pa_4_9_2_21,Río Santiago Abajo,correg_pa_4_9_2,4-9-2-21
poblado_pa_4_9_2_22,Río Santiago Arriba (P),correg_pa_4_9_2,4-9-2-22
poblado_pa_4_9_2_24,Sardina o Lajero Abajo (P),correg_pa_4_9_2,4-9-2-24
poblado_pa_4_9_2_25,El Lirio,correg_pa_4_9_2,4-9-2-25
poblado_pa_4_9_2_26,La Isleta,correg_pa_4_9_2,4-9-2-26
poblado_pa_4_9_3_3,Cerro Pelado,correg_pa_4_9_3,4-9-3-3
poblado_pa_4_9_3_4,El Porvenir,correg_pa_4_9_3,4-9-3-4
poblado_pa_4_9_3_5,Escodu (P),correg_pa_4_9_3,4-9-3-5
poblado_pa_4_9_3_6,Finca Miraflores (P),correg_pa_4_9_3,4-9-3-6
poblado_pa_4_9_3_7,Guabal,correg_pa_4_9_3,4-9-3-7
poblado_pa_4_9_3_8,La Bruja,correg_pa_4_9_3,4-9-3-8
poblado_pa_4_9_3_9,San Ignacio del Cucuy,correg_pa_4_9_3,4-9-3-9
poblado_pa_4_9_3_10,Finca Santa Lucía o Loma del Viento (P),correg_pa_4_9_3,4-9-3-10
poblado_pa_4_9_4_1,Corobo,correg_pa_4_9_4,4-9-4-1
poblado_pa_4_9_4_3,El Puerto (P),correg_pa_4_9_4,4-9-4-3
poblado_pa_4_9_4_4,Hato Antioquía (P),correg_pa_4_9_4,4-9-4-4
poblado_pa_4_9_4_6,Isla Jarascosa o la Joroscosa,correg_pa_4_9_4,4-9-4-6
poblado_pa_4_9_4_7,Isla la Palma,correg_pa_4_9_4,4-9-4-7
poblado_pa_4_9_4_8,Isla Pan de Azúcar,correg_pa_4_9_4,4-9-4-8
poblado_pa_4_9_4_9,Isla Santa Catalina,correg_pa_4_9_4,4-9-4-9
poblado_pa_4_9_4_10,Mogote del Puerto,correg_pa_4_9_4,4-9-4-10
poblado_pa_4_9_5_2,El María,correg_pa_4_9_5,4-9-5-2
poblado_pa_4_9_5_3,Escodu (P),correg_pa_4_9_5,4-9-5-3
poblado_pa_4_9_5_4,Hato Ruíz,correg_pa_4_9_5,4-9-5-4
poblado_pa_4_9_5_5,Hato San José,correg_pa_4_9_5,4-9-5-5
poblado_pa_4_9_5_6,La Mina,correg_pa_4_9_5,4-9-5-6
poblado_pa_4_9_5_7,Orema (P),correg_pa_4_9_5,4-9-5-7
poblado_pa_4_9_5_10,Finca Santa Lucía o Loma del Viento (P),correg_pa_4_9_5,4-9-5-10
poblado_pa_4_9_5_11,Finca Ricardo Barría,correg_pa_4_9_5,4-9-5-11
poblado_pa_4_9_5_12,Río Salao,correg_pa_4_9_5,4-9-5-12
poblado_pa_4_10_1_1,Altamira,correg_pa_4_10_1,4-10-1-1
poblado_pa_4_10_1_2,Alto Cerrón,correg_pa_4_10_1,4-10-1-2
poblado_pa_4_10_1_3,La Unión,correg_pa_4_10_1,4-10-1-3
poblado_pa_4_10_1_5,Piedra Candela,correg_pa_4_10_1,4-10-1-5
poblado_pa_4_10_1_6,Rio Sereno,correg_pa_4_10_1,4-10-1-6
poblado_pa_4_10_1_7,Zambrano,correg_pa_4_10_1,4-10-1-7
poblado_pa_4_10_1_9,Bella Vista,correg_pa_4_10_1,4-10-1-9
poblado_pa_4_10_1_10,Bajo la Unión,correg_pa_4_10_1,4-10-1-10
poblado_pa_4_10_1_11,Bajo Cerrón,correg_pa_4_10_1,4-10-1-11
poblado_pa_4_10_1_12,Copal (P),correg_pa_4_10_1,4-10-1-12
poblado_pa_4_10_1_13,Jurutungo,correg_pa_4_10_1,4-10-1-13
poblado_pa_4_10_1_14,Miraflores,correg_pa_4_10_1,4-10-1-14
poblado_pa_4_10_1_15,Los Pinos,correg_pa_4_10_1,4-10-1-15
poblado_pa_4_10_1_16,Pantanal,correg_pa_4_10_1,4-10-1-16
poblado_pa_4_10_2_1,Bajo Hornito,correg_pa_4_10_2,4-10-2-1
poblado_pa_4_10_2_2,Bajos de Zapatero,correg_pa_4_10_2,4-10-2-2
poblado_pa_4_10_2_4,Breñón,correg_pa_4_10_2,4-10-2-4
poblado_pa_4_10_2_5,Alto Brujo,correg_pa_4_10_2,4-10-2-5
poblado_pa_4_10_2_6,Alto Pavón,correg_pa_4_10_2,4-10-2-6
poblado_pa_4_10_2_9,La Potra,correg_pa_4_10_2,4-10-2-9
poblado_pa_4_10_2_11,Ojo de Agua,correg_pa_4_10_2,4-10-2-11
poblado_pa_4_10_2_12,Quebrada de Vueltas (P),correg_pa_4_10_2,4-10-2-12
poblado_pa_4_10_2_13,Salsipuedes,correg_pa_4_10_2,4-10-2-13
poblado_pa_4_10_2_14,Mamey,correg_pa_4_10_2,4-10-2-14
poblado_pa_4_10_2_15,Entrada de Salsipuedes,correg_pa_4_10_2,4-10-2-15
poblado_pa_4_10_2_17,Limoncito,correg_pa_4_10_2,4-10-2-17
poblado_pa_4_10_2_18,Brazo Seco,correg_pa_4_10_2,4-10-2-18
poblado_pa_4_10_2_19,La Bonita (P),correg_pa_4_10_2,4-10-2-19
poblado_pa_4_10_3_1,Alto Quiel,correg_pa_4_10_3,4-10-3-1
poblado_pa_4_10_3_3,Bajos de Chiriquí,correg_pa_4_10_3,4-10-3-3
poblado_pa_4_10_3_4,Cañas Gordas,correg_pa_4_10_3,4-10-3-4
poblado_pa_4_10_3_5,Copal (P),correg_pa_4_10_3,4-10-3-5
poblado_pa_4_10_3_6,Las Delicias,correg_pa_4_10_3,4-10-3-6
poblado_pa_4_10_3_8,Los Planes,correg_pa_4_10_3,4-10-3-8
poblado_pa_4_10_3_9,Mosquito o Porvenir,correg_pa_4_10_3,4-10-3-9
poblado_pa_4_10_3_10,Nueva Delhi,correg_pa_4_10_3,4-10-3-10
poblado_pa_4_10_3_11,Quebrada de Vueltas (P),correg_pa_4_10_3,4-10-3-11
poblado_pa_4_10_4_1,San Antonio,correg_pa_4_10_4,4-10-4-1
poblado_pa_4_10_4_2,Campo Alegre,correg_pa_4_10_4,4-10-4-2
poblado_pa_4_10_4_4,Monte Lirio,correg_pa_4_10_4,4-10-4-4
poblado_pa_4_10_4_7,Santa Clara Abajo,correg_pa_4_10_4,4-10-4-7
poblado_pa_4_10_4_14,San Antonio Arriba o Chiquero,correg_pa_4_10_4,4-10-4-14
poblado_pa_4_10_4_15,Valle del Centinela o Bajo Chitra,correg_pa_4_10_4,4-10-4-15
poblado_pa_4_10_4_17,Pacora,correg_pa_4_10_4,4-10-4-17
poblado_pa_4_10_4_20,Villa Lourdes,correg_pa_4_10_4,4-10-4-20
poblado_pa_4_10_4_21,La Fuente,correg_pa_4_10_4,4-10-4-21
poblado_pa_4_10_5_1,Alto de la Mina,correg_pa_4_10_5,4-10-5-1
poblado_pa_4_10_5_2,Caisán Centro o Caisán Abajo,correg_pa_4_10_5,4-10-5-2
poblado_pa_4_10_5_4,Guabito,correg_pa_4_10_5,4-10-5-4
poblado_pa_4_10_5_5,Plaza de Caisán,correg_pa_4_10_5,4-10-5-5
poblado_pa_4_10_5_6,Caisán Primavera,correg_pa_4_10_5,4-10-5-6
poblado_pa_4_10_5_8,El Valle de la Mina,correg_pa_4_10_5,4-10-5-8
poblado_pa_4_10_5_9,El Cruce de Caisán,correg_pa_4_10_5,4-10-5-9
poblado_pa_4_10_5_12,La Fila de Caisán (P),correg_pa_4_10_5,4-10-5-12
poblado_pa_4_10_5_13,Las Lagunas (P),correg_pa_4_10_5,4-10-5-13
poblado_pa_4_10_5_14,Alto Chiriquí,correg_pa_4_10_5,4-10-5-14
poblado_pa_4_10_5_15,Bajo Fila de Caisán,correg_pa_4_10_5,4-10-5-15
poblado_pa_4_10_5_16,Barriles (P),correg_pa_4_10_5,4-10-5-16
poblado_pa_4_10_6_1,Baitún Abajo,correg_pa_4_10_6,4-10-6-1
poblado_pa_4_10_6_2,Baitún Arriba,correg_pa_4_10_6,4-10-6-2
poblado_pa_4_10_6_10,La Bonita (P),correg_pa_4_10_6,4-10-6-10
poblado_pa_4_10_6_13,Mamey Abajo,correg_pa_4_10_6,4-10-6-13
poblado_pa_4_10_6_14,Mamey Arriba,correg_pa_4_10_6,4-10-6-14
poblado_pa_4_10_6_16,Pavón Arriba (P),correg_pa_4_10_6,4-10-6-16
poblado_pa_4_10_6_18,Salitral (P),correg_pa_4_10_6,4-10-6-18
poblado_pa_4_10_6_19,Santa Cruz,correg_pa_4_10_6,4-10-6-19
poblado_pa_4_10_6_23,Agua Fría,correg_pa_4_10_6,4-10-6-23
poblado_pa_4_10_6_26,Palmas Bellas (P),correg_pa_4_10_6,4-10-6-26
poblado_pa_4_10_7_1,Alto Bonito,correg_pa_4_10_7,4-10-7-1
poblado_pa_4_10_7_2,Bajo Caisán (P),correg_pa_4_10_7,4-10-7-2
poblado_pa_4_10_7_3,Cañas Blancas,correg_pa_4_10_7,4-10-7-3
poblado_pa_4_10_7_4,Cañas Blancas Abajo,correg_pa_4_10_7,4-10-7-4
poblado_pa_4_10_7_5,Cañas Blancas Arriba,correg_pa_4_10_7,4-10-7-5
poblado_pa_4_10_7_6,Cañas Blancas Centro,correg_pa_4_10_7,4-10-7-6
poblado_pa_4_10_7_7,Cerro de Paja,correg_pa_4_10_7,4-10-7-7
poblado_pa_4_10_7_8,Dominical,correg_pa_4_10_7,4-10-7-8
poblado_pa_4_10_7_9,La Divisa,correg_pa_4_10_7,4-10-7-9
poblado_pa_4_10_7_10,Las Planuras,correg_pa_4_10_7,4-10-7-10
poblado_pa_4_10_7_11,Pavón Arriba (P),correg_pa_4_10_7,4-10-7-11
poblado_pa_4_10_8_1,Cotito (P),correg_pa_4_10_8,4-10-8-1
poblado_pa_4_10_8_2,Palmarito,correg_pa_4_10_8,4-10-8-2
poblado_pa_4_10_8_4,Río Guisado,correg_pa_4_10_8,4-10-8-4
poblado_pa_4_10_8_5,Río Guisado Arriba,correg_pa_4_10_8,4-10-8-5
poblado_pa_4_10_8_6,Santa Clara,correg_pa_4_10_8,4-10-8-6
poblado_pa_4_11_1_3,Hato del Rosario,correg_pa_4_11_1,4-11-1-3
poblado_pa_4_11_1_8,La Divisa,correg_pa_4_11_1,4-11-1-8
poblado_pa_4_11_1_12,Las Lajas,correg_pa_4_11_1,4-11-1-12
poblado_pa_4_11_1_13,Playa Jobo o las Lajas,correg_pa_4_11_1,4-11-1-13
poblado_pa_4_11_1_15,Rincón Largo o Buenos Aires,correg_pa_4_11_1,4-11-1-15
poblado_pa_4_11_1_17,Boca de San Félix,correg_pa_4_11_1,4-11-1-17
poblado_pa_4_11_1_19,Los Derramaderos,correg_pa_4_11_1,4-11-1-19
poblado_pa_4_11_1_20,Higo Mocho o Nueva Florida (P),correg_pa_4_11_1,4-11-1-20
poblado_pa_4_11_1_22,Las Tres Palmeras,correg_pa_4_11_1,4-11-1-22
poblado_pa_4_11_1_23,Entrada A Playa Lajas,correg_pa_4_11_1,4-11-1-23
poblado_pa_4_11_2_2,Juay,correg_pa_4_11_2,4-11-2-2
poblado_pa_4_11_2_3,Boca de Quebrada Tigre,correg_pa_4_11_2,4-11-2-3
poblado_pa_4_11_2_4,Cachele,correg_pa_4_11_2,4-11-2-4
poblado_pa_4_11_2_5,Cerro Brisas (P),correg_pa_4_11_2,4-11-2-5
poblado_pa_4_11_2_6,Chumicoso,correg_pa_4_11_2,4-11-2-6
poblado_pa_4_11_2_9,Juay o las Mareas (P),correg_pa_4_11_2,4-11-2-9
poblado_pa_4_11_2_11,Mangote,correg_pa_4_11_2,4-11-2-11
poblado_pa_4_11_2_16,Juay Arriba,correg_pa_4_11_2,4-11-2-16
poblado_pa_4_11_2_18,Boca de Macho (P),correg_pa_4_11_2,4-11-2-18
poblado_pa_4_11_2_20,Finca Marucci,correg_pa_4_11_2,4-11-2-20
poblado_pa_4_11_3_1,Bajo Jacoy,correg_pa_4_11_3,4-11-3-1
poblado_pa_4_11_3_2,Higo Mocho o Nueva Florida (P),correg_pa_4_11_3,4-11-3-2
poblado_pa_4_11_3_3,Juan Vaca o las Delicias,correg_pa_4_11_3,4-11-3-3
poblado_pa_4_11_3_4,Lajas Adentro,correg_pa_4_11_3,4-11-3-4
poblado_pa_4_11_3_5,Silimín (P),correg_pa_4_11_3,4-11-3-5
poblado_pa_4_11_3_6,Urbanización el Carrizal,correg_pa_4_11_3,4-11-3-6
poblado_pa_4_11_4_1,La Esmeralda,correg_pa_4_11_4,4-11-4-1
poblado_pa_4_11_4_2,Galique (P),correg_pa_4_11_4,4-11-4-2
poblado_pa_4_11_4_3,Guarumo,correg_pa_4_11_4,4-11-4-3
poblado_pa_4_11_4_6,Las Matas,correg_pa_4_11_4,4-11-4-6
poblado_pa_4_11_4_9,San Félix,correg_pa_4_11_4,4-11-4-9
poblado_pa_4_11_4_10,Sardina,correg_pa_4_11_4,4-11-4-10
poblado_pa_4_11_4_11,Silimín (P),correg_pa_4_11_4,4-11-4-11
poblado_pa_4_11_4_12,Pozos de Galique,correg_pa_4_11_4,4-11-4-12
poblado_pa_4_11_4_15,El Corocito,correg_pa_4_11_4,4-11-4-15
poblado_pa_4_11_4_16,Hato Julí (P),correg_pa_4_11_4,4-11-4-16
poblado_pa_4_11_4_18,Entrada de Guayabal,correg_pa_4_11_4,4-11-4-18
poblado_pa_4_11_4_19,Finca Jované,correg_pa_4_11_4,4-11-4-19
poblado_pa_4_11_4_20,Finca Méndez,correg_pa_4_11_4,4-11-4-20
poblado_pa_4_11_4_21,Finca Saldaña,correg_pa_4_11_4,4-11-4-21
poblado_pa_4_11_4_22,Barriada Coronel,correg_pa_4_11_4,4-11-4-22
poblado_pa_4_11_4_23,Finca la Esmeralda,correg_pa_4_11_4,4-11-4-23
poblado_pa_4_11_4_24,Juay o las Mareas (P),correg_pa_4_11_4,4-11-4-24
poblado_pa_4_11_4_25,Kuerima (P),correg_pa_4_11_4,4-11-4-25
poblado_pa_4_11_4_26,Los Ángeles,correg_pa_4_11_4,4-11-4-26
poblado_pa_4_11_4_27,Sabanitas (P),correg_pa_4_11_4,4-11-4-27
poblado_pa_4_11_5_2,La Isla del Dupí o Finca los Negritos,correg_pa_4_11_5,4-11-5-2
poblado_pa_4_11_5_3,Santa Cruz,correg_pa_4_11_5,4-11-5-3
poblado_pa_4_11_5_4,Finca del Italiano,correg_pa_4_11_5,4-11-5-4
poblado_pa_4_11_5_5,Finca Quirozca,correg_pa_4_11_5,4-11-5-5
poblado_pa_4_12_1_1,Cangrejal,correg_pa_4_12_1,4-12-1-1
poblado_pa_4_12_1_3,Marañón,correg_pa_4_12_1,4-12-1-3
poblado_pa_4_12_1_4,Horconcitos (P),correg_pa_4_12_1,4-12-1-4
poblado_pa_4_12_1_6,La Garita,correg_pa_4_12_1,4-12-1-6
poblado_pa_4_12_1_7,El Salaito,correg_pa_4_12_1,4-12-1-7
poblado_pa_4_12_2_1,Isla Boca Brava,correg_pa_4_12_2,4-12-2-1
poblado_pa_4_12_2_2,Boca Chica,correg_pa_4_12_2,4-12-2-2
poblado_pa_4_12_2_3,Cuchara o las Yayas,correg_pa_4_12_2,4-12-2-3
poblado_pa_4_12_2_4,Estero de la Montaña o Abraham,correg_pa_4_12_2,4-12-2-4
poblado_pa_4_12_2_7,Guacalito o Finca Guacalito,correg_pa_4_12_2,4-12-2-7
poblado_pa_4_12_2_8,Isla de Cedro,correg_pa_4_12_2,4-12-2-8
poblado_pa_4_12_2_9,Isla Ventanas,correg_pa_4_12_2,4-12-2-9
poblado_pa_4_12_2_10,Playa Rincón,correg_pa_4_12_2,4-12-2-10
poblado_pa_4_12_2_12,Palenque,correg_pa_4_12_2,4-12-2-12
poblado_pa_4_12_2_13,Residencial Ocean Front,correg_pa_4_12_2,4-12-2-13
poblado_pa_4_12_2_16,Playa Hermosa,correg_pa_4_12_2,4-12-2-16
poblado_pa_4_12_2_17,Punta Boca Brava o Estero de los Perros,correg_pa_4_12_2,4-12-2-17
poblado_pa_4_12_2_20,Bajo Calabazal,correg_pa_4_12_2,4-12-2-20
poblado_pa_4_12_2_22,Pueblito o Muertito,correg_pa_4_12_2,4-12-2-22
poblado_pa_4_12_2_23,Los Bajos,correg_pa_4_12_2,4-12-2-23
poblado_pa_4_12_2_24,Estero del Bongo,correg_pa_4_12_2,4-12-2-24
poblado_pa_4_12_2_27,"Proyecto de Reforestación ""Planeta Verde""",correg_pa_4_12_2,4-12-2-27
poblado_pa_4_12_2_30,Finca Villalobos,correg_pa_4_12_2,4-12-2-30
poblado_pa_4_12_2_31,Gone Fishing Panamá Resort,correg_pa_4_12_2,4-12-2-31
poblado_pa_4_12_2_32,El Mogote de Manuel,correg_pa_4_12_2,4-12-2-32
poblado_pa_4_12_2_33,El Mogote de Nicho,correg_pa_4_12_2,4-12-2-33
poblado_pa_4_12_2_34,Finca el Papillo,correg_pa_4_12_2,4-12-2-34
poblado_pa_4_12_2_35,Isla Torta,correg_pa_4_12_2,4-12-2-35
poblado_pa_4_12_2_36,La Islita,correg_pa_4_12_2,4-12-2-36
poblado_pa_4_12_2_37,Playa Gavilla,correg_pa_4_12_2,4-12-2-37
poblado_pa_4_12_2_38,Punta Bejuco,correg_pa_4_12_2,4-12-2-38
poblado_pa_4_12_3_1,Brazo Grande de Corrales,correg_pa_4_12_3,4-12-3-1
poblado_pa_4_12_3_2,Alambique,correg_pa_4_12_3,4-12-3-2
poblado_pa_4_12_3_4,Bajo Hato Corrales,correg_pa_4_12_3,4-12-3-4
poblado_pa_4_12_3_5,Balita,correg_pa_4_12_3,4-12-3-5
poblado_pa_4_12_3_6,Barro Blanco,correg_pa_4_12_3,4-12-3-6
poblado_pa_4_12_3_7,Boca del Monte,correg_pa_4_12_3,4-12-3-7
poblado_pa_4_12_3_8,Boca de Quebrada de Hacha [P],correg_pa_4_12_3,4-12-3-8
poblado_pa_4_12_3_9,Boca del Río Chiquito,correg_pa_4_12_3,4-12-3-9
poblado_pa_4_12_3_11,Llano San Martín,correg_pa_4_12_3,4-12-3-11
poblado_pa_4_12_3_12,Cañafístulo,correg_pa_4_12_3,4-12-3-12
poblado_pa_4_12_3_13,Cañaza,correg_pa_4_12_3,4-12-3-13
poblado_pa_4_12_3_16,Bajo Corrales,correg_pa_4_12_3,4-12-3-16
poblado_pa_4_12_3_18,El Garrote,correg_pa_4_12_3,4-12-3-18
poblado_pa_4_12_3_19,El María,correg_pa_4_12_3,4-12-3-19
poblado_pa_4_12_3_21,El Piral,correg_pa_4_12_3,4-12-3-21
poblado_pa_4_12_3_25,Jazmín,correg_pa_4_12_3,4-12-3-25
poblado_pa_4_12_3_28,El Recodo,correg_pa_4_12_3,4-12-3-28
poblado_pa_4_12_3_29,La Catalina,correg_pa_4_12_3,4-12-3-29
poblado_pa_4_12_3_31,Finca Corrales,correg_pa_4_12_3,4-12-3-31
poblado_pa_4_12_3_32,La Guadalupe,correg_pa_4_12_3,4-12-3-32
poblado_pa_4_12_3_33,La Isidora,correg_pa_4_12_3,4-12-3-33
poblado_pa_4_12_3_35,Las Huacas o Altos de las Huacas,correg_pa_4_12_3,4-12-3-35
poblado_pa_4_12_3_37,Las Tres Bocas,correg_pa_4_12_3,4-12-3-37
poblado_pa_4_12_3_38,Las Vueltas,correg_pa_4_12_3,4-12-3-38
poblado_pa_4_12_3_39,Los Castillos,correg_pa_4_12_3,4-12-3-39
poblado_pa_4_12_3_43,Llano Martín,correg_pa_4_12_3,4-12-3-43
poblado_pa_4_12_3_44,Madroñal o las Vueltas,correg_pa_4_12_3,4-12-3-44
poblado_pa_4_12_3_45,Pasmo,correg_pa_4_12_3,4-12-3-45
poblado_pa_4_12_3_46,Paso Ganado,correg_pa_4_12_3,4-12-3-46
poblado_pa_4_12_3_48,Perico,correg_pa_4_12_3,4-12-3-48
poblado_pa_4_12_3_50,Puerto Victoria o las Vueltas,correg_pa_4_12_3,4-12-3-50
poblado_pa_4_12_3_51,Río Chiquito,correg_pa_4_12_3,4-12-3-51
poblado_pa_4_12_3_52,Quebrada Honda,correg_pa_4_12_3,4-12-3-52
poblado_pa_4_12_3_54,Sábalo,correg_pa_4_12_3,4-12-3-54
poblado_pa_4_12_3_55,Tierras Negras,correg_pa_4_12_3,4-12-3-55
poblado_pa_4_12_3_56,Alto Chumico,correg_pa_4_12_3,4-12-3-56
poblado_pa_4_12_3_57,Llano del Nance,correg_pa_4_12_3,4-12-3-57
poblado_pa_4_12_3_58,El Barrero,correg_pa_4_12_3,4-12-3-58
poblado_pa_4_12_3_59,Quebrada Gallota,correg_pa_4_12_3,4-12-3-59
poblado_pa_4_12_3_60,Alto Jazmín,correg_pa_4_12_3,4-12-3-60
poblado_pa_4_12_3_61,Llano Cecilia,correg_pa_4_12_3,4-12-3-61
poblado_pa_4_12_3_62,La Isla o Puerto Escondido,correg_pa_4_12_3,4-12-3-62
poblado_pa_4_12_3_64,Bajo Chorcha,correg_pa_4_12_3,4-12-3-64
poblado_pa_4_12_3_67,Cerro Pavón [P],correg_pa_4_12_3,4-12-3-67
poblado_pa_4_12_3_68,Alto Corrales,correg_pa_4_12_3,4-12-3-68
poblado_pa_4_12_3_72,Plan de la Galera [P],correg_pa_4_12_3,4-12-3-72
poblado_pa_4_12_3_73,Quebrada Pita,correg_pa_4_12_3,4-12-3-73
poblado_pa_4_12_3_74,Quebrada Hacha (P),correg_pa_4_12_3,4-12-3-74
poblado_pa_4_12_3_75,Finca Ganadera el Sol,correg_pa_4_12_3,4-12-3-75
poblado_pa_4_12_4_6,Cieneguita,correg_pa_4_12_4,4-12-4-6
poblado_pa_4_12_4_7,Coquillo,correg_pa_4_12_4,4-12-4-7
poblado_pa_4_12_4_9,Guineal,correg_pa_4_12_4,4-12-4-9
poblado_pa_4_12_4_12,La Isleta,correg_pa_4_12_4,4-12-4-12
poblado_pa_4_12_4_17,Pueblito,correg_pa_4_12_4,4-12-4-17
poblado_pa_4_12_4_20,San Juan o Cerrillos,correg_pa_4_12_4,4-12-4-20
poblado_pa_4_12_4_24,Zapotal,correg_pa_4_12_4,4-12-4-24
poblado_pa_4_12_4_34,Guineales,correg_pa_4_12_4,4-12-4-34
poblado_pa_4_12_4_36,Potrero de Palma (P),correg_pa_4_12_4,4-12-4-36
poblado_pa_4_12_4_37,La Ensenada,correg_pa_4_12_4,4-12-4-37
poblado_pa_4_12_5_2,El Rincón,correg_pa_4_12_5,4-12-5-2
poblado_pa_4_12_5_3,El Burro,correg_pa_4_12_5,4-12-5-3
poblado_pa_4_12_5_4,El Jobo,correg_pa_4_12_5,4-12-5-4
poblado_pa_4_12_5_6,Playa Nanzal,correg_pa_4_12_5,4-12-5-6
poblado_pa_4_12_5_8,Islas Secas,correg_pa_4_12_5,4-12-5-8
poblado_pa_4_12_5_9,La Sana,correg_pa_4_12_5,4-12-5-9
poblado_pa_4_12_5_10,Llano Horcón,correg_pa_4_12_5,4-12-5-10
poblado_pa_4_12_5_11,Llano Grande,correg_pa_4_12_5,4-12-5-11
poblado_pa_4_12_5_12,San Antonio,correg_pa_4_12_5,4-12-5-12
poblado_pa_4_12_5_13,San Lorenzo,correg_pa_4_12_5,4-12-5-13
poblado_pa_4_12_5_15,Peces,correg_pa_4_12_5,4-12-5-15
poblado_pa_4_12_5_17,Cabecera de Quebrada Monito No. 2 (P),correg_pa_4_12_5,4-12-5-17
poblado_pa_4_12_5_19,Pueblo Nuevo,correg_pa_4_12_5,4-12-5-19
poblado_pa_4_12_5_21,"Proyecto de Reforestación ""Planeta Verde""",correg_pa_4_12_5,4-12-5-21
poblado_pa_4_12_5_22,Entrada del Burro o Finca el Espinal,correg_pa_4_12_5,4-12-5-22
poblado_pa_4_12_5_23,Entrada de Horconcitos o Chira,correg_pa_4_12_5,4-12-5-23
poblado_pa_4_12_5_24,Fonseca,correg_pa_4_12_5,4-12-5-24
poblado_pa_4_12_5_27,Finca Istmeña,correg_pa_4_12_5,4-12-5-27
poblado_pa_4_12_5_28,Playa Zapotal,correg_pa_4_12_5,4-12-5-28
poblado_pa_4_12_5_29,Horconcitos (P),correg_pa_4_12_5,4-12-5-29
poblado_pa_4_12_5_30,Barriada Belén,correg_pa_4_12_5,4-12-5-30
poblado_pa_4_12_5_31,Finca Agroganadera San Lorenzo,correg_pa_4_12_5,4-12-5-31
poblado_pa_4_12_5_32,Finca Ax-Álvarez,correg_pa_4_12_5,4-12-5-32
poblado_pa_4_12_5_33,Teca Internacional,correg_pa_4_12_5,4-12-5-33
poblado_pa_4_12_5_34,Barriada Nuevo Rocío,correg_pa_4_12_5,4-12-5-34
poblado_pa_4_12_5_35,Villa Dora,correg_pa_4_12_5,4-12-5-35
poblado_pa_4_13_1_3,Barniz,correg_pa_4_13_1,4-13-1-3
poblado_pa_4_13_1_8,Caña Blanca,correg_pa_4_13_1,4-13-1-8
poblado_pa_4_13_1_14,Chame,correg_pa_4_13_1,4-13-1-14
poblado_pa_4_13_1_17,El Común,correg_pa_4_13_1,4-13-1-17
poblado_pa_4_13_1_19,Guabalá,correg_pa_4_13_1,4-13-1-19
poblado_pa_4_13_1_20,Jacube,correg_pa_4_13_1,4-13-1-20
poblado_pa_4_13_1_22,Las Filas o la Fila,correg_pa_4_13_1,4-13-1-22
poblado_pa_4_13_1_23,Peñascal,correg_pa_4_13_1,4-13-1-23
poblado_pa_4_13_1_26,Montañuela,correg_pa_4_13_1,4-13-1-26
poblado_pa_4_13_1_36,Quebrada Marta,correg_pa_4_13_1,4-13-1-36
poblado_pa_4_13_1_38,Río Espeso,correg_pa_4_13_1,4-13-1-38
poblado_pa_4_13_1_39,Río Santiago,correg_pa_4_13_1,4-13-1-39
poblado_pa_4_13_1_42,Tolé,correg_pa_4_13_1,4-13-1-42
poblado_pa_4_13_1_48,Potrero Redondo,correg_pa_4_13_1,4-13-1-48
poblado_pa_4_13_1_52,El Bolo,correg_pa_4_13_1,4-13-1-52
poblado_pa_4_13_1_54,Cerro Yuca,correg_pa_4_13_1,4-13-1-54
poblado_pa_4_13_2_1,Bella Vista(P),correg_pa_4_13_2,4-13-2-1
poblado_pa_4_13_2_2,Boca de Río Viguí,correg_pa_4_13_2,4-13-2-2
poblado_pa_4_13_2_3,Desembocadura de Ule,correg_pa_4_13_2,4-13-2-3
poblado_pa_4_13_2_4,La Corocita,correg_pa_4_13_2,4-13-2-4
poblado_pa_4_13_2_5,La Fila,correg_pa_4_13_2,4-13-2-5
poblado_pa_4_13_2_6,Santa Rosa (P),correg_pa_4_13_2,4-13-2-6
poblado_pa_4_13_2_7,Tabasará,correg_pa_4_13_2,4-13-2-7
poblado_pa_4_13_2_8,Tabasará Abajo,correg_pa_4_13_2,4-13-2-8
poblado_pa_4_13_2_9,Ulé,correg_pa_4_13_2,4-13-2-9
poblado_pa_4_13_2_10,Quebrada Arena,correg_pa_4_13_2,4-13-2-10
poblado_pa_4_13_2_11,Quebrada Yegua,correg_pa_4_13_2,4-13-2-11
poblado_pa_4_13_3_2,Calabacito(P),correg_pa_4_13_3,4-13-3-2
poblado_pa_4_13_3_3,Calderón,correg_pa_4_13_3,4-13-3-3
poblado_pa_4_13_3_4,Cerro Caballo(P),correg_pa_4_13_3,4-13-3-4
poblado_pa_4_13_3_5,Cerro Galindo(P),correg_pa_4_13_3,4-13-3-5
poblado_pa_4_13_3_7,Cerro Mangle(P),correg_pa_4_13_3,4-13-3-7
poblado_pa_4_13_3_8,Cerro Pipa o Quebrada Escoba,correg_pa_4_13_3,4-13-3-8
poblado_pa_4_13_3_9,Cerro Plata,correg_pa_4_13_3,4-13-3-9
poblado_pa_4_13_3_10,Cerro Redondo(P),correg_pa_4_13_3,4-13-3-10
poblado_pa_4_13_3_11,Cerro Venado(P),correg_pa_4_13_3,4-13-3-11
poblado_pa_4_13_3_12,Cerro Viejo No. 1,correg_pa_4_13_3,4-13-3-12
poblado_pa_4_13_3_13,Quebrada Común,correg_pa_4_13_3,4-13-3-13
poblado_pa_4_13_3_14,El Llano,correg_pa_4_13_3,4-13-3-14
poblado_pa_4_13_3_15,El Gallote,correg_pa_4_13_3,4-13-3-15
poblado_pa_4_13_3_17,Llano Bonito,correg_pa_4_13_3,4-13-3-17
poblado_pa_4_13_3_18,Nancito(P),correg_pa_4_13_3,4-13-3-18
poblado_pa_4_13_3_20,Piedra Pintada (P),correg_pa_4_13_3,4-13-3-20
poblado_pa_4_13_3_21,Quebrada Arena o Villa Lorena,correg_pa_4_13_3,4-13-3-21
poblado_pa_4_13_3_23,Quebrada Honda,correg_pa_4_13_3,4-13-3-23
poblado_pa_4_13_3_24,San Miguel,correg_pa_4_13_3,4-13-3-24
poblado_pa_4_13_3_25,Tabasará Abajo,correg_pa_4_13_3,4-13-3-25
poblado_pa_4_13_3_28,La Trinidad,correg_pa_4_13_3,4-13-3-28
poblado_pa_4_13_3_29,El Viguí,correg_pa_4_13_3,4-13-3-29
poblado_pa_4_13_3_35,Alto de Cerro Viejo(P),correg_pa_4_13_3,4-13-3-35
poblado_pa_4_13_3_37,Cerro Brujo,correg_pa_4_13_3,4-13-3-37
poblado_pa_4_13_3_38,Cerro Iglesia(P),correg_pa_4_13_3,4-13-3-38
poblado_pa_4_13_3_40,Los Castillo,correg_pa_4_13_3,4-13-3-40
poblado_pa_4_13_3_42,El Capacho,correg_pa_4_13_3,4-13-3-42
poblado_pa_4_13_3_43,La Sileta,correg_pa_4_13_3,4-13-3-43
poblado_pa_4_13_3_44,Nueva Esperanza,correg_pa_4_13_3,4-13-3-44
poblado_pa_4_13_3_45,Nueri (P),correg_pa_4_13_3,4-13-3-45
poblado_pa_4_13_4_1,Bella Vista,correg_pa_4_13_4,4-13-4-1
poblado_pa_4_13_4_2,Bajo Corozal,correg_pa_4_13_4,4-13-4-2
poblado_pa_4_13_4_3,Bajo Hondo de Culebra,correg_pa_4_13_4,4-13-4-3
poblado_pa_4_13_4_4,Bajo León,correg_pa_4_13_4,4-13-4-4
poblado_pa_4_13_4_5,Bajo Marañón,correg_pa_4_13_4,4-13-4-5
poblado_pa_4_13_4_6,Bajo Meregilda(P),correg_pa_4_13_4,4-13-4-6
poblado_pa_4_13_4_7,Cerro Bollo,correg_pa_4_13_4,4-13-4-7
poblado_pa_4_13_4_8,Cerro Clarín,correg_pa_4_13_4,4-13-4-8
poblado_pa_4_13_4_9,Cerro Gallote,correg_pa_4_13_4,4-13-4-9
poblado_pa_4_13_4_10,Cerro la Huaca,correg_pa_4_13_4,4-13-4-10
poblado_pa_4_13_4_12,Guayabal,correg_pa_4_13_4,4-13-4-12
poblado_pa_4_13_4_13,La Bramona,correg_pa_4_13_4,4-13-4-13
poblado_pa_4_13_4_14,Llano Culebra,correg_pa_4_13_4,4-13-4-14
poblado_pa_4_13_4_15,Llano Horcón (P),correg_pa_4_13_4,4-13-4-15
poblado_pa_4_13_4_16,Pedregosa,correg_pa_4_13_4,4-13-4-16
poblado_pa_4_13_4_18,Tambor o Ruguarigot,correg_pa_4_13_4,4-13-4-18
poblado_pa_4_13_4_19,Bajo de Cerro Negro,correg_pa_4_13_4,4-13-4-19
poblado_pa_4_13_4_20,Cerro Caña (P),correg_pa_4_13_4,4-13-4-20
poblado_pa_4_13_4_21,Cerro Negro,correg_pa_4_13_4,4-13-4-21
poblado_pa_4_13_4_22,Quebrada Flecha (P),correg_pa_4_13_4,4-13-4-22
poblado_pa_4_13_5_1,Algarrobo o Nomogudiesi (P),correg_pa_4_13_5,4-13-5-1
poblado_pa_4_13_5_2,Alto Algarrobo (P),correg_pa_4_13_5,4-13-5-2
poblado_pa_4_13_5_3,Alto Guayabo o Miyaridi (P),correg_pa_4_13_5,4-13-5-3
poblado_pa_4_13_5_5,Bajo Solís,correg_pa_4_13_5,4-13-5-5
poblado_pa_4_13_5_6,Cerro Chuzo (P),correg_pa_4_13_5,4-13-5-6
poblado_pa_4_13_6_4,Cabecera de Rio Ule,correg_pa_4_13_6,4-13-6-4
poblado_pa_4_13_6_5,Caña Blanca de Guabino,correg_pa_4_13_6,4-13-6-5
poblado_pa_4_13_6_6,Santa Rosa (P),correg_pa_4_13_6,4-13-6-6
poblado_pa_4_13_6_9,Chacarero,correg_pa_4_13_6,4-13-6-9
poblado_pa_4_13_6_10,El Hato de Guabino,correg_pa_4_13_6,4-13-6-10
poblado_pa_4_13_6_13,El Guabino,correg_pa_4_13_6,4-13-6-13
poblado_pa_4_13_6_15,La Albina,correg_pa_4_13_6,4-13-6-15
poblado_pa_4_13_6_16,Lajas de Tole,correg_pa_4_13_6,4-13-6-16
poblado_pa_4_13_6_17,La Pintada,correg_pa_4_13_6,4-13-6-17
poblado_pa_4_13_6_18,Pedregoso,correg_pa_4_13_6,4-13-6-18
poblado_pa_4_13_6_20,La Gorgona,correg_pa_4_13_6,4-13-6-20
poblado_pa_4_13_6_23,Quebrada Lajas,correg_pa_4_13_6,4-13-6-23
poblado_pa_4_13_6_24,Ulé Abajo,correg_pa_4_13_6,4-13-6-24
poblado_pa_4_13_6_26,Jibira,correg_pa_4_13_6,4-13-6-26
poblado_pa_4_13_6_27,Alto Macho,correg_pa_4_13_6,4-13-6-27
poblado_pa_4_13_6_30,Alto de Panamá (P),correg_pa_4_13_6,4-13-6-30
poblado_pa_4_13_6_31,Ulé,correg_pa_4_13_6,4-13-6-31
poblado_pa_4_13_7_1,Cerro Armado (P),correg_pa_4_13_7,4-13-7-1
poblado_pa_4_13_7_2,Cerro Caballo,correg_pa_4_13_7,4-13-7-2
poblado_pa_4_13_7_5,Cerro Vaca,correg_pa_4_13_7,4-13-7-5
poblado_pa_4_13_7_9,Potrero de Caña (P),correg_pa_4_13_7,4-13-7-9
poblado_pa_4_13_7_11,Quebrada Caña,correg_pa_4_13_7,4-13-7-11
poblado_pa_4_13_7_15,Cerro Sombrero (P),correg_pa_4_13_7,4-13-7-15
poblado_pa_4_13_7_17,San Antonio,correg_pa_4_13_7,4-13-7-17
poblado_pa_4_13_7_21,Guayabal (P),correg_pa_4_13_7,4-13-7-21
poblado_pa_4_13_7_22,Alto Caballero (P),correg_pa_4_13_7,4-13-7-22
poblado_pa_4_13_7_23,Buenos Aires (P),correg_pa_4_13_7,4-13-7-23
poblado_pa_4_13_7_25,Quebrada Escoba,correg_pa_4_13_7,4-13-7-25
poblado_pa_4_13_7_26,Quebrada Loro (P),correg_pa_4_13_7,4-13-7-26
poblado_pa_4_13_8_2,Alto de Panamá (P),correg_pa_4_13_8,4-13-8-2
poblado_pa_4_13_8_3,Alto Laguna,correg_pa_4_13_8,4-13-8-3
poblado_pa_4_13_8_5,Camarón,correg_pa_4_13_8,4-13-8-5
poblado_pa_4_13_8_8,El Mamey,correg_pa_4_13_8,4-13-8-8
poblado_pa_4_13_8_9,El Morro Negrito o Morro Negro,correg_pa_4_13_8,4-13-8-9
poblado_pa_4_13_8_11,La Arena,correg_pa_4_13_8,4-13-8-11
poblado_pa_4_13_8_18,Morro Naranjo,correg_pa_4_13_8,4-13-8-18
poblado_pa_4_13_8_19,Nata de Tole,correg_pa_4_13_8,4-13-8-19
poblado_pa_4_13_8_20,Pelón,correg_pa_4_13_8,4-13-8-20
poblado_pa_4_13_8_21,Quebrada de Piedra,correg_pa_4_13_8,4-13-8-21
poblado_pa_4_13_8_24,Tinta Abajo,correg_pa_4_13_8,4-13-8-24
poblado_pa_4_13_8_25,Tinta Arriba,correg_pa_4_13_8,4-13-8-25
poblado_pa_4_13_8_26,Yurre,correg_pa_4_13_8,4-13-8-26
poblado_pa_4_13_8_27,Tres Hermanos,correg_pa_4_13_8,4-13-8-27
poblado_pa_4_13_8_28,Niguiyal,correg_pa_4_13_8,4-13-8-28
poblado_pa_4_13_8_29,La Porcada,correg_pa_4_13_8,4-13-8-29
poblado_pa_4_13_8_30,Isla Conejo,correg_pa_4_13_8,4-13-8-30
poblado_pa_4_13_8_31,La Popa,correg_pa_4_13_8,4-13-8-31
poblado_pa_4_13_8_32,Isla Silva Afuera,correg_pa_4_13_8,4-13-8-32
poblado_pa_4_13_8_33,Isla Silva Adentro,correg_pa_4_13_8,4-13-8-33
poblado_pa_4_13_9_2,Alto la Arena,correg_pa_4_13_9,4-13-9-2
poblado_pa_4_13_9_3,Bella Vista (P),correg_pa_4_13_9,4-13-9-3
poblado_pa_4_13_9_4,Buenos Aires o Cerro Chato,correg_pa_4_13_9,4-13-9-4
poblado_pa_4_13_9_6,Cuvíbora,correg_pa_4_13_9,4-13-9-6
poblado_pa_4_13_9_7,El Retiro,correg_pa_4_13_9,4-13-9-7
poblado_pa_4_13_9_8,Llano Limón,correg_pa_4_13_9,4-13-9-8
poblado_pa_4_13_9_10,Rincón Moro (P),correg_pa_4_13_9,4-13-9-10
poblado_pa_4_13_9_11,Veladero,correg_pa_4_13_9,4-13-9-11
poblado_pa_4_13_9_12,Monte Silencio,correg_pa_4_13_9,4-13-9-12
poblado_pa_4_13_9_13,Cabecera de Quebrada Grande,correg_pa_4_13_9,4-13-9-13
poblado_pa_4_14_1_4,Barriles (P),correg_pa_4_5_12,4-14-1-4
poblado_pa_4_14_1_5,Bijao (P),correg_pa_4_5_12,4-14-1-5
poblado_pa_4_14_1_6,Brazos de Gariché,correg_pa_4_5_12,4-14-1-6
poblado_pa_4_14_1_9,Cerro Gordo,correg_pa_4_5_12,4-14-1-9
poblado_pa_4_14_1_13,Los Pinos (P),correg_pa_4_5_12,4-14-1-13
poblado_pa_4_14_1_14,Las Lagunas (P),correg_pa_4_5_12,4-14-1-14
poblado_pa_4_14_1_15,Las Vueltas (P),correg_pa_4_5_12,4-14-1-15
poblado_pa_4_14_1_19,Mague (P),correg_pa_4_5_12,4-14-1-19
poblado_pa_4_14_1_24,Quebrada de Agua (P),correg_pa_4_5_12,4-14-1-24
poblado_pa_4_14_1_25,Quebrada Arena,correg_pa_4_5_12,4-14-1-25
poblado_pa_4_14_1_28,Volcán (P),correg_pa_4_5_12,4-14-1-28
poblado_pa_4_14_1_29,Mirador,correg_pa_4_5_12,4-14-1-29
poblado_pa_4_14_1_34,Finca Ceba,correg_pa_4_5_12,4-14-1-34
poblado_pa_4_14_1_36,Ojo de Agua,correg_pa_4_5_12,4-14-1-36
poblado_pa_4_14_1_42,Finca Guardia,correg_pa_4_5_12,4-14-1-42
poblado_pa_4_14_1_46,Laguna Chica,correg_pa_4_5_12,4-14-1-46
poblado_pa_4_14_1_48,La Laguna,correg_pa_4_5_12,4-14-1-48
poblado_pa_4_14_1_51,Bella Vista (P),correg_pa_4_5_12,4-14-1-51
poblado_pa_4_14_2_1,Bajo Grande,correg_pa_4_5_4,4-14-2-1
poblado_pa_4_14_2_3,Barrio Guadalupe,correg_pa_4_5_4,4-14-2-3
poblado_pa_4_14_2_4,Cerro Punta,correg_pa_4_5_4,4-14-2-4
poblado_pa_4_14_2_5,Alto Pineda,correg_pa_4_5_4,4-14-2-5
poblado_pa_4_14_2_7,El Desierto,correg_pa_4_5_4,4-14-2-7
poblado_pa_4_14_2_8,Entre Ríos,correg_pa_4_5_4,4-14-2-8
poblado_pa_4_14_2_9,La Filipina,correg_pa_4_5_4,4-14-2-9
poblado_pa_4_14_2_10,La Garita,correg_pa_4_5_4,4-14-2-10
poblado_pa_4_14_2_11,Las Mirandas o Alto las Nubes,correg_pa_4_5_4,4-14-2-11
poblado_pa_4_14_2_12,Las Nubes,correg_pa_4_5_4,4-14-2-12
poblado_pa_4_14_2_13,Monte Azul o la Montaña,correg_pa_4_5_4,4-14-2-13
poblado_pa_4_14_2_14,Nueva Suiza (P),correg_pa_4_5_4,4-14-2-14
poblado_pa_4_14_2_20,Las Cumbres,correg_pa_4_5_4,4-14-2-20
poblado_pa_4_14_2_21,Los González o Vietnam,correg_pa_4_5_4,4-14-2-21
poblado_pa_4_14_2_23,Alto de Guadalupe,correg_pa_4_5_4,4-14-2-23
poblado_pa_4_14_2_29,La Amenaza (P),correg_pa_4_5_4,4-14-2-29
poblado_pa_4_14_3_1,Bijao (P),correg_pa_4_14_3,4-14-3-1
poblado_pa_4_14_3_2,Buena Vista Arriba (P),correg_pa_4_14_3,4-14-3-2
poblado_pa_4_14_3_3,Cuesta de Piedra,correg_pa_4_14_3,4-14-3-3
poblado_pa_4_14_3_4,Escarrea,correg_pa_4_14_3,4-14-3-4
poblado_pa_4_14_3_5,La Planta,correg_pa_4_14_3,4-14-3-5
poblado_pa_4_14_3_6,Los Pinos (P),correg_pa_4_14_3,4-14-3-6
poblado_pa_4_14_3_7,Macho de Monte,correg_pa_4_14_3,4-14-3-7
poblado_pa_4_14_3_8,Quebrada de Agua (P),correg_pa_4_14_3,4-14-3-8
poblado_pa_4_14_4_1,Alto Tisingal,correg_pa_4_14_4,4-14-4-1
poblado_pa_4_14_4_3,Barriles (P),correg_pa_4_14_4,4-14-4-3
poblado_pa_4_14_4_4,Colorado,correg_pa_4_14_4,4-14-4-4
poblado_pa_4_14_4_5,Cotito (P),correg_pa_4_14_4,4-14-4-5
poblado_pa_4_14_4_6,Cotito No. 2,correg_pa_4_14_4,4-14-4-6
poblado_pa_4_14_4_7,Finca Carmen Estate Coffe,correg_pa_4_14_4,4-14-4-7
poblado_pa_4_14_4_8,Finca el Palomar,correg_pa_4_14_4,4-14-4-8
poblado_pa_4_14_4_9,Finca la Florentina,correg_pa_4_14_4,4-14-4-9
poblado_pa_4_14_4_10,Finca los Cantares,correg_pa_4_14_4,4-14-4-10
poblado_pa_4_14_4_11,Finca Paulo Vargas,correg_pa_4_14_4,4-14-4-11
poblado_pa_4_14_4_12,Finca San Isidro,correg_pa_4_14_4,4-14-4-12
poblado_pa_4_14_4_13,La Fila del Caisán (P),correg_pa_4_14_4,4-14-4-13
poblado_pa_4_14_4_14,Los Pozos,correg_pa_4_14_4,4-14-4-14
poblado_pa_4_14_4_15,Mague (P),correg_pa_4_14_4,4-14-4-15
poblado_pa_4_14_4_16,Palo Santo,correg_pa_4_14_4,4-14-4-16
poblado_pa_4_14_4_17,Silla de Pando,correg_pa_4_14_4,4-14-4-17
poblado_pa_4_14_4_18,Tisingal,correg_pa_4_14_4,4-14-4-18
poblado_pa_4_14_4_19,Volcán (P),correg_pa_4_14_4,4-14-4-19
poblado_pa_4_14_4_20,Agua Blanca,correg_pa_4_14_4,4-14-4-20
poblado_pa_4_14_5_1,Alto los Guerras,correg_pa_4_14_5,4-14-5-1
poblado_pa_4_14_5_2,Alto los Rubios,correg_pa_4_14_5,4-14-5-2
poblado_pa_4_14_5_3,Alto Tribaldo,correg_pa_4_14_5,4-14-5-3
poblado_pa_4_14_5_4,Bambito,correg_pa_4_14_5,4-14-5-4
poblado_pa_4_14_5_5,Bella Vista,correg_pa_4_14_5,4-14-5-5
poblado_pa_4_14_5_6,El Mirador,correg_pa_4_14_5,4-14-5-6
poblado_pa_4_14_5_7,Finca Berard,correg_pa_4_14_5,4-14-5-7
poblado_pa_4_14_5_8,Finca Eureca,correg_pa_4_14_5,4-14-5-8
poblado_pa_4_14_5_9,Finca los Beltrán,correg_pa_4_14_5,4-14-5-9
poblado_pa_4_14_5_10,La Amenaza (P),correg_pa_4_14_5,4-14-5-10
poblado_pa_4_14_5_11,Nueva Suiza (P),correg_pa_4_14_5,4-14-5-11
poblado_pa_4_14_5_12,Nuevo Bambito,correg_pa_4_14_5,4-14-5-12
poblado_pa_4_14_5_13,Paso Ancho,correg_pa_4_14_5,4-14-5-13
poblado_pa_5_1_1_3,Bajo Chiquito,correg_pa_5_1_1,5-1-1-3
poblado_pa_5_1_1_30,El Encanto,correg_pa_5_1_1,5-1-1-30
poblado_pa_5_1_1_41,La Chuscada,correg_pa_5_1_1,5-1-1-41
poblado_pa_5_1_1_45,La Moneda o Reserva Punta Patiño,correg_pa_5_1_1,5-1-1-45
poblado_pa_5_1_1_47,La Palma,correg_pa_5_1_1,5-1-1-47
poblado_pa_5_1_1_48,Punulosa,correg_pa_5_1_1,5-1-1-48
poblado_pa_5_1_1_60,Mogocénega,correg_pa_5_1_1,5-1-1-60
poblado_pa_5_1_1_61,Mogue,correg_pa_5_1_1,5-1-1-61
poblado_pa_5_1_1_68,Perrecénega,correg_pa_5_1_1,5-1-1-68
poblado_pa_5_1_1_72,Playa Grande,correg_pa_5_1_1,5-1-1-72
poblado_pa_5_1_1_73,Agua Bendita,correg_pa_5_1_1,5-1-1-73
poblado_pa_5_1_1_75,Punta Alegre,correg_pa_5_1_1,5-1-1-75
poblado_pa_5_1_1_202,Las Mercedes,correg_pa_5_1_1,5-1-1-202
poblado_pa_5_1_1_203,Nuevo Paritilla,correg_pa_5_1_1,5-1-1-203
poblado_pa_5_1_1_205,Senón,correg_pa_5_1_1,5-1-1-205
poblado_pa_5_1_1_206,El Cabima,correg_pa_5_1_1,5-1-1-206
poblado_pa_5_1_1_211,Arizal,correg_pa_5_1_1,5-1-1-211
poblado_pa_5_1_1_212,Miraflores,correg_pa_5_1_1,5-1-1-212
poblado_pa_5_1_1_224,La Quebrada,correg_pa_5_1_1,5-1-1-224
poblado_pa_5_1_1_227,Los Cativos,correg_pa_5_1_1,5-1-1-227
poblado_pa_5_1_1_228,Buena Vista,correg_pa_5_1_1,5-1-1-228
poblado_pa_5_1_1_237,La Playita,correg_pa_5_1_1,5-1-1-237
poblado_pa_5_1_1_254,Berrenia,correg_pa_5_1_1,5-1-1-254
poblado_pa_5_1_1_256,Dos de Enero,correg_pa_5_1_1,5-1-1-256
poblado_pa_5_1_1_258,El Mirador,correg_pa_5_1_1,5-1-1-258
poblado_pa_5_1_1_261,La India,correg_pa_5_1_1,5-1-1-261
poblado_pa_5_1_1_262,Llano Bonito o Bajo Bonito,correg_pa_5_1_1,5-1-1-262
poblado_pa_5_1_1_263,Mogocénega Arriba,correg_pa_5_1_1,5-1-1-263
poblado_pa_5_1_1_266,Punta Rocero o Punta Roque,correg_pa_5_1_1,5-1-1-266
poblado_pa_5_1_1_267,Quebrada Caña,correg_pa_5_1_1,5-1-1-267
poblado_pa_5_1_1_268,Barriada San José o San José,correg_pa_5_1_1,5-1-1-268
poblado_pa_5_1_1_270,Monte Lirio,correg_pa_5_1_1,5-1-1-270
poblado_pa_5_1_1_271,Las Palmitas o Vista Alegre,correg_pa_5_1_1,5-1-1-271
poblado_pa_5_1_1_272,Bella Isla,correg_pa_5_1_1,5-1-1-272
poblado_pa_5_1_1_273,Dos Bocas,correg_pa_5_1_1,5-1-1-273
poblado_pa_5_1_1_276,El Islote,correg_pa_5_1_1,5-1-1-276
poblado_pa_5_1_1_278,El Pixvae o el Pifá (P),correg_pa_5_1_1,5-1-1-278
poblado_pa_5_1_2_3,Camogantí,correg_pa_5_1_2,5-1-2-3
poblado_pa_5_1_2_37,El Esfuerzo,correg_pa_5_1_2,5-1-2-37
poblado_pa_5_1_2_39,Las Cumbres,correg_pa_5_1_2,5-1-2-39
poblado_pa_5_1_2_41,Los Cinco Hermanos,correg_pa_5_1_2,5-1-2-41
poblado_pa_5_1_2_44,Agua Caliente,correg_pa_5_1_2,5-1-2-44
poblado_pa_5_1_2_45,Pijibasal (P),correg_pa_5_1_2,5-1-2-45
poblado_pa_5_1_2_47,Calle Larga,correg_pa_5_1_2,5-1-2-47
poblado_pa_5_1_2_48,El Bacao,correg_pa_5_1_2,5-1-2-48
poblado_pa_5_1_2_49,El Palo (P),correg_pa_5_1_2,5-1-2-49
poblado_pa_5_1_2_50,Naranjal (P),correg_pa_5_1_2,5-1-2-50
poblado_pa_5_1_2_51,Quebrada Bonita,correg_pa_5_1_2,5-1-2-51
poblado_pa_5_1_3_2,Chepigana,correg_pa_5_1_3,5-1-3-2
poblado_pa_5_1_3_8,Pimienta,correg_pa_5_1_3,5-1-3-8
poblado_pa_5_1_3_9,Río Marea o Río Bagre,correg_pa_5_1_3,5-1-3-9
poblado_pa_5_1_3_23,Río Colorado,correg_pa_5_1_3,5-1-3-23
poblado_pa_5_1_3_24,Río Colorado Arriba,correg_pa_5_1_3,5-1-3-24
poblado_pa_5_1_3_25,La Nupa,correg_pa_5_1_3,5-1-3-25
poblado_pa_5_1_3_27,Aldea Emberá,correg_pa_5_1_3,5-1-3-27
poblado_pa_5_1_3_32,Quebrada Grande,correg_pa_5_1_3,5-1-3-32
poblado_pa_5_1_3_34,Cocobolo,correg_pa_5_1_3,5-1-3-34
poblado_pa_5_1_3_35,Tutumate,correg_pa_5_1_3,5-1-3-35
poblado_pa_5_1_3_45,Barro Colorado,correg_pa_5_1_3,5-1-3-45
poblado_pa_5_1_3_46,Quebrada del Medio No. 2,correg_pa_5_1_3,5-1-3-46
poblado_pa_5_1_3_47,Saína,correg_pa_5_1_3,5-1-3-47
poblado_pa_5_1_3_48,Calzada Larga,correg_pa_5_1_3,5-1-3-48
poblado_pa_5_1_3_49,Calle Gantí,correg_pa_5_1_3,5-1-3-49
poblado_pa_5_1_3_51,Sol Poniente,correg_pa_5_1_3,5-1-3-51
poblado_pa_5_1_4_2,Calle Larga,correg_pa_5_1_4,5-1-4-2
poblado_pa_5_1_4_6,Totumo,correg_pa_5_1_4,5-1-4-6
poblado_pa_5_1_4_7,Garachiné,correg_pa_5_1_4,5-1-4-7
poblado_pa_5_1_4_8,Jesusito o Río de Jesús,correg_pa_5_1_4,5-1-4-8
poblado_pa_5_1_4_9,La Honda o Quebrada Honda,correg_pa_5_1_4,5-1-4-9
poblado_pa_5_1_4_11,La Raíz,correg_pa_5_1_4,5-1-4-11
poblado_pa_5_1_4_13,San Miguelito,correg_pa_5_1_4,5-1-4-13
poblado_pa_5_1_4_14,Los Tablones,correg_pa_5_1_4,5-1-4-14
poblado_pa_5_1_4_15,Atalaya,correg_pa_5_1_4,5-1-4-15
poblado_pa_5_1_4_16,Mompo o Bella Vista,correg_pa_5_1_4,5-1-4-16
poblado_pa_5_1_4_17,Pinoguilla,correg_pa_5_1_4,5-1-4-17
poblado_pa_5_1_4_18,Quebrada Barbudero,correg_pa_5_1_4,5-1-4-18
poblado_pa_5_1_4_20,San Antonio,correg_pa_5_1_4,5-1-4-20
poblado_pa_5_1_4_21,San Miguel,correg_pa_5_1_4,5-1-4-21
poblado_pa_5_1_4_22,Santa Bárbara,correg_pa_5_1_4,5-1-4-22
poblado_pa_5_1_4_24,Naranjal,correg_pa_5_1_4,5-1-4-24
poblado_pa_5_1_4_25,Papayal,correg_pa_5_1_4,5-1-4-25
poblado_pa_5_1_4_31,Celorio Arriba,correg_pa_5_1_4,5-1-4-31
poblado_pa_5_1_4_32,Celorio,correg_pa_5_1_4,5-1-4-32
poblado_pa_5_1_4_34,Cabecera de la Suerte,correg_pa_5_1_4,5-1-4-34
poblado_pa_5_1_4_35,Cerro Naipe,correg_pa_5_1_4,5-1-4-35
poblado_pa_5_1_4_36,Río Jesusito,correg_pa_5_1_4,5-1-4-36
poblado_pa_5_1_4_38,Cabecera de Alto de Jesús (P),correg_pa_5_1_4,5-1-4-38
poblado_pa_5_1_4_39,Quebrada Bedoya,correg_pa_5_1_4,5-1-4-39
poblado_pa_5_1_4_40,Quebrada Corotú,correg_pa_5_1_4,5-1-4-40
poblado_pa_5_1_5_4,Biroquerá,correg_pa_5_1_5,5-1-5-4
poblado_pa_5_1_5_13,Cocalito,correg_pa_5_1_5,5-1-5-13
poblado_pa_5_1_5_15,Corotú o Villa Nueva,correg_pa_5_1_5,5-1-5-15
poblado_pa_5_1_5_16,Chado,correg_pa_5_1_5,5-1-5-16
poblado_pa_5_1_5_21,El Coco,correg_pa_5_1_5,5-1-5-21
poblado_pa_5_1_5_23,Espaveral o Quebrada Espaveral,correg_pa_5_1_5,5-1-5-23
poblado_pa_5_1_5_24,El Mamey,correg_pa_5_1_5,5-1-5-24
poblado_pa_5_1_5_27,Icacal,correg_pa_5_1_5,5-1-5-27
poblado_pa_5_1_5_30,Jaqué,correg_pa_5_1_5,5-1-5-30
poblado_pa_5_1_5_32,Quebrada Jira,correg_pa_5_1_5,5-1-5-32
poblado_pa_5_1_5_35,La Peñita,correg_pa_5_1_5,5-1-5-35
poblado_pa_5_1_5_37,Lucas,correg_pa_5_1_5,5-1-5-37
poblado_pa_5_1_5_46,Quebrada Aguacate,correg_pa_5_1_5,5-1-5-46
poblado_pa_5_1_5_50,Tortado,correg_pa_5_1_5,5-1-5-50
poblado_pa_5_1_5_51,Zancudero,correg_pa_5_1_5,5-1-5-51
poblado_pa_5_1_5_62,Llano Bonito,correg_pa_5_1_5,5-1-5-62
poblado_pa_5_1_5_63,Valle Alegre o Barrancón,correg_pa_5_1_5,5-1-5-63
poblado_pa_5_1_5_68,Limón o los Pereas,correg_pa_5_1_5,5-1-5-68
poblado_pa_5_1_5_70,Guayabito,correg_pa_5_1_5,5-1-5-70
poblado_pa_5_1_5_71,Luciano,correg_pa_5_1_5,5-1-5-71
poblado_pa_5_1_5_72,Naranjal,correg_pa_5_1_5,5-1-5-72
poblado_pa_5_1_5_76,Buena Vista o Quebrada Mermeja,correg_pa_5_1_5,5-1-5-76
poblado_pa_5_1_5_78,Río Pavarando,correg_pa_5_1_5,5-1-5-78
poblado_pa_5_1_5_82,Punta Cerrito,correg_pa_5_1_5,5-1-5-82
poblado_pa_5_1_5_83,Chorro,correg_pa_5_1_5,5-1-5-83
poblado_pa_5_1_6_1,Aceite,correg_pa_5_1_6,5-1-6-1
poblado_pa_5_1_6_2,Casa Vieja,correg_pa_5_1_6,5-1-6-2
poblado_pa_5_1_6_3,Tropic Star Lodge o el Molino,correg_pa_5_1_6,5-1-6-3
poblado_pa_5_1_6_5,Playa de Muerto,correg_pa_5_1_6,5-1-6-5
poblado_pa_5_1_6_6,Puerto Piña,correg_pa_5_1_6,5-1-6-6
poblado_pa_5_1_6_15,Quebrada Camarón,correg_pa_5_1_6,5-1-6-15
poblado_pa_5_1_6_16,Juan Domingo,correg_pa_5_1_6,5-1-6-16
poblado_pa_5_1_6_24,Cauchales,correg_pa_5_1_6,5-1-6-24
poblado_pa_5_1_6_25,Camarón,correg_pa_5_1_6,5-1-6-25
poblado_pa_5_1_6_26,Charco,correg_pa_5_1_6,5-1-6-26
poblado_pa_5_1_6_27,El Paraíso,correg_pa_5_1_6,5-1-6-27
poblado_pa_5_1_6_29,Caracol,correg_pa_5_1_6,5-1-6-29
poblado_pa_5_1_9_8,Sambú,correg_pa_5_1_9,5-1-9-8
poblado_pa_5_1_9_16,El Salto,correg_pa_5_1_9,5-1-9-16
poblado_pa_5_1_9_20,La Colonia del Valle de Bijagual,correg_pa_5_1_9,5-1-9-20
poblado_pa_5_1_9_53,Bella Vista,correg_pa_5_1_9,5-1-9-53
poblado_pa_5_1_9_54,Boca de Naguala (P),correg_pa_5_1_9,5-1-9-54
poblado_pa_5_1_10_2,Cara Munio,correg_pa_5_1_10,5-1-10-2
poblado_pa_5_1_10_3,El Bongo,correg_pa_5_1_10,5-1-10-3
poblado_pa_5_1_10_4,José Pagantí,correg_pa_5_1_10,5-1-10-4
poblado_pa_5_1_10_5,Juncalito,correg_pa_5_1_10,5-1-10-5
poblado_pa_5_1_10_8,Quintín,correg_pa_5_1_10,5-1-10-8
poblado_pa_5_1_10_9,Setegantí,correg_pa_5_1_10,5-1-10-9
poblado_pa_5_1_10_13,La Nupita,correg_pa_5_1_10,5-1-10-13
poblado_pa_5_1_10_14,Urugantí,correg_pa_5_1_10,5-1-10-14
poblado_pa_5_1_10_19,Zumbador,correg_pa_5_1_10,5-1-10-19
poblado_pa_5_1_10_24,El Bajo,correg_pa_5_1_10,5-1-10-24
poblado_pa_5_1_10_27,El Caoba,correg_pa_5_1_10,5-1-10-27
poblado_pa_5_1_10_28,Estional,correg_pa_5_1_10,5-1-10-28
poblado_pa_5_1_10_29,La Gira,correg_pa_5_1_10,5-1-10-29
poblado_pa_5_1_10_30,Los Paisas,correg_pa_5_1_10,5-1-10-30
poblado_pa_5_1_10_31,Membrillo,correg_pa_5_1_10,5-1-10-31
poblado_pa_5_1_10_32,Quebrada Nupita,correg_pa_5_1_10,5-1-10-32
poblado_pa_5_1_10_33,Santa Isabel,correg_pa_5_1_10,5-1-10-33
poblado_pa_5_1_10_34,Santa Rita,correg_pa_5_1_10,5-1-10-34
poblado_pa_5_1_11_4,La Chunga (P),correg_pa_5_1_11,5-1-11-4
poblado_pa_5_1_11_10,Pueblo Nuevo o Taimatí,correg_pa_5_1_11,5-1-11-10
poblado_pa_5_1_11_13,Cémaco o Wounam,correg_pa_5_1_11,5-1-11-13
poblado_pa_5_1_11_18,La Chunguita,correg_pa_5_1_11,5-1-11-18
poblado_pa_5_1_11_19,Canglón,correg_pa_5_1_11,5-1-11-19
poblado_pa_5_1_11_20,El Salao o Capena,correg_pa_5_1_11,5-1-11-20
poblado_pa_5_1_11_22,Quebrada García,correg_pa_5_1_11,5-1-11-22
poblado_pa_5_1_12_5,Boca de Urugantí,correg_pa_5_1_12,5-1-12-5
poblado_pa_5_1_12_12,Chuletí,correg_pa_5_1_12,5-1-12-12
poblado_pa_5_1_12_13,Chumurucuate,correg_pa_5_1_12,5-1-12-13
poblado_pa_5_1_12_18,El Palo (P),correg_pa_5_1_12,5-1-12-18
poblado_pa_5_1_12_29,Manené,correg_pa_5_1_12,5-1-12-29
poblado_pa_5_1_12_45,Santo Domingo,correg_pa_5_1_12,5-1-12-45
poblado_pa_5_1_12_50,Tucutí,correg_pa_5_1_12,5-1-12-50
poblado_pa_5_1_12_67,Galilea,correg_pa_5_1_12,5-1-12-67
poblado_pa_5_1_12_68,Pueblo Nuevo o Mapuchica,correg_pa_5_1_12,5-1-12-68
poblado_pa_5_1_12_72,Vuelta el Tamarindo,correg_pa_5_1_12,5-1-12-72
poblado_pa_5_1_12_74,Buenos Aires o Manuca,correg_pa_5_1_12,5-1-12-74
poblado_pa_5_1_12_76,Llano Bonito o Caracuchal,correg_pa_5_1_12,5-1-12-76
poblado_pa_5_1_12_94,Capitana,correg_pa_5_1_12,5-1-12-94
poblado_pa_5_1_12_95,El Bongo,correg_pa_5_1_12,5-1-12-95
poblado_pa_5_1_12_99,Paira,correg_pa_5_1_12,5-1-12-99
poblado_pa_5_1_12_103,Bella Vista,correg_pa_5_1_12,5-1-12-103
poblado_pa_5_2_1_1,El Real de Santa María,correg_pa_5_2_1,5-2-1-1
poblado_pa_5_2_1_7,Pirre No. 1,correg_pa_5_2_1,5-2-1-7
poblado_pa_5_2_1_10,Urutí (P),correg_pa_5_2_1,5-2-1-10
poblado_pa_5_2_1_11,Macho Solo (P),correg_pa_5_2_1,5-2-1-11
poblado_pa_5_2_1_13,I.M.A. o el Mercadeo,correg_pa_5_2_1,5-2-1-13
poblado_pa_5_2_1_19,Guanacati,correg_pa_5_2_1,5-2-1-19
poblado_pa_5_2_1_22,Pijibasal (P),correg_pa_5_2_1,5-2-1-22
poblado_pa_5_2_1_24,Pirre No. 2,correg_pa_5_2_1,5-2-1-24
poblado_pa_5_2_1_26,La Pala,correg_pa_5_2_1,5-2-1-26
poblado_pa_5_2_1_28,El Comanda,correg_pa_5_2_1,5-2-1-28
poblado_pa_5_2_1_31,El Canal o la Bomba,correg_pa_5_2_1,5-2-1-31
poblado_pa_5_2_1_36,Uruseca,correg_pa_5_2_1,5-2-1-36
poblado_pa_5_2_2_1,Bajo Grande,correg_pa_5_2_2,5-2-2-1
poblado_pa_5_2_2_2,Boca de Cupe,correg_pa_5_2_2,5-2-2-2
poblado_pa_5_2_2_4,El Basal,correg_pa_5_2_2,5-2-2-4
poblado_pa_5_2_2_11,Bajo Lepe,correg_pa_5_2_2,5-2-2-11
poblado_pa_5_2_2_18,Chupanuno,correg_pa_5_2_2,5-2-2-18
poblado_pa_5_2_2_29,Quebrada Limón (P),correg_pa_5_2_2,5-2-2-29
poblado_pa_5_2_2_30,Kamuakiro,correg_pa_5_2_2,5-2-2-30
poblado_pa_5_2_2_32,Loma Naranja,correg_pa_5_2_2,5-2-2-32
poblado_pa_5_2_2_35,Boca de Lepe,correg_pa_5_2_2,5-2-2-35
poblado_pa_5_2_2_36,El Tamarindo,correg_pa_5_2_2,5-2-2-36
poblado_pa_5_2_2_37,Mi Pueblito,correg_pa_5_2_2,5-2-2-37
poblado_pa_5_2_2_41,Quebrada Cruza Mono,correg_pa_5_2_2,5-2-2-41
poblado_pa_5_2_3_1,Sobiaquirúa,correg_pa_5_2_3,5-2-3-1
poblado_pa_5_2_3_6,Quebrada Limón (P),correg_pa_5_2_3,5-2-3-6
poblado_pa_5_2_3_7,Maturgantí o Matugantí,correg_pa_5_2_3,5-2-3-7
poblado_pa_5_2_3_8,Paya,correg_pa_5_2_3,5-2-3-8
poblado_pa_5_2_3_28,Cortitica,correg_pa_5_2_3,5-2-3-28
poblado_pa_5_2_4_2,Calle Larga (P),correg_pa_5_2_4,5-2-4-2
poblado_pa_5_2_4_5,Chupertí,correg_pa_5_2_4,5-2-4-5
poblado_pa_5_2_4_10,Pinogana (P),correg_pa_5_2_4,5-2-4-10
poblado_pa_5_2_4_14,Urutí (P),correg_pa_5_2_4,5-2-4-14
poblado_pa_5_2_4_15,Corozal o Corozales (P),correg_pa_5_2_4,5-2-4-15
poblado_pa_5_2_4_16,Quebrada Honda,correg_pa_5_2_4,5-2-4-16
poblado_pa_5_2_5_5,Reversa Pava,correg_pa_5_2_5,5-2-5-5
poblado_pa_5_2_5_6,Charco de Peje o Camote,correg_pa_5_2_5,5-2-5-6
poblado_pa_5_2_5_7,Púcuro,correg_pa_5_2_5,5-2-5-7
poblado_pa_5_2_5_12,Boca de Tolocua,correg_pa_5_2_5,5-2-5-12
poblado_pa_5_2_5_14,Dos Hermanas,correg_pa_5_2_5,5-2-5-14
poblado_pa_5_2_6_2,Boca de Aruza,correg_pa_5_2_6,5-2-6-2
poblado_pa_5_2_6_6,Calle de Oro (P),correg_pa_5_2_6,5-2-6-6
poblado_pa_5_2_6_45,Aruza,correg_pa_5_2_6,5-2-6-45
poblado_pa_5_2_6_47,Barranco Pelao,correg_pa_5_2_6,5-2-6-47
poblado_pa_5_2_7_12,Pueblo Nuevo,correg_pa_5_2_7,5-2-7-12
poblado_pa_5_2_7_19,Calle Larga (P),correg_pa_5_2_7,5-2-7-19
poblado_pa_5_2_7_30,Churupaquete,correg_pa_5_2_7,5-2-7-30
poblado_pa_5_2_7_32,Quebrada Aguacate,correg_pa_5_2_7,5-2-7-32
poblado_pa_5_2_7_37,El Cerro,correg_pa_5_2_7,5-2-7-37
poblado_pa_5_2_7_40,Punta del Salto,correg_pa_5_2_7,5-2-7-40
poblado_pa_5_2_7_41,La Boca de Yaviza,correg_pa_5_2_7,5-2-7-41
poblado_pa_5_2_7_45,La Doncella,correg_pa_5_2_7,5-2-7-45
poblado_pa_5_2_7_48,La Olla (P),correg_pa_5_2_7,5-2-7-48
poblado_pa_5_2_7_54,La Víbora (P),correg_pa_5_2_7,5-2-7-54
poblado_pa_5_2_7_56,El Mamey,correg_pa_5_2_7,5-2-7-56
poblado_pa_5_2_7_60,Los Mogotes o Bajo Puru (P),correg_pa_5_2_7,5-2-7-60
poblado_pa_5_2_7_75,Quebrada Chayo,correg_pa_5_2_7,5-2-7-75
poblado_pa_5_2_7_86,Reversa Grande,correg_pa_5_2_7,5-2-7-86
poblado_pa_5_2_7_98,Yaviza,correg_pa_5_2_7,5-2-7-98
poblado_pa_5_2_7_106,Canglón (P),correg_pa_5_2_7,5-2-7-106
poblado_pa_5_2_7_113,Fruta Panal,correg_pa_5_2_7,5-2-7-113
poblado_pa_5_2_7_114,Quebrada Mamey o Entrada del Mamey,correg_pa_5_2_7,5-2-7-114
poblado_pa_5_2_7_142,Calle de las Desgracias,correg_pa_5_2_7,5-2-7-142
poblado_pa_5_2_7_144,Boca de Tupisa,correg_pa_5_2_7,5-2-7-144
poblado_pa_5_2_7_168,Nuevo Progreso,correg_pa_5_2_7,5-2-7-168
poblado_pa_5_2_7_170,Nuevo Bijao,correg_pa_5_2_7,5-2-7-170
poblado_pa_5_2_7_171,Totumo Abajo,correg_pa_5_2_7,5-2-7-171
poblado_pa_5_2_7_185,Bella Vista,correg_pa_5_2_7,5-2-7-185
poblado_pa_5_2_7_193,El Totumo,correg_pa_5_2_7,5-2-7-193
poblado_pa_5_2_7_194,Cubital,correg_pa_5_2_7,5-2-7-194
poblado_pa_5_2_7_200,Santa Librada,correg_pa_5_2_7,5-2-7-200
poblado_pa_5_2_7_201,Entrada A el Salto,correg_pa_5_2_7,5-2-7-201
poblado_pa_5_2_7_205,Corozal o Corozales (P),correg_pa_5_2_7,5-2-7-205
poblado_pa_5_2_7_210,El Cerro No. 1 o el Cerro de la Doncella,correg_pa_5_2_7,5-2-7-210
poblado_pa_5_2_7_228,Aligandí,correg_pa_5_2_7,5-2-7-228
poblado_pa_5_2_7_229,Arrabache,correg_pa_5_2_7,5-2-7-229
poblado_pa_5_2_7_230,Betzaida,correg_pa_5_2_7,5-2-7-230
poblado_pa_5_2_7_231,Cristo Viene o Canglón No. 2 o el Porvenir,correg_pa_5_2_7,5-2-7-231
poblado_pa_5_2_7_233,Finca Linader,correg_pa_5_2_7,5-2-7-233
poblado_pa_5_2_7_234,La Bichua o la Buchua,correg_pa_5_2_7,5-2-7-234
poblado_pa_5_2_7_236,Quebrada Mojarra,correg_pa_5_2_7,5-2-7-236
poblado_pa_5_2_7_238,Calle Honda,correg_pa_5_2_7,5-2-7-238
poblado_pa_5_2_7_239,Chorro,correg_pa_5_2_7,5-2-7-239
poblado_pa_5_2_7_240,La Estoza,correg_pa_5_2_7,5-2-7-240
poblado_pa_5_2_7_241,La Lagartera,correg_pa_5_2_7,5-2-7-241
poblado_pa_5_2_7_242,La Ollita,correg_pa_5_2_7,5-2-7-242
poblado_pa_5_2_7_243,Las Palmeras,correg_pa_5_2_7,5-2-7-243
poblado_pa_5_2_7_244,Llano Bonito,correg_pa_5_2_7,5-2-7-244
poblado_pa_5_2_7_246,Pinogana (P),correg_pa_5_2_7,5-2-7-246
poblado_pa_5_2_7_247,Quebrada Chinto,correg_pa_5_2_7,5-2-7-247
poblado_pa_5_2_8_1,Agua Buena,correg_pa_5_2_8,5-2-8-1
poblado_pa_5_2_8_3,Bajo Bonito,correg_pa_5_2_8,5-2-8-3
poblado_pa_5_2_8_4,Bella Vista,correg_pa_5_2_8,5-2-8-4
poblado_pa_5_2_8_6,Boca de Chiatí,correg_pa_5_2_8,5-2-8-6
poblado_pa_5_2_8_7,Boca de Salitre,correg_pa_5_2_8,5-2-8-7
poblado_pa_5_2_8_8,Boca de Subcurtí,correg_pa_5_2_8,5-2-8-8
poblado_pa_5_2_8_9,Buenos Aires,correg_pa_5_2_8,5-2-8-9
poblado_pa_5_2_8_10,Cabecera de Quebrada Félix,correg_pa_5_2_8,5-2-8-10
poblado_pa_5_2_8_11,Canglón (P),correg_pa_5_2_8,5-2-8-11
poblado_pa_5_2_8_12,Canglón Arriba,correg_pa_5_2_8,5-2-8-12
poblado_pa_5_2_8_14,Chiatí Arriba o Quebrada Macho (P),correg_pa_5_2_8,5-2-8-14
poblado_pa_5_2_8_15,Chocolatal,correg_pa_5_2_8,5-2-8-15
poblado_pa_5_2_8_16,El Balsal,correg_pa_5_2_8,5-2-8-16
poblado_pa_5_2_8_17,El Guabo,correg_pa_5_2_8,5-2-8-17
poblado_pa_5_2_8_18,El Martirio,correg_pa_5_2_8,5-2-8-18
poblado_pa_5_2_8_19,El Nazareno (P),correg_pa_5_2_8,5-2-8-19
poblado_pa_5_2_8_20,El Oso,correg_pa_5_2_8,5-2-8-20
poblado_pa_5_2_8_22,Quebrada la Estenia (P),correg_pa_5_2_8,5-2-8-22
poblado_pa_5_2_8_23,La Moneda (P),correg_pa_5_2_8,5-2-8-23
poblado_pa_5_2_8_24,La Peñita (P),correg_pa_5_2_8,5-2-8-24
poblado_pa_5_2_8_25,Finca United Nature (P),correg_pa_5_2_8,5-2-8-25
poblado_pa_5_2_8_27,Los Pavitos,correg_pa_5_2_8,5-2-8-27
poblado_pa_5_2_8_28,Los Pavitos Abajo,correg_pa_5_2_8,5-2-8-28
poblado_pa_5_2_8_29,Los Pavitos Arriba,correg_pa_5_2_8,5-2-8-29
poblado_pa_5_2_8_31,Marín Arriba,correg_pa_5_2_8,5-2-8-31
poblado_pa_5_2_8_32,Metetí,correg_pa_5_2_8,5-2-8-32
poblado_pa_5_2_8_34,Metetí Arriba,correg_pa_5_2_8,5-2-8-34
poblado_pa_5_2_8_35,Nicanor,correg_pa_5_2_8,5-2-8-35
poblado_pa_5_2_8_36,Nicanor Abajo,correg_pa_5_2_8,5-2-8-36
poblado_pa_5_2_8_38,Nuevo Paraíso,correg_pa_5_2_8,5-2-8-38
poblado_pa_5_2_8_40,Nuevo Punuloso,correg_pa_5_2_8,5-2-8-40
poblado_pa_5_2_8_43,Piedra Candela,correg_pa_5_2_8,5-2-8-43
poblado_pa_5_2_8_44,Portuchada Arriba,correg_pa_5_2_8,5-2-8-44
poblado_pa_5_2_8_45,Portuchada o Santa Rosa,correg_pa_5_2_8,5-2-8-45
poblado_pa_5_2_8_46,Puerto Limón,correg_pa_5_2_8,5-2-8-46
poblado_pa_5_2_8_47,Punolocita,correg_pa_5_2_8,5-2-8-47
poblado_pa_5_2_8_48,Punta Peña Roca,correg_pa_5_2_8,5-2-8-48
poblado_pa_5_2_8_49,Punuloso,correg_pa_5_2_8,5-2-8-49
poblado_pa_5_2_8_50,Punuloso Abajo,correg_pa_5_2_8,5-2-8-50
poblado_pa_5_2_8_51,Punuloso Arriba,correg_pa_5_2_8,5-2-8-51
poblado_pa_5_2_8_54,Quebrada Bolsillo o el Refugio,correg_pa_5_2_8,5-2-8-54
poblado_pa_5_2_8_57,Quebrada Espejo,correg_pa_5_2_8,5-2-8-57
poblado_pa_5_2_8_58,Quebrada Félix,correg_pa_5_2_8,5-2-8-58
poblado_pa_5_2_8_59,Quebrada Félix Abajo,correg_pa_5_2_8,5-2-8-59
poblado_pa_5_2_8_60,Quebrada Grande,correg_pa_5_2_8,5-2-8-60
poblado_pa_5_2_8_62,Quebrada Honda,correg_pa_5_2_8,5-2-8-62
poblado_pa_5_2_8_64,Quebrada Relojera (P),correg_pa_5_2_8,5-2-8-64
poblado_pa_5_2_8_65,Quebrada Tanque (P),correg_pa_5_2_8,5-2-8-65
poblado_pa_5_2_8_67,Sansón No. 2,correg_pa_5_2_8,5-2-8-67
poblado_pa_5_2_8_68,Sansón Abajo,correg_pa_5_2_8,5-2-8-68
poblado_pa_5_2_8_69,Sansón Arriba (P),correg_pa_5_2_8,5-2-8-69
poblado_pa_5_2_8_71,Lajas Blancas (P),correg_pa_5_2_8,5-2-8-71
poblado_pa_5_2_8_72,Sansoncito Arriba,correg_pa_5_2_8,5-2-8-72
poblado_pa_5_2_8_73,Sansoncito o San Francisco,correg_pa_5_2_8,5-2-8-73
poblado_pa_5_2_8_74,San Vicente,correg_pa_5_2_8,5-2-8-74
poblado_pa_5_2_8_75,Subcurtí,correg_pa_5_2_8,5-2-8-75
poblado_pa_5_2_8_76,Subcurtí Arriba,correg_pa_5_2_8,5-2-8-76
poblado_pa_5_2_8_78,Villa Darién,correg_pa_5_2_8,5-2-8-78
poblado_pa_5_2_8_79,Villa Darién Arriba,correg_pa_5_2_8,5-2-8-79
poblado_pa_5_2_8_80,Villa Nueva,correg_pa_5_2_8,5-2-8-80
poblado_pa_5_2_8_82,Quebrada Honda No. 1,correg_pa_5_2_8,5-2-8-82
poblado_pa_5_2_8_83,Agro Riquezas Darién,correg_pa_5_2_8,5-2-8-83
poblado_pa_5_2_8_84,Altos de Piedra Candela,correg_pa_5_2_8,5-2-8-84
poblado_pa_5_2_8_85,Altos del Cristo (P),correg_pa_5_2_8,5-2-8-85
poblado_pa_5_2_8_86,Asnatí (P),correg_pa_5_2_8,5-2-8-86
poblado_pa_5_2_8_87,Barriada el Nazareno,correg_pa_5_2_8,5-2-8-87
poblado_pa_5_2_8_88,Barriada la Milagrosa,correg_pa_5_2_8,5-2-8-88
poblado_pa_5_2_8_89,Camino Lajas Blancas,correg_pa_5_2_8,5-2-8-89
poblado_pa_5_2_8_90,Catival,correg_pa_5_2_8,5-2-8-90
poblado_pa_5_2_8_91,Chiatí,correg_pa_5_2_8,5-2-8-91
poblado_pa_5_2_8_92,El Oso No. 2,correg_pa_5_2_8,5-2-8-92
poblado_pa_5_2_8_93,Finca el Vaquero Azul,correg_pa_5_2_8,5-2-8-93
poblado_pa_5_2_8_94,Finca Ganadera Domínguez,correg_pa_5_2_8,5-2-8-94
poblado_pa_5_2_8_95,Finca Salvamar,correg_pa_5_2_8,5-2-8-95
poblado_pa_5_2_8_96,Los Miranda,correg_pa_5_2_8,5-2-8-96
poblado_pa_5_2_8_97,Quebrada Espejito,correg_pa_5_2_8,5-2-8-97
poblado_pa_5_2_8_98,Quebrada Espejito No. 2,correg_pa_5_2_8,5-2-8-98
poblado_pa_5_2_8_99,Quebrada Espejo No. 2,correg_pa_5_2_8,5-2-8-99
poblado_pa_5_2_8_100,Quebrada Salitre,correg_pa_5_2_8,5-2-8-100
poblado_pa_5_2_8_101,Barriada los Ángeles,correg_pa_5_2_8,5-2-8-101
poblado_pa_5_2_9_1,Mortí,correg_pa_5_2_9,5-2-9-1
poblado_pa_5_2_9_2,Nurra,correg_pa_5_2_9,5-2-9-2
poblado_pa_5_2_9_3,Walá,correg_pa_5_2_9,5-2-9-3
poblado_pa_5_2_9_5,Asnatí,correg_pa_5_2_9,5-2-9-5
poblado_pa_5_3_7_1,Río Antado,correg_pa_5_1_7,5-3-7-1
poblado_pa_5_3_7_2,Río Antadocito,correg_pa_5_1_7,5-3-7-2
poblado_pa_5_3_7_7,Caña Blanca,correg_pa_5_1_7,5-3-7-7
poblado_pa_5_3_7_8,El Caoba,correg_pa_5_1_7,5-3-7-8
poblado_pa_5_3_7_14,Chitola,correg_pa_5_1_7,5-3-7-14
poblado_pa_5_3_7_17,El Cedro,correg_pa_5_1_7,5-3-7-17
poblado_pa_5_3_7_18,Río Cojo,correg_pa_5_1_7,5-3-7-18
poblado_pa_5_3_7_24,Josefa,correg_pa_5_1_7,5-3-7-24
poblado_pa_5_3_7_26,La Cantina o la Playita,correg_pa_5_1_7,5-3-7-26
poblado_pa_5_3_7_27,Río Congo o Río Congo la Paz,correg_pa_5_1_7,5-3-7-27
poblado_pa_5_3_7_31,Río Sierpe o San Juan de Dios,correg_pa_5_1_7,5-3-7-31
poblado_pa_5_3_7_33,Patio Escondido,correg_pa_5_1_7,5-3-7-33
poblado_pa_5_3_7_45,Quebrada Padilla,correg_pa_5_1_7,5-3-7-45
poblado_pa_5_3_7_46,Quebrada Padillita,correg_pa_5_1_7,5-3-7-46
poblado_pa_5_3_7_49,Calle Mansa o Santa Bárbara Abajo,correg_pa_5_1_7,5-3-7-49
poblado_pa_5_3_7_52,Las Peñitas,correg_pa_5_1_7,5-3-7-52
poblado_pa_5_3_7_53,Barriales,correg_pa_5_1_7,5-3-7-53
poblado_pa_5_3_7_58,Reserva,correg_pa_5_1_7,5-3-7-58
poblado_pa_5_3_7_59,Piñal,correg_pa_5_1_7,5-3-7-59
poblado_pa_5_3_7_60,Bajo Bonito (P),correg_pa_5_1_7,5-3-7-60
poblado_pa_5_3_7_61,La Unión o el Grillo,correg_pa_5_1_7,5-3-7-61
poblado_pa_5_3_7_63,Quebrada Arizal,correg_pa_5_1_7,5-3-7-63
poblado_pa_5_3_7_64,Quebrada Bálsamo,correg_pa_5_1_7,5-3-7-64
poblado_pa_5_3_7_65,Quebrada Lirial,correg_pa_5_1_7,5-3-7-65
poblado_pa_5_3_7_66,Santa Bárbara Abajo,correg_pa_5_1_7,5-3-7-66
poblado_pa_5_3_7_67,La Ensorba,correg_pa_5_1_7,5-3-7-67
poblado_pa_5_3_7_68,San José,correg_pa_5_1_7,5-3-7-68
poblado_pa_5_3_7_69,Dos Bocas Grandes (P),correg_pa_5_1_7,5-3-7-69
poblado_pa_5_3_7_72,Chimanillo,correg_pa_5_1_7,5-3-7-72
poblado_pa_5_3_7_73,Santa Bárbara Arriba (P),correg_pa_5_1_7,5-3-7-73
poblado_pa_5_3_7_78,Quebrada Venao,correg_pa_5_1_7,5-3-7-78
poblado_pa_5_3_7_79,Quebrada Limón,correg_pa_5_1_7,5-3-7-79
poblado_pa_5_3_7_86,Tigre Viento Arriba,correg_pa_5_1_7,5-3-7-86
poblado_pa_5_3_7_99,Maquencal,correg_pa_5_1_7,5-3-7-99
poblado_pa_5_3_7_102,Arizona,correg_pa_5_1_7,5-3-7-102
poblado_pa_5_3_7_103,Bijagual,correg_pa_5_1_7,5-3-7-103
poblado_pa_5_3_7_105,Cabecera de Río Cojo,correg_pa_5_1_7,5-3-7-105
poblado_pa_5_3_7_106,Catival,correg_pa_5_1_7,5-3-7-106
poblado_pa_5_3_7_107,Cebollagas,correg_pa_5_1_7,5-3-7-107
poblado_pa_5_3_7_108,Coroboro o Río Coroboro,correg_pa_5_1_7,5-3-7-108
poblado_pa_5_3_7_109,Cuarenta Pesos,correg_pa_5_1_7,5-3-7-109
poblado_pa_5_3_7_110,El Roble,correg_pa_5_1_7,5-3-7-110
poblado_pa_5_3_7_111,El Totumito,correg_pa_5_1_7,5-3-7-111
poblado_pa_5_3_7_112,El Totumo,correg_pa_5_1_7,5-3-7-112
poblado_pa_5_3_7_113,Estero Malo,correg_pa_5_1_7,5-3-7-113
poblado_pa_5_3_7_114,La Carrisoza,correg_pa_5_1_7,5-3-7-114
poblado_pa_5_3_7_115,La Pita,correg_pa_5_1_7,5-3-7-115
poblado_pa_5_3_7_116,La Playita,correg_pa_5_1_7,5-3-7-116
poblado_pa_5_3_7_117,Palo Verde o el Vampiro,correg_pa_5_1_7,5-3-7-117
poblado_pa_5_3_7_118,Pechito Parao,correg_pa_5_1_7,5-3-7-118
poblado_pa_5_3_7_119,Piedra Candela,correg_pa_5_1_7,5-3-7-119
poblado_pa_5_3_7_122,Quebrada Ensorba,correg_pa_5_1_7,5-3-7-122
poblado_pa_5_3_7_123,Quebrada Lagarto,correg_pa_5_1_7,5-3-7-123
poblado_pa_5_3_7_124,Quebrada León,correg_pa_5_1_7,5-3-7-124
poblado_pa_5_3_7_125,Río Sierpe Abajo,correg_pa_5_1_7,5-3-7-125
poblado_pa_5_3_7_126,Santa Bárbara,correg_pa_5_1_7,5-3-7-126
poblado_pa_5_3_7_128,Cabecera de Chitola,correg_pa_5_1_7,5-3-7-128
poblado_pa_5_3_7_130,Cojito,correg_pa_5_1_7,5-3-7-130
poblado_pa_5_3_7_132,La Fortuna,correg_pa_5_1_7,5-3-7-132
poblado_pa_5_3_7_133,Quebrada del Medio,correg_pa_5_1_7,5-3-7-133
poblado_pa_5_3_7_134,Villa Flor,correg_pa_5_1_7,5-3-7-134
poblado_pa_5_3_7_136,Santa Isabel,correg_pa_5_1_7,5-3-7-136
poblado_pa_5_3_7_137,Playa Alta,correg_pa_5_1_7,5-3-7-137
poblado_pa_5_3_7_138,Paritilla,correg_pa_5_1_7,5-3-7-138
poblado_pa_5_3_7_139,Rancho Quemao,correg_pa_5_1_7,5-3-7-139
poblado_pa_5_3_7_140,Dos Bocas Abajo (P),correg_pa_5_1_7,5-3-7-140
poblado_pa_5_3_7_141,Tierra Prometida,correg_pa_5_1_7,5-3-7-141
poblado_pa_5_3_7_142,Viso Soso,correg_pa_5_1_7,5-3-7-142
poblado_pa_5_3_8_1,Agua Caliente,correg_pa_5_1_8,5-3-8-1
poblado_pa_5_3_8_2,Agua Viva,correg_pa_5_1_8,5-3-8-2
poblado_pa_5_3_8_3,Arretí,correg_pa_5_1_8,5-3-8-3
poblado_pa_5_3_8_4,Aruza Abajo,correg_pa_5_1_8,5-3-8-4
poblado_pa_5_3_8_5,Aruza Arriba,correg_pa_5_1_8,5-3-8-5
poblado_pa_5_3_8_6,Bajos de Iglesia o Río Iglesia,correg_pa_5_1_8,5-3-8-6
poblado_pa_5_3_8_8,Bijagual,correg_pa_5_1_8,5-3-8-8
poblado_pa_5_3_8_10,La Moneda (P),correg_pa_5_1_8,5-3-8-10
poblado_pa_5_3_8_11,Champion,correg_pa_5_1_8,5-3-8-11
poblado_pa_5_3_8_14,El Lirial,correg_pa_5_1_8,5-3-8-14
poblado_pa_5_3_8_15,El Tigre,correg_pa_5_1_8,5-3-8-15
poblado_pa_5_3_8_17,Gregorio Díaz,correg_pa_5_1_8,5-3-8-17
poblado_pa_5_3_8_19,Entrada de Arretí o la Matoza,correg_pa_5_1_8,5-3-8-19
poblado_pa_5_3_8_21,Los Mellos,correg_pa_5_1_8,5-3-8-21
poblado_pa_5_3_8_22,Macareño,correg_pa_5_1_8,5-3-8-22
poblado_pa_5_3_8_26,El Pital,correg_pa_5_1_8,5-3-8-26
poblado_pa_5_3_8_30,El Chorro,correg_pa_5_1_8,5-3-8-30
poblado_pa_5_3_8_32,Quebrada Pescado,correg_pa_5_1_8,5-3-8-32
poblado_pa_5_3_8_33,Quebrada Seca,correg_pa_5_1_8,5-3-8-33
poblado_pa_5_3_8_34,Quebrada Teteral,correg_pa_5_1_8,5-3-8-34
poblado_pa_5_3_8_35,Tata José,correg_pa_5_1_8,5-3-8-35
poblado_pa_5_3_8_38,La Laguna,correg_pa_5_1_8,5-3-8-38
poblado_pa_5_3_8_39,Champiocito o Campeoncito,correg_pa_5_1_8,5-3-8-39
poblado_pa_5_3_8_41,Agua Clara,correg_pa_5_1_8,5-3-8-41
poblado_pa_5_3_8_44,Agua Buena,correg_pa_5_1_8,5-3-8-44
poblado_pa_5_3_8_51,El Macho,correg_pa_5_1_8,5-3-8-51
poblado_pa_5_3_8_53,Altos del Cristo (P),correg_pa_5_1_8,5-3-8-53
poblado_pa_5_3_8_54,Quebrada Chiquero,correg_pa_5_1_8,5-3-8-54
poblado_pa_5_3_8_55,Aruza del Medio o Pueblo Nuevo,correg_pa_5_1_8,5-3-8-55
poblado_pa_5_3_8_56,Cabecera de Aruza,correg_pa_5_1_8,5-3-8-56
poblado_pa_5_3_8_57,Cabecera de Ureña,correg_pa_5_1_8,5-3-8-57
poblado_pa_5_3_8_59,El Golfo,correg_pa_5_1_8,5-3-8-59
poblado_pa_5_3_8_61,La Revesa,correg_pa_5_1_8,5-3-8-61
poblado_pa_5_3_8_62,Medio Mundo,correg_pa_5_1_8,5-3-8-62
poblado_pa_5_3_8_63,Puerto Quimba,correg_pa_5_1_8,5-3-8-63
poblado_pa_5_3_8_64,Quebrada Clarita,correg_pa_5_1_8,5-3-8-64
poblado_pa_5_3_8_65,Santa Cruz,correg_pa_5_1_8,5-3-8-65
poblado_pa_5_3_8_68,Bajos de Iglesia o Bijagual Abajo,correg_pa_5_1_8,5-3-8-68
poblado_pa_5_3_8_69,Sansón Arriba (P),correg_pa_5_1_8,5-3-8-69
poblado_pa_5_3_8_70,Finca la Escondida,correg_pa_5_1_8,5-3-8-70
poblado_pa_5_3_8_71,Isla Cristo Vive,correg_pa_5_1_8,5-3-8-71
poblado_pa_5_3_8_72,La Cubana,correg_pa_5_1_8,5-3-8-72
poblado_pa_5_3_13_1,Agua Fría No. 1 (P),correg_pa_5_1_13,5-3-13-1
poblado_pa_5_3_13_2,Agua Fría No. 2,correg_pa_5_1_13,5-3-13-2
poblado_pa_5_3_13_3,Arenita,correg_pa_5_1_13,5-3-13-3
poblado_pa_5_3_13_4,Botello,correg_pa_5_1_13,5-3-13-4
poblado_pa_5_3_13_5,Cativá,correg_pa_5_1_13,5-3-13-5
poblado_pa_5_3_13_6,Clarita (P),correg_pa_5_1_13,5-3-13-6
poblado_pa_5_3_13_8,Clarita Centro,correg_pa_5_1_13,5-3-13-8
poblado_pa_5_3_13_9,El Caoba,correg_pa_5_1_13,5-3-13-9
poblado_pa_5_3_13_10,El Tirao,correg_pa_5_1_13,5-3-13-10
poblado_pa_5_3_13_11,Guayabillo (P),correg_pa_5_1_13,5-3-13-11
poblado_pa_5_3_13_12,Guayabillo Abajo (P),correg_pa_5_1_13,5-3-13-12
poblado_pa_5_3_13_13,La Corocita,correg_pa_5_1_13,5-3-13-13
poblado_pa_5_3_13_15,Mundito,correg_pa_5_1_13,5-3-13-15
poblado_pa_5_3_13_16,Palmira,correg_pa_5_1_13,5-3-13-16
poblado_pa_5_3_13_17,Paraíso (P),correg_pa_5_1_13,5-3-13-17
poblado_pa_5_3_13_19,Quebrada el Cedro,correg_pa_5_1_13,5-3-13-19
poblado_pa_5_3_13_20,Quebrada Grande Abajo,correg_pa_5_1_13,5-3-13-20
poblado_pa_5_3_13_21,Quebrada Grande Arriba (P),correg_pa_5_1_13,5-3-13-21
poblado_pa_5_3_13_22,Quebrada Grande No. 1,correg_pa_5_1_13,5-3-13-22
poblado_pa_5_3_13_25,Quebrada Limón Arriba,correg_pa_5_1_13,5-3-13-25
poblado_pa_5_3_13_26,Quebrada Nevera,correg_pa_5_1_13,5-3-13-26
poblado_pa_5_3_13_27,Río Claro,correg_pa_5_1_13,5-3-13-27
poblado_pa_5_3_13_29,Sabana Arriba,correg_pa_5_1_13,5-3-13-29
poblado_pa_5_3_13_30,Santa Marta o Flor de Laguna,correg_pa_5_1_13,5-3-13-30
poblado_pa_5_3_13_31,Vista Alegre,correg_pa_5_1_13,5-3-13-31
poblado_pa_5_3_13_32,El Cedro,correg_pa_5_1_13,5-3-13-32
poblado_pa_5_3_13_33,Emberá Purú,correg_pa_5_1_13,5-3-13-33
poblado_pa_5_3_13_34,Quebrada Grande del Medio,correg_pa_5_1_13,5-3-13-34
poblado_pa_5_3_13_35,Pigandí Arriba (P),correg_pa_5_1_13,5-3-13-35
poblado_pa_5_3_13_37,Altos de Vista Alegre (P),correg_pa_5_1_13,5-3-13-37
poblado_pa_5_3_13_38,Las Delicias,correg_pa_5_1_13,5-3-13-38
poblado_pa_5_3_13_39,Quebrada Grande No. 2,correg_pa_5_1_13,5-3-13-39
poblado_pa_5_3_13_40,Santa Cruz (P),correg_pa_5_1_13,5-3-13-40
poblado_pa_5_3_14_1,Bajo Bonito (P),correg_pa_5_1_14,5-3-14-1
poblado_pa_5_3_14_3,Boca Eusebia,correg_pa_5_1_14,5-3-14-3
poblado_pa_5_3_14_4,Cabecera de Dorotea (P),correg_pa_5_1_14,5-3-14-4
poblado_pa_5_3_14_5,Candelilla,correg_pa_5_1_14,5-3-14-5
poblado_pa_5_3_14_6,Chanatí (P),correg_pa_5_1_14,5-3-14-6
poblado_pa_5_3_14_7,Chanaticito,correg_pa_5_1_14,5-3-14-7
poblado_pa_5_3_14_8,Corozal,correg_pa_5_1_14,5-3-14-8
poblado_pa_5_3_14_9,Cucunatí Cabecera,correg_pa_5_1_14,5-3-14-9
poblado_pa_5_3_14_10,El Caoba,correg_pa_5_1_14,5-3-14-10
poblado_pa_5_3_14_11,El Desmayo,correg_pa_5_1_14,5-3-14-11
poblado_pa_5_3_14_12,Estopillán,correg_pa_5_1_14,5-3-14-12
poblado_pa_5_3_14_13,Eusebia Arriba,correg_pa_5_1_14,5-3-14-13
poblado_pa_5_3_14_14,Eusebia o la Patriota,correg_pa_5_1_14,5-3-14-14
poblado_pa_5_3_14_15,Finca Coredo,correg_pa_5_1_14,5-3-14-15
poblado_pa_5_3_14_16,Guágara,correg_pa_5_1_14,5-3-14-16
poblado_pa_5_3_14_17,Guzmán,correg_pa_5_1_14,5-3-14-17
poblado_pa_5_3_14_18,La Chunga,correg_pa_5_1_14,5-3-14-18
poblado_pa_5_3_14_19,La Gira (P),correg_pa_5_1_14,5-3-14-19
poblado_pa_5_3_14_20,La Góngora,correg_pa_5_1_14,5-3-14-20
poblado_pa_5_3_14_21,La Soledad,correg_pa_5_1_14,5-3-14-21
poblado_pa_5_3_14_23,Llano Bonito,correg_pa_5_1_14,5-3-14-23
poblado_pa_5_3_14_24,Los Nunos,correg_pa_5_1_14,5-3-14-24
poblado_pa_5_3_14_25,El Pixvae o el Pifá,correg_pa_5_1_14,5-3-14-25
poblado_pa_5_3_14_26,Platanillal,correg_pa_5_1_14,5-3-14-26
poblado_pa_5_3_14_27,Primavera,correg_pa_5_1_14,5-3-14-27
poblado_pa_5_3_14_28,Quebrada Aguacate,correg_pa_5_1_14,5-3-14-28
poblado_pa_5_3_14_29,Quebrada Caña Blanca Arriba,correg_pa_5_1_14,5-3-14-29
poblado_pa_5_3_14_30,Quebrada Cuca,correg_pa_5_1_14,5-3-14-30
poblado_pa_5_3_14_31,Quebrada Dorotea o Dorotea,correg_pa_5_1_14,5-3-14-31
poblado_pa_5_3_14_33,Quebrada Más Verde,correg_pa_5_1_14,5-3-14-33
poblado_pa_5_3_14_34,Quebrada Zancudero,correg_pa_5_1_14,5-3-14-34
poblado_pa_5_3_14_35,Román (P),correg_pa_5_1_14,5-3-14-35
poblado_pa_5_3_14_36,Santa Rosa,correg_pa_5_1_14,5-3-14-36
poblado_pa_5_3_14_37,Taguales,correg_pa_5_1_14,5-3-14-37
poblado_pa_5_3_14_41,Calle Limón,correg_pa_5_1_14,5-3-14-41
poblado_pa_5_3_14_42,Coredo (P),correg_pa_5_1_14,5-3-14-42
poblado_pa_5_3_14_43,La Lajosa,correg_pa_5_1_14,5-3-14-43
poblado_pa_5_3_14_44,Los Tablones,correg_pa_5_1_14,5-3-14-44
poblado_pa_5_3_14_45,Guayaquil,correg_pa_5_1_14,5-3-14-45
poblado_pa_5_3_14_46,Loma María,correg_pa_5_1_14,5-3-14-46
poblado_pa_5_3_15_1,Buena Vista,correg_pa_5_1_15,5-3-15-1
poblado_pa_5_3_15_2,Cabecera de Quebrada Diabla,correg_pa_5_1_15,5-3-15-2
poblado_pa_5_3_15_3,Cacao,correg_pa_5_1_15,5-3-15-3
poblado_pa_5_3_15_5,Dos Bocas Grandes (P),correg_pa_5_1_15,5-3-15-5
poblado_pa_5_3_15_6,El Espaveito,correg_pa_5_1_15,5-3-15-6
poblado_pa_5_3_15_7,La Tigra,correg_pa_5_1_15,5-3-15-7
poblado_pa_5_3_15_8,Santa Rita,correg_pa_5_1_15,5-3-15-8
poblado_pa_5_3_15_9,Las Lajitas,correg_pa_5_1_15,5-3-15-9
poblado_pa_5_3_15_10,Monte Rico,correg_pa_5_1_15,5-3-15-10
poblado_pa_5_3_15_11,Nuevo Canajagüita,correg_pa_5_1_15,5-3-15-11
poblado_pa_5_3_15_12,Nuevo Paraíso,correg_pa_5_1_15,5-3-15-12
poblado_pa_5_3_15_13,Platanillo,correg_pa_5_1_15,5-3-15-13
poblado_pa_5_3_15_14,Playa de Oro,correg_pa_5_1_15,5-3-15-14
poblado_pa_5_3_15_15,Progreso,correg_pa_5_1_15,5-3-15-15
poblado_pa_5_3_15_16,Quebrada Colorete,correg_pa_5_1_15,5-3-15-16
poblado_pa_5_3_15_17,Quebrada Guinea,correg_pa_5_1_15,5-3-15-17
poblado_pa_5_3_15_19,Río Arenal,correg_pa_5_1_15,5-3-15-19
poblado_pa_5_3_15_20,Río Bonito,correg_pa_5_1_15,5-3-15-20
poblado_pa_5_3_15_21,Río Chiricano,correg_pa_5_1_15,5-3-15-21
poblado_pa_5_3_15_22,Río Gira,correg_pa_5_1_15,5-3-15-22
poblado_pa_5_3_15_23,Río Pavo,correg_pa_5_1_15,5-3-15-23
poblado_pa_5_3_15_24,Río Pedasí,correg_pa_5_1_15,5-3-15-24
poblado_pa_5_3_15_25,Río Venado,correg_pa_5_1_15,5-3-15-25
poblado_pa_5_3_15_26,Río Venado Arriba,correg_pa_5_1_15,5-3-15-26
poblado_pa_5_3_15_27,San Pedrito,correg_pa_5_1_15,5-3-15-27
poblado_pa_5_3_15_28,Santa Bárbara Arriba (P),correg_pa_5_1_15,5-3-15-28
poblado_pa_5_3_15_29,Santa Marta,correg_pa_5_1_15,5-3-15-29
poblado_pa_5_3_15_30,Tigre Viento,correg_pa_5_1_15,5-3-15-30
poblado_pa_5_3_15_32,Valle Rico,correg_pa_5_1_15,5-3-15-32
poblado_pa_5_3_15_33,Dos Bocas Abajo (P),correg_pa_5_1_15,5-3-15-33
poblado_pa_5_3_15_34,Salto Tres Piedras,correg_pa_5_1_15,5-3-15-34
poblado_pa_5_3_15_35,Higueronal Arriba o Cabecera de Higueronal (P),correg_pa_5_1_15,5-3-15-35
poblado_pa_5_3_15_36,Nuevo Tonosí (P),correg_pa_5_1_15,5-3-15-36
poblado_pa_5_3_15_37,San José,correg_pa_5_1_15,5-3-15-37
poblado_pa_5_3_16_1,Agua Buena No. 1,correg_pa_5_1_16,5-3-16-1
poblado_pa_5_3_16_2,Agua Buena No. 2,correg_pa_5_1_16,5-3-16-2
poblado_pa_5_3_16_4,Agua Clara Arriba,correg_pa_5_1_16,5-3-16-4
poblado_pa_5_3_16_9,Cabecera de Dorotea (P),correg_pa_5_1_16,5-3-16-9
poblado_pa_5_3_16_11,Caobanerita o Quebrada Caobanera,correg_pa_5_1_16,5-3-16-11
poblado_pa_5_3_16_12,Carrizal,correg_pa_5_1_16,5-3-16-12
poblado_pa_5_3_16_13,Chucunaque,correg_pa_5_1_16,5-3-16-13
poblado_pa_5_3_16_16,El Tirao,correg_pa_5_1_16,5-3-16-16
poblado_pa_5_3_16_18,Guayabillo (P),correg_pa_5_1_16,5-3-16-18
poblado_pa_5_3_16_19,Guayabillo Abajo (P),correg_pa_5_1_16,5-3-16-19
poblado_pa_5_3_16_20,Higueronal,correg_pa_5_1_16,5-3-16-20
poblado_pa_5_3_16_22,La Cantera,correg_pa_5_1_16,5-3-16-22
poblado_pa_5_3_16_26,La Lomita (P),correg_pa_5_1_16,5-3-16-26
poblado_pa_5_3_16_27,La Matosa,correg_pa_5_1_16,5-3-16-27
poblado_pa_5_3_16_28,La Villa,correg_pa_5_1_16,5-3-16-28
poblado_pa_5_3_16_29,Las Colinas,correg_pa_5_1_16,5-3-16-29
poblado_pa_5_3_16_31,Loma la Pava,correg_pa_5_1_16,5-3-16-31
poblado_pa_5_3_16_32,Los Monos o Arimae,correg_pa_5_1_16,5-3-16-32
poblado_pa_5_3_16_33,Los Nunos,correg_pa_5_1_16,5-3-16-33
poblado_pa_5_3_16_35,Paraíso (P),correg_pa_5_1_16,5-3-16-35
poblado_pa_5_3_16_36,Piñalito,correg_pa_5_1_16,5-3-16-36
poblado_pa_5_3_16_37,Pueblo Nuevo No. 1 (P),correg_pa_5_1_16,5-3-16-37
poblado_pa_5_3_16_39,Puerto de Santa Fe,correg_pa_5_1_16,5-3-16-39
poblado_pa_5_3_16_41,Quebrada Bonita,correg_pa_5_1_16,5-3-16-41
poblado_pa_5_3_16_42,Quebrada Cañazas,correg_pa_5_1_16,5-3-16-42
poblado_pa_5_3_16_44,Quebrada Jabón,correg_pa_5_1_16,5-3-16-44
poblado_pa_5_3_16_45,Quebrada la Estenia (P),correg_pa_5_1_16,5-3-16-45
poblado_pa_5_3_16_48,Quebrada Muerto o Santa Marta,correg_pa_5_1_16,5-3-16-48
poblado_pa_5_3_16_50,Aguas Claras,correg_pa_5_1_16,5-3-16-50
poblado_pa_5_3_16_51,Quebrada Tanque (P),correg_pa_5_1_16,5-3-16-51
poblado_pa_5_3_16_54,Román (P),correg_pa_5_1_16,5-3-16-54
poblado_pa_5_3_16_55,Román Centro o Río Román,correg_pa_5_1_16,5-3-16-55
poblado_pa_5_3_16_56,Sabana Arriba,correg_pa_5_1_16,5-3-16-56
poblado_pa_5_3_16_57,Sabanas,correg_pa_5_1_16,5-3-16-57
poblado_pa_5_3_16_59,Santa Fe,correg_pa_5_1_16,5-3-16-59
poblado_pa_5_3_16_60,Tamarindo,correg_pa_5_1_16,5-3-16-60
poblado_pa_5_3_16_61,Tamarindo Arriba o Zimba Arriba,correg_pa_5_1_16,5-3-16-61
poblado_pa_5_3_16_62,Tumagantí,correg_pa_5_1_16,5-3-16-62
poblado_pa_5_3_16_63,Valle Alegre,correg_pa_5_1_16,5-3-16-63
poblado_pa_5_3_16_64,Zapallal (P),correg_pa_5_1_16,5-3-16-64
poblado_pa_5_3_16_65,Zimba,correg_pa_5_1_16,5-3-16-65
poblado_pa_5_3_16_71,Coredo (P),correg_pa_5_1_16,5-3-16-71
poblado_pa_5_3_16_79,Sabana Centro,correg_pa_5_1_16,5-3-16-79
poblado_pa_5_3_16_80,Quebrada Tanque Abajo,correg_pa_5_1_16,5-3-16-80
poblado_pa_5_3_16_81,La Cabuya,correg_pa_5_1_16,5-3-16-81
poblado_pa_5_3_16_82,Alto la Torre,correg_pa_5_1_16,5-3-16-82
poblado_pa_5_3_16_83,Altos de Vista Alegre (P),correg_pa_5_1_16,5-3-16-83
poblado_pa_5_3_16_84,Arreti,correg_pa_5_1_16,5-3-16-84
poblado_pa_5_3_16_85,Finca Santa Rosa,correg_pa_5_1_16,5-3-16-85
poblado_pa_5_3_16_86,Tierra Prometida,correg_pa_5_1_16,5-3-16-86
poblado_pa_5_3_16_87,La Guajira,correg_pa_5_1_16,5-3-16-87
poblado_pa_5_3_17_1,Altos del Cristo (P),correg_pa_5_3_17,5-3-17-1
poblado_pa_5_3_17_2,Betel,correg_pa_5_3_17,5-3-17-2
poblado_pa_5_3_17_3,Cucuzal,correg_pa_5_3_17,5-3-17-3
poblado_pa_5_3_17_4,El Castillo,correg_pa_5_3_17,5-3-17-4
poblado_pa_5_3_17_6,El Ciruelito,correg_pa_5_3_17,5-3-17-6
poblado_pa_5_3_17_7,El Manguito,correg_pa_5_3_17,5-3-17-7
poblado_pa_5_3_17_9,Joselito,correg_pa_5_3_17,5-3-17-9
poblado_pa_5_3_17_11,La Juanita o la Loma,correg_pa_5_3_17,5-3-17-11
poblado_pa_5_3_17_12,La Lomita (P),correg_pa_5_3_17,5-3-17-12
poblado_pa_5_3_17_13,Las Delicias o Pueblo Nuevo,correg_pa_5_3_17,5-3-17-13
poblado_pa_5_3_17_14,Manantial,correg_pa_5_3_17,5-3-17-14
poblado_pa_5_3_17_15,Pueblo Nuevo No. 2,correg_pa_5_3_17,5-3-17-15
poblado_pa_5_3_17_16,Puerto Lara,correg_pa_5_3_17,5-3-17-16
poblado_pa_5_3_17_17,Quebrada Honda,correg_pa_5_3_17,5-3-17-17
poblado_pa_5_3_17_18,Quebrada Plácido,correg_pa_5_3_17,5-3-17-18
poblado_pa_5_3_17_19,Quebrada Relojera (P),correg_pa_5_3_17,5-3-17-19
poblado_pa_5_3_17_20,Quintín,correg_pa_5_3_17,5-3-17-20
poblado_pa_5_3_17_22,San Miguel,correg_pa_5_3_17,5-3-17-22
poblado_pa_5_3_17_23,Zapallal (P),correg_pa_5_3_17,5-3-17-23
poblado_pa_5_3_17_24,La Lomita Arriba,correg_pa_5_3_17,5-3-17-24
poblado_pa_5_3_17_25,Los Caobas,correg_pa_5_3_17,5-3-17-25
poblado_pa_5_3_17_26,San Cristóbal,correg_pa_5_3_17,5-3-17-26
poblado_pa_5_3_17_27,Pueblo Nuevo No. 1 (P),correg_pa_5_3_17,5-3-17-27
poblado_pa_5_3_17_28,Finca United Nature (P),correg_pa_5_3_17,5-3-17-28
poblado_pa_6_1_1_3,Chitré,correg_pa_6_1_1,6-1-1-3
poblado_pa_6_1_1_18,Las Lajitas o la Toma de Agua,correg_pa_6_1_1,6-1-1-18
poblado_pa_6_1_1_31,El Torno,correg_pa_6_1_1,6-1-1-31
poblado_pa_6_1_1_33,El Guayabito,correg_pa_6_1_1,6-1-1-33
poblado_pa_6_1_1_34,Las Huertas Abajo,correg_pa_6_1_1,6-1-1-34
poblado_pa_6_1_2_1,El Barrero (P),correg_pa_6_1_2,6-1-2-1
poblado_pa_6_1_2_2,El Barro,correg_pa_6_1_2,6-1-2-2
poblado_pa_6_1_2_3,El Algodonal,correg_pa_6_1_2,6-1-2-3
poblado_pa_6_1_2_4,La Arena,correg_pa_6_1_2,6-1-2-4
poblado_pa_6_1_2_5,La Chilonga,correg_pa_6_1_2,6-1-2-5
poblado_pa_6_1_2_6,La Flora,correg_pa_6_1_2,6-1-2-6
poblado_pa_6_1_2_7,La Isleta,correg_pa_6_1_2,6-1-2-7
poblado_pa_6_1_2_8,La Secreta,correg_pa_6_1_2,6-1-2-8
poblado_pa_6_1_2_10,Barriada San Pedro,correg_pa_6_1_2,6-1-2-10
poblado_pa_6_1_2_11,Quebrada Achotal,correg_pa_6_1_2,6-1-2-11
poblado_pa_6_1_2_12,Río Parita (P),correg_pa_6_1_2,6-1-2-12
poblado_pa_6_1_2_16,El Juncal (P),correg_pa_6_1_2,6-1-2-16
poblado_pa_6_1_2_17,El Cruce,correg_pa_6_1_2,6-1-2-17
poblado_pa_6_1_2_18,Finca el Conchal,correg_pa_6_1_2,6-1-2-18
poblado_pa_6_1_2_20,El Bejuco,correg_pa_6_1_2,6-1-2-20
poblado_pa_6_1_2_21,Residencial el Barníz,correg_pa_6_1_2,6-1-2-21
poblado_pa_6_1_2_22,Villa Campestre,correg_pa_6_1_2,6-1-2-22
poblado_pa_6_1_2_23,Residencial Ma Zoraida,correg_pa_6_1_2,6-1-2-23
poblado_pa_6_1_2_24,Vía Juncal,correg_pa_6_1_2,6-1-2-24
poblado_pa_6_1_3_1,Boca de Parita,correg_pa_6_1_3,6-1-3-1
poblado_pa_6_1_3_2,Monagrillo,correg_pa_6_1_3,6-1-3-2
poblado_pa_6_1_3_3,El Retén,correg_pa_6_1_3,6-1-3-3
poblado_pa_6_1_3_4,Playa el Retén,correg_pa_6_1_3,6-1-3-4
poblado_pa_6_1_3_9,Finca Bosnande,correg_pa_6_1_3,6-1-3-9
poblado_pa_6_1_3_10,El Juncal (P),correg_pa_6_1_3,6-1-3-10
poblado_pa_6_1_4_5,Llano Bonito,correg_pa_6_1_4,6-1-4-5
poblado_pa_6_1_4_7,Playa el Agallito,correg_pa_6_1_4,6-1-4-7
poblado_pa_6_1_4_9,El Faro,correg_pa_6_1_4,6-1-4-9
poblado_pa_6_1_5_2,San Juan Bautista,correg_pa_6_1_5,6-1-5-2
poblado_pa_6_1_5_4,Camino A la Isla,correg_pa_6_1_5,6-1-5-4
poblado_pa_6_2_1_1,Alto de la Laguna,correg_pa_6_2_1,6-2-1-1
poblado_pa_6_2_1_2,Cerro Gordo,correg_pa_6_2_1,6-2-1-2
poblado_pa_6_2_1_4,El Alto,correg_pa_6_2_1,6-2-1-4
poblado_pa_6_2_1_5,Barriada Cristo Peregrino,correg_pa_6_2_1,6-2-1-5
poblado_pa_6_2_1_6,El Entradero,correg_pa_6_2_1,6-2-1-6
poblado_pa_6_2_1_7,El Gallote,correg_pa_6_2_1,6-2-1-7
poblado_pa_6_2_1_8,El Jacinto,correg_pa_6_2_1,6-2-1-8
poblado_pa_6_2_1_9,El Ñuquito (P),correg_pa_6_2_1,6-2-1-9
poblado_pa_6_2_1_10,La Calidonia,correg_pa_6_2_1,6-2-1-10
poblado_pa_6_2_1_11,La Cuchilla,correg_pa_6_2_1,6-2-1-11
poblado_pa_6_2_1_13,Las Margaritas,correg_pa_6_2_1,6-2-1-13
poblado_pa_6_2_1_14,Las Marías,correg_pa_6_2_1,6-2-1-14
poblado_pa_6_2_1_15,Las Minas,correg_pa_6_2_1,6-2-1-15
poblado_pa_6_2_1_16,Las Pilanderas,correg_pa_6_2_1,6-2-1-16
poblado_pa_6_2_1_17,Las Trancas (P),correg_pa_6_2_1,6-2-1-17
poblado_pa_6_2_1_18,Alto de las Margaritas,correg_pa_6_2_1,6-2-1-18
poblado_pa_6_2_1_20,Los Pintos,correg_pa_6_2_1,6-2-1-20
poblado_pa_6_2_1_21,Llano de las Minas,correg_pa_6_2_1,6-2-1-21
poblado_pa_6_2_1_22,Piedra de los Higos,correg_pa_6_2_1,6-2-1-22
poblado_pa_6_2_1_23,Quebrada el Tigre,correg_pa_6_2_1,6-2-1-23
poblado_pa_6_2_1_24,El Bebedero,correg_pa_6_2_1,6-2-1-24
poblado_pa_6_2_1_25,El Ciruelito,correg_pa_6_2_1,6-2-1-25
poblado_pa_6_2_1_27,Llano Largo o San Martín,correg_pa_6_2_1,6-2-1-27
poblado_pa_6_2_1_28,Los Bajos de Vaca de Monte,correg_pa_6_2_1,6-2-1-28
poblado_pa_6_2_1_30,Cerro Gordo Abajo,correg_pa_6_2_1,6-2-1-30
poblado_pa_6_2_1_31,Finca Vista Hermosa,correg_pa_6_2_1,6-2-1-31
poblado_pa_6_2_1_32,El Villarreal,correg_pa_6_2_1,6-2-1-32
poblado_pa_6_2_1_33,Alto el Limón,correg_pa_6_2_1,6-2-1-33
poblado_pa_6_2_1_34,Cerro Colorado o Cordillera (P),correg_pa_6_2_1,6-2-1-34
poblado_pa_6_2_1_35,El Guanábano,correg_pa_6_2_1,6-2-1-35
poblado_pa_6_2_1_36,San José (P),correg_pa_6_2_1,6-2-1-36
poblado_pa_6_2_2_1,Barrero Amarillo,correg_pa_6_2_2,6-2-2-1
poblado_pa_6_2_2_2,Loma del Tigre,correg_pa_6_2_2,6-2-2-2
poblado_pa_6_2_2_3,Corotú,correg_pa_6_2_2,6-2-2-3
poblado_pa_6_2_2_4,Chepo (P),correg_pa_6_2_2,6-2-2-4
poblado_pa_6_2_2_5,El Cacao,correg_pa_6_2_2,6-2-2-5
poblado_pa_6_2_2_6,El Guánico,correg_pa_6_2_2,6-2-2-6
poblado_pa_6_2_2_8,El Jacinto (P),correg_pa_6_2_2,6-2-2-8
poblado_pa_6_2_2_9,El Salto,correg_pa_6_2_2,6-2-2-9
poblado_pa_6_2_2_10,Filo Llano,correg_pa_6_2_2,6-2-2-10
poblado_pa_6_2_2_11,La Desbarrancada,correg_pa_6_2_2,6-2-2-11
poblado_pa_6_2_2_12,Las Llanitas,correg_pa_6_2_2,6-2-2-12
poblado_pa_6_2_2_13,Dos Bocas,correg_pa_6_2_2,6-2-2-13
poblado_pa_6_2_2_14,Las Playitas,correg_pa_6_2_2,6-2-2-14
poblado_pa_6_2_2_15,Tres Casas,correg_pa_6_2_2,6-2-2-15
poblado_pa_6_2_2_16,Los Garanganos,correg_pa_6_2_2,6-2-2-16
poblado_pa_6_2_2_17,Los Macanitos,correg_pa_6_2_2,6-2-2-17
poblado_pa_6_2_2_18,Macaraquita,correg_pa_6_2_2,6-2-2-18
poblado_pa_6_2_2_19,Río Viejo,correg_pa_6_2_2,6-2-2-19
poblado_pa_6_2_2_20,Quebrada Chepo,correg_pa_6_2_2,6-2-2-20
poblado_pa_6_2_2_21,Quebrada del Cántaro (P),correg_pa_6_2_2,6-2-2-21
poblado_pa_6_2_2_22,Quebrada Ramos (P),correg_pa_6_2_2,6-2-2-22
poblado_pa_6_2_2_23,Río Jacinto,correg_pa_6_2_2,6-2-2-23
poblado_pa_6_2_2_24,Río la Villa (P),correg_pa_6_2_2,6-2-2-24
poblado_pa_6_2_2_25,Río Viejo Arriba,correg_pa_6_2_2,6-2-2-25
poblado_pa_6_2_2_26,Tres Puntas (P),correg_pa_6_2_2,6-2-2-26
poblado_pa_6_2_2_27,Río Negro,correg_pa_6_2_2,6-2-2-27
poblado_pa_6_2_2_28,Hondo el Limón,correg_pa_6_2_2,6-2-2-28
poblado_pa_6_2_2_29,Las Matías o Río Negro Arriba,correg_pa_6_2_2,6-2-2-29
poblado_pa_6_2_2_30,La Manglillosa,correg_pa_6_2_2,6-2-2-30
poblado_pa_6_2_2_31,Los Bartolos o Loma Redonda,correg_pa_6_2_2,6-2-2-31
poblado_pa_6_2_2_32,Los Ñumis,correg_pa_6_2_2,6-2-2-32
poblado_pa_6_2_2_34,Rio Mariato,correg_pa_6_2_2,6-2-2-34
poblado_pa_6_2_2_35,La Sonadora,correg_pa_6_2_2,6-2-2-35
poblado_pa_6_2_2_36,El Cañafístulo (P),correg_pa_6_2_2,6-2-2-36
poblado_pa_6_2_2_38,Quebrada de Piedra,correg_pa_6_2_2,6-2-2-38
poblado_pa_6_2_2_39,Alto Aguacate,correg_pa_6_2_2,6-2-2-39
poblado_pa_6_2_2_40,Altos del Cántaro,correg_pa_6_2_2,6-2-2-40
poblado_pa_6_2_2_41,Florida,correg_pa_6_2_2,6-2-2-41
poblado_pa_6_2_2_43,Loma Bonita,correg_pa_6_2_2,6-2-2-43
poblado_pa_6_2_2_46,Quebrada la Llanita,correg_pa_6_2_2,6-2-2-46
poblado_pa_6_2_2_47,Río las Matas,correg_pa_6_2_2,6-2-2-47
poblado_pa_6_2_2_48,Río Negro Abajo,correg_pa_6_2_2,6-2-2-48
poblado_pa_6_2_2_51,Río Viejo Abajo,correg_pa_6_2_2,6-2-2-51
poblado_pa_6_2_3_1,Chumical,correg_pa_6_2_3,6-2-3-1
poblado_pa_6_2_3_4,El Jazmín,correg_pa_6_2_3,6-2-3-4
poblado_pa_6_2_3_6,Mejías Abajo,correg_pa_6_2_3,6-2-3-6
poblado_pa_6_2_3_7,Mejías Arriba,correg_pa_6_2_3,6-2-3-7
poblado_pa_6_2_3_8,Nance Bonito,correg_pa_6_2_3,6-2-3-8
poblado_pa_6_2_3_9,El Rascador,correg_pa_6_2_3,6-2-3-9
poblado_pa_6_2_4_4,Arraiján,correg_pa_6_2_4,6-2-4-4
poblado_pa_6_2_4_6,La Culebra,correg_pa_6_2_4,6-2-4-6
poblado_pa_6_2_4_7,El Barniz,correg_pa_6_2_4,6-2-4-7
poblado_pa_6_2_4_10,El Corotú,correg_pa_6_2_4,6-2-4-10
poblado_pa_6_2_4_11,El Maure,correg_pa_6_2_4,6-2-4-11
poblado_pa_6_2_4_14,El Platito,correg_pa_6_2_4,6-2-4-14
poblado_pa_6_2_4_15,El Tiestal,correg_pa_6_2_4,6-2-4-15
poblado_pa_6_2_4_16,El Toro,correg_pa_6_2_4,6-2-4-16
poblado_pa_6_2_4_17,Rincón de Juan Díaz,correg_pa_6_2_4,6-2-4-17
poblado_pa_6_2_4_18,La Ceniza,correg_pa_6_2_4,6-2-4-18
poblado_pa_6_2_4_21,La Margaja,correg_pa_6_2_4,6-2-4-21
poblado_pa_6_2_4_22,La Miel,correg_pa_6_2_4,6-2-4-22
poblado_pa_6_2_4_25,La Raya,correg_pa_6_2_4,6-2-4-25
poblado_pa_6_2_4_28,Loma del Montuoso,correg_pa_6_2_4,6-2-4-28
poblado_pa_6_2_4_29,Quebrito,correg_pa_6_2_4,6-2-4-29
poblado_pa_6_2_4_30,Chepo (P),correg_pa_6_2_4,6-2-4-30
poblado_pa_6_2_4_31,El Cañafístulo (P),correg_pa_6_2_4,6-2-4-31
poblado_pa_6_2_4_32,La Malagueta Arriba (P),correg_pa_6_2_4,6-2-4-32
poblado_pa_6_2_4_33,Las Lajitas,correg_pa_6_2_4,6-2-4-33
poblado_pa_6_2_4_35,El Marín,correg_pa_6_2_4,6-2-4-35
poblado_pa_6_2_4_36,Alto Ambrosio,correg_pa_6_2_4,6-2-4-36
poblado_pa_6_2_4_37,La Piedra del Mundo,correg_pa_6_2_4,6-2-4-37
poblado_pa_6_2_4_38,Alto el Martín,correg_pa_6_2_4,6-2-4-38
poblado_pa_6_2_4_40,El Castillo,correg_pa_6_2_4,6-2-4-40
poblado_pa_6_2_4_41,El Cocuyo,correg_pa_6_2_4,6-2-4-41
poblado_pa_6_2_4_42,La Peña de Tebario o la Peña,correg_pa_6_2_4,6-2-4-42
poblado_pa_6_2_4_43,Las Huertas,correg_pa_6_2_4,6-2-4-43
poblado_pa_6_2_4_44,Las Marías,correg_pa_6_2_4,6-2-4-44
poblado_pa_6_2_5_1,Buena Vista,correg_pa_6_2_5,6-2-5-1
poblado_pa_6_2_5_2,Calabacito,correg_pa_6_2_5,6-2-5-2
poblado_pa_6_2_5_3,Cerro Colorado o Cordillera (P),correg_pa_6_2_5,6-2-5-3
poblado_pa_6_2_5_4,Cerro las Vacas,correg_pa_6_2_5,6-2-5-4
poblado_pa_6_2_5_5,El Ciruelo,correg_pa_6_2_5,6-2-5-5
poblado_pa_6_2_5_8,El Ñuco,correg_pa_6_2_5,6-2-5-8
poblado_pa_6_2_5_9,El Ñuquito (P),correg_pa_6_2_5,6-2-5-9
poblado_pa_6_2_5_10,El Salero,correg_pa_6_2_5,6-2-5-10
poblado_pa_6_2_5_11,Salero No. 1,correg_pa_6_2_5,6-2-5-11
poblado_pa_6_2_5_12,El Suay,correg_pa_6_2_5,6-2-5-12
poblado_pa_6_2_5_13,La Malagueta Arriba (P),correg_pa_6_2_5,6-2-5-13
poblado_pa_6_2_5_14,La Miel,correg_pa_6_2_5,6-2-5-14
poblado_pa_6_2_5_15,La Peña,correg_pa_6_2_5,6-2-5-15
poblado_pa_6_2_5_16,La Torre,correg_pa_6_2_5,6-2-5-16
poblado_pa_6_2_5_17,Las Lajas,correg_pa_6_2_5,6-2-5-17
poblado_pa_6_2_5_18,Las Lomas,correg_pa_6_2_5,6-2-5-18
poblado_pa_6_2_5_21,Leones Arriba,correg_pa_6_2_5,6-2-5-21
poblado_pa_6_2_5_22,Los Ceibos,correg_pa_6_2_5,6-2-5-22
poblado_pa_6_2_5_23,Los Helechales,correg_pa_6_2_5,6-2-5-23
poblado_pa_6_2_5_24,Los Picachos,correg_pa_6_2_5,6-2-5-24
poblado_pa_6_2_5_25,Llano Amador,correg_pa_6_2_5,6-2-5-25
poblado_pa_6_2_5_26,Rincón del Gato,correg_pa_6_2_5,6-2-5-26
poblado_pa_6_2_5_27,Río Parita (P),correg_pa_6_2_5,6-2-5-27
poblado_pa_6_2_5_30,Leones Abajo,correg_pa_6_2_5,6-2-5-30
poblado_pa_6_2_5_31,Los Valdeses,correg_pa_6_2_5,6-2-5-31
poblado_pa_6_2_5_32,El Suay Abajo,correg_pa_6_2_5,6-2-5-32
poblado_pa_6_2_5_33,El Suay Arriba,correg_pa_6_2_5,6-2-5-33
poblado_pa_6_2_5_35,Las Trancas (P),correg_pa_6_2_5,6-2-5-35
poblado_pa_6_2_5_36,Loma de los Monos,correg_pa_6_2_5,6-2-5-36
poblado_pa_6_2_5_37,Tres Puntas (P),correg_pa_6_2_5,6-2-5-37
poblado_pa_6_2_5_38,La Zatra,correg_pa_6_2_5,6-2-5-38
poblado_pa_6_2_6_2,La Cuchareta,correg_pa_6_2_6,6-2-6-2
poblado_pa_6_2_6_3,El Algodón,correg_pa_6_2_6,6-2-6-3
poblado_pa_6_2_6_5,El Gallo,correg_pa_6_2_6,6-2-6-5
poblado_pa_6_2_6_6,El Progreso o el Guineo,correg_pa_6_2_6,6-2-6-6
poblado_pa_6_2_6_7,El Macano,correg_pa_6_2_6,6-2-6-7
poblado_pa_6_2_6_8,El Nanzal,correg_pa_6_2_6,6-2-6-8
poblado_pa_6_2_6_10,La Huaca,correg_pa_6_2_6,6-2-6-10
poblado_pa_6_2_6_12,La Pacora No. 1,correg_pa_6_2_6,6-2-6-12
poblado_pa_6_2_6_13,La Pacora No. 2,correg_pa_6_2_6,6-2-6-13
poblado_pa_6_2_6_15,Las Yescas,correg_pa_6_2_6,6-2-6-15
poblado_pa_6_2_6_18,Los Portorricos,correg_pa_6_2_6,6-2-6-18
poblado_pa_6_2_6_20,El Cacao,correg_pa_6_2_6,6-2-6-20
poblado_pa_6_2_6_25,Quebrada del Rosario Abajo (P),correg_pa_6_2_6,6-2-6-25
poblado_pa_6_2_6_26,Quebrada del Rosario,correg_pa_6_2_6,6-2-6-26
poblado_pa_6_2_6_34,La Colorada,correg_pa_6_2_6,6-2-6-34
poblado_pa_6_2_6_35,El Juncal,correg_pa_6_2_6,6-2-6-35
poblado_pa_6_2_6_36,Las Pipas,correg_pa_6_2_6,6-2-6-36
poblado_pa_6_2_6_37,Loma del Copé o Copé Abajo (P),correg_pa_6_2_6,6-2-6-37
poblado_pa_6_2_6_38,El Chumico (P),correg_pa_6_2_6,6-2-6-38
poblado_pa_6_2_7_1,El Copé,correg_pa_6_2_7,6-2-7-1
poblado_pa_6_2_7_2,Quebrada el Limón,correg_pa_6_2_7,6-2-7-2
poblado_pa_6_2_7_3,El Parque,correg_pa_6_2_7,6-2-7-3
poblado_pa_6_2_7_4,Quebrada Pifá,correg_pa_6_2_7,6-2-7-4
poblado_pa_6_2_7_5,La Cutarra,correg_pa_6_2_7,6-2-7-5
poblado_pa_6_2_7_6,Las Matas o las Matas Arriba,correg_pa_6_2_7,6-2-7-6
poblado_pa_6_2_7_7,Loma Azul,correg_pa_6_2_7,6-2-7-7
poblado_pa_6_2_7_8,Loma del Ranchito,correg_pa_6_2_7,6-2-7-8
poblado_pa_6_2_7_9,Los Virotales,correg_pa_6_2_7,6-2-7-9
poblado_pa_6_2_7_10,Paja de Nata,correg_pa_6_2_7,6-2-7-10
poblado_pa_6_2_7_11,Quebrada del Cántaro (P),correg_pa_6_2_7,6-2-7-11
poblado_pa_6_2_7_12,Quebrada el Ciprián,correg_pa_6_2_7,6-2-7-12
poblado_pa_6_2_7_13,Quebrada Hernández,correg_pa_6_2_7,6-2-7-13
poblado_pa_6_2_7_14,Quebrada Ramos (P),correg_pa_6_2_7,6-2-7-14
poblado_pa_6_2_7_15,Río la Villa (P),correg_pa_6_2_7,6-2-7-15
poblado_pa_6_2_7_16,El Ciprián,correg_pa_6_2_7,6-2-7-16
poblado_pa_6_2_7_17,Divisa,correg_pa_6_2_7,6-2-7-17
poblado_pa_6_2_7_18,El Jacinto (P),correg_pa_6_2_7,6-2-7-18
poblado_pa_6_2_7_19,Las Matas Abajo (P),correg_pa_6_2_7,6-2-7-19
poblado_pa_6_3_1_1,Aguacate,correg_pa_6_3_1,6-3-1-1
poblado_pa_6_3_1_2,Barro Blanco,correg_pa_6_3_1,6-3-1-2
poblado_pa_6_3_1_3,El Barrero (P),correg_pa_6_3_1,6-3-1-3
poblado_pa_6_3_1_4,El Copé (P),correg_pa_6_3_1,6-3-1-4
poblado_pa_6_3_1_6,El Chorro,correg_pa_6_3_1,6-3-1-6
poblado_pa_6_3_1_7,El Piro (P),correg_pa_6_3_1,6-3-1-7
poblado_pa_6_3_1_8,El Rodeo,correg_pa_6_3_1,6-3-1-8
poblado_pa_6_3_1_9,Esquiguita (P),correg_pa_6_3_1,6-3-1-9
poblado_pa_6_3_1_10,Honduras,correg_pa_6_3_1,6-3-1-10
poblado_pa_6_3_1_12,La Llanita,correg_pa_6_3_1,6-3-1-12
poblado_pa_6_3_1_13,La Sabaneta de los Leones,correg_pa_6_3_1,6-3-1-13
poblado_pa_6_3_1_14,Las Cuestas,correg_pa_6_3_1,6-3-1-14
poblado_pa_6_3_1_16,Los Pozos,correg_pa_6_3_1,6-3-1-16
poblado_pa_6_3_1_17,Pozos Abajo,correg_pa_6_3_1,6-3-1-17
poblado_pa_6_3_1_18,Pozos Arriba,correg_pa_6_3_1,6-3-1-18
poblado_pa_6_3_1_21,Río Arriba (P),correg_pa_6_3_1,6-3-1-21
poblado_pa_6_3_1_22,San José (P),correg_pa_6_3_1,6-3-1-22
poblado_pa_6_3_2_1,El Cañafístulo,correg_pa_6_3_2,6-3-2-1
poblado_pa_6_3_2_2,El Capurí,correg_pa_6_3_2,6-3-2-2
poblado_pa_6_3_2_3,El Pixvae,correg_pa_6_3_2,6-3-2-3
poblado_pa_6_3_2_4,Jacintillo,correg_pa_6_3_2,6-3-2-4
poblado_pa_6_3_2_5,La Palma,correg_pa_6_3_2,6-3-2-5
poblado_pa_6_3_2_7,Las Lagunitas (P),correg_pa_6_3_2,6-3-2-7
poblado_pa_6_3_2_8,Río Abajo,correg_pa_6_3_2,6-3-2-8
poblado_pa_6_3_2_9,Río Arriba (P),correg_pa_6_3_2,6-3-2-9
poblado_pa_6_3_2_10,Alto Panamá,correg_pa_6_3_2,6-3-2-10
poblado_pa_6_3_2_13,La Sabaneta,correg_pa_6_3_2,6-3-2-13
poblado_pa_6_3_3_1,El Bongo,correg_pa_6_3_3,6-3-3-1
poblado_pa_6_3_3_2,El Calabacito,correg_pa_6_3_3,6-3-3-2
poblado_pa_6_3_3_3,El Guayabito,correg_pa_6_3_3,6-3-3-3
poblado_pa_6_3_3_5,La Montañuela (P),correg_pa_6_3_3,6-3-3-5
poblado_pa_6_3_3_6,La Canoa,correg_pa_6_3_3,6-3-3-6
poblado_pa_6_3_3_7,La Guabita,correg_pa_6_3_3,6-3-3-7
poblado_pa_6_3_3_8,La Jobera,correg_pa_6_3_3,6-3-3-8
poblado_pa_6_3_3_9,La Palma,correg_pa_6_3_3,6-3-3-9
poblado_pa_6_3_3_10,Las Lomas,correg_pa_6_3_3,6-3-3-10
poblado_pa_6_3_3_11,Mina Honda,correg_pa_6_3_3,6-3-3-11
poblado_pa_6_3_3_12,Ojo de Agua (P),correg_pa_6_3_3,6-3-3-12
poblado_pa_6_3_3_13,La Taguara (P),correg_pa_6_3_3,6-3-3-13
poblado_pa_6_3_4_1,El Cacao,correg_pa_6_3_4,6-3-4-1
poblado_pa_6_3_4_2,El Cedro,correg_pa_6_3_4,6-3-4-2
poblado_pa_6_3_4_5,El Rodeo,correg_pa_6_3_4,6-3-4-5
poblado_pa_6_3_4_6,La Cimarronera,correg_pa_6_3_4,6-3-4-6
poblado_pa_6_3_4_7,Bajo del Cajeto,correg_pa_6_3_4,6-3-4-7
poblado_pa_6_3_4_9,Los Jobos,correg_pa_6_3_4,6-3-4-9
poblado_pa_6_3_4_10,Alto del Río (P),correg_pa_6_3_4,6-3-4-10
poblado_pa_6_3_4_11,El Marañón,correg_pa_6_3_4,6-3-4-11
poblado_pa_6_3_4_12,El Pedernal Abajo,correg_pa_6_3_4,6-3-4-12
poblado_pa_6_3_4_13,El Pedernal Arriba,correg_pa_6_3_4,6-3-4-13
poblado_pa_6_3_4_15,Tierras Blancas,correg_pa_6_3_4,6-3-4-15
poblado_pa_6_3_4_16,El Alto,correg_pa_6_3_4,6-3-4-16
poblado_pa_6_3_4_17,El Jagüito (P),correg_pa_6_3_4,6-3-4-17
poblado_pa_6_3_5_1,El Ciruelito,correg_pa_6_3_5,6-3-5-1
poblado_pa_6_3_5_2,La Arena,correg_pa_6_3_5,6-3-5-2
poblado_pa_6_3_5_3,La Montañuela (P),correg_pa_6_3_5,6-3-5-3
poblado_pa_6_3_5_4,La Sabaneta,correg_pa_6_3_5,6-3-5-4
poblado_pa_6_3_5_5,Los Bajos,correg_pa_6_3_5,6-3-5-5
poblado_pa_6_3_5_6,Los Guarumos,correg_pa_6_3_5,6-3-5-6
poblado_pa_6_3_5_7,Los Ajíes,correg_pa_6_3_5,6-3-5-7
poblado_pa_6_3_5_8,El Copé (P),correg_pa_6_3_5,6-3-5-8
poblado_pa_6_3_5_9,Ojo de Agua (P),correg_pa_6_3_5,6-3-5-9
poblado_pa_6_3_5_10,Quebrada el Junquito,correg_pa_6_3_5,6-3-5-10
poblado_pa_6_3_5_11,La Taguara (P),correg_pa_6_3_5,6-3-5-11
poblado_pa_6_3_6_2,Cerro Peludo,correg_pa_6_3_6,6-3-6-2
poblado_pa_6_3_6_4,El Cañafístulo,correg_pa_6_3_6,6-3-6-4
poblado_pa_6_3_6_7,La Bejucosa,correg_pa_6_3_6,6-3-6-7
poblado_pa_6_3_6_8,La Bravita,correg_pa_6_3_6,6-3-6-8
poblado_pa_6_3_6_10,La Honda de los Ñopos,correg_pa_6_3_6,6-3-6-10
poblado_pa_6_3_6_13,La Llanita,correg_pa_6_3_6,6-3-6-13
poblado_pa_6_3_6_15,Las Bóvedas,correg_pa_6_3_6,6-3-6-15
poblado_pa_6_3_6_17,La Zahinosa,correg_pa_6_3_6,6-3-6-17
poblado_pa_6_3_6_18,Los Ñopos,correg_pa_6_3_6,6-3-6-18
poblado_pa_6_3_6_21,Pitaloza Abajo,correg_pa_6_3_6,6-3-6-21
poblado_pa_6_3_6_22,Pitaloza Arriba,correg_pa_6_3_6,6-3-6-22
poblado_pa_6_3_6_23,Quebrada de Piedra (P),correg_pa_6_3_6,6-3-6-23
poblado_pa_6_3_6_25,La Rialeja (P),correg_pa_6_3_6,6-3-6-25
poblado_pa_6_3_6_26,Tulú Arriba (P),correg_pa_6_3_6,6-3-6-26
poblado_pa_6_3_6_27,Tumaco Arriba (P),correg_pa_6_3_6,6-3-6-27
poblado_pa_6_3_6_28,El Viejo (P),correg_pa_6_3_6,6-3-6-28
poblado_pa_6_3_6_30,Hondo del Niguito (P),correg_pa_6_3_6,6-3-6-30
poblado_pa_6_3_6_31,Santa Clara (P),correg_pa_6_3_6,6-3-6-31
poblado_pa_6_3_6_34,Bella Vista,correg_pa_6_3_6,6-3-6-34
poblado_pa_6_3_6_35,El Cerro,correg_pa_6_3_6,6-3-6-35
poblado_pa_6_3_6_37,El Chirote,correg_pa_6_3_6,6-3-6-37
poblado_pa_6_3_6_40,El Cruce de Santa Clara,correg_pa_6_3_6,6-3-6-40
poblado_pa_6_3_6_43,La Furnia,correg_pa_6_3_6,6-3-6-43
poblado_pa_6_3_6_52,Quebrada la Honda,correg_pa_6_3_6,6-3-6-52
poblado_pa_6_3_6_54,Rincón Sánchez,correg_pa_6_3_6,6-3-6-54
poblado_pa_6_3_6_55,Las Niguas,correg_pa_6_3_6,6-3-6-55
poblado_pa_6_3_7_1,Borrola (P),correg_pa_6_3_7,6-3-7-1
poblado_pa_6_3_7_2,Camarón (P),correg_pa_6_3_7,6-3-7-2
poblado_pa_6_3_7_3,El Barrero (P),correg_pa_6_3_7,6-3-7-3
poblado_pa_6_3_7_4,El Guayabo,correg_pa_6_3_7,6-3-7-4
poblado_pa_6_3_7_5,Esquiguita (P),correg_pa_6_3_7,6-3-7-5
poblado_pa_6_3_7_6,Juncalito (P),correg_pa_6_3_7,6-3-7-6
poblado_pa_6_3_7_7,La Legua (P),correg_pa_6_3_7,6-3-7-7
poblado_pa_6_3_7_8,La Loma,correg_pa_6_3_7,6-3-7-8
poblado_pa_6_3_7_9,Los Cerritos,correg_pa_6_3_7,6-3-7-9
poblado_pa_6_3_7_10,Paso Viejo (P),correg_pa_6_3_7,6-3-7-10
poblado_pa_6_3_7_11,El Piro (P),correg_pa_6_3_7,6-3-7-11
poblado_pa_6_3_8_1,Alto del Río (P),correg_pa_6_3_8,6-3-8-1
poblado_pa_6_3_8_2,Bajos del Naranjo,correg_pa_6_3_8,6-3-8-2
poblado_pa_6_3_8_3,La Chorrerita,correg_pa_6_3_8,6-3-8-3
poblado_pa_6_3_8_4,Bajo de la Yesca,correg_pa_6_3_8,6-3-8-4
poblado_pa_6_3_8_7,Loma del Copé o Copé Abajo (P),correg_pa_6_3_8,6-3-8-7
poblado_pa_6_3_8_9,El Chorrillo,correg_pa_6_3_8,6-3-8-9
poblado_pa_6_3_8_10,El Chumico (P),correg_pa_6_3_8,6-3-8-10
poblado_pa_6_3_8_11,El Guabo,correg_pa_6_3_8,6-3-8-11
poblado_pa_6_3_8_12,El Jagüito (P),correg_pa_6_3_8,6-3-8-12
poblado_pa_6_3_8_15,El Pedernal Arriba,correg_pa_6_3_8,6-3-8-15
poblado_pa_6_3_8_16,El Salitre Abajo,correg_pa_6_3_8,6-3-8-16
poblado_pa_6_3_8_17,El Salitre Arriba,correg_pa_6_3_8,6-3-8-17
poblado_pa_6_3_8_18,Guararé,correg_pa_6_3_8,6-3-8-18
poblado_pa_6_3_8_23,La Sabaneta,correg_pa_6_3_8,6-3-8-23
poblado_pa_6_3_8_25,Las Pipas,correg_pa_6_3_8,6-3-8-25
poblado_pa_6_3_8_26,La Yegua,correg_pa_6_3_8,6-3-8-26
poblado_pa_6_3_8_28,Los Cerros de Paja,correg_pa_6_3_8,6-3-8-28
poblado_pa_6_3_8_29,Manantiales,correg_pa_6_3_8,6-3-8-29
poblado_pa_6_3_8_30,Los Tornos,correg_pa_6_3_8,6-3-8-30
poblado_pa_6_3_8_31,Pan de Azúcar,correg_pa_6_3_8,6-3-8-31
poblado_pa_6_3_8_32,Quebrada del Rosario Abajo (P),correg_pa_6_3_8,6-3-8-32
poblado_pa_6_3_8_35,La Requinta,correg_pa_6_3_8,6-3-8-35
poblado_pa_6_3_8_36,Río Arriba (P),correg_pa_6_3_8,6-3-8-36
poblado_pa_6_3_8_39,El Piñal,correg_pa_6_3_8,6-3-8-39
poblado_pa_6_3_8_40,El Tembloso,correg_pa_6_3_8,6-3-8-40
poblado_pa_6_3_8_41,La Aguada,correg_pa_6_3_8,6-3-8-41
poblado_pa_6_3_8_42,El Calvario,correg_pa_6_3_8,6-3-8-42
poblado_pa_6_3_8_43,Las Lagunitas (P),correg_pa_6_3_8,6-3-8-43
poblado_pa_6_3_8_44,Peñas Blancas,correg_pa_6_3_8,6-3-8-44
poblado_pa_6_3_9_1,Altos de San Miguel,correg_pa_6_3_9,6-3-9-1
poblado_pa_6_3_9_2,El Caracucho,correg_pa_6_3_9,6-3-9-2
poblado_pa_6_3_9_3,El Chumico,correg_pa_6_3_9,6-3-9-3
poblado_pa_6_3_9_4,El Cogollal,correg_pa_6_3_9,6-3-9-4
poblado_pa_6_3_9_6,El Viejo (P),correg_pa_6_3_9,6-3-9-6
poblado_pa_6_3_9_7,Las Matas Abajo (P),correg_pa_6_3_9,6-3-9-7
poblado_pa_6_3_9_8,Llana Abajo,correg_pa_6_3_9,6-3-9-8
poblado_pa_6_3_9_9,Llana Arriba,correg_pa_6_3_9,6-3-9-9
poblado_pa_6_3_9_10,Los Peladeros,correg_pa_6_3_9,6-3-9-10
poblado_pa_6_3_9_11,Palo Alto,correg_pa_6_3_9,6-3-9-11
poblado_pa_6_3_9_12,Palo Amarillo,correg_pa_6_3_9,6-3-9-12
poblado_pa_6_3_9_14,Palo Mamey o el Mamey,correg_pa_6_3_9,6-3-9-14
poblado_pa_6_3_9_15,Quebrada de Piedra (P),correg_pa_6_3_9,6-3-9-15
poblado_pa_6_3_9_18,Tres Quebradas,correg_pa_6_3_9,6-3-9-18
poblado_pa_6_4_1_1,La Cabuya,correg_pa_6_4_1,6-4-1-1
poblado_pa_6_4_1_5,El Copé,correg_pa_6_4_1,6-4-1-5
poblado_pa_6_4_1_7,El Guabo,correg_pa_6_4_1,6-4-1-7
poblado_pa_6_4_1_9,El Guayabito,correg_pa_6_4_1,6-4-1-9
poblado_pa_6_4_1_12,El Higuito de Señales,correg_pa_6_4_1,6-4-1-12
poblado_pa_6_4_1_14,El Picadoral,correg_pa_6_4_1,6-4-1-14
poblado_pa_6_4_1_15,El Pilón,correg_pa_6_4_1,6-4-1-15
poblado_pa_6_4_1_18,El Tamarindo,correg_pa_6_4_1,6-4-1-18
poblado_pa_6_4_1_21,Higuito del Llano,correg_pa_6_4_1,6-4-1-21
poblado_pa_6_4_1_22,La Mela,correg_pa_6_4_1,6-4-1-22
poblado_pa_6_4_1_23,La Agustina,correg_pa_6_4_1,6-4-1-23
poblado_pa_6_4_1_27,La Gallinaza,correg_pa_6_4_1,6-4-1-27
poblado_pa_6_4_1_29,Rincón Grande,correg_pa_6_4_1,6-4-1-29
poblado_pa_6_4_1_30,Santa Rosa,correg_pa_6_4_1,6-4-1-30
poblado_pa_6_4_1_31,Las Guabas,correg_pa_6_4_1,6-4-1-31
poblado_pa_6_4_1_33,La Teja,correg_pa_6_4_1,6-4-1-33
poblado_pa_6_4_1_34,Los Carates (P),correg_pa_6_4_1,6-4-1-34
poblado_pa_6_4_1_35,Los Hoyitos,correg_pa_6_4_1,6-4-1-35
poblado_pa_6_4_1_36,Los Mitres,correg_pa_6_4_1,6-4-1-36
poblado_pa_6_4_1_38,Los Remedios,correg_pa_6_4_1,6-4-1-38
poblado_pa_6_4_1_40,Llano Grande,correg_pa_6_4_1,6-4-1-40
poblado_pa_6_4_1_43,Ocú,correg_pa_6_4_1,6-4-1-43
poblado_pa_6_4_1_44,Quebrada de Agua,correg_pa_6_4_1,6-4-1-44
poblado_pa_6_4_1_45,San Pedro,correg_pa_6_4_1,6-4-1-45
poblado_pa_6_4_1_47,La Cal,correg_pa_6_4_1,6-4-1-47
poblado_pa_6_4_1_49,Finca Señales (P),correg_pa_6_4_1,6-4-1-49
poblado_pa_6_4_1_50,La Guindabela,correg_pa_6_4_1,6-4-1-50
poblado_pa_6_4_1_55,La Arañita,correg_pa_6_4_1,6-4-1-55
poblado_pa_6_4_1_58,Vista Hermosa,correg_pa_6_4_1,6-4-1-58
poblado_pa_6_4_1_59,Paso Hondo (P),correg_pa_6_4_1,6-4-1-59
poblado_pa_6_4_1_60,Finca Villa Raquel,correg_pa_6_4_1,6-4-1-60
poblado_pa_6_4_1_61,El Guásimo,correg_pa_6_4_1,6-4-1-61
poblado_pa_6_4_1_62,Urbanización Villa Cande,correg_pa_6_4_1,6-4-1-62
poblado_pa_6_4_1_63,El Peñón,correg_pa_6_4_1,6-4-1-63
poblado_pa_6_4_2_3,Cerro Colorado,correg_pa_6_4_2,6-4-2-3
poblado_pa_6_4_2_4,Cerro Largo,correg_pa_6_4_2,6-4-2-4
poblado_pa_6_4_2_7,El Barrero No. 1,correg_pa_6_4_2,6-4-2-7
poblado_pa_6_4_2_9,El Bejucal,correg_pa_6_4_2,6-4-2-9
poblado_pa_6_4_2_11,El Gusanillo,correg_pa_6_4_2,6-4-2-11
poblado_pa_6_4_2_18,Guarumal,correg_pa_6_4_2,6-4-2-18
poblado_pa_6_4_2_19,El Picacho,correg_pa_6_4_2,6-4-2-19
poblado_pa_6_4_2_21,La Fragua,correg_pa_6_4_2,6-4-2-21
poblado_pa_6_4_2_22,La Sabaneta,correg_pa_6_4_2,6-4-2-22
poblado_pa_6_4_2_24,Loma del Ganado,correg_pa_6_4_2,6-4-2-24
poblado_pa_6_4_2_28,Los Cañafistulos o los Calabacitos,correg_pa_6_4_2,6-4-2-28
poblado_pa_6_4_2_29,Los Macanitos,correg_pa_6_4_2,6-4-2-29
poblado_pa_6_4_2_33,Quebrada Risacua,correg_pa_6_4_2,6-4-2-33
poblado_pa_6_4_2_34,Cabecera de Río Parita,correg_pa_6_4_2,6-4-2-34
poblado_pa_6_4_2_37,Alto los Helechales,correg_pa_6_4_2,6-4-2-37
poblado_pa_6_4_2_39,Río Parita Abajo,correg_pa_6_4_2,6-4-2-39
poblado_pa_6_4_2_40,Altos de Cerro Largo,correg_pa_6_4_2,6-4-2-40
poblado_pa_6_4_3_1,Aguas Azules (P),correg_pa_6_4_3,6-4-3-1
poblado_pa_6_4_3_7,El Barrigón,correg_pa_6_4_3,6-4-3-7
poblado_pa_6_4_3_10,El Corcovado,correg_pa_6_4_3,6-4-3-10
poblado_pa_6_4_3_13,Guayacán,correg_pa_6_4_3,6-4-3-13
poblado_pa_6_4_3_16,El Rodeo de las Huacas,correg_pa_6_4_3,6-4-3-16
poblado_pa_6_4_3_17,Entradero de Tijeras,correg_pa_6_4_3,6-4-3-17
poblado_pa_6_4_3_18,La Arena o la Arenita,correg_pa_6_4_3,6-4-3-18
poblado_pa_6_4_3_19,La Asunción,correg_pa_6_4_3,6-4-3-19
poblado_pa_6_4_3_20,La Cañazoza Arriba,correg_pa_6_4_3,6-4-3-20
poblado_pa_6_4_3_21,La Iguana,correg_pa_6_4_3,6-4-3-21
poblado_pa_6_4_3_22,La Penitencia,correg_pa_6_4_3,6-4-3-22
poblado_pa_6_4_3_25,Las Flores,correg_pa_6_4_3,6-4-3-25
poblado_pa_6_4_3_26,Las Huacas,correg_pa_6_4_3,6-4-3-26
poblado_pa_6_4_3_31,Los Higos,correg_pa_6_4_3,6-4-3-31
poblado_pa_6_4_3_33,Los Jaramillos,correg_pa_6_4_3,6-4-3-33
poblado_pa_6_4_3_34,Los Llanos,correg_pa_6_4_3,6-4-3-34
poblado_pa_6_4_3_36,Los Pérez,correg_pa_6_4_3,6-4-3-36
poblado_pa_6_4_3_37,Los Potreros,correg_pa_6_4_3,6-4-3-37
poblado_pa_6_4_3_41,Rincón Santo,correg_pa_6_4_3,6-4-3-41
poblado_pa_6_4_3_42,San José,correg_pa_6_4_3,6-4-3-42
poblado_pa_6_4_3_44,La Cañazoza Abajo,correg_pa_6_4_3,6-4-3-44
poblado_pa_6_4_3_45,Ponuguilla,correg_pa_6_4_3,6-4-3-45
poblado_pa_6_4_3_47,La Chepa,correg_pa_6_4_3,6-4-3-47
poblado_pa_6_4_4_1,Agua Buena,correg_pa_6_4_4,6-4-4-1
poblado_pa_6_4_4_2,Calabazal,correg_pa_6_4_4,6-4-4-2
poblado_pa_6_4_4_3,El Capacho,correg_pa_6_4_4,6-4-4-3
poblado_pa_6_4_4_4,El Guabilo,correg_pa_6_4_4,6-4-4-4
poblado_pa_6_4_4_5,El Guaymíe,correg_pa_6_4_4,6-4-4-5
poblado_pa_6_4_4_6,El Higuito de la Cañada,correg_pa_6_4_4,6-4-4-6
poblado_pa_6_4_4_7,El Ojal,correg_pa_6_4_4,6-4-4-7
poblado_pa_6_4_4_8,El Pajonal,correg_pa_6_4_4,6-4-4-8
poblado_pa_6_4_4_9,La Bodega,correg_pa_6_4_4,6-4-4-9
poblado_pa_6_4_4_10,La Polonia,correg_pa_6_4_4,6-4-4-10
poblado_pa_6_4_4_12,Las Manuelas,correg_pa_6_4_4,6-4-4-12
poblado_pa_6_4_4_13,Las Palmas,correg_pa_6_4_4,6-4-4-13
poblado_pa_6_4_4_14,La Valdeza,correg_pa_6_4_4,6-4-4-14
poblado_pa_6_4_4_15,Los Caratitos,correg_pa_6_4_4,6-4-4-15
poblado_pa_6_4_4_16,Llano Grande,correg_pa_6_4_4,6-4-4-16
poblado_pa_6_4_4_17,Llano Hato,correg_pa_6_4_4,6-4-4-17
poblado_pa_6_4_4_18,Pueblo Nuevo,correg_pa_6_4_4,6-4-4-18
poblado_pa_6_4_4_19,El Bañadero,correg_pa_6_4_4,6-4-4-19
poblado_pa_6_4_4_20,Finca Piedra Pintada,correg_pa_6_4_4,6-4-4-20
poblado_pa_6_4_5_2,El Barro o el Barrito,correg_pa_6_4_5,6-4-5-2
poblado_pa_6_4_5_4,El Floral,correg_pa_6_4_5,6-4-5-4
poblado_pa_6_4_5_5,Folofo,correg_pa_6_4_5,6-4-5-5
poblado_pa_6_4_5_7,El Negrito,correg_pa_6_4_5,6-4-5-7
poblado_pa_6_4_5_8,Jesuito,correg_pa_6_4_5,6-4-5-8
poblado_pa_6_4_5_9,La Chorrera,correg_pa_6_4_5,6-4-5-9
poblado_pa_6_4_5_11,La Raya,correg_pa_6_4_5,6-4-5-11
poblado_pa_6_4_5_12,Las Dos Bocas,correg_pa_6_4_5,6-4-5-12
poblado_pa_6_4_5_13,Las Paredes,correg_pa_6_4_5,6-4-5-13
poblado_pa_6_4_5_14,Finca la Piñuela,correg_pa_6_4_5,6-4-5-14
poblado_pa_6_4_5_15,Los Carates (P),correg_pa_6_4_5,6-4-5-15
poblado_pa_6_4_5_17,Llano Largo,correg_pa_6_4_5,6-4-5-17
poblado_pa_6_4_5_19,Paso Lajas,correg_pa_6_4_5,6-4-5-19
poblado_pa_6_4_5_20,Peñas Chatas,correg_pa_6_4_5,6-4-5-20
poblado_pa_6_4_5_21,Cerro Inés,correg_pa_6_4_5,6-4-5-21
poblado_pa_6_4_5_23,Majarilla,correg_pa_6_4_5,6-4-5-23
poblado_pa_6_4_5_24,Becilla,correg_pa_6_4_5,6-4-5-24
poblado_pa_6_4_5_25,Finca los Verales,correg_pa_6_4_5,6-4-5-25
poblado_pa_6_4_6_1,Aguas Azules (P),correg_pa_6_4_6,6-4-6-1
poblado_pa_6_4_6_2,Boquerón,correg_pa_6_4_6,6-4-6-2
poblado_pa_6_4_6_3,Cerro de Paja,correg_pa_6_4_6,6-4-6-3
poblado_pa_6_4_6_4,El Cebadero,correg_pa_6_4_6,6-4-6-4
poblado_pa_6_4_6_5,El Guásimo,correg_pa_6_4_6,6-4-6-5
poblado_pa_6_4_6_6,El Desbarrancado,correg_pa_6_4_6,6-4-6-6
poblado_pa_6_4_6_7,El Peñón,correg_pa_6_4_6,6-4-6-7
poblado_pa_6_4_6_8,La Culebra,correg_pa_6_4_6,6-4-6-8
poblado_pa_6_4_6_9,La Peña del Suay,correg_pa_6_4_6,6-4-6-9
poblado_pa_6_4_6_10,Limón de Tijeras,correg_pa_6_4_6,6-4-6-10
poblado_pa_6_4_6_11,Loma Larga,correg_pa_6_4_6,6-4-6-11
poblado_pa_6_4_6_12,Los Arenales,correg_pa_6_4_6,6-4-6-12
poblado_pa_6_4_6_13,Los Planes,correg_pa_6_4_6,6-4-6-13
poblado_pa_6_4_6_14,Los Salitres,correg_pa_6_4_6,6-4-6-14
poblado_pa_6_4_6_15,Paso Hondo,correg_pa_6_4_6,6-4-6-15
poblado_pa_6_4_6_16,Tijeras,correg_pa_6_4_6,6-4-6-16
poblado_pa_6_4_7_1,El Chorro,correg_pa_6_4_7,6-4-7-1
poblado_pa_6_4_7_2,El Potrero,correg_pa_6_4_7,6-4-7-2
poblado_pa_6_4_7_3,El Yerbo,correg_pa_6_4_7,6-4-7-3
poblado_pa_6_4_7_4,Elaina,correg_pa_6_4_7,6-4-7-4
poblado_pa_6_4_7_5,Entradero de Menchaca,correg_pa_6_4_7,6-4-7-5
poblado_pa_6_4_7_6,Finca Señales (P),correg_pa_6_4_7,6-4-7-6
poblado_pa_6_4_7_7,Guazamba,correg_pa_6_4_7,6-4-7-7
poblado_pa_6_4_7_8,Jagua,correg_pa_6_4_7,6-4-7-8
poblado_pa_6_4_7_9,La Arena,correg_pa_6_4_7,6-4-7-9
poblado_pa_6_4_7_10,La Gaitana,correg_pa_6_4_7,6-4-7-10
poblado_pa_6_4_7_12,Las Lajas,correg_pa_6_4_7,6-4-7-12
poblado_pa_6_4_7_13,Los Bajos del Cuscú,correg_pa_6_4_7,6-4-7-13
poblado_pa_6_4_7_14,Menchaca,correg_pa_6_4_7,6-4-7-14
poblado_pa_6_4_7_15,Menchaquita,correg_pa_6_4_7,6-4-7-15
poblado_pa_6_4_7_16,Valle Rico,correg_pa_6_4_7,6-4-7-16
poblado_pa_6_4_7_17,Valle Rico Abajo,correg_pa_6_4_7,6-4-7-17
poblado_pa_6_4_7_18,Altos de los Gringos,correg_pa_6_4_7,6-4-7-18
poblado_pa_6_4_8_1,Alto del Castillo,correg_pa_6_4_8,6-4-8-1
poblado_pa_6_4_8_2,Alto de los Montenegros,correg_pa_6_4_8,6-4-8-2
poblado_pa_6_4_8_3,Ave María Abajo,correg_pa_6_4_8,6-4-8-3
poblado_pa_6_4_8_4,Cerro Agudo,correg_pa_6_4_8,6-4-8-4
poblado_pa_6_4_8_6,Cerro Prieto,correg_pa_6_4_8,6-4-8-6
poblado_pa_6_4_8_7,El Ave María,correg_pa_6_4_8,6-4-8-7
poblado_pa_6_4_8_9,El Borriguero,correg_pa_6_4_8,6-4-8-9
poblado_pa_6_4_8_10,El Pájaro,correg_pa_6_4_8,6-4-8-10
poblado_pa_6_4_8_11,El Rascador,correg_pa_6_4_8,6-4-8-11
poblado_pa_6_4_8_12,El Zapotal,correg_pa_6_4_8,6-4-8-12
poblado_pa_6_4_8_13,Entradero del Castillo,correg_pa_6_4_8,6-4-8-13
poblado_pa_6_4_8_14,La Colorada,correg_pa_6_4_8,6-4-8-14
poblado_pa_6_4_8_15,Las Vueltas,correg_pa_6_4_8,6-4-8-15
poblado_pa_6_4_8_16,Los Asientos,correg_pa_6_4_8,6-4-8-16
poblado_pa_6_4_8_17,Los Negros,correg_pa_6_4_8,6-4-8-17
poblado_pa_6_4_8_18,Los Yerbos,correg_pa_6_4_8,6-4-8-18
poblado_pa_6_4_8_19,Río Señales,correg_pa_6_4_8,6-4-8-19
poblado_pa_6_5_1_1,Agua de Masa,correg_pa_6_5_1,6-5-1-1
poblado_pa_6_5_1_2,Cañacillas,correg_pa_6_5_1,6-5-1-2
poblado_pa_6_5_1_4,Cerro Gordo,correg_pa_6_5_1,6-5-1-4
poblado_pa_6_5_1_6,El Corozo,correg_pa_6_5_1,6-5-1-6
poblado_pa_6_5_1_8,Los Tamboritos,correg_pa_6_5_1,6-5-1-8
poblado_pa_6_5_1_10,El Horcón,correg_pa_6_5_1,6-5-1-10
poblado_pa_6_5_1_11,El Macano,correg_pa_6_5_1,6-5-1-11
poblado_pa_6_5_1_12,El Mangal,correg_pa_6_5_1,6-5-1-12
poblado_pa_6_5_1_15,El Ratón,correg_pa_6_5_1,6-5-1-15
poblado_pa_6_5_1_16,El Rodeo,correg_pa_6_5_1,6-5-1-16
poblado_pa_6_5_1_17,El Sesteadero,correg_pa_6_5_1,6-5-1-17
poblado_pa_6_5_1_18,Juan Blanco,correg_pa_6_5_1,6-5-1-18
poblado_pa_6_5_1_20,La Percha o las Flores,correg_pa_6_5_1,6-5-1-20
poblado_pa_6_5_1_22,Las Botas,correg_pa_6_5_1,6-5-1-22
poblado_pa_6_5_1_23,Las Mercedes,correg_pa_6_5_1,6-5-1-23
poblado_pa_6_5_1_26,Los Panamaes,correg_pa_6_5_1,6-5-1-26
poblado_pa_6_5_1_28,Magallón,correg_pa_6_5_1,6-5-1-28
poblado_pa_6_5_1_30,Palo Grande,correg_pa_6_5_1,6-5-1-30
poblado_pa_6_5_1_31,Parita,correg_pa_6_5_1,6-5-1-31
poblado_pa_6_5_1_33,Puerto Limón,correg_pa_6_5_1,6-5-1-33
poblado_pa_6_5_1_35,Quebrada Grande (P),correg_pa_6_5_1,6-5-1-35
poblado_pa_6_5_1_36,Río Parita,correg_pa_6_5_1,6-5-1-36
poblado_pa_6_5_1_39,La Huaca,correg_pa_6_5_1,6-5-1-39
poblado_pa_6_5_1_42,Las Bodas,correg_pa_6_5_1,6-5-1-42
poblado_pa_6_5_1_43,El Toronjo,correg_pa_6_5_1,6-5-1-43
poblado_pa_6_5_1_44,Hacienda María,correg_pa_6_5_1,6-5-1-44
poblado_pa_6_5_1_46,La Desbarrancada,correg_pa_6_5_1,6-5-1-46
poblado_pa_6_5_1_50,Camino el Mangal,correg_pa_6_5_1,6-5-1-50
poblado_pa_6_5_1_52,El Penono,correg_pa_6_5_1,6-5-1-52
poblado_pa_6_5_1_55,La Tenería,correg_pa_6_5_1,6-5-1-55
poblado_pa_6_5_1_56,El Guanábano,correg_pa_6_5_1,6-5-1-56
poblado_pa_6_5_1_57,Finca Nelly,correg_pa_6_5_1,6-5-1-57
poblado_pa_6_5_2_1,Cabuya,correg_pa_6_5_2,6-5-2-1
poblado_pa_6_5_2_3,El Pedernal,correg_pa_6_5_2,6-5-2-3
poblado_pa_6_5_2_5,La Barrera,correg_pa_6_5_2,6-5-2-5
poblado_pa_6_5_2_7,La Uva,correg_pa_6_5_2,6-5-2-7
poblado_pa_6_5_2_8,Las Margaritas,correg_pa_6_5_2,6-5-2-8
poblado_pa_6_5_2_9,Los Higos,correg_pa_6_5_2,6-5-2-9
poblado_pa_6_5_2_10,Palo Seco,correg_pa_6_5_2,6-5-2-10
poblado_pa_6_5_2_11,Potuguilla,correg_pa_6_5_2,6-5-2-11
poblado_pa_6_5_3_1,El Castillito,correg_pa_6_5_3,6-5-3-1
poblado_pa_6_5_3_2,El Ciruelito,correg_pa_6_5_3,6-5-3-2
poblado_pa_6_5_3_3,Jengibre o el Jengibre,correg_pa_6_5_3,6-5-3-3
poblado_pa_6_5_3_4,Las Flores,correg_pa_6_5_3,6-5-3-4
poblado_pa_6_5_3_7,Los Castillos,correg_pa_6_5_3,6-5-3-7
poblado_pa_6_5_3_8,Ojo de Agua,correg_pa_6_5_3,6-5-3-8
poblado_pa_6_5_3_9,Santo Domingo,correg_pa_6_5_3,6-5-3-9
poblado_pa_6_5_3_10,Finca el Lago,correg_pa_6_5_3,6-5-3-10
poblado_pa_6_5_4_2,Los Cantos,correg_pa_6_5_4,6-5-4-2
poblado_pa_6_5_4_4,Llano de la Cruz,correg_pa_6_5_4,6-5-4-4
poblado_pa_6_5_4_5,Finca los Lirios,correg_pa_6_5_4,6-5-4-5
poblado_pa_6_5_5_1,Correa (P),correg_pa_6_5_5,6-5-5-1
poblado_pa_6_5_5_2,El Cangrejal,correg_pa_6_5_5,6-5-5-2
poblado_pa_6_5_5_3,La Colonia,correg_pa_6_5_5,6-5-5-3
poblado_pa_6_5_5_4,Los Bravos,correg_pa_6_5_5,6-5-5-4
poblado_pa_6_5_5_5,París,correg_pa_6_5_5,6-5-5-5
poblado_pa_6_5_5_6,París Viejo,correg_pa_6_5_5,6-5-5-6
poblado_pa_6_5_5_7,Finca Santa Rosa,correg_pa_6_5_5,6-5-5-7
poblado_pa_6_5_5_8,Cruce de Potuga,correg_pa_6_5_5,6-5-5-8
poblado_pa_6_5_5_9,El Bicueco (P),correg_pa_6_5_5,6-5-5-9
poblado_pa_6_5_5_10,El Lirio,correg_pa_6_5_5,6-5-5-10
poblado_pa_6_5_5_15,El Tigre,correg_pa_6_5_5,6-5-5-15
poblado_pa_6_5_5_16,Finca Jaramillo,correg_pa_6_5_5,6-5-5-16
poblado_pa_6_5_5_17,Finca la Mata o los Bajos,correg_pa_6_5_5,6-5-5-17
poblado_pa_6_5_5_18,La Palma,correg_pa_6_5_5,6-5-5-18
poblado_pa_6_5_5_19,La Paridera,correg_pa_6_5_5,6-5-5-19
poblado_pa_6_5_5_21,Llano Espino,correg_pa_6_5_5,6-5-5-21
poblado_pa_6_5_6_2,El Bicueco (P),correg_pa_6_5_6,6-5-6-2
poblado_pa_6_5_6_5,La Valencia,correg_pa_6_5_6,6-5-6-5
poblado_pa_6_5_6_6,Portobelillo,correg_pa_6_5_6,6-5-6-6
poblado_pa_6_5_7_1,La Concepción,correg_pa_6_5_7,6-5-7-1
poblado_pa_6_5_7_2,Potuga,correg_pa_6_5_7,6-5-7-2
poblado_pa_6_5_7_3,Correa (P),correg_pa_6_5_7,6-5-7-3
poblado_pa_6_5_7_4,Finca Marejobo (P),correg_pa_6_5_7,6-5-7-4
poblado_pa_6_5_7_5,El Martín,correg_pa_6_5_7,6-5-7-5
poblado_pa_6_6_1_1,Pesé,correg_pa_6_6_1,6-6-1-1
poblado_pa_6_6_2_1,Bulungo,correg_pa_6_6_2,6-6-2-1
poblado_pa_6_6_2_2,Cabuya,correg_pa_6_6_2,6-6-2-2
poblado_pa_6_6_2_3,Cascajalillo,correg_pa_6_6_2,6-6-2-3
poblado_pa_6_6_2_4,El Calabazo,correg_pa_6_6_2,6-6-2-4
poblado_pa_6_6_2_5,El Ciruelito,correg_pa_6_6_2,6-6-2-5
poblado_pa_6_6_2_6,La Arenita,correg_pa_6_6_2,6-6-2-6
poblado_pa_6_6_2_7,Las Cabras,correg_pa_6_6_2,6-6-2-7
poblado_pa_6_6_2_8,Las Flores,correg_pa_6_6_2,6-6-2-8
poblado_pa_6_6_2_9,Llano Barrero,correg_pa_6_6_2,6-6-2-9
poblado_pa_6_6_2_11,El Vasco,correg_pa_6_6_2,6-6-2-11
poblado_pa_6_6_2_13,Finca Sócrates Atanasiades o Cañazas (P),correg_pa_6_6_2,6-6-2-13
poblado_pa_6_6_2_14,Barriada Omar Torrijos,correg_pa_6_6_2,6-6-2-14
poblado_pa_6_6_2_15,Llano del Río,correg_pa_6_6_2,6-6-2-15
poblado_pa_6_6_2_16,La Criolla,correg_pa_6_6_2,6-6-2-16
poblado_pa_6_6_2_17,Los Mayas,correg_pa_6_6_2,6-6-2-17
poblado_pa_6_6_2_18,Los Velásquez,correg_pa_6_6_2,6-6-2-18
poblado_pa_6_6_2_20,Ingenio Varela o Finca San Isidro,correg_pa_6_6_2,6-6-2-20
poblado_pa_6_6_3_1,Villa Rosa,correg_pa_6_6_3,6-6-3-1
poblado_pa_6_6_3_2,El Capacho,correg_pa_6_6_3,6-6-3-2
poblado_pa_6_6_3_3,El Jazmín,correg_pa_6_6_3,6-6-3-3
poblado_pa_6_6_3_4,El Jazmincito,correg_pa_6_6_3,6-6-3-4
poblado_pa_6_6_3_5,El Pájaro (P),correg_pa_6_6_3,6-6-3-5
poblado_pa_6_6_3_6,La Arenita,correg_pa_6_6_3,6-6-3-6
poblado_pa_6_6_3_7,Llano del Río,correg_pa_6_6_3,6-6-3-7
poblado_pa_6_6_3_8,Bayano (P),correg_pa_6_6_3,6-6-3-8
poblado_pa_6_6_3_9,La Uvita,correg_pa_6_6_3,6-6-3-9
poblado_pa_6_6_3_10,Ojo de Agua,correg_pa_6_6_3,6-6-3-10
poblado_pa_6_6_3_12,La Mona,correg_pa_6_6_3,6-6-3-12
poblado_pa_6_6_3_13,La Valdesa,correg_pa_6_6_3,6-6-3-13
poblado_pa_6_6_4_1,Bayano (P),correg_pa_6_6_4,6-6-4-1
poblado_pa_6_6_4_3,El Barrero (P),correg_pa_6_6_4,6-6-4-3
poblado_pa_6_6_4_4,El Marañón,correg_pa_6_6_4,6-6-4-4
poblado_pa_6_6_4_6,Los Hatillos,correg_pa_6_6_4,6-6-4-6
poblado_pa_6_6_4_7,Los Metales,correg_pa_6_6_4,6-6-4-7
poblado_pa_6_6_4_8,Pueblo Nuevo,correg_pa_6_6_4,6-6-4-8
poblado_pa_6_6_4_9,El Pájaro (P),correg_pa_6_6_4,6-6-4-9
poblado_pa_6_6_4_10,Quebrada Grande (P),correg_pa_6_6_4,6-6-4-10
poblado_pa_6_6_5_1,El Hatillo,correg_pa_6_6_5,6-6-5-1
poblado_pa_6_6_5_2,El Pedregosito,correg_pa_6_6_5,6-6-5-2
poblado_pa_6_6_5_3,El Pedregoso,correg_pa_6_6_5,6-6-5-3
poblado_pa_6_6_5_4,La Candelaria,correg_pa_6_6_5,6-6-5-4
poblado_pa_6_6_6_1,El Balillo,correg_pa_6_6_6,6-6-6-1
poblado_pa_6_6_6_2,El Ciruelo,correg_pa_6_6_6,6-6-6-2
poblado_pa_6_6_6_3,El Castillo,correg_pa_6_6_6,6-6-6-3
poblado_pa_6_6_6_5,El Pilón,correg_pa_6_6_6,6-6-6-5
poblado_pa_6_6_6_6,Las Mesitas,correg_pa_6_6_6,6-6-6-6
poblado_pa_6_6_6_7,La Trinidad,correg_pa_6_6_6,6-6-6-7
poblado_pa_6_6_6_8,La Trinidaita,correg_pa_6_6_6,6-6-6-8
poblado_pa_6_6_6_9,Llano de los Reyes o el Ciruelo Abajo,correg_pa_6_6_6,6-6-6-9
poblado_pa_6_6_6_10,El Hatillito,correg_pa_6_6_6,6-6-6-10
poblado_pa_6_6_6_11,Llano Almanza,correg_pa_6_6_6,6-6-6-11
poblado_pa_6_6_6_12,Los Churros,correg_pa_6_6_6,6-6-6-12
poblado_pa_6_6_6_13,Los Anastacios,correg_pa_6_6_6,6-6-6-13
poblado_pa_6_6_7_1,Alto del Rosario,correg_pa_6_6_7,6-6-7-1
poblado_pa_6_6_7_2,Bahía Honda,correg_pa_6_6_7,6-6-7-2
poblado_pa_6_6_7_4,Los Barreritos,correg_pa_6_6_7,6-6-7-4
poblado_pa_6_6_7_5,Cerro Pelado,correg_pa_6_6_7,6-6-7-5
poblado_pa_6_6_7_6,Barriada San Isidro,correg_pa_6_6_7,6-6-7-6
poblado_pa_6_6_7_7,El Potrero,correg_pa_6_6_7,6-6-7-7
poblado_pa_6_6_7_8,El Quira (P),correg_pa_6_6_7,6-6-7-8
poblado_pa_6_6_7_9,Las Marías,correg_pa_6_6_7,6-6-7-9
poblado_pa_6_6_7_10,Los Corralillos,correg_pa_6_6_7,6-6-7-10
poblado_pa_6_6_7_11,Mandinga,correg_pa_6_6_7,6-6-7-11
poblado_pa_6_6_7_12,Peñas Moradas,correg_pa_6_6_7,6-6-7-12
poblado_pa_6_6_7_13,Peñas Prietas,correg_pa_6_6_7,6-6-7-13
poblado_pa_6_6_7_14,Sabana Grande,correg_pa_6_6_7,6-6-7-14
poblado_pa_6_6_7_15,Finca el Moro,correg_pa_6_6_7,6-6-7-15
poblado_pa_6_6_7_17,El Moro,correg_pa_6_6_7,6-6-7-17
poblado_pa_6_6_7_18,La Estancia,correg_pa_6_6_7,6-6-7-18
poblado_pa_6_6_8_1,Borrola (P),correg_pa_6_6_8,6-6-8-1
poblado_pa_6_6_8_2,Camarón (P),correg_pa_6_6_8,6-6-8-2
poblado_pa_6_6_8_3,El Banco,correg_pa_6_6_8,6-6-8-3
poblado_pa_6_6_8_4,El Cocuyo,correg_pa_6_6_8,6-6-8-4
poblado_pa_6_6_8_5,El Quira (P),correg_pa_6_6_8,6-6-8-5
poblado_pa_6_6_8_6,Esquiguita (P),correg_pa_6_6_8,6-6-8-6
poblado_pa_6_6_8_7,Juncalito (P),correg_pa_6_6_8,6-6-8-7
poblado_pa_6_6_8_8,La Legua (P),correg_pa_6_6_8,6-6-8-8
poblado_pa_6_6_8_9,Los Carates,correg_pa_6_6_8,6-6-8-9
poblado_pa_6_6_8_10,Paso Viejo (P),correg_pa_6_6_8,6-6-8-10
poblado_pa_6_6_8_11,Pedernal,correg_pa_6_6_8,6-6-8-11
poblado_pa_6_6_8_12,Rincón Hondo,correg_pa_6_6_8,6-6-8-12
poblado_pa_6_6_8_13,El Guayabo,correg_pa_6_6_8,6-6-8-13
poblado_pa_6_6_8_14,El Limón,correg_pa_6_6_8,6-6-8-14
poblado_pa_6_6_8_15,Barrio Lindo,correg_pa_6_6_8,6-6-8-15
poblado_pa_6_6_8_16,Quebrada Camarón,correg_pa_6_6_8,6-6-8-16
poblado_pa_6_7_1_1,Divisa (P),correg_pa_6_7_1,6-7-1-1
poblado_pa_6_7_1_8,Santa María,correg_pa_6_7_1,6-7-1-8
poblado_pa_6_7_1_9,Campamento los Canelos,correg_pa_6_7_1,6-7-1-9
poblado_pa_6_7_2_2,Chupampa,correg_pa_6_7_2,6-7-2-2
poblado_pa_6_7_2_3,El Cocuyo,correg_pa_6_7_2,6-7-2-3
poblado_pa_6_7_2_4,El Espinito,correg_pa_6_7_2,6-7-2-4
poblado_pa_6_7_2_5,El Higuito,correg_pa_6_7_2,6-7-2-5
poblado_pa_6_7_2_8,Conaca o el Zueco,correg_pa_6_7_2,6-7-2-8
poblado_pa_6_7_2_12,Salamanca (P),correg_pa_6_7_2,6-7-2-12
poblado_pa_6_7_2_13,Pedro Juan o Callejón Hondo,correg_pa_6_7_2,6-7-2-13
poblado_pa_6_7_2_17,Pueblo Nuevo,correg_pa_6_7_2,6-7-2-17
poblado_pa_6_7_2_18,La Teja,correg_pa_6_7_2,6-7-2-18
poblado_pa_6_7_2_19,Los Panamaes,correg_pa_6_7_2,6-7-2-19
poblado_pa_6_7_2_20,Las Lajas,correg_pa_6_7_2,6-7-2-20
poblado_pa_6_7_2_21,Cañacillas (P),correg_pa_6_7_2,6-7-2-21
poblado_pa_6_7_2_22,El Limón (P),correg_pa_6_7_2,6-7-2-22
poblado_pa_6_7_3_3,El Rodeo,correg_pa_6_7_3,6-7-3-3
poblado_pa_6_7_3_4,Escota,correg_pa_6_7_3,6-7-3-4
poblado_pa_6_7_3_5,El Rincón,correg_pa_6_7_3,6-7-3-5
poblado_pa_6_7_3_6,El Limón,correg_pa_6_7_3,6-7-3-6
poblado_pa_6_7_3_7,Rincón Grande o las Macanas,correg_pa_6_7_3,6-7-3-7
poblado_pa_6_7_3_8,El Cañafístulo o las Garzas,correg_pa_6_7_3,6-7-3-8
poblado_pa_6_7_3_9,El Naranjal (P),correg_pa_6_7_3,6-7-3-9
poblado_pa_6_7_3_10,El Torno,correg_pa_6_7_3,6-7-3-10
poblado_pa_6_7_3_11,Las Corredoras,correg_pa_6_7_3,6-7-3-11
poblado_pa_6_7_4_1,Cañacillas (P),correg_pa_6_7_4,6-7-4-1
poblado_pa_6_7_4_2,El Limón (P),correg_pa_6_7_4,6-7-4-2
poblado_pa_6_7_4_3,El Olivo,correg_pa_6_7_4,6-7-4-3
poblado_pa_6_7_4_4,La Arena o la Arenita,correg_pa_6_7_4,6-7-4-4
poblado_pa_6_7_4_5,La Cruz del Rayo,correg_pa_6_7_4,6-7-4-5
poblado_pa_6_7_4_6,La Ortiz,correg_pa_6_7_4,6-7-4-6
poblado_pa_6_7_4_7,Santa Ana,correg_pa_6_7_4,6-7-4-7
poblado_pa_6_7_4_8,Valdivieso,correg_pa_6_7_4,6-7-4-8
poblado_pa_6_7_4_9,El Chaparral,correg_pa_6_7_4,6-7-4-9
poblado_pa_6_7_4_10,Finca el Guanábano,correg_pa_6_7_4,6-7-4-10
poblado_pa_6_7_5_1,Divisa (P),correg_pa_6_7_5,6-7-5-1
poblado_pa_6_7_5_2,Finca la Chumicosa,correg_pa_6_7_5,6-7-5-2
poblado_pa_6_7_5_3,Los Calabacitos o Finca los Calabacitos,correg_pa_6_7_5,6-7-5-3
poblado_pa_6_7_5_4,Los Canelos,correg_pa_6_7_5,6-7-5-4
poblado_pa_6_7_5_5,Los Güichiches,correg_pa_6_7_5,6-7-5-5
poblado_pa_6_7_5_6,Salamanca (P),correg_pa_6_7_5,6-7-5-6
poblado_pa_6_7_5_7,Cañacillas (P),correg_pa_6_7_5,6-7-5-7
poblado_pa_6_7_5_9,El Paraíso,correg_pa_6_7_5,6-7-5-9
poblado_pa_7_1_1_2,El Cruce del Montero,correg_pa_7_1_1,7-1-1-2
poblado_pa_7_1_1_4,Guararé,correg_pa_7_1_1,7-1-1-4
poblado_pa_7_1_1_6,La Guaca,correg_pa_7_1_1,7-1-1-6
poblado_pa_7_1_1_8,Las Lagunitas,correg_pa_7_1_1,7-1-1-8
poblado_pa_7_1_1_10,Loma del Jagua,correg_pa_7_1_1,7-1-1-10
poblado_pa_7_1_1_11,El Espavé,correg_pa_7_1_1,7-1-1-11
poblado_pa_7_1_1_12,Urbanización Mirador del Bosque,correg_pa_7_1_1,7-1-1-12
poblado_pa_7_1_1_13,Residencial Bella Vista,correg_pa_7_1_1,7-1-1-13
poblado_pa_7_1_1_14,Residencial Loma la Jagua,correg_pa_7_1_1,7-1-1-14
poblado_pa_7_1_1_15,Residencial el Montero (P),correg_pa_7_1_1,7-1-1-15
poblado_pa_7_1_2_1,Ciénega Larga,correg_pa_7_1_2,7-1-2-1
poblado_pa_7_1_2_2,Chumajal,correg_pa_7_1_2,7-1-2-2
poblado_pa_7_1_2_3,El Barrero,correg_pa_7_1_2,7-1-2-3
poblado_pa_7_1_2_4,El Cruce,correg_pa_7_1_2,7-1-2-4
poblado_pa_7_1_2_5,El Espinal (P),correg_pa_7_1_2,7-1-2-5
poblado_pa_7_1_2_6,El Galapaguero,correg_pa_7_1_2,7-1-2-6
poblado_pa_7_1_2_7,El Mangote,correg_pa_7_1_2,7-1-2-7
poblado_pa_7_1_2_8,La Albina Grande,correg_pa_7_1_2,7-1-2-8
poblado_pa_7_1_2_9,Lagartillo,correg_pa_7_1_2,7-1-2-9
poblado_pa_7_1_2_10,La Loma,correg_pa_7_1_2,7-1-2-10
poblado_pa_7_1_2_11,La Calzada,correg_pa_7_1_2,7-1-2-11
poblado_pa_7_1_2_13,Tierra Blanca,correg_pa_7_1_2,7-1-2-13
poblado_pa_7_1_2_15,El Nanzal (P),correg_pa_7_1_2,7-1-2-15
poblado_pa_7_1_3_1,Buena Vista,correg_pa_7_1_3,7-1-3-1
poblado_pa_7_1_3_2,Canajagua (P),correg_pa_7_1_3,7-1-3-2
poblado_pa_7_1_3_3,Cucula,correg_pa_7_1_3,7-1-3-3
poblado_pa_7_1_3_4,Cuculita,correg_pa_7_1_3,7-1-3-4
poblado_pa_7_1_3_5,El Macano,correg_pa_7_1_3,7-1-3-5
poblado_pa_7_1_3_6,La Guinea,correg_pa_7_1_3,7-1-3-6
poblado_pa_7_1_3_7,Los Calabacitos,correg_pa_7_1_3,7-1-3-7
poblado_pa_7_1_3_8,Los Toretos,correg_pa_7_1_3,7-1-3-8
poblado_pa_7_1_3_9,Nalu,correg_pa_7_1_3,7-1-3-9
poblado_pa_7_1_3_11,Santa Ana,correg_pa_7_1_3,7-1-3-11
poblado_pa_7_1_4_1,Guararé Arriba,correg_pa_7_1_4,7-1-4-1
poblado_pa_7_1_4_3,El Coco o Pueblo Nuevo,correg_pa_7_1_4,7-1-4-3
poblado_pa_7_1_4_4,Quebrada Grande (P),correg_pa_7_1_4,7-1-4-4
poblado_pa_7_1_4_5,La Guaca,correg_pa_7_1_4,7-1-4-5
poblado_pa_7_1_4_7,El Berbesí,correg_pa_7_1_4,7-1-4-7
poblado_pa_7_1_4_8,Las Peñas,correg_pa_7_1_4,7-1-4-8
poblado_pa_7_1_5_2,El Puerto,correg_pa_7_1_5,7-1-5-2
poblado_pa_7_1_5_3,La Albina del Calabazo,correg_pa_7_1_5,7-1-5-3
poblado_pa_7_1_5_4,La Enea,correg_pa_7_1_5,7-1-5-4
poblado_pa_7_1_5_6,Los Cuernitos,correg_pa_7_1_5,7-1-5-6
poblado_pa_7_1_5_8,Playa Bella Vista,correg_pa_7_1_5,7-1-5-8
poblado_pa_7_1_5_9,El Palacio,correg_pa_7_1_5,7-1-5-9
poblado_pa_7_1_5_10,Playa Longoronal,correg_pa_7_1_5,7-1-5-10
poblado_pa_7_1_6_1,El Nanzal (P),correg_pa_7_1_6,7-1-6-1
poblado_pa_7_1_6_2,La Pasera,correg_pa_7_1_6,7-1-6-2
poblado_pa_7_1_6_4,El Montero (P),correg_pa_7_1_6,7-1-6-4
poblado_pa_7_1_6_5,Barriada Santa Librada,correg_pa_7_1_6,7-1-6-5
poblado_pa_7_1_6_6,Residencial el Montero (P),correg_pa_7_1_6,7-1-6-6
poblado_pa_7_1_6_7,Barriada las Mercedes,correg_pa_7_1_6,7-1-6-7
poblado_pa_7_1_6_8,Residencial María Bonita,correg_pa_7_1_6,7-1-6-8
poblado_pa_7_1_7_1,Cañafístulo,correg_pa_7_1_7,7-1-7-1
poblado_pa_7_1_7_2,El Codicioso,correg_pa_7_1_7,7-1-7-2
poblado_pa_7_1_7_3,Chumical (P),correg_pa_7_1_7,7-1-7-3
poblado_pa_7_1_7_4,El Rodeo,correg_pa_7_1_7,7-1-7-4
poblado_pa_7_1_7_5,Girón,correg_pa_7_1_7,7-1-7-5
poblado_pa_7_1_7_6,La Flor,correg_pa_7_1_7,7-1-7-6
poblado_pa_7_1_7_7,La Palma,correg_pa_7_1_7,7-1-7-7
poblado_pa_7_1_7_8,La Pita,correg_pa_7_1_7,7-1-7-8
poblado_pa_7_1_7_9,Las Trancas,correg_pa_7_1_7,7-1-7-9
poblado_pa_7_1_7_10,Las Tranquitas,correg_pa_7_1_7,7-1-7-10
poblado_pa_7_1_7_12,El Toro o Cerro el Toro,correg_pa_7_1_7,7-1-7-12
poblado_pa_7_1_8_8,La Peña,correg_pa_7_1_8,7-1-8-8
poblado_pa_7_1_8_11,Llano Abajo,correg_pa_7_1_8,7-1-8-11
poblado_pa_7_1_8_12,Llano de la Palma,correg_pa_7_1_8,7-1-8-12
poblado_pa_7_1_8_13,Los Cerritos,correg_pa_7_1_8,7-1-8-13
poblado_pa_7_1_8_18,Llano de los Castros,correg_pa_7_1_8,7-1-8-18
poblado_pa_7_1_8_19,Chumical (P),correg_pa_7_1_8,7-1-8-19
poblado_pa_7_1_8_20,El Chileno,correg_pa_7_1_8,7-1-8-20
poblado_pa_7_1_9_1,El Hato,correg_pa_7_1_9,7-1-9-1
poblado_pa_7_1_9_2,El Bijao,correg_pa_7_1_9,7-1-9-2
poblado_pa_7_1_9_3,El Jobo o los Gutiérrez,correg_pa_7_1_9,7-1-9-3
poblado_pa_7_1_9_4,El Tabacal o Santa Rita,correg_pa_7_1_9,7-1-9-4
poblado_pa_7_1_9_5,La Horquetilla,correg_pa_7_1_9,7-1-9-5
poblado_pa_7_1_9_6,Quebrada Grande (P),correg_pa_7_1_9,7-1-9-6
poblado_pa_7_1_9_7,Santa Rosa,correg_pa_7_1_9,7-1-9-7
poblado_pa_7_1_9_8,Santa Rosita,correg_pa_7_1_9,7-1-9-8
poblado_pa_7_1_10_1,Perales (P),correg_pa_7_1_10,7-1-10-1
poblado_pa_7_1_10_3,Santa Isabel,correg_pa_7_1_10,7-1-10-3
poblado_pa_7_2_1_1,Las Tablas (P),correg_pa_7_2_1,7-2-1-1
poblado_pa_7_2_1_2,El Montero (P),correg_pa_7_2_1,7-2-1-2
poblado_pa_7_2_2_1,Agua Buena,correg_pa_7_2_2,7-2-2-1
poblado_pa_7_2_2_2,Bajo Corral,correg_pa_7_2_2,7-2-2-2
poblado_pa_7_2_2_3,El Guanábano,correg_pa_7_2_2,7-2-2-3
poblado_pa_7_2_2_4,La Arena,correg_pa_7_2_2,7-2-2-4
poblado_pa_7_2_2_5,Los Jujucales,correg_pa_7_2_2,7-2-2-5
poblado_pa_7_2_2_6,Los Otoes,correg_pa_7_2_2,7-2-2-6
poblado_pa_7_2_2_7,Quebrada Grande del Tebujo,correg_pa_7_2_2,7-2-2-7
poblado_pa_7_2_2_11,Las Lagunitas,correg_pa_7_2_2,7-2-2-11
poblado_pa_7_2_2_12,Quebrada Bustamante (P),correg_pa_7_2_2,7-2-2-12
poblado_pa_7_2_2_14,El Cuaco,correg_pa_7_2_2,7-2-2-14
poblado_pa_7_2_2_16,Cirgüelera,correg_pa_7_2_2,7-2-2-16
poblado_pa_7_2_2_17,El Chichicoso,correg_pa_7_2_2,7-2-2-17
poblado_pa_7_2_2_18,La Lión,correg_pa_7_2_2,7-2-2-18
poblado_pa_7_2_2_20,Loma Grande,correg_pa_7_2_2,7-2-2-20
poblado_pa_7_2_3_1,Alto de los González,correg_pa_7_2_3,7-2-3-1
poblado_pa_7_2_3_2,Bayano,correg_pa_7_2_3,7-2-3-2
poblado_pa_7_2_3_3,Canajagua (P),correg_pa_7_2_3,7-2-3-3
poblado_pa_7_2_3_5,El Fermín,correg_pa_7_2_3,7-2-3-5
poblado_pa_7_2_3_6,El Guayabo (P),correg_pa_7_2_3,7-2-3-6
poblado_pa_7_2_3_7,El Meso,correg_pa_7_2_3,7-2-3-7
poblado_pa_7_2_3_8,El Perfecto,correg_pa_7_2_3,7-2-3-8
poblado_pa_7_2_3_9,El Salitre,correg_pa_7_2_3,7-2-3-9
poblado_pa_7_2_3_11,Flor Amarilla,correg_pa_7_2_3,7-2-3-11
poblado_pa_7_2_3_13,La Canoa,correg_pa_7_2_3,7-2-3-13
poblado_pa_7_2_3_14,Monagrillo (P),correg_pa_7_2_3,7-2-3-14
poblado_pa_7_2_3_16,Las Lajitas,correg_pa_7_2_3,7-2-3-16
poblado_pa_7_2_3_17,Las Placetas,correg_pa_7_2_3,7-2-3-17
poblado_pa_7_2_3_20,Los Borrigueros,correg_pa_7_2_3,7-2-3-20
poblado_pa_7_2_3_21,Los Chiqueros,correg_pa_7_2_3,7-2-3-21
poblado_pa_7_2_3_22,Los Muñoces,correg_pa_7_2_3,7-2-3-22
poblado_pa_7_2_3_23,Los Piros,correg_pa_7_2_3,7-2-3-23
poblado_pa_7_2_3_24,El Cruce de Flor Amarilla,correg_pa_7_2_3,7-2-3-24
poblado_pa_7_2_3_27,Oria Abajo,correg_pa_7_2_3,7-2-3-27
poblado_pa_7_2_3_28,Oria Arriba,correg_pa_7_2_3,7-2-3-28
poblado_pa_7_2_3_29,Quema (P),correg_pa_7_2_3,7-2-3-29
poblado_pa_7_2_3_30,Quebrada Grande,correg_pa_7_2_3,7-2-3-30
poblado_pa_7_2_3_31,Taboga,correg_pa_7_2_3,7-2-3-31
poblado_pa_7_2_3_35,El Cacao,correg_pa_7_2_3,7-2-3-35
poblado_pa_7_2_3_36,El Ciruelito,correg_pa_7_2_3,7-2-3-36
poblado_pa_7_2_3_37,El Coro,correg_pa_7_2_3,7-2-3-37
poblado_pa_7_2_3_38,Marín,correg_pa_7_2_3,7-2-3-38
poblado_pa_7_2_3_39,Los Yerbos,correg_pa_7_2_3,7-2-3-39
poblado_pa_7_2_3_40,El Silencio,correg_pa_7_2_3,7-2-3-40
poblado_pa_7_2_3_41,Las Totumitas (P),correg_pa_7_2_3,7-2-3-41
poblado_pa_7_2_3_42,Blas,correg_pa_7_2_3,7-2-3-42
poblado_pa_7_2_3_43,Los Cerritos,correg_pa_7_2_3,7-2-3-43
poblado_pa_7_2_3_44,El Picacho de Palmira (P),correg_pa_7_2_3,7-2-3-44
poblado_pa_7_2_4_1,El Carate,correg_pa_7_2_4,7-2-4-1
poblado_pa_7_2_4_2,El Guayabo (P),correg_pa_7_2_4,7-2-4-2
poblado_pa_7_2_4_3,El Rincón,correg_pa_7_2_4,7-2-4-3
poblado_pa_7_2_4_4,El Bijao,correg_pa_7_2_4,7-2-4-4
poblado_pa_7_2_4_5,La Gallinaza (P),correg_pa_7_2_4,7-2-4-5
poblado_pa_7_2_4_6,La Isla,correg_pa_7_2_4,7-2-4-6
poblado_pa_7_2_4_7,Morales,correg_pa_7_2_4,7-2-4-7
poblado_pa_7_2_4_9,Residencial Colinas del Carate,correg_pa_7_2_4,7-2-4-9
poblado_pa_7_2_5_1,El Cocal,correg_pa_7_2_5,7-2-5-1
poblado_pa_7_2_5_3,La Gallinaza (P),correg_pa_7_2_5,7-2-5-3
poblado_pa_7_2_5_4,Llano Afuera,correg_pa_7_2_5,7-2-5-4
poblado_pa_7_2_5_5,Llano Grande o Miraflores,correg_pa_7_2_5,7-2-5-5
poblado_pa_7_2_5_11,El Guayabo (P),correg_pa_7_2_5,7-2-5-11
poblado_pa_7_2_5_12,Barriada San Antonio,correg_pa_7_2_5,7-2-5-12
poblado_pa_7_2_5_13,Barriada San Pablo,correg_pa_7_2_5,7-2-5-13
poblado_pa_7_2_5_15,Barriada San Pedro (P),correg_pa_7_2_5,7-2-5-15
poblado_pa_7_2_5_16,Residencial la Arboleda,correg_pa_7_2_5,7-2-5-16
poblado_pa_7_2_5_17,Vía Llano Afuera,correg_pa_7_2_5,7-2-5-17
poblado_pa_7_2_5_18,Residencial Altos de la Arboleda,correg_pa_7_2_5,7-2-5-18
poblado_pa_7_2_5_19,Altos de San Francisco,correg_pa_7_2_5,7-2-5-19
poblado_pa_7_2_5_20,Residencial San Antonio,correg_pa_7_2_5,7-2-5-20
poblado_pa_7_2_5_21,Residencial Villa Marie,correg_pa_7_2_5,7-2-5-21
poblado_pa_7_2_6_1,Campo Alegre (P),correg_pa_7_2_6,7-2-6-1
poblado_pa_7_2_6_2,Cocobolas (P),correg_pa_7_2_6,7-2-6-2
poblado_pa_7_2_6_3,El Esterito,correg_pa_7_2_6,7-2-6-3
poblado_pa_7_2_6_4,El Jobo,correg_pa_7_2_6,7-2-6-4
poblado_pa_7_2_6_5,El Manantial,correg_pa_7_2_6,7-2-6-5
poblado_pa_7_2_6_6,El Arbolito (P),correg_pa_7_2_6,7-2-6-6
poblado_pa_7_2_6_7,Palma Grande (P),correg_pa_7_2_6,7-2-6-7
poblado_pa_7_2_6_8,Barriada la Primavera,correg_pa_7_2_6,7-2-6-8
poblado_pa_7_2_6_9,Las Comadres,correg_pa_7_2_6,7-2-6-9
poblado_pa_7_2_6_10,Playa Olivo,correg_pa_7_2_6,7-2-6-10
poblado_pa_7_2_6_11,La Cucharita,correg_pa_7_2_6,7-2-6-11
poblado_pa_7_2_6_12,La Toyolosa,correg_pa_7_2_6,7-2-6-12
poblado_pa_7_2_6_14,Villas Coco del Mar,correg_pa_7_2_6,7-2-6-14
poblado_pa_7_2_6_15,Residencial Villa Milu,correg_pa_7_2_6,7-2-6-15
poblado_pa_7_2_6_16,Residencial Campos de Arvika,correg_pa_7_2_6,7-2-6-16
poblado_pa_7_2_7_1,Agua Buena,correg_pa_7_2_7,7-2-7-1
poblado_pa_7_2_7_2,Cerro Agudo,correg_pa_7_2_7,7-2-7-2
poblado_pa_7_2_7_3,Cerro Grande,correg_pa_7_2_7,7-2-7-3
poblado_pa_7_2_7_4,El Largo,correg_pa_7_2_7,7-2-7-4
poblado_pa_7_2_7_5,El Muñoz,correg_pa_7_2_7,7-2-7-5
poblado_pa_7_2_7_7,Los Potreros,correg_pa_7_2_7,7-2-7-7
poblado_pa_7_2_7_8,Bajo el Guásimo,correg_pa_7_2_7,7-2-7-8
poblado_pa_7_2_7_9,Loma Higuerón,correg_pa_7_2_7,7-2-7-9
poblado_pa_7_2_7_10,Paso las Trancas (P),correg_pa_7_2_7,7-2-7-10
poblado_pa_7_2_7_11,El Picacho Arriba,correg_pa_7_2_7,7-2-7-11
poblado_pa_7_2_7_12,La Mona,correg_pa_7_2_7,7-2-7-12
poblado_pa_7_2_8_1,El Pedregoso,correg_pa_7_2_8,7-2-8-1
poblado_pa_7_2_9_1,La Laja,correg_pa_7_2_9,7-2-9-1
poblado_pa_7_2_9_2,Loma Bonita,correg_pa_7_2_9,7-2-9-2
poblado_pa_7_2_9_4,Valle Rico,correg_pa_7_2_9,7-2-9-4
poblado_pa_7_2_10_2,El Asomadero,correg_pa_7_2_10,7-2-10-2
poblado_pa_7_2_10_3,El Loro (P),correg_pa_7_2_10,7-2-10-3
poblado_pa_7_2_10_4,El Espaveito (P),correg_pa_7_2_10,7-2-10-4
poblado_pa_7_2_10_5,La Miel,correg_pa_7_2_10,7-2-10-5
poblado_pa_7_2_10_6,Los Domínguez,correg_pa_7_2_10,7-2-10-6
poblado_pa_7_2_10_7,El Cacaito (P),correg_pa_7_2_10,7-2-10-7
poblado_pa_7_2_10_8,El Pital,correg_pa_7_2_10,7-2-10-8
poblado_pa_7_2_10_9,Los Portorricos,correg_pa_7_2_10,7-2-10-9
poblado_pa_7_2_10_10,El Montoso,correg_pa_7_2_10,7-2-10-10
poblado_pa_7_2_10_13,Quebrada la Palma,correg_pa_7_2_10,7-2-10-13
poblado_pa_7_2_10_14,Los Naranjitos,correg_pa_7_2_10,7-2-10-14
poblado_pa_7_2_10_15,La Loma del Loro,correg_pa_7_2_10,7-2-10-15
poblado_pa_7_2_11_2,La Palma,correg_pa_7_2_11,7-2-11-2
poblado_pa_7_2_11_3,Las Cañazas,correg_pa_7_2_11,7-2-11-3
poblado_pa_7_2_11_4,El Ceibo,correg_pa_7_2_11,7-2-11-4
poblado_pa_7_2_11_5,Quebrada Almaría (P),correg_pa_7_2_11,7-2-11-5
poblado_pa_7_2_11_6,El Cuscú,correg_pa_7_2_11,7-2-11-6
poblado_pa_7_2_12_1,La Tiza,correg_pa_7_2_12,7-2-12-1
poblado_pa_7_2_12_2,Barriada San Antonio,correg_pa_7_2_12,7-2-12-2
poblado_pa_7_2_12_3,San Martín,correg_pa_7_2_12,7-2-12-3
poblado_pa_7_2_12_4,Barriada Santa Elena,correg_pa_7_2_12,7-2-12-4
poblado_pa_7_2_12_5,Barriada San Pedro (P),correg_pa_7_2_12,7-2-12-5
poblado_pa_7_2_12_6,Barriada el Nazareno,correg_pa_7_2_12,7-2-12-6
poblado_pa_7_2_12_7,Santa Marta (P),correg_pa_7_2_12,7-2-12-7
poblado_pa_7_2_13_1,El Choclo o Barriada 8 de Noviembre,correg_pa_7_2_13,7-2-13-1
poblado_pa_7_2_13_2,La Chabela,correg_pa_7_2_13,7-2-13-2
poblado_pa_7_2_13_3,Las Palmitas,correg_pa_7_2_13,7-2-13-3
poblado_pa_7_2_13_4,Las Palmitas Chiquitas,correg_pa_7_2_13,7-2-13-4
poblado_pa_7_2_13_6,Santa Marta (P),correg_pa_7_2_13,7-2-13-6
poblado_pa_7_2_13_9,Residencial los Bosques,correg_pa_7_2_13,7-2-13-9
poblado_pa_7_2_14_1,Las Tablas Abajo,correg_pa_7_2_14,7-2-14-1
poblado_pa_7_2_14_2,Pausilipo,correg_pa_7_2_14,7-2-14-2
poblado_pa_7_2_14_4,La Colorada,correg_pa_7_2_14,7-2-14-4
poblado_pa_7_2_14_5,La Petaluña o los Hatillos,correg_pa_7_2_14,7-2-14-5
poblado_pa_7_2_14_7,Barriada Nueva Esperanza,correg_pa_7_2_14,7-2-14-7
poblado_pa_7_2_14_8,Los Solices de Zarzavilla,correg_pa_7_2_14,7-2-14-8
poblado_pa_7_2_14_9,Playa Colorada,correg_pa_7_2_14,7-2-14-9
poblado_pa_7_2_14_12,Villa Margarita,correg_pa_7_2_14,7-2-14-12
poblado_pa_7_2_14_13,Barriada Altos de San Francisco,correg_pa_7_2_14,7-2-14-13
poblado_pa_7_2_14_14,Barriada Doña Blaza,correg_pa_7_2_14,7-2-14-14
poblado_pa_7_2_14_15,Barriada Doña Edita,correg_pa_7_2_14,7-2-14-15
poblado_pa_7_2_14_16,Residencial Luna Tableña,correg_pa_7_2_14,7-2-14-16
poblado_pa_7_2_14_17,Las Tablas (P),correg_pa_7_2_14,7-2-14-17
poblado_pa_7_2_14_18,Residencial Praderas del Manantial,correg_pa_7_2_14,7-2-14-18
poblado_pa_7_2_15_2,Los Cedros,correg_pa_7_2_15,7-2-15-2
poblado_pa_7_2_15_3,El Cacaito (P),correg_pa_7_2_15,7-2-15-3
poblado_pa_7_2_15_5,La Loma,correg_pa_7_2_15,7-2-15-5
poblado_pa_7_2_15_6,La Vigía,correg_pa_7_2_15,7-2-15-6
poblado_pa_7_2_15_7,Los Crespos,correg_pa_7_2_15,7-2-15-7
poblado_pa_7_2_15_8,Los Medios,correg_pa_7_2_15,7-2-15-8
poblado_pa_7_2_15_9,Nuario,correg_pa_7_2_15,7-2-15-9
poblado_pa_7_2_15_14,Hondo de la Cutarra,correg_pa_7_2_15,7-2-15-14
poblado_pa_7_2_15_15,Los Búhos,correg_pa_7_2_15,7-2-15-15
poblado_pa_7_2_15_16,Los Cerritos,correg_pa_7_2_15,7-2-15-16
poblado_pa_7_2_15_17,Los Planes,correg_pa_7_2_15,7-2-15-17
poblado_pa_7_2_15_18,El Madroño (P),correg_pa_7_2_15,7-2-15-18
poblado_pa_7_2_15_22,La Encajoná,correg_pa_7_2_15,7-2-15-22
poblado_pa_7_2_16_2,Palmira,correg_pa_7_2_16,7-2-16-2
poblado_pa_7_2_17_3,Los Vergara,correg_pa_7_2_17,7-2-17-3
poblado_pa_7_2_17_4,Peña Blanca,correg_pa_7_2_17,7-2-17-4
poblado_pa_7_2_18_1,Bajo del Río,correg_pa_7_2_18,7-2-18-1
poblado_pa_7_2_18_2,Cañazas,correg_pa_7_2_18,7-2-18-2
poblado_pa_7_2_18_3,El Bajo,correg_pa_7_2_18,7-2-18-3
poblado_pa_7_2_18_4,El Cerrud,correg_pa_7_2_18,7-2-18-4
poblado_pa_7_2_18_5,El Jengibre,correg_pa_7_2_18,7-2-18-5
poblado_pa_7_2_18_8,Monagrillo (P),correg_pa_7_2_18,7-2-18-8
poblado_pa_7_2_18_9,Río Hondo,correg_pa_7_2_18,7-2-18-9
poblado_pa_7_2_18_10,Las Estancitas,correg_pa_7_2_18,7-2-18-10
poblado_pa_7_2_18_11,La Culantrosa,correg_pa_7_2_18,7-2-18-11
poblado_pa_7_2_18_12,El Pilón,correg_pa_7_2_18,7-2-18-12
poblado_pa_7_2_19_2,La Mina,correg_pa_7_2_19,7-2-19-2
poblado_pa_7_2_19_4,La Estrella,correg_pa_7_2_19,7-2-19-4
poblado_pa_7_2_19_6,La Mandinga,correg_pa_7_2_19,7-2-19-6
poblado_pa_7_2_19_9,Mensabé,correg_pa_7_2_19,7-2-19-9
poblado_pa_7_2_19_10,El Saladito,correg_pa_7_2_19,7-2-19-10
poblado_pa_7_2_19_11,San José,correg_pa_7_2_19,7-2-19-11
poblado_pa_7_2_19_12,La Calzada,correg_pa_7_2_19,7-2-19-12
poblado_pa_7_2_19_14,El Higuito,correg_pa_7_2_19,7-2-19-14
poblado_pa_7_2_19_15,La Cantera,correg_pa_7_2_19,7-2-19-15
poblado_pa_7_2_19_16,Las Marianas,correg_pa_7_2_19,7-2-19-16
poblado_pa_7_2_19_17,Piedras Blancas o Águila,correg_pa_7_2_19,7-2-19-17
poblado_pa_7_2_19_18,Bajo Aparicio,correg_pa_7_2_19,7-2-19-18
poblado_pa_7_2_19_19,Paso las Trancas (P),correg_pa_7_2_19,7-2-19-19
poblado_pa_7_2_20_2,El Guabo,correg_pa_7_2_20,7-2-20-2
poblado_pa_7_2_20_3,San Miguel o las Yescas,correg_pa_7_2_20,7-2-20-3
poblado_pa_7_2_21_1,Bella Vista,correg_pa_7_2_21,7-2-21-1
poblado_pa_7_2_21_4,El Uverito,correg_pa_7_2_21,7-2-21-4
poblado_pa_7_2_21_5,La Enea de Mensabé,correg_pa_7_2_21,7-2-21-5
poblado_pa_7_2_21_6,Palma Grande (P),correg_pa_7_2_21,7-2-21-6
poblado_pa_7_2_21_7,Puerto de Mensabé,correg_pa_7_2_21,7-2-21-7
poblado_pa_7_2_21_8,Santo Domingo,correg_pa_7_2_21,7-2-21-8
poblado_pa_7_2_21_9,Campo Alegre (P),correg_pa_7_2_21,7-2-21-9
poblado_pa_7_2_21_11,Barriada Santa Cruz (P),correg_pa_7_2_21,7-2-21-11
poblado_pa_7_2_21_12,El Arbolito (P),correg_pa_7_2_21,7-2-21-12
poblado_pa_7_2_21_13,Finca Fátima,correg_pa_7_2_21,7-2-21-13
poblado_pa_7_2_21_14,Finca del Río Mensabé,correg_pa_7_2_21,7-2-21-14
poblado_pa_7_2_21_15,Palma Chiquita,correg_pa_7_2_21,7-2-21-15
poblado_pa_7_2_22_1,Peña Roda,correg_pa_7_2_22,7-2-22-1
poblado_pa_7_2_22_2,Sesteadero,correg_pa_7_2_22,7-2-22-2
poblado_pa_7_2_22_3,Nanzal,correg_pa_7_2_22,7-2-22-3
poblado_pa_7_2_22_4,San Cristóbal,correg_pa_7_2_22,7-2-22-4
poblado_pa_7_2_22_5,Paseo Tablado,correg_pa_7_2_22,7-2-22-5
poblado_pa_7_2_23_1,El Espaveito (P),correg_pa_7_2_23,7-2-23-1
poblado_pa_7_2_23_2,El Guayabo (P),correg_pa_7_2_23,7-2-23-2
poblado_pa_7_2_23_3,El Limón,correg_pa_7_2_23,7-2-23-3
poblado_pa_7_2_23_8,Los Cedros,correg_pa_7_2_23,7-2-23-8
poblado_pa_7_2_23_9,Los Marañones,correg_pa_7_2_23,7-2-23-9
poblado_pa_7_2_23_11,Los Peroniles,correg_pa_7_2_23,7-2-23-11
poblado_pa_7_2_23_12,El Picacho,correg_pa_7_2_23,7-2-23-12
poblado_pa_7_2_23_14,Pueblo Nuevo o Altos del Nanzal,correg_pa_7_2_23,7-2-23-14
poblado_pa_7_2_23_15,Valle Rico,correg_pa_7_2_23,7-2-23-15
poblado_pa_7_2_23_16,El Loro (P),correg_pa_7_2_23,7-2-23-16
poblado_pa_7_2_23_18,Jague,correg_pa_7_2_23,7-2-23-18
poblado_pa_7_2_23_19,Oria,correg_pa_7_2_23,7-2-23-19
poblado_pa_7_2_24_2,Trinidad,correg_pa_7_2_24,7-2-24-2
poblado_pa_7_2_24_3,Vallerriquito,correg_pa_7_2_24,7-2-24-3
poblado_pa_7_2_24_4,El Cerro,correg_pa_7_2_24,7-2-24-4
poblado_pa_7_3_1_3,Caña Brava No. 1,correg_pa_7_3_1,7-3-1-3
poblado_pa_7_3_1_4,Caña Brava No. 2,correg_pa_7_3_1,7-3-1-4
poblado_pa_7_3_1_5,Caña Brava No. 3,correg_pa_7_3_1,7-3-1-5
poblado_pa_7_3_1_7,Colón No. 2,correg_pa_7_3_1,7-3-1-7
poblado_pa_7_3_1_8,Cerro el Barco,correg_pa_7_3_1,7-3-1-8
poblado_pa_7_3_1_9,El Bongo,correg_pa_7_3_1,7-3-1-9
poblado_pa_7_3_1_13,El Rascador,correg_pa_7_3_1,7-3-1-13
poblado_pa_7_3_1_15,La Villa de los Santos,correg_pa_7_3_1,7-3-1-15
poblado_pa_7_3_1_16,San Agustín (P),correg_pa_7_3_1,7-3-1-16
poblado_pa_7_3_1_18,Puente Matías Hernández,correg_pa_7_3_1,7-3-1-18
poblado_pa_7_3_1_19,Barriada Santa Cruz (P),correg_pa_7_3_1,7-3-1-19
poblado_pa_7_3_1_20,El Ejido (P),correg_pa_7_3_1,7-3-1-20
poblado_pa_7_3_1_21,El Hatillo,correg_pa_7_3_1,7-3-1-21
poblado_pa_7_3_1_23,El Tollao,correg_pa_7_3_1,7-3-1-23
poblado_pa_7_3_1_24,Huertas Arriba,correg_pa_7_3_1,7-3-1-24
poblado_pa_7_3_1_26,Las Huertas (P),correg_pa_7_3_1,7-3-1-26
poblado_pa_7_3_1_28,Los Gutiérrez (P),correg_pa_7_3_1,7-3-1-28
poblado_pa_7_3_1_29,Los Zanjones (P),correg_pa_7_3_1,7-3-1-29
poblado_pa_7_3_1_30,Jobo Dulce (P),correg_pa_7_3_1,7-3-1-30
poblado_pa_7_3_1_31,La Fabiana (P),correg_pa_7_3_1,7-3-1-31
poblado_pa_7_3_1_34,La Laguna,correg_pa_7_3_1,7-3-1-34
poblado_pa_7_3_1_36,Los Búhos,correg_pa_7_3_1,7-3-1-36
poblado_pa_7_3_1_37,Membrillal,correg_pa_7_3_1,7-3-1-37
poblado_pa_7_3_1_38,Reserva de Azuero,correg_pa_7_3_1,7-3-1-38
poblado_pa_7_3_2_1,San Luis,correg_pa_7_3_2,7-3-2-1
poblado_pa_7_3_2_2,Cerro Higo,correg_pa_7_3_2,7-3-2-2
poblado_pa_7_3_2_3,Cocobo,correg_pa_7_3_2,7-3-2-3
poblado_pa_7_3_2_4,El Balso,correg_pa_7_3_2,7-3-2-4
poblado_pa_7_3_2_5,El Chato (P),correg_pa_7_3_2,7-3-2-5
poblado_pa_7_3_2_6,El Guásimo,correg_pa_7_3_2,7-3-2-6
poblado_pa_7_3_2_8,Atalayita,correg_pa_7_3_2,7-3-2-8
poblado_pa_7_3_2_9,Las Lajitas,correg_pa_7_3_2,7-3-2-9
poblado_pa_7_3_2_10,El Salitre,correg_pa_7_3_2,7-3-2-10
poblado_pa_7_3_2_11,Toleta,correg_pa_7_3_2,7-3-2-11
poblado_pa_7_3_2_14,El Guasimito,correg_pa_7_3_2,7-3-2-14
poblado_pa_7_3_3_1,Atalayita,correg_pa_7_3_3,7-3-3-1
poblado_pa_7_3_3_2,Cansino,correg_pa_7_3_3,7-3-3-2
poblado_pa_7_3_3_3,Colorada Abajo,correg_pa_7_3_3,7-3-3-3
poblado_pa_7_3_3_6,El Melón,correg_pa_7_3_3,7-3-3-6
poblado_pa_7_3_3_7,El Guayabito,correg_pa_7_3_3,7-3-3-7
poblado_pa_7_3_3_8,La Colorada,correg_pa_7_3_3,7-3-3-8
poblado_pa_7_3_3_9,La Corneta,correg_pa_7_3_3,7-3-3-9
poblado_pa_7_3_3_10,Las Monas,correg_pa_7_3_3,7-3-3-10
poblado_pa_7_3_3_11,Los Picadores,correg_pa_7_3_3,7-3-3-11
poblado_pa_7_3_3_12,Pica Pica,correg_pa_7_3_3,7-3-3-12
poblado_pa_7_3_3_13,Rodeito,correg_pa_7_3_3,7-3-3-13
poblado_pa_7_3_3_14,Barriada San Isidro,correg_pa_7_3_3,7-3-3-14
poblado_pa_7_3_4_1,El Cristo,correg_pa_7_3_4,7-3-4-1
poblado_pa_7_3_4_2,La Espigadilla,correg_pa_7_3_4,7-3-4-2
poblado_pa_7_3_4_3,La Espigadilla Arriba,correg_pa_7_3_4,7-3-4-3
poblado_pa_7_3_4_4,Las Lomitas,correg_pa_7_3_4,7-3-4-4
poblado_pa_7_3_4_6,Las Lajas (P),correg_pa_7_3_4,7-3-4-6
poblado_pa_7_3_4_7,La Yeguadita (P),correg_pa_7_3_4,7-3-4-7
poblado_pa_7_3_4_8,Los Gatos,correg_pa_7_3_4,7-3-4-8
poblado_pa_7_3_5_2,La Carrizala,correg_pa_7_3_5,7-3-5-2
poblado_pa_7_3_5_3,Corozal Abajo (P),correg_pa_7_3_5,7-3-5-3
poblado_pa_7_3_5_4,La Galera,correg_pa_7_3_5,7-3-5-4
poblado_pa_7_3_5_5,Guararerito,correg_pa_7_3_5,7-3-5-5
poblado_pa_7_3_5_6,La Limona,correg_pa_7_3_5,7-3-5-6
poblado_pa_7_3_5_7,Las Cruces,correg_pa_7_3_5,7-3-5-7
poblado_pa_7_3_5_9,Los Chacones,correg_pa_7_3_5,7-3-5-9
poblado_pa_7_3_5_12,Rincón Grande o Cabuya,correg_pa_7_3_5,7-3-5-12
poblado_pa_7_3_5_16,El Ñopo,correg_pa_7_3_5,7-3-5-16
poblado_pa_7_3_5_17,Pozo el Barro,correg_pa_7_3_5,7-3-5-17
poblado_pa_7_3_5_19,Los Limoncitos,correg_pa_7_3_5,7-3-5-19
poblado_pa_7_3_6_4,El Nancecillo,correg_pa_7_3_6,7-3-6-4
poblado_pa_7_3_6_8,La Mina,correg_pa_7_3_6,7-3-6-8
poblado_pa_7_3_6_10,Las Guabas,correg_pa_7_3_6,7-3-6-10
poblado_pa_7_3_6_11,Cañazas,correg_pa_7_3_6,7-3-6-11
poblado_pa_7_3_6_12,Las Guabas Arriba,correg_pa_7_3_6,7-3-6-12
poblado_pa_7_3_6_13,Santa Clara,correg_pa_7_3_6,7-3-6-13
poblado_pa_7_3_7_2,El Dormilón (P),correg_pa_7_3_7,7-3-7-2
poblado_pa_7_3_7_4,Las Lajitas,correg_pa_7_3_7,7-3-7-4
poblado_pa_7_3_7_5,Loma Larga,correg_pa_7_3_7,7-3-7-5
poblado_pa_7_3_7_6,Los Ángeles,correg_pa_7_3_7,7-3-7-6
poblado_pa_7_3_7_7,Llano Bonito,correg_pa_7_3_7,7-3-7-7
poblado_pa_7_3_7_8,La Honda No. 2,correg_pa_7_3_7,7-3-7-8
poblado_pa_7_3_8_2,Ciénega Larga,correg_pa_7_3_8,7-3-8-2
poblado_pa_7_3_8_3,El Bijao,correg_pa_7_3_8,7-3-8-3
poblado_pa_7_3_8_4,El Guayabal,correg_pa_7_3_8,7-3-8-4
poblado_pa_7_3_8_5,Los Olivitos,correg_pa_7_3_8,7-3-8-5
poblado_pa_7_3_8_6,Los Olivos,correg_pa_7_3_8,7-3-8-6
poblado_pa_7_3_8_8,Quebrada Grande,correg_pa_7_3_8,7-3-8-8
poblado_pa_7_3_8_9,Finca los Olivos,correg_pa_7_3_8,7-3-8-9
poblado_pa_7_3_8_10,La Chilonga,correg_pa_7_3_8,7-3-8-10
poblado_pa_7_3_8_11,La Boleda,correg_pa_7_3_8,7-3-8-11
poblado_pa_7_3_9_1,Jobo Dulce (P),correg_pa_7_3_9,7-3-9-1
poblado_pa_7_3_9_4,Las Peñas,correg_pa_7_3_9,7-3-9-4
poblado_pa_7_3_9_5,Llano Largo,correg_pa_7_3_9,7-3-9-5
poblado_pa_7_3_9_8,Los Zanjones (P),correg_pa_7_3_9,7-3-9-8
poblado_pa_7_3_9_9,Las Lajas (P),correg_pa_7_3_9,7-3-9-9
poblado_pa_7_3_9_10,San Agustín (P),correg_pa_7_3_9,7-3-9-10
poblado_pa_7_3_9_11,Barriada el Pozo del Obispo,correg_pa_7_3_9,7-3-9-11
poblado_pa_7_3_9_12,Urbanización las Delicias,correg_pa_7_3_9,7-3-9-12
poblado_pa_7_3_9_13,Urbanización Yolanda Rosa,correg_pa_7_3_9,7-3-9-13
poblado_pa_7_3_10_2,El Dormilón (P),correg_pa_7_3_10,7-3-10-2
poblado_pa_7_3_10_3,El Jato,correg_pa_7_3_10,7-3-10-3
poblado_pa_7_3_10_4,El Roble,correg_pa_7_3_10,7-3-10-4
poblado_pa_7_3_10_5,La Garnica,correg_pa_7_3_10,7-3-10-5
poblado_pa_7_3_10_6,La Jagua,correg_pa_7_3_10,7-3-10-6
poblado_pa_7_3_10_7,El Espinal (P),correg_pa_7_3_10,7-3-10-7
poblado_pa_7_3_10_8,Las Marías,correg_pa_7_3_10,7-3-10-8
poblado_pa_7_3_10_9,Las Zatras (P),correg_pa_7_3_10,7-3-10-9
poblado_pa_7_3_10_11,Los Agallos,correg_pa_7_3_10,7-3-10-11
poblado_pa_7_3_10_12,Los Chacones,correg_pa_7_3_10,7-3-10-12
poblado_pa_7_3_10_14,Sabana Grande,correg_pa_7_3_10,7-3-10-14
poblado_pa_7_3_10_15,Sabana Grande Abajo,correg_pa_7_3_10,7-3-10-15
poblado_pa_7_3_10_16,Sabana Grande Arriba,correg_pa_7_3_10,7-3-10-16
poblado_pa_7_3_10_17,Taboga,correg_pa_7_3_10,7-3-10-17
poblado_pa_7_3_11_4,El Jobo (P),correg_pa_7_3_11,7-3-11-4
poblado_pa_7_3_11_10,Playa Monagre,correg_pa_7_3_11,7-3-11-10
poblado_pa_7_3_11_11,Santa Ana Abajo,correg_pa_7_3_11,7-3-11-11
poblado_pa_7_3_11_12,Santa Ana Arriba (P),correg_pa_7_3_11,7-3-11-12
poblado_pa_7_3_11_13,Barriada Santa Cruz (P),correg_pa_7_3_11,7-3-11-13
poblado_pa_7_3_11_14,El Rompío,correg_pa_7_3_11,7-3-11-14
poblado_pa_7_3_11_17,Las Huertas (P),correg_pa_7_3_11,7-3-11-17
poblado_pa_7_3_11_18,Los Gutiérrez (P),correg_pa_7_3_11,7-3-11-18
poblado_pa_7_3_11_20,Hondita,correg_pa_7_3_11,7-3-11-20
poblado_pa_7_3_11_22,Boca Vieja,correg_pa_7_3_11,7-3-11-22
poblado_pa_7_3_11_23,El Estero de las Guayaberas,correg_pa_7_3_11,7-3-11-23
poblado_pa_7_3_11_24,Los Islones,correg_pa_7_3_11,7-3-11-24
poblado_pa_7_3_11_25,El Nigüito,correg_pa_7_3_11,7-3-11-25
poblado_pa_7_3_11_26,Finca los Camarones,correg_pa_7_3_11,7-3-11-26
poblado_pa_7_3_11_27,Jardines del Rompío,correg_pa_7_3_11,7-3-11-27
poblado_pa_7_3_11_28,La Camaronera,correg_pa_7_3_11,7-3-11-28
poblado_pa_7_3_11_29,Urbanización Villas del Mar,correg_pa_7_3_11,7-3-11-29
poblado_pa_7_3_12_4,Tres Quebradas,correg_pa_7_3_12,7-3-12-4
poblado_pa_7_3_12_5,Las Tetillas,correg_pa_7_3_12,7-3-12-5
poblado_pa_7_3_13_1,Agua Buena,correg_pa_7_3_13,7-3-13-1
poblado_pa_7_3_13_2,Cañazas,correg_pa_7_3_13,7-3-13-2
poblado_pa_7_3_13_3,Las Zatras (P),correg_pa_7_3_13,7-3-13-3
poblado_pa_7_3_14_1,Capurí,correg_pa_7_3_14,7-3-14-1
poblado_pa_7_3_14_2,Entrada de la Mina,correg_pa_7_3_14,7-3-14-2
poblado_pa_7_3_14_3,Guevara,correg_pa_7_3_14,7-3-14-3
poblado_pa_7_3_14_4,La Fabiana (P),correg_pa_7_3_14,7-3-14-4
poblado_pa_7_3_14_5,La Laja,correg_pa_7_3_14,7-3-14-5
poblado_pa_7_3_14_7,Loma Colorada,correg_pa_7_3_14,7-3-14-7
poblado_pa_7_3_14_8,Villa Lourdes,correg_pa_7_3_14,7-3-14-8
poblado_pa_7_3_15_1,El Aromo,correg_pa_7_3_15,7-3-15-1
poblado_pa_7_3_15_2,El Ejido (P),correg_pa_7_3_15,7-3-15-2
poblado_pa_7_3_15_3,Finca el Paragua,correg_pa_7_3_15,7-3-15-3
poblado_pa_7_3_15_4,La Honda,correg_pa_7_3_15,7-3-15-4
poblado_pa_7_3_15_5,La Laja,correg_pa_7_3_15,7-3-15-5
poblado_pa_7_3_15_6,Los Gutiérrez (P),correg_pa_7_3_15,7-3-15-6
poblado_pa_7_3_15_7,Quebrada Honda,correg_pa_7_3_15,7-3-15-7
poblado_pa_7_3_15_8,Santa Ana Arriba (P),correg_pa_7_3_15,7-3-15-8
poblado_pa_7_3_15_9,Villas de San José,correg_pa_7_3_15,7-3-15-9
poblado_pa_7_3_15_10,Residencial Santa Bárbara,correg_pa_7_3_15,7-3-15-10
poblado_pa_7_3_15_11,Urbanización Quintas del Carmen,correg_pa_7_3_15,7-3-15-11
poblado_pa_7_3_15_12,Residencial Jacasa,correg_pa_7_3_15,7-3-15-12
poblado_pa_7_3_15_13,Villa Mercedes,correg_pa_7_3_15,7-3-15-13
poblado_pa_7_4_1_2,Botello,correg_pa_7_4_1,7-4-1-2
poblado_pa_7_4_1_4,El Estacón,correg_pa_7_4_1,7-4-1-4
poblado_pa_7_4_1_6,El Paradero,correg_pa_7_4_1,7-4-1-6
poblado_pa_7_4_1_9,Los Leales (P),correg_pa_7_4_1,7-4-1-9
poblado_pa_7_4_1_11,Los Hatillos,correg_pa_7_4_1,7-4-1-11
poblado_pa_7_4_1_12,Los Higos,correg_pa_7_4_1,7-4-1-12
poblado_pa_7_4_1_13,Macaracas,correg_pa_7_4_1,7-4-1-13
poblado_pa_7_4_1_15,Barriada 11 de Octubre o el Guabo,correg_pa_7_4_1,7-4-1-15
poblado_pa_7_4_1_17,El Salitre o las Lomas,correg_pa_7_4_1,7-4-1-17
poblado_pa_7_4_1_18,El Tecal,correg_pa_7_4_1,7-4-1-18
poblado_pa_7_4_1_19,Finca Santa Rosa,correg_pa_7_4_1,7-4-1-19
poblado_pa_7_4_1_20,La Miel,correg_pa_7_4_1,7-4-1-20
poblado_pa_7_4_1_22,Finca Botello,correg_pa_7_4_1,7-4-1-22
poblado_pa_7_4_2_1,Bahía Honda,correg_pa_7_4_2,7-4-2-1
poblado_pa_7_4_2_2,El Pontón,correg_pa_7_4_2,7-4-2-2
poblado_pa_7_4_2_3,El Jobo,correg_pa_7_4_2,7-4-2-3
poblado_pa_7_4_2_6,Loma Redonda,correg_pa_7_4_2,7-4-2-6
poblado_pa_7_4_2_7,Botoncillo,correg_pa_7_4_2,7-4-2-7
poblado_pa_7_4_2_8,Los Jacintos,correg_pa_7_4_2,7-4-2-8
poblado_pa_7_4_2_10,Pacorita,correg_pa_7_4_2,7-4-2-10
poblado_pa_7_4_2_11,Río Arriba,correg_pa_7_4_2,7-4-2-11
poblado_pa_7_4_2_12,Bahía Honda Abajo,correg_pa_7_4_2,7-4-2-12
poblado_pa_7_4_2_13,La Sabaneta del Pontón (P),correg_pa_7_4_2,7-4-2-13
poblado_pa_7_4_3_2,Bajos de Güera (P),correg_pa_7_4_3,7-4-3-2
poblado_pa_7_4_3_3,El Cacao,correg_pa_7_4_3,7-4-3-3
poblado_pa_7_4_3_4,El Cántaro,correg_pa_7_4_3,7-4-3-4
poblado_pa_7_4_3_6,El Comején,correg_pa_7_4_3,7-4-3-6
poblado_pa_7_4_3_7,El Melchor,correg_pa_7_4_3,7-4-3-7
poblado_pa_7_4_3_8,El Tallo,correg_pa_7_4_3,7-4-3-8
poblado_pa_7_4_3_9,Güerita,correg_pa_7_4_3,7-4-3-9
poblado_pa_7_4_3_11,La Pifá Abajo,correg_pa_7_4_3,7-4-3-11
poblado_pa_7_4_3_12,La Higuerilla,correg_pa_7_4_3,7-4-3-12
poblado_pa_7_4_3_13,La Higuerona,correg_pa_7_4_3,7-4-3-13
poblado_pa_7_4_3_14,La Lajita (P),correg_pa_7_4_3,7-4-3-14
poblado_pa_7_4_3_16,La Pifá Arriba,correg_pa_7_4_3,7-4-3-16
poblado_pa_7_4_3_17,La Paula,correg_pa_7_4_3,7-4-3-17
poblado_pa_7_4_3_18,La Prieta,correg_pa_7_4_3,7-4-3-18
poblado_pa_7_4_3_21,Los Gatos,correg_pa_7_4_3,7-4-3-21
poblado_pa_7_4_3_22,Los Naranjos,correg_pa_7_4_3,7-4-3-22
poblado_pa_7_4_3_23,Paso Hondo (P),correg_pa_7_4_3,7-4-3-23
poblado_pa_7_4_3_24,Tulú Abajo,correg_pa_7_4_3,7-4-3-24
poblado_pa_7_4_3_26,La Colorada,correg_pa_7_4_3,7-4-3-26
poblado_pa_7_4_3_27,La Palma,correg_pa_7_4_3,7-4-3-27
poblado_pa_7_4_3_30,La Pita,correg_pa_7_4_3,7-4-3-30
poblado_pa_7_4_3_31,La Rialeja (P),correg_pa_7_4_3,7-4-3-31
poblado_pa_7_4_3_32,Tulú Arriba (P),correg_pa_7_4_3,7-4-3-32
poblado_pa_7_4_4_1,Corozal,correg_pa_7_4_4,7-4-4-1
poblado_pa_7_4_4_2,Corozal Abajo (P),correg_pa_7_4_4,7-4-4-2
poblado_pa_7_4_4_3,El Bijao o Corozal Arriba,correg_pa_7_4_4,7-4-4-3
poblado_pa_7_4_4_4,El Castillo,correg_pa_7_4_4,7-4-4-4
poblado_pa_7_4_4_5,Palenque,correg_pa_7_4_4,7-4-4-5
poblado_pa_7_4_4_6,El Pantano,correg_pa_7_4_4,7-4-4-6
poblado_pa_7_4_4_7,Loma Panamá,correg_pa_7_4_4,7-4-4-7
poblado_pa_7_4_4_8,Los Cerritos,correg_pa_7_4_4,7-4-4-8
poblado_pa_7_4_4_9,La Sabaneta del Pontón (P),correg_pa_7_4_4,7-4-4-9
poblado_pa_7_4_4_10,Cedro Abajo (P),correg_pa_7_4_4,7-4-4-10
poblado_pa_7_4_4_12,El Carnero (P),correg_pa_7_4_4,7-4-4-12
poblado_pa_7_4_5_1,Chupá o la Meseta,correg_pa_7_4_5,7-4-5-1
poblado_pa_7_4_5_2,Chupaito,correg_pa_7_4_5,7-4-5-2
poblado_pa_7_4_5_3,El Común,correg_pa_7_4_5,7-4-5-3
poblado_pa_7_4_5_4,La Iguana,correg_pa_7_4_5,7-4-5-4
poblado_pa_7_4_5_5,Los Palmares,correg_pa_7_4_5,7-4-5-5
poblado_pa_7_4_6_1,Capireja,correg_pa_7_4_6,7-4-6-1
poblado_pa_7_4_6_2,Cedro Abajo (P),correg_pa_7_4_6,7-4-6-2
poblado_pa_7_4_6_3,Cedro Arriba,correg_pa_7_4_6,7-4-6-3
poblado_pa_7_4_6_4,El Bravo,correg_pa_7_4_6,7-4-6-4
poblado_pa_7_4_6_5,El Carnero (P),correg_pa_7_4_6,7-4-6-5
poblado_pa_7_4_6_6,El Hato,correg_pa_7_4_6,7-4-6-6
poblado_pa_7_4_6_7,La Meca,correg_pa_7_4_6,7-4-6-7
poblado_pa_7_4_6_8,Los Leales (P),correg_pa_7_4_6,7-4-6-8
poblado_pa_7_4_6_9,El Guayacán,correg_pa_7_4_6,7-4-6-9
poblado_pa_7_4_6_10,Los Melgar,correg_pa_7_4_6,7-4-6-10
poblado_pa_7_4_7_2,Espino Prieto,correg_pa_7_4_7,7-4-7-2
poblado_pa_7_4_7_3,Espino Amarillo,correg_pa_7_4_7,7-4-7-3
poblado_pa_7_4_7_5,Las Margaritas,correg_pa_7_4_7,7-4-7-5
poblado_pa_7_4_7_6,Loma Azul,correg_pa_7_4_7,7-4-7-6
poblado_pa_7_4_7_7,Los Palacios,correg_pa_7_4_7,7-4-7-7
poblado_pa_7_4_7_8,Paso Laja,correg_pa_7_4_7,7-4-7-8
poblado_pa_7_4_7_9,Quebrada Frías,correg_pa_7_4_7,7-4-7-9
poblado_pa_7_4_7_10,Paradero (P),correg_pa_7_4_7,7-4-7-10
poblado_pa_7_4_7_11,Sabaneta de León,correg_pa_7_4_7,7-4-7-11
poblado_pa_7_4_7_12,La Palma,correg_pa_7_4_7,7-4-7-12
poblado_pa_7_4_7_13,Alto de las Margaritas,correg_pa_7_4_7,7-4-7-13
poblado_pa_7_4_8_1,El Balso,correg_pa_7_4_8,7-4-8-1
poblado_pa_7_4_8_3,Hondo del Naranjo,correg_pa_7_4_8,7-4-8-3
poblado_pa_7_4_8_4,El Pedrito,correg_pa_7_4_8,7-4-8-4
poblado_pa_7_4_8_5,La Lajita (P),correg_pa_7_4_8,7-4-8-5
poblado_pa_7_4_8_6,La Mesa,correg_pa_7_4_8,7-4-8-6
poblado_pa_7_4_8_7,La Mesita,correg_pa_7_4_8,7-4-8-7
poblado_pa_7_4_8_8,La Noneca,correg_pa_7_4_8,7-4-8-8
poblado_pa_7_4_8_9,Las Benitas,correg_pa_7_4_8,7-4-8-9
poblado_pa_7_4_8_10,Quito,correg_pa_7_4_8,7-4-8-10
poblado_pa_7_4_8_11,Tebarito,correg_pa_7_4_8,7-4-8-11
poblado_pa_7_4_8_12,Tumaco Abajo,correg_pa_7_4_8,7-4-8-12
poblado_pa_7_4_8_13,Hondo del Niguito (P),correg_pa_7_4_8,7-4-8-13
poblado_pa_7_4_8_14,Tumaco Arriba (P),correg_pa_7_4_8,7-4-8-14
poblado_pa_7_4_8_16,Coclitas,correg_pa_7_4_8,7-4-8-16
poblado_pa_7_4_8_17,Los Caratales,correg_pa_7_4_8,7-4-8-17
poblado_pa_7_4_9_1,Buena Vista,correg_pa_7_4_9,7-4-9-1
poblado_pa_7_4_9_2,El Caratillo,correg_pa_7_4_9,7-4-9-2
poblado_pa_7_4_9_3,El Pájaro,correg_pa_7_4_9,7-4-9-3
poblado_pa_7_4_9_4,Las Palmas,correg_pa_7_4_9,7-4-9-4
poblado_pa_7_4_9_5,Los Bajitos Abajo,correg_pa_7_4_9,7-4-9-5
poblado_pa_7_4_9_6,Los Bajitos Arriba,correg_pa_7_4_9,7-4-9-6
poblado_pa_7_4_9_7,Los Guayabos,correg_pa_7_4_9,7-4-9-7
poblado_pa_7_4_9_8,Los Negros,correg_pa_7_4_9,7-4-9-8
poblado_pa_7_4_9_9,Los Rastrojos,correg_pa_7_4_9,7-4-9-9
poblado_pa_7_4_9_10,Picacho,correg_pa_7_4_9,7-4-9-10
poblado_pa_7_4_9_12,Quebrada del Calabazo,correg_pa_7_4_9,7-4-9-12
poblado_pa_7_4_9_13,El Manglillo,correg_pa_7_4_9,7-4-9-13
poblado_pa_7_4_9_14,La Laguna,correg_pa_7_4_9,7-4-9-14
poblado_pa_7_4_9_16,Loma Secreta o las Lomas,correg_pa_7_4_9,7-4-9-16
poblado_pa_7_4_9_18,La Guáchara,correg_pa_7_4_9,7-4-9-18
poblado_pa_7_4_9_21,Rihito,correg_pa_7_4_9,7-4-9-21
poblado_pa_7_4_10_2,Bombachito,correg_pa_7_4_10,7-4-10-2
poblado_pa_7_4_10_3,Bombacho,correg_pa_7_4_10,7-4-10-3
poblado_pa_7_4_10_4,La Laja,correg_pa_7_4_10,7-4-10-4
poblado_pa_7_4_10_5,El Corralito,correg_pa_7_4_10,7-4-10-5
poblado_pa_7_4_10_6,El Faldar (P),correg_pa_7_4_10,7-4-10-6
poblado_pa_7_4_10_7,El Hortigo (P),correg_pa_7_4_10,7-4-10-7
poblado_pa_7_4_10_8,El Tigre,correg_pa_7_4_10,7-4-10-8
poblado_pa_7_4_10_10,La Llanita,correg_pa_7_4_10,7-4-10-10
poblado_pa_7_4_10_19,Llano de Piedra,correg_pa_7_4_10,7-4-10-19
poblado_pa_7_4_10_20,Loma Blanca,correg_pa_7_4_10,7-4-10-20
poblado_pa_7_4_10_21,Los Ajíes,correg_pa_7_4_10,7-4-10-21
poblado_pa_7_4_10_24,Mongoy,correg_pa_7_4_10,7-4-10-24
poblado_pa_7_4_10_25,Platanal (P),correg_pa_7_4_10,7-4-10-25
poblado_pa_7_4_10_26,Río Arriba,correg_pa_7_4_10,7-4-10-26
poblado_pa_7_4_10_28,San Antonio,correg_pa_7_4_10,7-4-10-28
poblado_pa_7_4_10_30,La Angostura,correg_pa_7_4_10,7-4-10-30
poblado_pa_7_4_10_31,Río Abajo (P),correg_pa_7_4_10,7-4-10-31
poblado_pa_7_4_10_32,La Lajita (P),correg_pa_7_4_10,7-4-10-32
poblado_pa_7_4_10_33,Loma Bombacho,correg_pa_7_4_10,7-4-10-33
poblado_pa_7_4_10_35,Mandinga,correg_pa_7_4_10,7-4-10-35
poblado_pa_7_4_10_36,Río Tebario,correg_pa_7_4_10,7-4-10-36
poblado_pa_7_4_11_3,Cariaco,correg_pa_7_4_11,7-4-11-3
poblado_pa_7_4_11_5,El Roble,correg_pa_7_4_11,7-4-11-5
poblado_pa_7_4_11_6,La Loma de la Palma,correg_pa_7_4_11,7-4-11-6
poblado_pa_7_4_11_8,La Rana,correg_pa_7_4_11,7-4-11-8
poblado_pa_7_4_11_10,La Raíz,correg_pa_7_4_11,7-4-11-10
poblado_pa_7_4_11_11,Mogollón,correg_pa_7_4_11,7-4-11-11
poblado_pa_7_4_11_13,Platanal (P),correg_pa_7_4_11,7-4-11-13
poblado_pa_7_4_11_14,Quema (P),correg_pa_7_4_11,7-4-11-14
poblado_pa_7_4_11_15,Río Abajo (P),correg_pa_7_4_11,7-4-11-15
poblado_pa_7_4_11_16,Canajagua (P),correg_pa_7_4_11,7-4-11-16
poblado_pa_7_5_1_2,Cuatro Vientos,correg_pa_7_5_1,7-5-1-2
poblado_pa_7_5_1_3,La Ahumada,correg_pa_7_5_1,7-5-1-3
poblado_pa_7_5_1_4,La Arena,correg_pa_7_5_1,7-5-1-4
poblado_pa_7_5_1_5,La Garita,correg_pa_7_5_1,7-5-1-5
poblado_pa_7_5_1_6,Las Cabezas,correg_pa_7_5_1,7-5-1-6
poblado_pa_7_5_1_7,El Limón,correg_pa_7_5_1,7-5-1-7
poblado_pa_7_5_1_8,Los Destiladeros,correg_pa_7_5_1,7-5-1-8
poblado_pa_7_5_1_10,Barriada los Destiladeros,correg_pa_7_5_1,7-5-1-10
poblado_pa_7_5_1_11,Mateo,correg_pa_7_5_1,7-5-1-11
poblado_pa_7_5_1_12,Pedasí,correg_pa_7_5_1,7-5-1-12
poblado_pa_7_5_1_13,Punta Mala,correg_pa_7_5_1,7-5-1-13
poblado_pa_7_5_1_14,La Montaña de la Palma,correg_pa_7_5_1,7-5-1-14
poblado_pa_7_5_1_15,Río Adentro,correg_pa_7_5_1,7-5-1-15
poblado_pa_7_5_1_16,Puerto Escondido (P),correg_pa_7_5_1,7-5-1-16
poblado_pa_7_5_1_17,Rocha,correg_pa_7_5_1,7-5-1-17
poblado_pa_7_5_1_18,Caldera,correg_pa_7_5_1,7-5-1-18
poblado_pa_7_5_1_19,El Bajadero o Playa Arenal,correg_pa_7_5_1,7-5-1-19
poblado_pa_7_5_1_20,El Toro o Playa el Toro,correg_pa_7_5_1,7-5-1-20
poblado_pa_7_5_1_22,El Pantano o Vía el Limón,correg_pa_7_5_1,7-5-1-22
poblado_pa_7_5_1_23,Hacienda los Gavilanes,correg_pa_7_5_1,7-5-1-23
poblado_pa_7_5_1_24,La Noneca,correg_pa_7_5_1,7-5-1-24
poblado_pa_7_5_1_27,Quebrada la Palma,correg_pa_7_5_1,7-5-1-27
poblado_pa_7_5_1_28,Brisas del Toro,correg_pa_7_5_1,7-5-1-28
poblado_pa_7_5_1_29,Costa Pedasí,correg_pa_7_5_1,7-5-1-29
poblado_pa_7_5_1_30,Equus Village,correg_pa_7_5_1,7-5-1-30
poblado_pa_7_5_1_31,Residencial Andrómeda,correg_pa_7_5_1,7-5-1-31
poblado_pa_7_5_2_10,El Jazmín,correg_pa_7_5_2,7-5-2-10
poblado_pa_7_5_2_13,Juan Díaz,correg_pa_7_5_2,7-5-2-13
poblado_pa_7_5_2_15,Playa la Miel,correg_pa_7_5_2,7-5-2-15
poblado_pa_7_5_2_21,Los Asientos,correg_pa_7_5_2,7-5-2-21
poblado_pa_7_5_2_23,Los Higos,correg_pa_7_5_2,7-5-2-23
poblado_pa_7_5_2_26,Los Portorricos,correg_pa_7_5_2,7-5-2-26
poblado_pa_7_5_2_27,Los Pozos,correg_pa_7_5_2,7-5-2-27
poblado_pa_7_5_2_28,Los Rincones,correg_pa_7_5_2,7-5-2-28
poblado_pa_7_5_2_29,Los Yescos,correg_pa_7_5_2,7-5-2-29
poblado_pa_7_5_2_33,Palacios,correg_pa_7_5_2,7-5-2-33
poblado_pa_7_5_2_37,San Francisco,correg_pa_7_5_2,7-5-2-37
poblado_pa_7_5_2_38,Siete Vueltas,correg_pa_7_5_2,7-5-2-38
poblado_pa_7_5_2_41,La Agustina,correg_pa_7_5_2,7-5-2-41
poblado_pa_7_5_2_45,Cobachón,correg_pa_7_5_2,7-5-2-45
poblado_pa_7_5_2_47,Oria,correg_pa_7_5_2,7-5-2-47
poblado_pa_7_5_2_50,Santa Librada,correg_pa_7_5_2,7-5-2-50
poblado_pa_7_5_2_52,El Chumico,correg_pa_7_5_2,7-5-2-52
poblado_pa_7_5_2_54,La Nazario,correg_pa_7_5_2,7-5-2-54
poblado_pa_7_5_2_56,Playa Oria o Boca de Oria,correg_pa_7_5_2,7-5-2-56
poblado_pa_7_5_2_57,El Faldar,correg_pa_7_5_2,7-5-2-57
poblado_pa_7_5_2_58,Puerto Escondido (P),correg_pa_7_5_2,7-5-2-58
poblado_pa_7_5_3_1,Arbolito,correg_pa_7_5_3,7-5-3-1
poblado_pa_7_5_3_2,Franco,correg_pa_7_5_3,7-5-3-2
poblado_pa_7_5_3_5,Mariabé (P),correg_pa_7_5_3,7-5-3-5
poblado_pa_7_5_3_6,Quindi,correg_pa_7_5_3,7-5-3-6
poblado_pa_7_5_3_8,El Roble,correg_pa_7_5_3,7-5-3-8
poblado_pa_7_5_3_9,La Enea,correg_pa_7_5_3,7-5-3-9
poblado_pa_7_5_3_10,Boca de Río Pedasí,correg_pa_7_5_3,7-5-3-10
poblado_pa_7_5_3_12,Playa el Rincón,correg_pa_7_5_3,7-5-3-12
poblado_pa_7_5_3_13,Playa Rinconcito,correg_pa_7_5_3,7-5-3-13
poblado_pa_7_5_3_14,Punta del Tigre,correg_pa_7_5_3,7-5-3-14
poblado_pa_7_5_3_15,Finca las Perlas,correg_pa_7_5_3,7-5-3-15
poblado_pa_7_5_3_16,Puerto Purio,correg_pa_7_5_3,7-5-3-16
poblado_pa_7_5_4_1,Buenos Aires,correg_pa_7_5_4,7-5-4-1
poblado_pa_7_5_4_2,Los Cerritos,correg_pa_7_5_4,7-5-4-2
poblado_pa_7_5_4_3,Pueblo Nuevo,correg_pa_7_5_4,7-5-4-3
poblado_pa_7_5_4_4,Purio,correg_pa_7_5_4,7-5-4-4
poblado_pa_7_5_4_5,Quebrada la Cruz,correg_pa_7_5_4,7-5-4-5
poblado_pa_7_5_4_6,Río Purio (P),correg_pa_7_5_4,7-5-4-6
poblado_pa_7_5_4_7,Mariabé (P),correg_pa_7_5_4,7-5-4-7
poblado_pa_7_5_4_8,Buena Vista,correg_pa_7_5_4,7-5-4-8
poblado_pa_7_5_4_9,Señago,correg_pa_7_5_4,7-5-4-9
poblado_pa_7_5_4_11,Loma Goyo,correg_pa_7_5_4,7-5-4-11
poblado_pa_7_5_4_12,Los Vásquez,correg_pa_7_5_4,7-5-4-12
poblado_pa_7_5_5_1,Agua Buena,correg_pa_7_5_5,7-5-5-1
poblado_pa_7_5_5_2,Alto del Espino Prieto,correg_pa_7_5_5,7-5-5-2
poblado_pa_7_5_5_3,Altos de la Quebrada Guabo,correg_pa_7_5_5,7-5-5-3
poblado_pa_7_5_5_5,Altos del Cañaveral,correg_pa_7_5_5,7-5-5-5
poblado_pa_7_5_5_6,Cabecera de Quebrada Palma,correg_pa_7_5_5,7-5-5-6
poblado_pa_7_5_5_7,Calabacito,correg_pa_7_5_5,7-5-5-7
poblado_pa_7_5_5_8,El Ciruelo,correg_pa_7_5_5,7-5-5-8
poblado_pa_7_5_5_9,El Toro,correg_pa_7_5_5,7-5-5-9
poblado_pa_7_5_5_10,La Saína (P),correg_pa_7_5_5,7-5-5-10
poblado_pa_7_5_5_11,La Seca,correg_pa_7_5_5,7-5-5-11
poblado_pa_7_5_5_12,La Vaca (P),correg_pa_7_5_5,7-5-5-12
poblado_pa_7_5_5_13,Las Escobas,correg_pa_7_5_5,7-5-5-13
poblado_pa_7_5_5_14,Las Escobas del Venado,correg_pa_7_5_5,7-5-5-14
poblado_pa_7_5_5_15,Loma la Pava,correg_pa_7_5_5,7-5-5-15
poblado_pa_7_5_5_16,Los Achotines,correg_pa_7_5_5,7-5-5-16
poblado_pa_7_5_5_17,Los Algodones (P),correg_pa_7_5_5,7-5-5-17
poblado_pa_7_5_5_18,Los Colorados,correg_pa_7_5_5,7-5-5-18
poblado_pa_7_5_5_19,Mina Honda,correg_pa_7_5_5,7-5-5-19
poblado_pa_7_5_5_20,Oria Abajo,correg_pa_7_5_5,7-5-5-20
poblado_pa_7_5_5_21,Oria Arriba,correg_pa_7_5_5,7-5-5-21
poblado_pa_7_5_5_22,Oria No. 1,correg_pa_7_5_5,7-5-5-22
poblado_pa_7_5_5_23,Playa Venao,correg_pa_7_5_5,7-5-5-23
poblado_pa_7_5_5_24,Puerco Blanco,correg_pa_7_5_5,7-5-5-24
poblado_pa_7_5_5_25,Quebrada la Palma,correg_pa_7_5_5,7-5-5-25
poblado_pa_7_5_5_27,Altos del Caimito,correg_pa_7_5_5,7-5-5-27
poblado_pa_7_5_5_28,Catival,correg_pa_7_5_5,7-5-5-28
poblado_pa_7_5_5_29,El Caimito,correg_pa_7_5_5,7-5-5-29
poblado_pa_7_5_5_30,El Conejo,correg_pa_7_5_5,7-5-5-30
poblado_pa_7_5_5_31,Las Tres Quebradas,correg_pa_7_5_5,7-5-5-31
poblado_pa_7_5_5_32,Los Rincones,correg_pa_7_5_5,7-5-5-32
poblado_pa_7_5_5_33,Los Ranchos,correg_pa_7_5_5,7-5-5-33
poblado_pa_7_5_5_34,Punta Caracucho,correg_pa_7_5_5,7-5-5-34
poblado_pa_7_5_5_35,Madroño,correg_pa_7_5_5,7-5-5-35
poblado_pa_7_5_5_36,Lomas de Playa Venao,correg_pa_7_5_5,7-5-5-36
poblado_pa_7_5_5_37,Blue Venao,correg_pa_7_5_5,7-5-5-37
poblado_pa_7_6_1_2,Lagartillo,correg_pa_7_6_1,7-6-1-2
poblado_pa_7_6_1_3,El Roblillo,correg_pa_7_6_1,7-6-1-3
poblado_pa_7_6_1_5,La Concepción,correg_pa_7_6_1,7-6-1-5
poblado_pa_7_6_1_6,La Laguna,correg_pa_7_6_1,7-6-1-6
poblado_pa_7_6_1_9,Pocrí,correg_pa_7_6_1,7-6-1-9
poblado_pa_7_6_1_11,Río Muñoz,correg_pa_7_6_1,7-6-1-11
poblado_pa_7_6_1_12,Río Purio (P),correg_pa_7_6_1,7-6-1-12
poblado_pa_7_6_1_13,Tempisque,correg_pa_7_6_1,7-6-1-13
poblado_pa_7_6_1_15,El Espinal,correg_pa_7_6_1,7-6-1-15
poblado_pa_7_6_1_16,El Guayabal (P),correg_pa_7_6_1,7-6-1-16
poblado_pa_7_6_1_18,Finca las Lajitas,correg_pa_7_6_1,7-6-1-18
poblado_pa_7_6_1_20,Aranda,correg_pa_7_6_1,7-6-1-20
poblado_pa_7_6_1_21,Arenal,correg_pa_7_6_1,7-6-1-21
poblado_pa_7_6_1_22,Finca Mamá Sara o el Melonal,correg_pa_7_6_1,7-6-1-22
poblado_pa_7_6_1_23,La Garita,correg_pa_7_6_1,7-6-1-23
poblado_pa_7_6_1_24,Alto de los Higos,correg_pa_7_6_1,7-6-1-24
poblado_pa_7_6_1_26,Playa los Bajaderos,correg_pa_7_6_1,7-6-1-26
poblado_pa_7_6_1_27,Río Pocrí,correg_pa_7_6_1,7-6-1-27
poblado_pa_7_6_1_28,Finca Bella Vista,correg_pa_7_6_1,7-6-1-28
poblado_pa_7_6_2_1,El Bebedero,correg_pa_7_6_2,7-6-2-1
poblado_pa_7_6_2_2,Colan,correg_pa_7_6_2,7-6-2-2
poblado_pa_7_6_2_3,El Cañafístulo,correg_pa_7_6_2,7-6-2-3
poblado_pa_7_6_2_4,Mañón,correg_pa_7_6_2,7-6-2-4
poblado_pa_7_6_2_6,Loma Grande,correg_pa_7_6_2,7-6-2-6
poblado_pa_7_6_2_9,El Marañón,correg_pa_7_6_2,7-6-2-9
poblado_pa_7_6_2_10,Pueblo Nuevo,correg_pa_7_6_2,7-6-2-10
poblado_pa_7_6_2_11,Quebrada Bustamante (P),correg_pa_7_6_2,7-6-2-11
poblado_pa_7_6_2_12,El Tabanito,correg_pa_7_6_2,7-6-2-12
poblado_pa_7_6_3_1,California,correg_pa_7_6_3,7-6-3-1
poblado_pa_7_6_3_2,Entre Dos Ríos,correg_pa_7_6_3,7-6-3-2
poblado_pa_7_6_3_3,El Carrizal,correg_pa_7_6_3,7-6-3-3
poblado_pa_7_6_3_5,La Madera,correg_pa_7_6_3,7-6-3-5
poblado_pa_7_6_3_6,La Nanzosa,correg_pa_7_6_3,7-6-3-6
poblado_pa_7_6_3_7,La Platanera,correg_pa_7_6_3,7-6-3-7
poblado_pa_7_6_3_8,Lajamina,correg_pa_7_6_3,7-6-3-8
poblado_pa_7_6_3_10,Los Cerros,correg_pa_7_6_3,7-6-3-10
poblado_pa_7_6_3_11,Los Panamaes,correg_pa_7_6_3,7-6-3-11
poblado_pa_7_6_4_2,La Candelaria,correg_pa_7_6_4,7-6-4-2
poblado_pa_7_6_4_3,Finca Mayorca,correg_pa_7_6_4,7-6-4-3
poblado_pa_7_6_4_4,Nuevo Ocú,correg_pa_7_6_4,7-6-4-4
poblado_pa_7_6_4_5,Paraíso,correg_pa_7_6_4,7-6-4-5
poblado_pa_7_6_4_7,El Cruce,correg_pa_7_6_4,7-6-4-7
poblado_pa_7_6_4_8,Finca las Veraneras,correg_pa_7_6_4,7-6-4-8
poblado_pa_7_6_4_9,Finca los Algarrobos,correg_pa_7_6_4,7-6-4-9
poblado_pa_7_6_4_10,Finca los Bajos,correg_pa_7_6_4,7-6-4-10
poblado_pa_7_6_4_11,La Albina,correg_pa_7_6_4,7-6-4-11
poblado_pa_7_6_4_13,Las Lomas,correg_pa_7_6_4,7-6-4-13
poblado_pa_7_6_4_15,Los Bajos de la Palma,correg_pa_7_6_4,7-6-4-15
poblado_pa_7_6_4_16,Quebrada Almaría (P),correg_pa_7_6_4,7-6-4-16
poblado_pa_7_6_4_17,El Estero,correg_pa_7_6_4,7-6-4-17
poblado_pa_7_6_4_22,Las Planchas,correg_pa_7_6_4,7-6-4-22
poblado_pa_7_6_5_1,Carricillal,correg_pa_7_6_5,7-6-5-1
poblado_pa_7_6_5_3,El Tabano,correg_pa_7_6_5,7-6-5-3
poblado_pa_7_6_5_7,La Llegada del Tabano,correg_pa_7_6_5,7-6-5-7
poblado_pa_7_6_5_8,Las Herreritas,correg_pa_7_6_5,7-6-5-8
poblado_pa_7_6_5_9,El Limoncito,correg_pa_7_6_5,7-6-5-9
poblado_pa_7_6_5_10,Los Macanitos,correg_pa_7_6_5,7-6-5-10
poblado_pa_7_6_5_11,Los Malaguetos,correg_pa_7_6_5,7-6-5-11
poblado_pa_7_6_5_12,Paritilla,correg_pa_7_6_5,7-6-5-12
poblado_pa_7_6_5_13,Quebrada el Potrero,correg_pa_7_6_5,7-6-5-13
poblado_pa_7_6_5_14,San Antonio,correg_pa_7_6_5,7-6-5-14
poblado_pa_7_6_5_15,La Vaca (P),correg_pa_7_6_5,7-6-5-15
poblado_pa_7_6_5_17,El Noneco,correg_pa_7_6_5,7-6-5-17
poblado_pa_7_6_5_18,Finca Paritilla,correg_pa_7_6_5,7-6-5-18
poblado_pa_7_6_5_19,Los Algodones (P),correg_pa_7_6_5,7-6-5-19
poblado_pa_7_6_5_20,La Loma,correg_pa_7_6_5,7-6-5-20
poblado_pa_7_6_5_22,Cordillerita,correg_pa_7_6_5,7-6-5-22
poblado_pa_7_7_1_3,Chara,correg_pa_7_7_1,7-7-1-3
poblado_pa_7_7_1_5,El Guásimo,correg_pa_7_7_1,7-7-1-5
poblado_pa_7_7_1_7,Búcaro,correg_pa_7_7_1,7-7-1-7
poblado_pa_7_7_1_8,Río Viejo de los Rodríguez (P),correg_pa_7_7_1,7-7-1-8
poblado_pa_7_7_1_11,Tonosí,correg_pa_7_7_1,7-7-1-11
poblado_pa_7_7_1_12,Río Viejo Abajo o Chara Abajo (P),correg_pa_7_7_1,7-7-1-12
poblado_pa_7_7_1_13,Bella Vista,correg_pa_7_7_1,7-7-1-13
poblado_pa_7_7_1_14,Camino de Búcaro (P),correg_pa_7_7_1,7-7-1-14
poblado_pa_7_7_1_15,El Pital,correg_pa_7_7_1,7-7-1-15
poblado_pa_7_7_1_17,La Bernardina,correg_pa_7_7_1,7-7-1-17
poblado_pa_7_7_1_19,Las Minitas (P),correg_pa_7_7_1,7-7-1-19
poblado_pa_7_7_1_20,Puerto Piña,correg_pa_7_7_1,7-7-1-20
poblado_pa_7_7_1_21,Loma del Macho (P),correg_pa_7_7_1,7-7-1-21
poblado_pa_7_7_1_22,El Bebedero (P),correg_pa_7_7_1,7-7-1-22
poblado_pa_7_7_1_23,La Palma No. 1 (P),correg_pa_7_7_1,7-7-1-23
poblado_pa_7_7_1_24,Los Naranjos (P),correg_pa_7_7_1,7-7-1-24
poblado_pa_7_7_1_25,Ocho Pasos (P),correg_pa_7_7_1,7-7-1-25
poblado_pa_7_7_1_26,Río Viejo de los Valdés (P),correg_pa_7_7_1,7-7-1-26
poblado_pa_7_7_1_27,Las Palmitas,correg_pa_7_7_1,7-7-1-27
poblado_pa_7_7_1_28,La Islita,correg_pa_7_7_1,7-7-1-28
poblado_pa_7_7_2_1,Altos de Güera,correg_pa_7_7_2,7-7-2-1
poblado_pa_7_7_2_3,Bajo Bonito,correg_pa_7_7_2,7-7-2-3
poblado_pa_7_7_2_4,Bajos de Güera (P),correg_pa_7_7_2,7-7-2-4
poblado_pa_7_7_2_5,El Bajo de la Pintada,correg_pa_7_7_2,7-7-2-5
poblado_pa_7_7_2_6,Boca de Quema,correg_pa_7_7_2,7-7-2-6
poblado_pa_7_7_2_7,Boca de Toro,correg_pa_7_7_2,7-7-2-7
poblado_pa_7_7_2_9,El Carrión,correg_pa_7_7_2,7-7-2-9
poblado_pa_7_7_2_10,Espaveito,correg_pa_7_7_2,7-7-2-10
poblado_pa_7_7_2_13,Los Caracuchos,correg_pa_7_7_2,7-7-2-13
poblado_pa_7_7_2_16,Los Planes,correg_pa_7_7_2,7-7-2-16
poblado_pa_7_7_2_17,Los Zatrales,correg_pa_7_7_2,7-7-2-17
poblado_pa_7_7_2_18,Mano de Piedra,correg_pa_7_7_2,7-7-2-18
poblado_pa_7_7_2_19,Marroquín,correg_pa_7_7_2,7-7-2-19
poblado_pa_7_7_2_20,Paso Hondo (P),correg_pa_7_7_2,7-7-2-20
poblado_pa_7_7_2_21,Aguas Claras,correg_pa_7_7_2,7-7-2-21
poblado_pa_7_7_2_22,Quebrada de Quema Arriba,correg_pa_7_7_2,7-7-2-22
poblado_pa_7_7_2_23,Río Quema,correg_pa_7_7_2,7-7-2-23
poblado_pa_7_7_2_24,Salamín,correg_pa_7_7_2,7-7-2-24
poblado_pa_7_7_3_1,Agua Buena (P),correg_pa_7_7_3,7-7-3-1
poblado_pa_7_7_3_2,Bella Vista,correg_pa_7_7_3,7-7-3-2
poblado_pa_7_7_3_3,La Saína (P),correg_pa_7_7_3,7-7-3-3
poblado_pa_7_7_3_4,Caña Brava,correg_pa_7_7_3,7-7-3-4
poblado_pa_7_7_3_5,Cañas,correg_pa_7_7_3,7-7-3-5
poblado_pa_7_7_3_6,El Cedro de Agua Buena (P),correg_pa_7_7_3,7-7-3-6
poblado_pa_7_7_3_7,El Cigua (P),correg_pa_7_7_3,7-7-3-7
poblado_pa_7_7_3_9,El Paradero,correg_pa_7_7_3,7-7-3-9
poblado_pa_7_7_3_12,La Mina,correg_pa_7_7_3,7-7-3-12
poblado_pa_7_7_3_14,La Raizosa,correg_pa_7_7_3,7-7-3-14
poblado_pa_7_7_3_15,La Colorada,correg_pa_7_7_3,7-7-3-15
poblado_pa_7_7_3_17,El Madroño (P),correg_pa_7_7_3,7-7-3-17
poblado_pa_7_7_3_18,Ojo de Agua,correg_pa_7_7_3,7-7-3-18
poblado_pa_7_7_3_19,Agua de la Loma,correg_pa_7_7_3,7-7-3-19
poblado_pa_7_7_3_20,Pueblo Nuevo,correg_pa_7_7_3,7-7-3-20
poblado_pa_7_7_3_22,Peña Vista,correg_pa_7_7_3,7-7-3-22
poblado_pa_7_7_3_24,Río Arriba,correg_pa_7_7_3,7-7-3-24
poblado_pa_7_7_3_26,Buena Vista,correg_pa_7_7_3,7-7-3-26
poblado_pa_7_7_3_27,Altos del Caimito,correg_pa_7_7_3,7-7-3-27
poblado_pa_7_7_3_28,Cigua Arriba,correg_pa_7_7_3,7-7-3-28
poblado_pa_7_7_3_29,Las Lomas,correg_pa_7_7_3,7-7-3-29
poblado_pa_7_7_3_30,La Vigía,correg_pa_7_7_3,7-7-3-30
poblado_pa_7_7_4_4,Buenos Aires,correg_pa_7_7_4,7-7-4-4
poblado_pa_7_7_4_6,El Bebedero (P),correg_pa_7_7_4,7-7-4-6
poblado_pa_7_7_4_8,El Jacintal o Nuario,correg_pa_7_7_4,7-7-4-8
poblado_pa_7_7_4_13,La Bonita,correg_pa_7_7_4,7-7-4-13
poblado_pa_7_7_4_14,La Cacica,correg_pa_7_7_4,7-7-4-14
poblado_pa_7_7_4_16,La Corocita,correg_pa_7_7_4,7-7-4-16
poblado_pa_7_7_4_17,La Corotúa,correg_pa_7_7_4,7-7-4-17
poblado_pa_7_7_4_18,La Culebra,correg_pa_7_7_4,7-7-4-18
poblado_pa_7_7_4_19,La Joba,correg_pa_7_7_4,7-7-4-19
poblado_pa_7_7_4_22,La Palma,correg_pa_7_7_4,7-7-4-22
poblado_pa_7_7_4_25,Hacienda la Barrera,correg_pa_7_7_4,7-7-4-25
poblado_pa_7_7_4_26,La Zahumeria,correg_pa_7_7_4,7-7-4-26
poblado_pa_7_7_4_27,Las Minitas (P),correg_pa_7_7_4,7-7-4-27
poblado_pa_7_7_4_28,Loma de Bajo Limpio (P),correg_pa_7_7_4,7-7-4-28
poblado_pa_7_7_4_31,Ocho Pasos (P),correg_pa_7_7_4,7-7-4-31
poblado_pa_7_7_4_32,Paso Real,correg_pa_7_7_4,7-7-4-32
poblado_pa_7_7_4_33,Río Viejo de los Valdés (P),correg_pa_7_7_4,7-7-4-33
poblado_pa_7_7_4_34,Río Viejo de Perina,correg_pa_7_7_4,7-7-4-34
poblado_pa_7_7_4_37,Montevideo o Aguas Azules,correg_pa_7_7_4,7-7-4-37
poblado_pa_7_7_4_38,Los Bijaguales,correg_pa_7_7_4,7-7-4-38
poblado_pa_7_7_4_39,Cabecera Coloradilla,correg_pa_7_7_4,7-7-4-39
poblado_pa_7_7_4_41,Corocita Arriba,correg_pa_7_7_4,7-7-4-41
poblado_pa_7_7_4_45,El Carbón (P),correg_pa_7_7_4,7-7-4-45
poblado_pa_7_7_5_1,Agua Buena (P),correg_pa_7_7_5,7-7-5-1
poblado_pa_7_7_5_3,El Cacao,correg_pa_7_7_5,7-7-5-3
poblado_pa_7_7_5_4,El Limón,correg_pa_7_7_5,7-7-5-4
poblado_pa_7_7_5_5,El Manzano,correg_pa_7_7_5,7-7-5-5
poblado_pa_7_7_5_6,La Bonita de Flores,correg_pa_7_7_5,7-7-5-6
poblado_pa_7_7_5_7,El Catalino,correg_pa_7_7_5,7-7-5-7
poblado_pa_7_7_5_9,Las Huertas,correg_pa_7_7_5,7-7-5-9
poblado_pa_7_7_5_11,El Bijagual o los Bijaguales,correg_pa_7_7_5,7-7-5-11
poblado_pa_7_7_5_12,El Cruce,correg_pa_7_7_5,7-7-5-12
poblado_pa_7_7_5_13,Los Naranjos,correg_pa_7_7_5,7-7-5-13
poblado_pa_7_7_5_14,El Pital,correg_pa_7_7_5,7-7-5-14
poblado_pa_7_7_5_15,Joaquín Abajo (P),correg_pa_7_7_5,7-7-5-15
poblado_pa_7_7_5_17,Río Viejo de los Rodríguez (P),correg_pa_7_7_5,7-7-5-17
poblado_pa_7_7_5_18,Río Viejo del Solar,correg_pa_7_7_5,7-7-5-18
poblado_pa_7_7_5_20,Rio Viejo de los Valdés (P),correg_pa_7_7_5,7-7-5-20
poblado_pa_7_7_5_22,Río Viejo o Chara Abajo (P),correg_pa_7_7_5,7-7-5-22
poblado_pa_7_7_5_23,El Guábilo,correg_pa_7_7_5,7-7-5-23
poblado_pa_7_7_5_24,La Bonita de las Palmitas,correg_pa_7_7_5,7-7-5-24
poblado_pa_7_7_6_1,Agua Caliente (P),correg_pa_7_7_6,7-7-6-1
poblado_pa_7_7_6_2,El Cortezo Abajo,correg_pa_7_7_6,7-7-6-2
poblado_pa_7_7_6_4,El Cortezo,correg_pa_7_7_6,7-7-6-4
poblado_pa_7_7_6_6,El Quira,correg_pa_7_7_6,7-7-6-6
poblado_pa_7_7_6_8,La Pintada,correg_pa_7_7_6,7-7-6-8
poblado_pa_7_7_6_9,La Pintadita,correg_pa_7_7_6,7-7-6-9
poblado_pa_7_7_6_11,Provincia,correg_pa_7_7_6,7-7-6-11
poblado_pa_7_7_6_13,Las Vidas,correg_pa_7_7_6,7-7-6-13
poblado_pa_7_7_6_14,Los Aromos,correg_pa_7_7_6,7-7-6-14
poblado_pa_7_7_6_15,Los Chiqueros,correg_pa_7_7_6,7-7-6-15
poblado_pa_7_7_6_16,Los Maquencales,correg_pa_7_7_6,7-7-6-16
poblado_pa_7_7_6_19,Aguas Tibias,correg_pa_7_7_6,7-7-6-19
poblado_pa_7_7_6_21,La Anguilla,correg_pa_7_7_6,7-7-6-21
poblado_pa_7_7_6_22,El Copihua,correg_pa_7_7_6,7-7-6-22
poblado_pa_7_7_6_23,El Suay (P),correg_pa_7_7_6,7-7-6-23
poblado_pa_7_7_6_24,Guaniquito Arriba (P),correg_pa_7_7_6,7-7-6-24
poblado_pa_7_7_6_26,Barro Prieto,correg_pa_7_7_6,7-7-6-26
poblado_pa_7_7_6_27,El Macho,correg_pa_7_7_6,7-7-6-27
poblado_pa_7_7_6_29,El Silencio,correg_pa_7_7_6,7-7-6-29
poblado_pa_7_7_6_30,Bajo Grande,correg_pa_7_7_6,7-7-6-30
poblado_pa_7_7_6_31,El Pilón,correg_pa_7_7_6,7-7-6-31
poblado_pa_7_7_6_32,Las Lomas,correg_pa_7_7_6,7-7-6-32
poblado_pa_7_7_6_33,Río Marroquín,correg_pa_7_7_6,7-7-6-33
poblado_pa_7_7_7_1,Coiba,correg_pa_7_7_7,7-7-7-1
poblado_pa_7_7_7_2,Desembocadura de Quebrada Prieta,correg_pa_7_7_7,7-7-7-2
poblado_pa_7_7_7_4,El Espavé,correg_pa_7_7_7,7-7-7-4
poblado_pa_7_7_7_6,Flores,correg_pa_7_7_7,7-7-7-6
poblado_pa_7_7_7_8,Joaquín,correg_pa_7_7_7,7-7-7-8
poblado_pa_7_7_7_12,Nisperosa,correg_pa_7_7_7,7-7-7-12
poblado_pa_7_7_7_13,La Palmos,correg_pa_7_7_7,7-7-7-13
poblado_pa_7_7_7_14,La Prieta,correg_pa_7_7_7,7-7-7-14
poblado_pa_7_7_7_16,Las Totumitas (P),correg_pa_7_7_7,7-7-7-16
poblado_pa_7_7_7_18,La Isla,correg_pa_7_7_7,7-7-7-18
poblado_pa_7_7_7_19,Tres Quebradas,correg_pa_7_7_7,7-7-7-19
poblado_pa_7_7_7_20,Los Cabimos,correg_pa_7_7_7,7-7-7-20
poblado_pa_7_7_7_21,Montoso,correg_pa_7_7_7,7-7-7-21
poblado_pa_7_7_7_23,Olivita,correg_pa_7_7_7,7-7-7-23
poblado_pa_7_7_7_24,Olivita Abajo,correg_pa_7_7_7,7-7-7-24
poblado_pa_7_7_7_25,Olivita Arriba,correg_pa_7_7_7,7-7-7-25
poblado_pa_7_7_7_27,Joaquín Arriba,correg_pa_7_7_7,7-7-7-27
poblado_pa_7_7_7_28,Loma Grande,correg_pa_7_7_7,7-7-7-28
poblado_pa_7_7_7_29,Joaquín Abajo (P),correg_pa_7_7_7,7-7-7-29
poblado_pa_7_7_8_1,Ave María,correg_pa_7_7_8,7-7-8-1
poblado_pa_7_7_8_4,Cambutalito,correg_pa_7_7_8,7-7-8-4
poblado_pa_7_7_8_9,Guánico Abajo,correg_pa_7_7_8,7-7-8-9
poblado_pa_7_7_8_11,Jobero,correg_pa_7_7_8,7-7-8-11
poblado_pa_7_7_8_14,La Liboria,correg_pa_7_7_8,7-7-8-14
poblado_pa_7_7_8_15,La Palma,correg_pa_7_7_8,7-7-8-15
poblado_pa_7_7_8_17,La Zapotosa,correg_pa_7_7_8,7-7-8-17
poblado_pa_7_7_8_20,Ostional,correg_pa_7_7_8,7-7-8-20
poblado_pa_7_7_8_24,Guánico Arriba,correg_pa_7_7_8,7-7-8-24
poblado_pa_7_7_8_25,La Arenosa,correg_pa_7_7_8,7-7-8-25
poblado_pa_7_7_8_26,Caña Blanca,correg_pa_7_7_8,7-7-8-26
poblado_pa_7_7_8_28,Los Naranjos (P),correg_pa_7_7_8,7-7-8-28
poblado_pa_7_7_8_29,Las Marías,correg_pa_7_7_8,7-7-8-29
poblado_pa_7_7_8_30,Loma del Macho (P),correg_pa_7_7_8,7-7-8-30
poblado_pa_7_7_8_31,El Carbón (P),correg_pa_7_7_8,7-7-8-31
poblado_pa_7_7_8_32,Finca el Jobo,correg_pa_7_7_8,7-7-8-32
poblado_pa_7_7_8_33,Joberito,correg_pa_7_7_8,7-7-8-33
poblado_pa_7_7_8_34,La Pavita,correg_pa_7_7_8,7-7-8-34
poblado_pa_7_7_8_35,Camino de Búcaro (P),correg_pa_7_7_8,7-7-8-35
poblado_pa_7_7_8_36,La Palma No. 1 (P),correg_pa_7_7_8,7-7-8-36
poblado_pa_7_7_8_37,La Marinera,correg_pa_7_7_8,7-7-8-37
poblado_pa_7_7_9_2,Agua Caliente (P),correg_pa_7_7_9,7-7-9-2
poblado_pa_7_7_9_3,Barrancón,correg_pa_7_7_9,7-7-9-3
poblado_pa_7_7_9_5,El Castillo,correg_pa_7_7_9,7-7-9-5
poblado_pa_7_7_9_7,El Guayabo,correg_pa_7_7_9,7-7-9-7
poblado_pa_7_7_9_9,El Suay (P),correg_pa_7_7_9,7-7-9-9
poblado_pa_7_7_9_11,La Caliza de Azuero,correg_pa_7_7_9,7-7-9-11
poblado_pa_7_7_9_13,Guaniquito Arriba (P),correg_pa_7_7_9,7-7-9-13
poblado_pa_7_7_9_14,Güera,correg_pa_7_7_9,7-7-9-14
poblado_pa_7_7_9_16,La Llana,correg_pa_7_7_9,7-7-9-16
poblado_pa_7_7_9_17,La Tronosa,correg_pa_7_7_9,7-7-9-17
poblado_pa_7_7_9_18,Loma de Bajo Limpio (P),correg_pa_7_7_9,7-7-9-18
poblado_pa_7_7_9_20,Plan Bonito,correg_pa_7_7_9,7-7-9-20
poblado_pa_7_7_9_22,Quebrada la Mielita,correg_pa_7_7_9,7-7-9-22
poblado_pa_7_7_9_23,Quebrada Limón Arriba,correg_pa_7_7_9,7-7-9-23
poblado_pa_7_7_9_24,Quebrada Llana Arriba,correg_pa_7_7_9,7-7-9-24
poblado_pa_7_7_9_25,La Redonda,correg_pa_7_7_9,7-7-9-25
poblado_pa_7_7_9_26,Maquencal,correg_pa_7_7_9,7-7-9-26
poblado_pa_7_7_9_27,La Tronosita,correg_pa_7_7_9,7-7-9-27
poblado_pa_7_7_10_1,Cambutal,correg_pa_7_7_10,7-7-10-1
poblado_pa_7_7_10_2,Cabecera de Quebrada Grande,correg_pa_7_7_10,7-7-10-2
poblado_pa_7_7_10_3,El Cogollo,correg_pa_7_7_10,7-7-10-3
poblado_pa_7_7_10_4,Horcones,correg_pa_7_7_10,7-7-10-4
poblado_pa_7_7_10_5,Horcones Arriba,correg_pa_7_7_10,7-7-10-5
poblado_pa_7_7_10_6,La Cuchilla,correg_pa_7_7_10,7-7-10-6
poblado_pa_7_7_10_7,Los Buzos,correg_pa_7_7_10,7-7-10-7
poblado_pa_7_7_10_8,Pedregal,correg_pa_7_7_10,7-7-10-8
poblado_pa_7_7_10_9,Pedregal Arriba,correg_pa_7_7_10,7-7-10-9
poblado_pa_7_7_10_10,Pedregalito,correg_pa_7_7_10,7-7-10-10
poblado_pa_7_7_10_11,Portobelo,correg_pa_7_7_10,7-7-10-11
poblado_pa_7_7_10_12,Punta Blanca,correg_pa_7_7_10,7-7-10-12
poblado_pa_7_7_10_13,Salamín,correg_pa_7_7_10,7-7-10-13
poblado_pa_7_7_10_14,La Bajía,correg_pa_7_7_10,7-7-10-14
poblado_pa_7_7_10_15,La Pipa,correg_pa_7_7_10,7-7-10-15
poblado_pa_7_7_10_16,Morro de Puerco,correg_pa_7_7_10,7-7-10-16
poblado_pa_7_7_10_17,Piedra Careta,correg_pa_7_7_10,7-7-10-17
poblado_pa_7_7_10_18,El Dima,correg_pa_7_7_10,7-7-10-18
poblado_pa_7_7_11_1,Agua Buena (P),correg_pa_7_7_11,7-7-11-1
poblado_pa_7_7_11_2,El Banco,correg_pa_7_7_11,7-7-11-2
poblado_pa_7_7_11_3,El Cedro de Agua Buena (P),correg_pa_7_7_11,7-7-11-3
poblado_pa_7_7_11_4,El Cigua (P),correg_pa_7_7_11,7-7-11-4
poblado_pa_7_7_11_5,Isla de Cañas,correg_pa_7_7_11,7-7-11-5
poblado_pa_7_7_11_6,Los Trabajaderos o Punta Caña,correg_pa_7_7_11,7-7-11-6
poblado_pa_7_7_11_7,Venancio,correg_pa_7_7_11,7-7-11-7
poblado_pa_7_7_11_8,La Albina,correg_pa_7_7_11,7-7-11-8
poblado_pa_8_2_1_2,Casaya,correg_pa_8_2_1,8-2-1-2
poblado_pa_8_2_1_10,Martín Pérez Afuera,correg_pa_8_2_1,8-2-1-10
poblado_pa_8_2_1_11,Medina,correg_pa_8_2_1,8-2-1-11
poblado_pa_8_2_1_20,San Miguel,correg_pa_8_2_1,8-2-1-20
poblado_pa_8_2_1_24,Playa Santana,correg_pa_8_2_1,8-2-1-24
poblado_pa_8_2_1_26,Rancho Grande,correg_pa_8_2_1,8-2-1-26
poblado_pa_8_2_1_28,Sirena,correg_pa_8_2_1,8-2-1-28
poblado_pa_8_2_1_30,Viveros,correg_pa_8_2_1,8-2-1-30
poblado_pa_8_2_2_3,La Ensenada,correg_pa_8_2_2,8-2-2-3
poblado_pa_8_2_3_3,La Esmeralda,correg_pa_8_2_3,8-2-3-3
poblado_pa_8_2_3_9,Playa Gorgona,correg_pa_8_2_3,8-2-3-9
poblado_pa_8_2_4_5,La Guinea,correg_pa_8_2_4,8-2-4-5
poblado_pa_8_2_5_3,Pedro González,correg_pa_8_2_5,8-2-5-3
poblado_pa_8_2_5_4,Barrio la Pista,correg_pa_8_2_5,8-2-5-4
poblado_pa_8_2_5_7,Cuatro Caminos,correg_pa_8_2_5,8-2-5-7
poblado_pa_8_2_5_8,Isla San José,correg_pa_8_2_5,8-2-5-8
poblado_pa_8_2_5_9,Pearl Island,correg_pa_8_2_5,8-2-5-9
poblado_pa_8_2_6_1,Contadora,correg_pa_8_2_6,8-2-6-1
poblado_pa_8_2_6_2,Saboga,correg_pa_8_2_6,8-2-6-2
poblado_pa_8_2_6_3,Isla Pacheca,correg_pa_8_2_6,8-2-6-3
poblado_pa_8_2_6_4,Chapera,correg_pa_8_2_6,8-2-6-4
poblado_pa_8_2_6_5,El Atolón,correg_pa_8_2_6,8-2-6-5
poblado_pa_8_2_6_6,El Encanto Bay o el Proyecto,correg_pa_8_2_6,8-2-6-6
poblado_pa_8_5_1_6,Asentamiento Superación Campesina,correg_pa_8_5_1,8-5-1-6
poblado_pa_8_5_1_11,Unión de Azuero,correg_pa_8_5_1,8-5-1-11
poblado_pa_8_5_1_12,Seis Reales,correg_pa_8_5_1,8-5-1-12
poblado_pa_8_5_1_13,Cuarenta Bollos (P),correg_pa_8_5_1,8-5-1-13
poblado_pa_8_5_1_15,Las Lajitas (P),correg_pa_8_5_1,8-5-1-15
poblado_pa_8_5_1_16,Chepo,correg_pa_8_5_1,8-5-1-16
poblado_pa_8_5_1_17,Chichebre,correg_pa_8_5_1,8-5-1-17
poblado_pa_8_5_1_18,Altos del Bayano,correg_pa_8_5_1,8-5-1-18
poblado_pa_8_5_1_22,El Tigre Arriba (P),correg_pa_8_5_1,8-5-1-22
poblado_pa_8_5_1_23,Escobal,correg_pa_8_5_1,8-5-1-23
poblado_pa_8_5_1_24,Espavé,correg_pa_8_5_1,8-5-1-24
poblado_pa_8_5_1_26,Malambo,correg_pa_8_5_1,8-5-1-26
poblado_pa_8_5_1_27,Guarumal,correg_pa_8_5_1,8-5-1-27
poblado_pa_8_5_1_28,Viejo Jesús María,correg_pa_8_5_1,8-5-1-28
poblado_pa_8_5_1_29,Juan Bañón,correg_pa_8_5_1,8-5-1-29
poblado_pa_8_5_1_31,Coquira,correg_pa_8_5_1,8-5-1-31
poblado_pa_8_5_1_34,La Pita,correg_pa_8_5_1,8-5-1-34
poblado_pa_8_5_1_36,La Veta,correg_pa_8_5_1,8-5-1-36
poblado_pa_8_5_1_38,Garrapata (P),correg_pa_8_5_1,8-5-1-38
poblado_pa_8_5_1_39,Limonada Abajo,correg_pa_8_5_1,8-5-1-39
poblado_pa_8_5_1_51,Naranjal,correg_pa_8_5_1,8-5-1-51
poblado_pa_8_5_1_55,Platanares (P),correg_pa_8_5_1,8-5-1-55
poblado_pa_8_5_1_56,Pueblo Nuevo,correg_pa_8_5_1,8-5-1-56
poblado_pa_8_5_1_60,San Antonio,correg_pa_8_5_1,8-5-1-60
poblado_pa_8_5_1_62,San Isidro,correg_pa_8_5_1,8-5-1-62
poblado_pa_8_5_1_63,San Joaquín,correg_pa_8_5_1,8-5-1-63
poblado_pa_8_5_1_64,San Judas,correg_pa_8_5_1,8-5-1-64
poblado_pa_8_5_1_67,Santa Cruz,correg_pa_8_5_1,8-5-1-67
poblado_pa_8_5_1_68,Tapagra,correg_pa_8_5_1,8-5-1-68
poblado_pa_8_5_1_69,Tranquilla,correg_pa_8_5_1,8-5-1-69
poblado_pa_8_5_1_74,Unión Tableña,correg_pa_8_5_1,8-5-1-74
poblado_pa_8_5_1_76,Calobre Piedra (P),correg_pa_8_5_1,8-5-1-76
poblado_pa_8_5_1_77,Calobre Arriba (P),correg_pa_8_5_1,8-5-1-77
poblado_pa_8_5_1_78,Culebra Afuera,correg_pa_8_5_1,8-5-1-78
poblado_pa_8_5_1_79,Culebra Adentro,correg_pa_8_5_1,8-5-1-79
poblado_pa_8_5_1_80,Trapiche Abajo,correg_pa_8_5_1,8-5-1-80
poblado_pa_8_5_1_81,Trapiche Arriba,correg_pa_8_5_1,8-5-1-81
poblado_pa_8_5_1_83,Tierra Prometida,correg_pa_8_5_1,8-5-1-83
poblado_pa_8_5_1_84,Unión Palmeña (P),correg_pa_8_5_1,8-5-1-84
poblado_pa_8_5_1_85,Calobre Abajo (P),correg_pa_8_5_1,8-5-1-85
poblado_pa_8_5_1_90,Quebrada Aguacate,correg_pa_8_5_1,8-5-1-90
poblado_pa_8_5_1_93,Cabecera de Culebra,correg_pa_8_5_1,8-5-1-93
poblado_pa_8_5_1_94,Dos Brazos,correg_pa_8_5_1,8-5-1-94
poblado_pa_8_5_1_95,Escobal,correg_pa_8_5_1,8-5-1-95
poblado_pa_8_5_1_97,El Tigre Abajo (P),correg_pa_8_5_1,8-5-1-97
poblado_pa_8_5_1_98,Finca las Colinas,correg_pa_8_5_1,8-5-1-98
poblado_pa_8_5_1_100,Loma Colorada,correg_pa_8_5_1,8-5-1-100
poblado_pa_8_5_1_101,Puerto Melo o Vía Melo,correg_pa_8_5_1,8-5-1-101
poblado_pa_8_5_1_102,Vía Panamericana,correg_pa_8_5_1,8-5-1-102
poblado_pa_8_5_1_103,Alto del Lago,correg_pa_8_5_1,8-5-1-103
poblado_pa_8_5_1_104,Altos de la Gloria,correg_pa_8_5_1,8-5-1-104
poblado_pa_8_5_1_105,Altos de Tanara,correg_pa_8_5_1,8-5-1-105
poblado_pa_8_5_1_106,Altos del Espavé,correg_pa_8_5_1,8-5-1-106
poblado_pa_8_5_1_107,Barriada Santa Eduviges,correg_pa_8_5_1,8-5-1-107
poblado_pa_8_5_1_108,Bollo Adentro,correg_pa_8_5_1,8-5-1-108
poblado_pa_8_5_1_109,Bonete (P),correg_pa_8_5_1,8-5-1-109
poblado_pa_8_5_1_110,Brisas del Naranjal,correg_pa_8_5_1,8-5-1-110
poblado_pa_8_5_1_111,Cerrillo o Paragüito (P),correg_pa_8_5_1,8-5-1-111
poblado_pa_8_5_1_112,Cerro San Francisco,correg_pa_8_5_1,8-5-1-112
poblado_pa_8_5_1_113,Colinas del Naranjal,correg_pa_8_5_1,8-5-1-113
poblado_pa_8_5_1_115,Espavé No. 2,correg_pa_8_5_1,8-5-1-115
poblado_pa_8_5_1_116,Finca Itaca,correg_pa_8_5_1,8-5-1-116
poblado_pa_8_5_1_117,Limonada Arriba,correg_pa_8_5_1,8-5-1-117
poblado_pa_8_5_1_118,Nuevo Jesús María,correg_pa_8_5_1,8-5-1-118
poblado_pa_8_5_1_119,Residencial Tanara,correg_pa_8_5_1,8-5-1-119
poblado_pa_8_5_1_121,San Juan de Dios,correg_pa_8_5_1,8-5-1-121
poblado_pa_8_5_1_123,Tanara,correg_pa_8_5_1,8-5-1-123
poblado_pa_8_5_1_124,Barriada Microproductores de Tanara,correg_pa_8_5_1,8-5-1-124
poblado_pa_8_5_1_126,Quintas de Tanara,correg_pa_8_5_1,8-5-1-126
poblado_pa_8_5_1_127,Villas de Tanara,correg_pa_8_5_1,8-5-1-127
poblado_pa_8_5_1_128,Brisas de Tanara,correg_pa_8_5_1,8-5-1-128
poblado_pa_8_5_1_129,Bosques de Tanara,correg_pa_8_5_1,8-5-1-129
poblado_pa_8_5_1_130,La Bendición de Tanara,correg_pa_8_5_1,8-5-1-130
poblado_pa_8_5_1_131,Alto de Cerro Carbunco,correg_pa_8_5_1,8-5-1-131
poblado_pa_8_5_1_132,Alto del Nance (P),correg_pa_8_5_1,8-5-1-132
poblado_pa_8_5_1_134,Altos de Chichebre,correg_pa_8_5_1,8-5-1-134
poblado_pa_8_5_1_135,Brisas de Bajo Chichebre,correg_pa_8_5_1,8-5-1-135
poblado_pa_8_5_1_136,Urbanización la Floresta,correg_pa_8_5_1,8-5-1-136
poblado_pa_8_5_1_137,Valle Próspero,correg_pa_8_5_1,8-5-1-137
poblado_pa_8_5_1_138,Villa China,correg_pa_8_5_1,8-5-1-138
poblado_pa_8_5_1_139,Villa Yazmín,correg_pa_8_5_1,8-5-1-139
poblado_pa_8_5_1_140,Villa Monte,correg_pa_8_5_1,8-5-1-140
poblado_pa_8_5_1_141,Praderas del Valle,correg_pa_8_5_1,8-5-1-141
poblado_pa_8_5_1_142,Cerro Carbunco,correg_pa_8_5_1,8-5-1-142
poblado_pa_8_5_2_2,Buenos Aires,correg_pa_8_5_2,8-5-2-2
poblado_pa_8_5_2_3,Cañita,correg_pa_8_5_2,8-5-2-3
poblado_pa_8_5_2_6,Flor de Laguna,correg_pa_8_5_2,8-5-2-6
poblado_pa_8_5_2_7,Jenené,correg_pa_8_5_2,8-5-2-7
poblado_pa_8_5_2_10,Quebrada del Medio,correg_pa_8_5_2,8-5-2-10
poblado_pa_8_5_2_13,Río Paja,correg_pa_8_5_2,8-5-2-13
poblado_pa_8_5_2_14,Río Piedra,correg_pa_8_5_2,8-5-2-14
poblado_pa_8_5_2_16,Rompe Olas,correg_pa_8_5_2,8-5-2-16
poblado_pa_8_5_2_17,Viejo Pedro (P),correg_pa_8_5_2,8-5-2-17
poblado_pa_8_5_2_18,El Ceibo,correg_pa_8_5_2,8-5-2-18
poblado_pa_8_5_2_20,Las Mañanitas,correg_pa_8_5_2,8-5-2-20
poblado_pa_8_5_2_22,San Francisco,correg_pa_8_5_2,8-5-2-22
poblado_pa_8_5_2_24,La Florida,correg_pa_8_5_2,8-5-2-24
poblado_pa_8_5_2_25,Quebrada Chicho,correg_pa_8_5_2,8-5-2-25
poblado_pa_8_5_2_26,Campo Alegre,correg_pa_8_5_2,8-5-2-26
poblado_pa_8_5_2_27,Cabecera del Río Paja,correg_pa_8_5_2,8-5-2-27
poblado_pa_8_5_2_28,Nuevo Mundo,correg_pa_8_5_2,8-5-2-28
poblado_pa_8_5_2_29,Tagua,correg_pa_8_5_2,8-5-2-29
poblado_pa_8_5_2_30,Bajería,correg_pa_8_5_2,8-5-2-30
poblado_pa_8_5_2_34,Chulungantí,correg_pa_8_5_2,8-5-2-34
poblado_pa_8_5_2_35,Alto del Ciclo,correg_pa_8_5_2,8-5-2-35
poblado_pa_8_5_2_36,Barriada 20 de Diciembre,correg_pa_8_5_2,8-5-2-36
poblado_pa_8_5_2_37,Barriada Nuevo Horizonte,correg_pa_8_5_2,8-5-2-37
poblado_pa_8_5_2_38,Brazos,correg_pa_8_5_2,8-5-2-38
poblado_pa_8_5_2_39,Brazos de Playita,correg_pa_8_5_2,8-5-2-39
poblado_pa_8_5_2_40,Cerillos,correg_pa_8_5_2,8-5-2-40
poblado_pa_8_5_2_41,Guayabal,correg_pa_8_5_2,8-5-2-41
poblado_pa_8_5_2_42,Los Guayacanes,correg_pa_8_5_2,8-5-2-42
poblado_pa_8_5_2_43,Playita,correg_pa_8_5_2,8-5-2-43
poblado_pa_8_5_2_45,Residencial Cañita,correg_pa_8_5_2,8-5-2-45
poblado_pa_8_5_2_46,El Silencio (P),correg_pa_8_5_2,8-5-2-46
poblado_pa_8_5_3_1,Chepillo,correg_pa_8_5_3,8-5-3-1
poblado_pa_8_5_4_3,Bejuco Real,correg_pa_8_5_4,8-5-4-3
poblado_pa_8_5_4_10,Calobre Ciénega Arriba,correg_pa_8_5_4,8-5-4-10
poblado_pa_8_5_4_11,Altos del Naranjo o Canchigua,correg_pa_8_5_4,8-5-4-11
poblado_pa_8_5_4_15,Bejuco Real Arriba,correg_pa_8_5_4,8-5-4-15
poblado_pa_8_5_4_16,Cuarenta Bollos (P),correg_pa_8_5_4,8-5-4-16
poblado_pa_8_5_4_17,Chimborazo,correg_pa_8_5_4,8-5-4-17
poblado_pa_8_5_4_18,Don Diego o San Judas Tadeo,correg_pa_8_5_4,8-5-4-18
poblado_pa_8_5_4_20,El Llano,correg_pa_8_5_4,8-5-4-20
poblado_pa_8_5_4_21,Flor Bonita,correg_pa_8_5_4,8-5-4-21
poblado_pa_8_5_4_26,Isla Pato,correg_pa_8_5_4,8-5-4-26
poblado_pa_8_5_4_28,Juan Pelón U Hondura,correg_pa_8_5_4,8-5-4-28
poblado_pa_8_5_4_30,La Loma,correg_pa_8_5_4,8-5-4-30
poblado_pa_8_5_4_31,La Palma,correg_pa_8_5_4,8-5-4-31
poblado_pa_8_5_4_38,Loma del Naranjo,correg_pa_8_5_4,8-5-4-38
poblado_pa_8_5_4_40,Los Rizos,correg_pa_8_5_4,8-5-4-40
poblado_pa_8_5_4_42,El Cruce de Majecito,correg_pa_8_5_4,8-5-4-42
poblado_pa_8_5_4_43,Majecito Arriba,correg_pa_8_5_4,8-5-4-43
poblado_pa_8_5_4_44,Maulero,correg_pa_8_5_4,8-5-4-44
poblado_pa_8_5_4_51,Platanares (P),correg_pa_8_5_4,8-5-4-51
poblado_pa_8_5_4_54,Pueblo Nuevo No. 1,correg_pa_8_5_4,8-5-4-54
poblado_pa_8_5_4_66,Río Polín,correg_pa_8_5_4,8-5-4-66
poblado_pa_8_5_4_68,Tigrón,correg_pa_8_5_4,8-5-4-68
poblado_pa_8_5_4_71,San Agustín o Canchigua,correg_pa_8_5_4,8-5-4-71
poblado_pa_8_5_4_73,San Felipe,correg_pa_8_5_4,8-5-4-73
poblado_pa_8_5_4_74,Terable Arriba,correg_pa_8_5_4,8-5-4-74
poblado_pa_8_5_4_76,Terable o la Puente,correg_pa_8_5_4,8-5-4-76
poblado_pa_8_5_4_81,Uni,correg_pa_8_5_4,8-5-4-81
poblado_pa_8_5_4_82,Unicito,correg_pa_8_5_4,8-5-4-82
poblado_pa_8_5_4_83,Villa Rica,correg_pa_8_5_4,8-5-4-83
poblado_pa_8_5_4_85,Zanja de Macho,correg_pa_8_5_4,8-5-4-85
poblado_pa_8_5_4_87,Cuarenta Bollos Adentro,correg_pa_8_5_4,8-5-4-87
poblado_pa_8_5_4_92,Bajo Bonito,correg_pa_8_5_4,8-5-4-92
poblado_pa_8_5_4_93,Soledad,correg_pa_8_5_4,8-5-4-93
poblado_pa_8_5_4_95,Calobre Arriba (P),correg_pa_8_5_4,8-5-4-95
poblado_pa_8_5_4_97,Tardecita Alegre,correg_pa_8_5_4,8-5-4-97
poblado_pa_8_5_4_99,Calobre Piedra (P),correg_pa_8_5_4,8-5-4-99
poblado_pa_8_5_4_100,Las Lajitas (P),correg_pa_8_5_4,8-5-4-100
poblado_pa_8_5_4_102,Membrillal o Membrillal Arriba,correg_pa_8_5_4,8-5-4-102
poblado_pa_8_5_4_104,El Cedro o el Ceibo,correg_pa_8_5_4,8-5-4-104
poblado_pa_8_5_4_105,Agua Buena No. 1,correg_pa_8_5_4,8-5-4-105
poblado_pa_8_5_4_120,La Gallota,correg_pa_8_5_4,8-5-4-120
poblado_pa_8_5_4_123,Polín Arriba,correg_pa_8_5_4,8-5-4-123
poblado_pa_8_5_4_125,Calobre Abajo (P),correg_pa_8_5_4,8-5-4-125
poblado_pa_8_5_4_126,Bolaños,correg_pa_8_5_4,8-5-4-126
poblado_pa_8_5_4_128,Calobre Ciénega Abajo,correg_pa_8_5_4,8-5-4-128
poblado_pa_8_5_4_131,Los Planes,correg_pa_8_5_4,8-5-4-131
poblado_pa_8_5_4_134,Isla Irhe,correg_pa_8_5_4,8-5-4-134
poblado_pa_8_5_4_137,Nueva York,correg_pa_8_5_4,8-5-4-137
poblado_pa_8_5_4_162,Tres Quebradas,correg_pa_8_5_4,8-5-4-162
poblado_pa_8_5_4_173,Valle Rico o Vallerriquito,correg_pa_8_5_4,8-5-4-173
poblado_pa_8_5_4_174,Río Tigre o Río Tigre Abajo,correg_pa_8_5_4,8-5-4-174
poblado_pa_8_5_4_175,Río Tigre Arriba,correg_pa_8_5_4,8-5-4-175
poblado_pa_8_5_4_176,Río Playita o Río Pavita,correg_pa_8_5_4,8-5-4-176
poblado_pa_8_5_4_177,Vista Alegre,correg_pa_8_5_4,8-5-4-177
poblado_pa_8_5_4_191,Palo Seco o la Pista,correg_pa_8_5_4,8-5-4-191
poblado_pa_8_5_4_195,Llano Cartí (P),correg_pa_8_5_4,8-5-4-195
poblado_pa_8_5_4_200,Quebrada Bonita,correg_pa_8_5_4,8-5-4-200
poblado_pa_8_5_4_204,Pueblo Nuevo No. 2,correg_pa_8_5_4,8-5-4-204
poblado_pa_8_5_4_205,Buena Vista,correg_pa_8_5_4,8-5-4-205
poblado_pa_8_5_4_206,Palmas Bellas,correg_pa_8_5_4,8-5-4-206
poblado_pa_8_5_4_207,La Nicora,correg_pa_8_5_4,8-5-4-207
poblado_pa_8_5_4_211,Betel,correg_pa_8_5_4,8-5-4-211
poblado_pa_8_5_4_212,Cabecera de Río Pava (P),correg_pa_8_5_4,8-5-4-212
poblado_pa_8_5_4_214,Los Mangeles,correg_pa_8_5_4,8-5-4-214
poblado_pa_8_5_4_215,Piedras Blancas,correg_pa_8_5_4,8-5-4-215
poblado_pa_8_5_4_217,Río Seco No. 3,correg_pa_8_5_4,8-5-4-217
poblado_pa_8_5_4_221,El Gorgas,correg_pa_8_5_4,8-5-4-221
poblado_pa_8_5_4_223,Plan Bonito,correg_pa_8_5_4,8-5-4-223
poblado_pa_8_5_4_225,Urbanización Altos de el Llano,correg_pa_8_5_4,8-5-4-225
poblado_pa_8_5_4_226,Mongora Torró,correg_pa_8_5_4,8-5-4-226
poblado_pa_8_5_4_227,El Silencio (P),correg_pa_8_5_4,8-5-4-227
poblado_pa_8_5_4_228,Las Praderas de Llano Cartí,correg_pa_8_5_4,8-5-4-228
poblado_pa_8_5_5_1,Las Margaritas,correg_pa_8_5_5,8-5-5-1
poblado_pa_8_5_5_2,Cerrillo o Paragüito (P),correg_pa_8_5_5,8-5-5-2
poblado_pa_8_5_5_4,Gaspar Sabana,correg_pa_8_5_5,8-5-5-4
poblado_pa_8_5_5_5,El Salto o los Saltos,correg_pa_8_5_5,8-5-5-5
poblado_pa_8_5_5_6,Chararé,correg_pa_8_5_5,8-5-5-6
poblado_pa_8_5_5_7,Garrapata (P),correg_pa_8_5_5,8-5-5-7
poblado_pa_8_5_5_10,Río Indio,correg_pa_8_5_5,8-5-5-10
poblado_pa_8_5_5_14,Corpus Christi Abajo,correg_pa_8_5_5,8-5-5-14
poblado_pa_8_5_5_15,Corpus Christi Arriba,correg_pa_8_5_5,8-5-5-15
poblado_pa_8_5_5_17,Río Bonito,correg_pa_8_5_5,8-5-5-17
poblado_pa_8_5_5_18,La Milagrosa,correg_pa_8_5_5,8-5-5-18
poblado_pa_8_5_5_19,Mamoní Abajo,correg_pa_8_5_5,8-5-5-19
poblado_pa_8_5_5_20,Mamoní Arriba,correg_pa_8_5_5,8-5-5-20
poblado_pa_8_5_5_22,La Zahína,correg_pa_8_5_5,8-5-5-22
poblado_pa_8_5_5_23,San Lázaro (P),correg_pa_8_5_5,8-5-5-23
poblado_pa_8_5_5_26,Camarón,correg_pa_8_5_5,8-5-5-26
poblado_pa_8_5_5_27,Bonete (P),correg_pa_8_5_5,8-5-5-27
poblado_pa_8_5_5_28,Unión Santeña,correg_pa_8_5_5,8-5-5-28
poblado_pa_8_5_5_29,La Tronosa,correg_pa_8_5_5,8-5-5-29
poblado_pa_8_5_5_31,San José de Madroño,correg_pa_8_5_5,8-5-5-31
poblado_pa_8_5_5_32,Real del Gato,correg_pa_8_5_5,8-5-5-32
poblado_pa_8_5_5_33,El Valle de Madroño,correg_pa_8_5_5,8-5-5-33
poblado_pa_8_5_5_35,Los Naranjos,correg_pa_8_5_5,8-5-5-35
poblado_pa_8_5_5_37,El Guabo o los Guabos,correg_pa_8_5_5,8-5-5-37
poblado_pa_8_5_5_38,La Escandalosa,correg_pa_8_5_5,8-5-5-38
poblado_pa_8_5_5_40,El Madroño,correg_pa_8_5_5,8-5-5-40
poblado_pa_8_5_5_42,Caracol,correg_pa_8_5_5,8-5-5-42
poblado_pa_8_5_5_43,El Tecal,correg_pa_8_5_5,8-5-5-43
poblado_pa_8_5_5_45,Quebrada Bonita,correg_pa_8_5_5,8-5-5-45
poblado_pa_8_5_6_3,Torín,correg_pa_8_5_6,8-5-6-3
poblado_pa_8_5_6_4,El Tigre Abajo (P),correg_pa_8_5_6,8-5-6-4
poblado_pa_8_5_6_5,Ensenada Rica,correg_pa_8_5_6,8-5-6-5
poblado_pa_8_5_6_11,Tranca,correg_pa_8_5_6,8-5-6-11
poblado_pa_8_5_6_15,Manuel Antonio,correg_pa_8_5_6,8-5-6-15
poblado_pa_8_5_6_21,Chinina Abajo o Pueblo Nuevo,correg_pa_8_5_6,8-5-6-21
poblado_pa_8_5_6_24,Santa Fe,correg_pa_8_5_6,8-5-6-24
poblado_pa_8_5_6_26,Soriano,correg_pa_8_5_6,8-5-6-26
poblado_pa_8_5_6_30,Corozal,correg_pa_8_5_6,8-5-6-30
poblado_pa_8_5_6_31,Marchena Abajo,correg_pa_8_5_6,8-5-6-31
poblado_pa_8_5_6_32,Barbudera,correg_pa_8_5_6,8-5-6-32
poblado_pa_8_5_6_33,Quebrada Félix,correg_pa_8_5_6,8-5-6-33
poblado_pa_8_5_6_34,La Lajosa,correg_pa_8_5_6,8-5-6-34
poblado_pa_8_5_6_35,Marchena Arriba,correg_pa_8_5_6,8-5-6-35
poblado_pa_8_5_6_36,Playa Martín o Playa Martínez,correg_pa_8_5_6,8-5-6-36
poblado_pa_8_5_6_38,Lagarto,correg_pa_8_5_6,8-5-6-38
poblado_pa_8_5_6_39,Lagarto Arriba,correg_pa_8_5_6,8-5-6-39
poblado_pa_8_5_6_41,Manuel Santos,correg_pa_8_5_6,8-5-6-41
poblado_pa_8_5_6_42,Ensenada Rica Arriba,correg_pa_8_5_6,8-5-6-42
poblado_pa_8_5_6_43,Ensenada Rica Abajo,correg_pa_8_5_6,8-5-6-43
poblado_pa_8_5_6_44,Río Nazareno Abajo,correg_pa_8_5_6,8-5-6-44
poblado_pa_8_5_6_45,Pásiga Arriba,correg_pa_8_5_6,8-5-6-45
poblado_pa_8_5_6_46,Unión Herrerana,correg_pa_8_5_6,8-5-6-46
poblado_pa_8_5_6_47,Río Nazareno Arriba,correg_pa_8_5_6,8-5-6-47
poblado_pa_8_5_6_50,Bajo Bonito,correg_pa_8_5_6,8-5-6-50
poblado_pa_8_5_6_51,Santa Ana o los Vegas,correg_pa_8_5_6,8-5-6-51
poblado_pa_8_5_6_54,El Valle de la Unión,correg_pa_8_5_6,8-5-6-54
poblado_pa_8_5_6_55,La Pitosa,correg_pa_8_5_6,8-5-6-55
poblado_pa_8_5_6_58,Quebrada Seca No. 1,correg_pa_8_5_6,8-5-6-58
poblado_pa_8_5_6_59,La Coquera o el Cerro,correg_pa_8_5_6,8-5-6-59
poblado_pa_8_5_6_60,Sabaneta,correg_pa_8_5_6,8-5-6-60
poblado_pa_8_5_6_62,Tres Brazos,correg_pa_8_5_6,8-5-6-62
poblado_pa_8_5_6_63,Bajo Limpio,correg_pa_8_5_6,8-5-6-63
poblado_pa_8_5_6_64,Río Nazareno o la Placita,correg_pa_8_5_6,8-5-6-64
poblado_pa_8_5_6_66,El Jagüito (P),correg_pa_8_5_6,8-5-6-66
poblado_pa_8_5_6_67,Potrerillos,correg_pa_8_5_6,8-5-6-67
poblado_pa_8_5_6_68,Quebrada la Pita,correg_pa_8_5_6,8-5-6-68
poblado_pa_8_5_6_69,Unión Palmeña (P),correg_pa_8_5_6,8-5-6-69
poblado_pa_8_5_6_70,Martinambo Arriba,correg_pa_8_5_6,8-5-6-70
poblado_pa_8_5_6_71,Martinambo Medio,correg_pa_8_5_6,8-5-6-71
poblado_pa_8_5_6_72,Martinambo Abajo,correg_pa_8_5_6,8-5-6-72
poblado_pa_8_5_6_73,San José,correg_pa_8_5_6,8-5-6-73
poblado_pa_8_5_6_74,Quebrada el Macho,correg_pa_8_5_6,8-5-6-74
poblado_pa_8_5_6_77,Río Sereno Arriba,correg_pa_8_5_6,8-5-6-77
poblado_pa_8_5_6_81,Dos Bocas,correg_pa_8_5_6,8-5-6-81
poblado_pa_8_5_6_82,El Tigre Arriba (P),correg_pa_8_5_6,8-5-6-82
poblado_pa_8_5_6_83,La Cocinera,correg_pa_8_5_6,8-5-6-83
poblado_pa_8_5_6_84,Río Zaíno o Patio Bonito,correg_pa_8_5_6,8-5-6-84
poblado_pa_8_5_6_85,Quebrada Seca Abajo,correg_pa_8_5_6,8-5-6-85
poblado_pa_8_5_6_86,Huerta Juan Garciano,correg_pa_8_5_6,8-5-6-86
poblado_pa_8_5_7_1,Aguas Claras,correg_pa_8_5_7,8-5-7-1
poblado_pa_8_5_7_2,Akuayala,correg_pa_8_5_7,8-5-7-2
poblado_pa_8_5_7_3,Cañazas,correg_pa_8_5_7,8-5-7-3
poblado_pa_8_5_7_4,Curtí (P),correg_pa_8_5_7,8-5-7-4
poblado_pa_8_5_7_6,Ipetí Kuna,correg_pa_8_5_7,8-5-7-6
poblado_pa_8_5_7_8,Pintupu,correg_pa_8_5_7,8-5-7-8
poblado_pa_8_5_7_9,Piria,correg_pa_8_5_7,8-5-7-9
poblado_pa_8_5_7_10,Puerto Limón,correg_pa_8_5_7,8-5-7-10
poblado_pa_8_5_7_11,Río Piragua,correg_pa_8_5_7,8-5-7-11
poblado_pa_8_5_7_12,Río Cañazas,correg_pa_8_5_7,8-5-7-12
poblado_pa_8_5_7_13,Río Diablo,correg_pa_8_5_7,8-5-7-13
poblado_pa_8_5_7_15,Río Rubén,correg_pa_8_5_7,8-5-7-15
poblado_pa_8_5_7_16,Río Sábalo,correg_pa_8_5_7,8-5-7-16
poblado_pa_8_5_7_18,Chicula Chicula,correg_pa_8_5_7,8-5-7-18
poblado_pa_8_5_7_19,Wacuco,correg_pa_8_5_7,8-5-7-19
poblado_pa_8_5_7_33,Naca U Ogobnawila,correg_pa_8_5_7,8-5-7-33
poblado_pa_8_5_7_34,Wagandí,correg_pa_8_5_7,8-5-7-34
poblado_pa_8_5_7_35,Viejo Pedro,correg_pa_8_5_7,8-5-7-35
poblado_pa_8_5_7_36,Isla Gavilana,correg_pa_8_5_7,8-5-7-36
poblado_pa_8_5_7_37,Loma Bonita Abajo o los Bajos,correg_pa_8_5_7,8-5-7-37
poblado_pa_8_5_7_38,Río Piragua,correg_pa_8_5_7,8-5-7-38
poblado_pa_8_5_7_39,Usnundi,correg_pa_8_5_7,8-5-7-39
poblado_pa_8_5_7_41,La Trocha de Tortí Abajo,correg_pa_8_5_7,8-5-7-41
poblado_pa_8_5_7_42,Asentamiento Campesino el Milagro,correg_pa_8_5_7,8-5-7-42
poblado_pa_8_5_8_1,Agua Buena,correg_pa_8_5_8,8-5-8-1
poblado_pa_8_5_8_2,Agua Fría,correg_pa_8_5_8,8-5-8-2
poblado_pa_8_5_8_3,Agua Fría No. 1 (P),correg_pa_8_5_8,8-5-8-3
poblado_pa_8_5_8_4,Aguas Azules,correg_pa_8_5_8,8-5-8-4
poblado_pa_8_5_8_5,Alcatriz,correg_pa_8_5_8,8-5-8-5
poblado_pa_8_5_8_6,Ambroya,correg_pa_8_5_8,8-5-8-6
poblado_pa_8_5_8_8,Boca de Majé,correg_pa_8_5_8,8-5-8-8
poblado_pa_8_5_8_9,Brazo de Piriatí,correg_pa_8_5_8,8-5-8-9
poblado_pa_8_5_8_10,Cabecera del Río Pava (P),correg_pa_8_5_8,8-5-8-10
poblado_pa_8_5_8_11,Cañazas,correg_pa_8_5_8,8-5-8-11
poblado_pa_8_5_8_12,Catrigandí,correg_pa_8_5_8,8-5-8-12
poblado_pa_8_5_8_13,Cerro Plano (P),correg_pa_8_5_8,8-5-8-13
poblado_pa_8_5_8_14,Clarita (P),correg_pa_8_5_8,8-5-8-14
poblado_pa_8_5_8_16,Colonia Santeña,correg_pa_8_5_8,8-5-8-16
poblado_pa_8_5_8_17,Curtí (P),correg_pa_8_5_8,8-5-8-17
poblado_pa_8_5_8_18,Curticito,correg_pa_8_5_8,8-5-8-18
poblado_pa_8_5_8_19,Charco Rico,correg_pa_8_5_8,8-5-8-19
poblado_pa_8_5_8_22,Guágara,correg_pa_8_5_8,8-5-8-22
poblado_pa_8_5_8_23,Higueronal,correg_pa_8_5_8,8-5-8-23
poblado_pa_8_5_8_24,Higueronal Arriba o Cabecera de Higueronal (P),correg_pa_8_5_8,8-5-8-24
poblado_pa_8_5_8_25,Higueronal Centro,correg_pa_8_5_8,8-5-8-25
poblado_pa_8_5_8_26,Homenaje,correg_pa_8_5_8,8-5-8-26
poblado_pa_8_5_8_27,Hueco Frío,correg_pa_8_5_8,8-5-8-27
poblado_pa_8_5_8_28,Íbir o Quebrada Ahibir,correg_pa_8_5_8,8-5-8-28
poblado_pa_8_5_8_29,Ipetí Arriba o Peña Blanca,correg_pa_8_5_8,8-5-8-29
poblado_pa_8_5_8_30,Ipetí Colono,correg_pa_8_5_8,8-5-8-30
poblado_pa_8_5_8_31,Ipetí Choco,correg_pa_8_5_8,8-5-8-31
poblado_pa_8_5_8_32,La Ocho,correg_pa_8_5_8,8-5-8-32
poblado_pa_8_5_8_33,La Zumbona,correg_pa_8_5_8,8-5-8-33
poblado_pa_8_5_8_34,Loma Bonita,correg_pa_8_5_8,8-5-8-34
poblado_pa_8_5_8_35,Nuevo Tonosí (P),correg_pa_8_5_8,8-5-8-35
poblado_pa_8_5_8_36,Palmas Bellas,correg_pa_8_5_8,8-5-8-36
poblado_pa_8_5_8_37,Palmita,correg_pa_8_5_8,8-5-8-37
poblado_pa_8_5_8_38,Partí o Río Partí,correg_pa_8_5_8,8-5-8-38
poblado_pa_8_5_8_39,Partí Arriba,correg_pa_8_5_8,8-5-8-39
poblado_pa_8_5_8_40,Peñas Blancas,correg_pa_8_5_8,8-5-8-40
poblado_pa_8_5_8_41,Pigandí Arriba (P),correg_pa_8_5_8,8-5-8-41
poblado_pa_8_5_8_42,Pigandicito,correg_pa_8_5_8,8-5-8-42
poblado_pa_8_5_8_43,Piriatí,correg_pa_8_5_8,8-5-8-43
poblado_pa_8_5_8_44,Piriatí Arriba,correg_pa_8_5_8,8-5-8-44
poblado_pa_8_5_8_45,Playa Chuzo,correg_pa_8_5_8,8-5-8-45
poblado_pa_8_5_8_47,Quebrada Cali,correg_pa_8_5_8,8-5-8-47
poblado_pa_8_5_8_48,Quebrada de Piedra,correg_pa_8_5_8,8-5-8-48
poblado_pa_8_5_8_49,Quebrada del Macho,correg_pa_8_5_8,8-5-8-49
poblado_pa_8_5_8_50,Quebrada Grande,correg_pa_8_5_8,8-5-8-50
poblado_pa_8_5_8_51,Quebrada Grande Arriba (P),correg_pa_8_5_8,8-5-8-51
poblado_pa_8_5_8_52,Quebrada la Palma,correg_pa_8_5_8,8-5-8-52
poblado_pa_8_5_8_54,Quebrada Venado,correg_pa_8_5_8,8-5-8-54
poblado_pa_8_5_8_55,Quijada de los Puercos o las Colinas,correg_pa_8_5_8,8-5-8-55
poblado_pa_8_5_8_56,Renacimiento,correg_pa_8_5_8,8-5-8-56
poblado_pa_8_5_8_57,Río Majé o Majé Cordillera,correg_pa_8_5_8,8-5-8-57
poblado_pa_8_5_8_58,Río Nuevo,correg_pa_8_5_8,8-5-8-58
poblado_pa_8_5_8_60,Río Piedra,correg_pa_8_5_8,8-5-8-60
poblado_pa_8_5_8_61,Río Rubén (P),correg_pa_8_5_8,8-5-8-61
poblado_pa_8_5_8_63,Río Seco Arriba No. 1,correg_pa_8_5_8,8-5-8-63
poblado_pa_8_5_8_65,Río Seco No. 1,correg_pa_8_5_8,8-5-8-65
poblado_pa_8_5_8_67,Río Sereno No. 2,correg_pa_8_5_8,8-5-8-67
poblado_pa_8_5_8_68,San José de Loma Bonita,correg_pa_8_5_8,8-5-8-68
poblado_pa_8_5_8_69,Santa Cruz (P),correg_pa_8_5_8,8-5-8-69
poblado_pa_8_5_8_70,Santa Librada,correg_pa_8_5_8,8-5-8-70
poblado_pa_8_5_8_71,Segundo Brazo de Piriatí,correg_pa_8_5_8,8-5-8-71
poblado_pa_8_5_8_72,Tortí,correg_pa_8_5_8,8-5-8-72
poblado_pa_8_5_8_73,Tortí Abajo,correg_pa_8_5_8,8-5-8-73
poblado_pa_8_5_8_74,Tortí Arriba o San José,correg_pa_8_5_8,8-5-8-74
poblado_pa_8_5_8_75,Villa del Carmen o la Playita,correg_pa_8_5_8,8-5-8-75
poblado_pa_8_5_8_76,Wacuco (P),correg_pa_8_5_8,8-5-8-76
poblado_pa_8_5_8_77,El Desierto,correg_pa_8_5_8,8-5-8-77
poblado_pa_8_5_8_78,Pigandí Grande,correg_pa_8_5_8,8-5-8-78
poblado_pa_8_5_8_79,Piriatí Colono,correg_pa_8_5_8,8-5-8-79
poblado_pa_8_5_8_80,Río Cucuyal,correg_pa_8_5_8,8-5-8-80
poblado_pa_8_5_8_81,Río Nilo,correg_pa_8_5_8,8-5-8-81
poblado_pa_8_5_8_83,Río Sereno,correg_pa_8_5_8,8-5-8-83
poblado_pa_8_5_8_84,San Francisco de Piriatí,correg_pa_8_5_8,8-5-8-84
poblado_pa_8_5_8_85,Unión Emberá,correg_pa_8_5_8,8-5-8-85
poblado_pa_8_5_8_86,Cueva del Zorro,correg_pa_8_5_8,8-5-8-86
poblado_pa_8_5_8_87,El Valle de Majé,correg_pa_8_5_8,8-5-8-87
poblado_pa_8_5_8_88,Pedregoso,correg_pa_8_5_8,8-5-8-88
poblado_pa_8_5_8_89,Quebrada Fría,correg_pa_8_5_8,8-5-8-89
poblado_pa_8_5_8_90,Quebrada Laja,correg_pa_8_5_8,8-5-8-90
poblado_pa_8_5_8_91,Río Indio,correg_pa_8_5_8,8-5-8-91
poblado_pa_8_5_8_92,Urtí,correg_pa_8_5_8,8-5-8-92
poblado_pa_8_5_8_93,Catrigandi Arriba,correg_pa_8_5_8,8-5-8-93
poblado_pa_8_5_8_94,Cerro Vigía o Tres Huecos,correg_pa_8_5_8,8-5-8-94
poblado_pa_8_5_8_95,Curticito Arriba,correg_pa_8_5_8,8-5-8-95
poblado_pa_8_5_8_96,Hueco Frío No. 1,correg_pa_8_5_8,8-5-8-96
poblado_pa_8_5_8_97,Nazareno,correg_pa_8_5_8,8-5-8-97
poblado_pa_8_5_8_98,Quebrada Verde,correg_pa_8_5_8,8-5-8-98
poblado_pa_8_6_1_4,Charco Mero,correg_pa_8_6_1,8-6-1-4
poblado_pa_8_6_1_5,Chimán,correg_pa_8_6_1,8-6-1-5
poblado_pa_8_6_1_7,Francisco Ruíz (P),correg_pa_8_6_1,8-6-1-7
poblado_pa_8_6_1_17,Playa Colorada,correg_pa_8_6_1,8-6-1-17
poblado_pa_8_6_1_23,Barriada Buenos Aires,correg_pa_8_6_1,8-6-1-23
poblado_pa_8_6_1_36,Licenciado,correg_pa_8_6_1,8-6-1-36
poblado_pa_8_6_1_45,Majagual,correg_pa_8_6_1,8-6-1-45
poblado_pa_8_6_1_46,Miramar o Cerro Humo,correg_pa_8_6_1,8-6-1-46
poblado_pa_8_6_1_48,Aguadilla,correg_pa_8_6_1,8-6-1-48
poblado_pa_8_6_1_49,Santa Rita,correg_pa_8_6_1,8-6-1-49
poblado_pa_8_6_1_50,San José,correg_pa_8_6_1,8-6-1-50
poblado_pa_8_6_1_52,Cerro Plano (P),correg_pa_8_6_1,8-6-1-52
poblado_pa_8_6_2_1,Brujas,correg_pa_8_6_2,8-6-2-1
poblado_pa_8_6_2_2,Pilones,correg_pa_8_6_2,8-6-2-2
poblado_pa_8_6_2_6,San Buena Ventura,correg_pa_8_6_2,8-6-2-6
poblado_pa_8_6_2_9,Trinidad,correg_pa_8_6_2,8-6-2-9
poblado_pa_8_6_2_11,Marco o Río Marco,correg_pa_8_6_2,8-6-2-11
poblado_pa_8_6_2_13,Unión Veragüense o Colonia Veragüense,correg_pa_8_6_2,8-6-2-13
poblado_pa_8_6_2_17,Pedro Lauriano,correg_pa_8_6_2,8-6-2-17
poblado_pa_8_6_2_19,Río Jesús,correg_pa_8_6_2,8-6-2-19
poblado_pa_8_6_2_20,El Totumo,correg_pa_8_6_2,8-6-2-20
poblado_pa_8_6_2_21,Trinidacito,correg_pa_8_6_2,8-6-2-21
poblado_pa_8_6_2_22,La Espigadilla,correg_pa_8_6_2,8-6-2-22
poblado_pa_8_6_2_23,Moreno o Villarreal,correg_pa_8_6_2,8-6-2-23
poblado_pa_8_6_2_24,Playa Marco,correg_pa_8_6_2,8-6-2-24
poblado_pa_8_6_3_1,Gonzalo Vásquez,correg_pa_8_6_3,8-6-3-1
poblado_pa_8_6_3_2,Playa Blanca,correg_pa_8_6_3,8-6-3-2
poblado_pa_8_6_3_7,La Punta o Pueblo Nuevo,correg_pa_8_6_3,8-6-3-7
poblado_pa_8_6_3_8,Unión Ocueña,correg_pa_8_6_3,8-6-3-8
poblado_pa_8_6_3_9,Playa Colorada o Boca de Jesús,correg_pa_8_6_3,8-6-3-9
poblado_pa_8_6_3_10,El Totumo,correg_pa_8_6_3,8-6-3-10
poblado_pa_8_6_4_1,Cabecera de la Pita,correg_pa_8_6_4,8-6-4-1
poblado_pa_8_6_4_2,El Pedregoso,correg_pa_8_6_4,8-6-4-2
poblado_pa_8_6_4_3,El Pedregoso Arriba,correg_pa_8_6_4,8-6-4-3
poblado_pa_8_6_4_4,El Jagüito (P),correg_pa_8_6_4,8-6-4-4
poblado_pa_8_6_4_6,La Maestra,correg_pa_8_6_4,8-6-4-6
poblado_pa_8_6_4_7,La Maestra Arriba,correg_pa_8_6_4,8-6-4-7
poblado_pa_8_6_4_8,La Pita,correg_pa_8_6_4,8-6-4-8
poblado_pa_8_6_4_9,Miraflores,correg_pa_8_6_4,8-6-4-9
poblado_pa_8_6_4_10,Oquendo,correg_pa_8_6_4,8-6-4-10
poblado_pa_8_6_4_11,Pásiga,correg_pa_8_6_4,8-6-4-11
poblado_pa_8_6_4_13,Quebrada del Medio,correg_pa_8_6_4,8-6-4-13
poblado_pa_8_6_4_14,Río las Minas,correg_pa_8_6_4,8-6-4-14
poblado_pa_8_6_4_15,Río Platanares,correg_pa_8_6_4,8-6-4-15
poblado_pa_8_6_4_16,Cabecera de la Mina,correg_pa_8_6_4,8-6-4-16
poblado_pa_8_6_4_17,Quebrada del Medio Arriba,correg_pa_8_6_4,8-6-4-17
poblado_pa_8_6_5_4,Corotú o Corotú Abajo,correg_pa_8_6_5,8-6-5-4
poblado_pa_8_6_5_5,El Hato,correg_pa_8_6_5,8-6-5-5
poblado_pa_8_6_5_7,Francisco Ruíz (P),correg_pa_8_6_5,8-6-5-7
poblado_pa_8_6_5_8,Guagaral,correg_pa_8_6_5,8-6-5-8
poblado_pa_8_6_5_9,Peña Blanca o la Matita,correg_pa_8_6_5,8-6-5-9
poblado_pa_8_6_5_12,Río Hondo,correg_pa_8_6_5,8-6-5-12
poblado_pa_8_6_5_13,Río la Gira,correg_pa_8_6_5,8-6-5-13
poblado_pa_8_6_5_14,Unión Santeña,correg_pa_8_6_5,8-6-5-14
poblado_pa_8_6_5_15,Unión Santeña Arriba,correg_pa_8_6_5,8-6-5-15
poblado_pa_8_6_5_17,El Pavo,correg_pa_8_6_5,8-6-5-17
poblado_pa_8_6_5_18,La Palmita,correg_pa_8_6_5,8-6-5-18
poblado_pa_8_6_5_20,Unión Santeña Abajo,correg_pa_8_6_5,8-6-5-20
poblado_pa_8_6_5_21,Las Lomas,correg_pa_8_6_5,8-6-5-21
poblado_pa_8_6_5_22,Quebrada Grande No. 2,correg_pa_8_6_5,8-6-5-22
poblado_pa_8_8_1_1,San Felipe,correg_pa_8_8_1,8-8-1-1
poblado_pa_8_8_2_1,El Chorrillo,correg_pa_8_8_2,8-8-2-1
poblado_pa_8_8_3_1,Santa Ana,correg_pa_8_8_3,8-8-3-1
poblado_pa_8_8_4_1,Calidonia o la Exposición,correg_pa_8_8_4,8-8-4-1
poblado_pa_8_8_5_1,Curundú,correg_pa_8_8_5,8-8-5-1
poblado_pa_8_8_6_1,Betania,correg_pa_8_8_6,8-8-6-1
poblado_pa_8_8_6_2,Dos Mares,correg_pa_8_8_6,8-8-6-2
poblado_pa_8_8_6_3,Edison Park,correg_pa_8_8_6,8-8-6-3
poblado_pa_8_8_6_4,Miraflores,correg_pa_8_8_6,8-8-6-4
poblado_pa_8_8_6_5,Santa María,correg_pa_8_8_6,8-8-6-5
poblado_pa_8_8_6_6,Urbanización Condado del Rey (P),correg_pa_8_8_6,8-8-6-6
poblado_pa_8_8_6_7,Villa de las Fuentes,correg_pa_8_8_6,8-8-6-7
poblado_pa_8_8_7_1,Bella Vista,correg_pa_8_8_7,8-8-7-1
poblado_pa_8_8_8_1,Pueblo Nuevo,correg_pa_8_8_8,8-8-8-1
poblado_pa_8_8_9_1,San Francisco,correg_pa_8_8_9,8-8-9-1
poblado_pa_8_8_9_2,Carrasquilla,correg_pa_8_8_9,8-8-9-2
poblado_pa_8_8_9_3,Paitilla,correg_pa_8_8_9,8-8-9-3
poblado_pa_8_8_9_4,Punta Pacífica,correg_pa_8_8_9,8-8-9-4
poblado_pa_8_8_10_1,Parque Lefevre,correg_pa_8_8_10,8-8-10-1
poblado_pa_8_8_11_1,Río Abajo,correg_pa_8_8_11,8-8-11-1
poblado_pa_8_8_12_1,Juan Díaz (P),correg_pa_8_8_12,8-8-12-1
poblado_pa_8_8_12_2,Costa del Este (P),correg_pa_8_8_12,8-8-12-2
poblado_pa_8_8_12_3,Urbanización Santa María,correg_pa_8_8_12,8-8-12-3
poblado_pa_8_8_13_1,Pedregal,correg_pa_8_8_13,8-8-13-1
poblado_pa_8_8_13_2,San Joaquín,correg_pa_8_8_13,8-8-13-2
poblado_pa_8_8_13_3,Rana de Oro,correg_pa_8_8_13,8-8-13-3
poblado_pa_8_8_13_4,Villalobos,correg_pa_8_8_13,8-8-13-4
poblado_pa_8_8_13_5,Santa Cruz,correg_pa_8_8_13,8-8-13-5
poblado_pa_8_8_13_6,El Naranjal,correg_pa_8_8_13,8-8-13-6
poblado_pa_8_8_13_7,San Martín,correg_pa_8_8_13,8-8-13-7
poblado_pa_8_8_13_8,Green Valley,correg_pa_8_8_13,8-8-13-8
poblado_pa_8_8_13_9,La Bendición,correg_pa_8_8_13,8-8-13-9
poblado_pa_8_8_13_10,El Mirador,correg_pa_8_8_13,8-8-13-10
poblado_pa_8_8_13_11,Ciudad Miami,correg_pa_8_8_13,8-8-13-11
poblado_pa_8_8_14_3,Ancón,correg_pa_8_8_14,8-8-14-3
poblado_pa_8_8_14_14,Pedro Miguel,correg_pa_8_8_14,8-8-14-14
poblado_pa_8_8_14_15,Paraíso,correg_pa_8_8_14,8-8-14-15
poblado_pa_8_8_14_18,Clayton,correg_pa_8_8_14,8-8-14-18
poblado_pa_8_8_14_52,Mocambo Arriba (P),correg_pa_8_8_14,8-8-14-52
poblado_pa_8_8_14_53,Barriada Kuna Nega,correg_pa_8_8_14,8-8-14-53
poblado_pa_8_8_14_61,Barriada la Paz,correg_pa_8_8_14,8-8-14-61
poblado_pa_8_8_14_81,El Valle de San Francisco,correg_pa_8_8_14,8-8-14-81
poblado_pa_8_8_14_85,Mata Redonda,correg_pa_8_8_14,8-8-14-85
poblado_pa_8_8_14_87,Mocambo Abajo,correg_pa_8_8_14,8-8-14-87
poblado_pa_8_8_14_95,Calle 50,correg_pa_8_8_14,8-8-14-95
poblado_pa_8_8_14_97,Río Camarón,correg_pa_8_8_14,8-8-14-97
poblado_pa_8_8_14_98,Gamboa (P),correg_pa_8_8_14,8-8-14-98
poblado_pa_8_8_14_106,Altos de Villa Cárdenas,correg_pa_8_8_14,8-8-14-106
poblado_pa_8_8_14_107,Barriada Gunguiler Nega,correg_pa_8_8_14,8-8-14-107
poblado_pa_8_8_14_108,Urbanización Condado del Rey (P),correg_pa_8_8_14,8-8-14-108
poblado_pa_8_8_14_109,Villa Nueva Esperanza,correg_pa_8_8_14,8-8-14-109
poblado_pa_8_8_14_112,Urbanización Génesis,correg_pa_8_8_14,8-8-14-112
poblado_pa_8_8_14_113,Centro Ambiental Río Chagres,correg_pa_8_8_14,8-8-14-113
poblado_pa_8_8_14_114,Colinas del Progreso,correg_pa_8_8_14,8-8-14-114
poblado_pa_8_8_14_116,La Bendición,correg_pa_8_8_14,8-8-14-116
poblado_pa_8_8_14_117,La Cotorra,correg_pa_8_8_14,8-8-14-117
poblado_pa_8_8_14_118,La Isla,correg_pa_8_8_14,8-8-14-118
poblado_pa_8_8_14_120,La Invasión,correg_pa_8_8_14,8-8-14-120
poblado_pa_8_8_15_7,Cerro Bachiche (P),correg_pa_8_8_15,8-8-15-7
poblado_pa_8_8_15_9,Chilibre Centro,correg_pa_8_8_15,8-8-15-9
poblado_pa_8_8_15_17,La Cabima Arriba o el Cedro,correg_pa_8_8_15,8-8-15-17
poblado_pa_8_8_15_33,Quebrada Ñajú,correg_pa_8_8_15,8-8-15-33
poblado_pa_8_8_15_42,Sábanas de Chilibre,correg_pa_8_8_15,8-8-15-42
poblado_pa_8_8_15_46,San Vicente,correg_pa_8_8_15,8-8-15-46
poblado_pa_8_8_15_49,Villa Unida (P),correg_pa_8_8_15,8-8-15-49
poblado_pa_8_8_15_70,El Triángulo o el Piñal,correg_pa_8_8_15,8-8-15-70
poblado_pa_8_8_15_101,Alcalde Díaz Rural,correg_pa_8_8_15,8-8-15-101
poblado_pa_8_8_15_116,Altos de Ñajú,correg_pa_8_8_15,8-8-15-116
poblado_pa_8_8_15_117,Las Cumbres (P),correg_pa_8_8_15,8-8-15-117
poblado_pa_8_8_15_118,El Ñajú Adentro,correg_pa_8_8_15,8-8-15-118
poblado_pa_8_8_15_119,El Ñajú o Sábanas de Chilibre,correg_pa_8_8_15,8-8-15-119
poblado_pa_8_8_15_120,Manteca,correg_pa_8_8_15,8-8-15-120
poblado_pa_8_8_15_121,Quebrada el Gallo,correg_pa_8_8_15,8-8-15-121
poblado_pa_8_8_15_122,Ciudad Atena,correg_pa_8_8_15,8-8-15-122
poblado_pa_8_8_16_9,Las Cumbres (P),correg_pa_8_8_16,8-8-16-9
poblado_pa_8_8_16_17,Mocambo Arriba,correg_pa_8_8_16,8-8-16-17
poblado_pa_8_8_16_44,Altos de las Nubes,correg_pa_8_8_16,8-8-16-44
poblado_pa_8_8_16_49,Manteca (P),correg_pa_8_8_16,8-8-16-49
poblado_pa_8_8_17_1,Altos de Pacora (P),correg_pa_8_8_17,8-8-17-1
poblado_pa_8_8_17_4,La Boca de Tocumen,correg_pa_8_8_17,8-8-17-4
poblado_pa_8_8_17_6,Cabra No. 1,correg_pa_8_8_17,8-8-17-6
poblado_pa_8_8_17_9,Cerro Azul (P),correg_pa_8_8_17,8-8-17-9
poblado_pa_8_8_17_13,Entrada de los Lotes,correg_pa_8_8_17,8-8-17-13
poblado_pa_8_8_17_17,La Cabanga (P),correg_pa_8_8_17,8-8-17-17
poblado_pa_8_8_17_18,La Eneida,correg_pa_8_8_17,8-8-17-18
poblado_pa_8_8_17_19,La Estancia,correg_pa_8_8_17,8-8-17-19
poblado_pa_8_8_17_22,La Piñuelita,correg_pa_8_8_17,8-8-17-22
poblado_pa_8_8_17_28,Los Bravos de Utivé,correg_pa_8_8_17,8-8-17-28
poblado_pa_8_8_17_29,Los Lotes,correg_pa_8_8_17,8-8-17-29
poblado_pa_8_8_17_32,Malengue,correg_pa_8_8_17,8-8-17-32
poblado_pa_8_8_17_34,Nuevo Sitio,correg_pa_8_8_17,8-8-17-34
poblado_pa_8_8_17_35,Pacora,correg_pa_8_8_17,8-8-17-35
poblado_pa_8_8_17_38,Pueblo Nuevo,correg_pa_8_8_17,8-8-17-38
poblado_pa_8_8_17_41,Sacramento,correg_pa_8_8_17,8-8-17-41
poblado_pa_8_8_17_45,San Rafael,correg_pa_8_8_17,8-8-17-45
poblado_pa_8_8_17_46,Santa Clara,correg_pa_8_8_17,8-8-17-46
poblado_pa_8_8_17_49,Tres Brazos (P),correg_pa_8_8_17,8-8-17-49
poblado_pa_8_8_17_50,Utivé,correg_pa_8_8_17,8-8-17-50
poblado_pa_8_8_17_51,Betagrama,correg_pa_8_8_17,8-8-17-51
poblado_pa_8_8_17_55,Altos de Utivé (P),correg_pa_8_8_17,8-8-17-55
poblado_pa_8_8_17_62,Altos de Tataré,correg_pa_8_8_17,8-8-17-62
poblado_pa_8_8_17_65,La Quebradita de Cerro Azul,correg_pa_8_8_17,8-8-17-65
poblado_pa_8_8_17_72,Barriada Arnulfo Arias Madrid,correg_pa_8_8_17,8-8-17-72
poblado_pa_8_8_17_74,Barriada Caminos de Omar,correg_pa_8_8_17,8-8-17-74
poblado_pa_8_8_17_85,Residencial los Portales,correg_pa_8_8_17,8-8-17-85
poblado_pa_8_8_17_86,Bajo el Piro,correg_pa_8_8_17,8-8-17-86
poblado_pa_8_8_17_87,Barriada San Juan,correg_pa_8_8_17,8-8-17-87
poblado_pa_8_8_17_89,Ciudad Santa Fe,correg_pa_8_8_17,8-8-17-89
poblado_pa_8_8_17_91,Finca los Guayacanes,correg_pa_8_8_17,8-8-17-91
poblado_pa_8_8_17_92,La Cabaña,correg_pa_8_8_17,8-8-17-92
poblado_pa_8_8_17_93,La Mesa Arriba o la China (P),correg_pa_8_8_17,8-8-17-93
poblado_pa_8_8_17_94,Las Cañazas,correg_pa_8_8_17,8-8-17-94
poblado_pa_8_8_17_95,Llano de Cerro Azul,correg_pa_8_8_17,8-8-17-95
poblado_pa_8_8_17_98,Residencial el Trébol,correg_pa_8_8_17,8-8-17-98
poblado_pa_8_8_17_99,Residencial los Jardines del Este,correg_pa_8_8_17,8-8-17-99
poblado_pa_8_8_17_100,Residencial Santa Rita,correg_pa_8_8_17,8-8-17-100
poblado_pa_8_8_17_101,Urbanización Alto de Colinas Campestres,correg_pa_8_8_17,8-8-17-101
poblado_pa_8_8_17_102,Urbanización Santa Clara,correg_pa_8_8_17,8-8-17-102
poblado_pa_8_8_17_103,Urbanización Condado Real,correg_pa_8_8_17,8-8-17-103
poblado_pa_8_8_17_104,Barriada los Ángeles,correg_pa_8_8_17,8-8-17-104
poblado_pa_8_8_17_105,Cabra Arriba,correg_pa_8_8_17,8-8-17-105
poblado_pa_8_8_17_106,El Bajo,correg_pa_8_8_17,8-8-17-106
poblado_pa_8_8_17_107,El Silencio,correg_pa_8_8_17,8-8-17-107
poblado_pa_8_8_17_108,Brisas de Tataré,correg_pa_8_8_17,8-8-17-108
poblado_pa_8_8_17_109,Colinas de Tataré,correg_pa_8_8_17,8-8-17-109
poblado_pa_8_8_17_110,Puertas de Galicia,correg_pa_8_8_17,8-8-17-110
poblado_pa_8_8_17_111,Ciudad de las Américas,correg_pa_8_8_17,8-8-17-111
poblado_pa_8_8_17_112,Pueblo Nuevo Residencial,correg_pa_8_8_17,8-8-17-112
poblado_pa_8_8_17_113,Condado Real Rural,correg_pa_8_8_17,8-8-17-113
poblado_pa_8_8_17_114,Altos del Tecal,correg_pa_8_8_17,8-8-17-114
poblado_pa_8_8_18_1,Bajo el Piro,correg_pa_8_8_18,8-8-18-1
poblado_pa_8_8_18_3,Caña Blanca,correg_pa_8_8_18,8-8-18-3
poblado_pa_8_8_18_5,Carriazo,correg_pa_8_8_18,8-8-18-5
poblado_pa_8_8_18_7,Juan Gil,correg_pa_8_8_18,8-8-18-7
poblado_pa_8_8_18_8,La Batata,correg_pa_8_8_18,8-8-18-8
poblado_pa_8_8_18_9,La Chapa,correg_pa_8_8_18,8-8-18-9
poblado_pa_8_8_18_10,La Mesa,correg_pa_8_8_18,8-8-18-10
poblado_pa_8_8_18_11,Las Vegas (P),correg_pa_8_8_18,8-8-18-11
poblado_pa_8_8_18_12,Loma Bonita,correg_pa_8_8_18,8-8-18-12
poblado_pa_8_8_18_14,Pueblo Nuevo,correg_pa_8_8_18,8-8-18-14
poblado_pa_8_8_18_15,Río Indio,correg_pa_8_8_18,8-8-18-15
poblado_pa_8_8_18_16,San Miguel,correg_pa_8_8_18,8-8-18-16
poblado_pa_8_8_18_17,Tres Brazos (P),correg_pa_8_8_18,8-8-18-17
poblado_pa_8_8_18_18,Zanja de Arena,correg_pa_8_8_18,8-8-18-18
poblado_pa_8_8_18_22,El Tigre,correg_pa_8_8_18,8-8-18-22
poblado_pa_8_8_18_26,Cabobré de San Martín,correg_pa_8_8_18,8-8-18-26
poblado_pa_8_8_18_27,Cerro el Tigre,correg_pa_8_8_18,8-8-18-27
poblado_pa_8_8_18_29,Finca Melo,correg_pa_8_8_18,8-8-18-29
poblado_pa_8_8_18_30,La Mesa Arriba o la China (P),correg_pa_8_8_18,8-8-18-30
poblado_pa_8_8_18_31,Pueblo Nuevo No. 1,correg_pa_8_8_18,8-8-18-31
poblado_pa_8_8_18_32,La Iguana o Rio Iguana,correg_pa_8_8_18,8-8-18-32
poblado_pa_8_8_18_33,El Valle de San Martín,correg_pa_8_8_18,8-8-18-33
poblado_pa_8_8_18_34,La Zaína,correg_pa_8_8_18,8-8-18-34
poblado_pa_8_8_19_1,Nuevo Belén,correg_pa_8_8_19,8-8-19-1
poblado_pa_8_8_19_11,Tocumen,correg_pa_8_8_19,8-8-19-11
poblado_pa_8_8_19_15,Caraño,correg_pa_8_8_19,8-8-19-15
poblado_pa_8_8_19_20,Finca Río Lago,correg_pa_8_8_19,8-8-19-20
poblado_pa_8_8_19_21,Finca Mario Galindo,correg_pa_8_8_19,8-8-19-21
poblado_pa_8_8_19_30,Río Tocumen (P),correg_pa_8_8_19,8-8-19-30
poblado_pa_8_8_19_54,Finca Domingo Díaz,correg_pa_8_8_19,8-8-19-54
poblado_pa_8_8_19_56,Finca Ricardo Arosemena,correg_pa_8_8_19,8-8-19-56
poblado_pa_8_8_20_1,Cerro Bandera,correg_pa_8_8_20,8-8-20-1
poblado_pa_8_8_20_2,Ciudad Jardín las Mañanitas,correg_pa_8_8_20,8-8-20-2
poblado_pa_8_8_20_3,Barriada Génesis,correg_pa_8_8_20,8-8-20-3
poblado_pa_8_8_20_4,Residencial las Américas,correg_pa_8_8_20,8-8-20-4
poblado_pa_8_8_20_5,La Colorada,correg_pa_8_8_20,8-8-20-5
poblado_pa_8_8_20_6,Barriada los Nogales,correg_pa_8_8_20,8-8-20-6
poblado_pa_8_8_20_7,Urbanización Parque Real,correg_pa_8_8_20,8-8-20-7
poblado_pa_8_8_20_8,Río Tapia Arriba,correg_pa_8_8_20,8-8-20-8
poblado_pa_8_8_20_9,Río Tocumen (P),correg_pa_8_8_20,8-8-20-9
poblado_pa_8_8_20_10,Barriada Santa Mónica,correg_pa_8_8_20,8-8-20-10
poblado_pa_8_8_20_12,Villa Daniela,correg_pa_8_8_20,8-8-20-12
poblado_pa_8_8_20_13,El Valle de la Colorada,correg_pa_8_8_20,8-8-20-13
poblado_pa_8_8_21_1,Altos de Cerro Azul (P),correg_pa_8_8_21,8-8-21-1
poblado_pa_8_8_21_2,Altos de Utivé (P),correg_pa_8_8_21,8-8-21-2
poblado_pa_8_8_21_3,Buena Vista No. 1,correg_pa_8_8_21,8-8-21-3
poblado_pa_8_8_21_4,Alto de Cabuya o Cabuyita,correg_pa_8_8_21,8-8-21-4
poblado_pa_8_8_21_5,Cerro Azul (P),correg_pa_8_8_21,8-8-21-5
poblado_pa_8_8_21_6,Felipillo o Flor de Caña,correg_pa_8_8_21,8-8-21-6
poblado_pa_8_8_21_7,Monte Rico,correg_pa_8_8_21,8-8-21-7
poblado_pa_8_8_21_8,Nueva Esperanza,correg_pa_8_8_21,8-8-21-8
poblado_pa_8_8_21_9,Urbanización Nuevo Tocumen,correg_pa_8_8_21,8-8-21-9
poblado_pa_8_8_21_11,Rancho Café,correg_pa_8_8_21,8-8-21-11
poblado_pa_8_8_21_12,Barriada Rubén Darío Paredes,correg_pa_8_8_21,8-8-21-12
poblado_pa_8_8_21_13,Vista Hermosa,correg_pa_8_8_21,8-8-21-13
poblado_pa_8_8_21_14,Barriada 24 de Diciembre,correg_pa_8_8_21,8-8-21-14
poblado_pa_8_8_21_15,El Lago,correg_pa_8_8_21,8-8-21-15
poblado_pa_8_8_21_16,Las Nubes,correg_pa_8_8_21,8-8-21-16
poblado_pa_8_8_21_17,Las Vistas,correg_pa_8_8_21,8-8-21-17
poblado_pa_8_8_21_18,San Pedro,correg_pa_8_8_21,8-8-21-18
poblado_pa_8_8_21_19,Villa Belén,correg_pa_8_8_21,8-8-21-19
poblado_pa_8_8_21_20,Finca Felipillo,correg_pa_8_8_21,8-8-21-20
poblado_pa_8_8_21_21,Pradera Azul,correg_pa_8_8_21,8-8-21-21
poblado_pa_8_8_21_22,Praderas de Cerro Azul,correg_pa_8_8_21,8-8-21-22
poblado_pa_8_8_22_1,Alcalde Díaz,correg_pa_8_8_23,8-8-22-1
poblado_pa_8_8_22_2,Bachiller o Parque Alegre (P),correg_pa_8_8_23,8-8-22-2
poblado_pa_8_8_22_4,La Cabima,correg_pa_8_8_23,8-8-22-4
poblado_pa_8_8_22_5,La Laguna o el Tecal (P),correg_pa_8_8_23,8-8-22-5
poblado_pa_8_8_22_6,Las Cumbres (P),correg_pa_8_8_23,8-8-22-6
poblado_pa_8_8_22_7,María Henríquez Rural,correg_pa_8_8_23,8-8-22-7
poblado_pa_8_8_22_8,San Francisco de Padua o el Chungal,correg_pa_8_8_23,8-8-22-8
poblado_pa_8_8_22_10,San Lorenzo,correg_pa_8_8_23,8-8-22-10
poblado_pa_8_8_22_12,Ciudad del Lago (P),correg_pa_8_8_23,8-8-22-12
poblado_pa_8_8_22_14,Las Perlas,correg_pa_8_8_23,8-8-22-14
poblado_pa_8_8_23_1,Altos de Pedregal (P),correg_pa_8_8_22,8-8-23-1
poblado_pa_8_8_23_2,Altos del Lirio,correg_pa_8_8_22,8-8-23-2
poblado_pa_8_8_23_4,Gonzalillo,correg_pa_8_8_22,8-8-23-4
poblado_pa_8_8_23_5,Las Cumbres (P),correg_pa_8_8_22,8-8-23-5
poblado_pa_8_8_23_7,Ciudad del Lago (P),correg_pa_8_8_22,8-8-23-7
poblado_pa_8_8_23_8,Urbanización Brisas del Golf Norte,correg_pa_8_8_22,8-8-23-8
poblado_pa_8_8_23_9,Paseo del Norte,correg_pa_8_8_22,8-8-23-9
poblado_pa_8_8_23_10,Green City,correg_pa_8_8_22,8-8-23-10
poblado_pa_8_8_23_11,Ph Foresta,correg_pa_8_8_22,8-8-23-11
poblado_pa_8_8_24_1,Agua Fría,correg_pa_8_8_24,8-8-24-1
poblado_pa_8_8_24_2,Altos de Cerro Azul (P),correg_pa_8_8_24,8-8-24-2
poblado_pa_8_8_24_3,Altos de la Albina,correg_pa_8_8_24,8-8-24-3
poblado_pa_8_8_24_5,Altos de Utivé (P),correg_pa_8_8_24,8-8-24-5
poblado_pa_8_8_24_7,Altos del Vigía,correg_pa_8_8_24,8-8-24-7
poblado_pa_8_8_24_9,Boquerón Abajo (P),correg_pa_8_8_24,8-8-24-9
poblado_pa_8_8_24_10,Cabecera de Quebrada Benítez,correg_pa_8_8_24,8-8-24-10
poblado_pa_8_8_24_11,Cabecera de Río Piedra,correg_pa_8_8_24,8-8-24-11
poblado_pa_8_8_24_13,Caimitillo Centro,correg_pa_8_8_24,8-8-24-13
poblado_pa_8_8_24_14,Calle del Idaan,correg_pa_8_8_24,8-8-24-14
poblado_pa_8_8_24_15,Calle del Idaan No. 2,correg_pa_8_8_24,8-8-24-15
poblado_pa_8_8_24_16,Calzada Larga,correg_pa_8_8_24,8-8-24-16
poblado_pa_8_8_24_18,Cerro Bachiche (P),correg_pa_8_8_24,8-8-24-18
poblado_pa_8_8_24_19,Ciudad el Amanecer,correg_pa_8_8_24,8-8-24-19
poblado_pa_8_8_24_20,Comunidad Emberá o Dos Sesenta,correg_pa_8_8_24,8-8-24-20
poblado_pa_8_8_24_22,El Pantanal,correg_pa_8_8_24,8-8-24-22
poblado_pa_8_8_24_23,Emberá Purú,correg_pa_8_8_24,8-8-24-23
poblado_pa_8_8_24_24,Filo de Mamey,correg_pa_8_8_24,8-8-24-24
poblado_pa_8_8_24_27,La Bonga o 260,correg_pa_8_8_24,8-8-24-27
poblado_pa_8_8_24_28,La Laguna o el Tecal (P),correg_pa_8_8_24,8-8-24-28
poblado_pa_8_8_24_29,La Policía,correg_pa_8_8_24,8-8-24-29
poblado_pa_8_8_24_30,La Puente,correg_pa_8_8_24,8-8-24-30
poblado_pa_8_8_24_31,La Puente Arriba,correg_pa_8_8_24,8-8-24-31
poblado_pa_8_8_24_32,La Reforma,correg_pa_8_8_24,8-8-24-32
poblado_pa_8_8_24_33,La Venta,correg_pa_8_8_24,8-8-24-33
poblado_pa_8_8_24_34,Las Albinas,correg_pa_8_8_24,8-8-24-34
poblado_pa_8_8_24_35,Las Praderas de San Lorenzo,correg_pa_8_8_24,8-8-24-35
poblado_pa_8_8_24_36,Llano Bonito,correg_pa_8_8_24,8-8-24-36
poblado_pa_8_8_24_37,Los Portales,correg_pa_8_8_24,8-8-24-37
poblado_pa_8_8_24_38,Mauro o Santa Librada,correg_pa_8_8_24,8-8-24-38
poblado_pa_8_8_24_40,Nuevo Caimitillo,correg_pa_8_8_24,8-8-24-40
poblado_pa_8_8_24_43,Paraná Purú o Pueblo Maquenque,correg_pa_8_8_24,8-8-24-43
poblado_pa_8_8_24_44,Quebrada Ancha No. 2,correg_pa_8_8_24,8-8-24-44
poblado_pa_8_8_24_45,Quebrada Benítez,correg_pa_8_8_24,8-8-24-45
poblado_pa_8_8_24_46,Quebrada Cándido,correg_pa_8_8_24,8-8-24-46
poblado_pa_8_8_24_47,Quebrada Culebra,correg_pa_8_8_24,8-8-24-47
poblado_pa_8_8_24_48,Quebrada Fea,correg_pa_8_8_24,8-8-24-48
poblado_pa_8_8_24_49,Quebrada Mono Congo,correg_pa_8_8_24,8-8-24-49
poblado_pa_8_8_24_50,Quebrada Oscura,correg_pa_8_8_24,8-8-24-50
poblado_pa_8_8_24_51,Quebrada Peña Blanca,correg_pa_8_8_24,8-8-24-51
poblado_pa_8_8_24_52,Quebrada Tranquilla,correg_pa_8_8_24,8-8-24-52
poblado_pa_8_8_24_53,Río Indio,correg_pa_8_8_24,8-8-24-53
poblado_pa_8_8_24_54,Río Piedra,correg_pa_8_8_24,8-8-24-54
poblado_pa_8_8_24_56,San Cristóbal,correg_pa_8_8_24,8-8-24-56
poblado_pa_8_8_24_57,San Juan de Pequení,correg_pa_8_8_24,8-8-24-57
poblado_pa_8_8_24_58,Santa Librada (P),correg_pa_8_8_24,8-8-24-58
poblado_pa_8_8_24_59,Tusipono,correg_pa_8_8_24,8-8-24-59
poblado_pa_8_8_24_60,Urbanización San Lorenzo,correg_pa_8_8_24,8-8-24-60
poblado_pa_8_8_24_61,Victoriano Lorenzo,correg_pa_8_8_24,8-8-24-61
poblado_pa_8_8_24_62,Cabecera de Quebrada Tranquilla,correg_pa_8_8_24,8-8-24-62
poblado_pa_8_8_24_63,Candelaria Arriba,correg_pa_8_8_24,8-8-24-63
poblado_pa_8_8_24_64,Cumbre Azul,correg_pa_8_8_24,8-8-24-64
poblado_pa_8_8_24_65,Los Ángeles,correg_pa_8_8_24,8-8-24-65
poblado_pa_8_8_24_66,Peluca,correg_pa_8_8_24,8-8-24-66
poblado_pa_8_8_24_67,Quebrada San Antonio,correg_pa_8_8_24,8-8-24-67
poblado_pa_8_8_24_68,Quebrada San Francisco,correg_pa_8_8_24,8-8-24-68
poblado_pa_8_8_24_69,El Triángulo o el Piñal (P),correg_pa_8_8_24,8-8-24-69
poblado_pa_8_8_24_70,Puru Biakiru o Pueblo Bonito,correg_pa_8_8_24,8-8-24-70
poblado_pa_8_8_24_71,La Palmita,correg_pa_8_8_24,8-8-24-71
poblado_pa_8_8_24_72,Piñal del Río,correg_pa_8_8_24,8-8-24-72
poblado_pa_8_8_24_73,Villas del Norte,correg_pa_8_8_24,8-8-24-73
poblado_pa_8_8_24_74,Quebrada Cucharita,correg_pa_8_8_24,8-8-24-74
poblado_pa_8_8_24_75,Quebrada Soledad,correg_pa_8_8_24,8-8-24-75
poblado_pa_8_8_24_76,Ancore Purú,correg_pa_8_8_24,8-8-24-76
poblado_pa_8_8_25_1,Barriada Mireya,correg_pa_8_8_26,8-8-25-1
poblado_pa_8_8_25_3,Buena Vista No. 2,correg_pa_8_8_26,8-8-25-3
poblado_pa_8_8_25_5,El Guarumal o Chumical,correg_pa_8_8_26,8-8-25-5
poblado_pa_8_8_25_6,El Hato de San José,correg_pa_8_8_26,8-8-25-6
poblado_pa_8_8_25_7,Hugo Henríquez,correg_pa_8_8_26,8-8-25-7
poblado_pa_8_8_25_8,Las Garzas,correg_pa_8_8_26,8-8-25-8
poblado_pa_8_8_25_9,Las Vegas (P),correg_pa_8_8_26,8-8-25-9
poblado_pa_8_8_25_10,Los Lagos,correg_pa_8_8_26,8-8-25-10
poblado_pa_8_8_25_11,Oderchico,correg_pa_8_8_26,8-8-25-11
poblado_pa_8_8_25_12,Paso Blanco,correg_pa_8_8_26,8-8-25-12
poblado_pa_8_8_25_13,Paso Blanco No. 2,correg_pa_8_8_26,8-8-25-13
poblado_pa_8_8_25_15,Río Chico,correg_pa_8_8_26,8-8-25-15
poblado_pa_8_8_25_16,Río Chico No. 2,correg_pa_8_8_26,8-8-25-16
poblado_pa_8_8_25_17,San Diego,correg_pa_8_8_26,8-8-25-17
poblado_pa_8_8_25_18,Alto del Nance (P),correg_pa_8_8_26,8-8-25-18
poblado_pa_8_8_25_19,La Cabanga (P),correg_pa_8_8_26,8-8-25-19
poblado_pa_8_8_25_20,Mandinga,correg_pa_8_8_26,8-8-25-20
poblado_pa_8_8_25_21,Residencial la Floresta,correg_pa_8_8_26,8-8-25-21
poblado_pa_8_8_25_22,Río Chico Urbano,correg_pa_8_8_26,8-8-25-22
poblado_pa_8_8_25_24,Nueva Israel,correg_pa_8_8_26,8-8-25-24
poblado_pa_8_8_25_25,San José de las Garzas,correg_pa_8_8_26,8-8-25-25
poblado_pa_8_8_26_1,Urbanización Don Bosco,correg_pa_8_8_25,8-8-26-1
poblado_pa_8_8_26_2,Altos de las Acacias,correg_pa_8_8_25,8-8-26-2
poblado_pa_8_8_26_3,Costa Linda,correg_pa_8_8_25,8-8-26-3
poblado_pa_8_8_26_4,Costa Sur,correg_pa_8_8_25,8-8-26-4
poblado_pa_8_8_26_5,Juan Díaz (P),correg_pa_8_8_25,8-8-26-5
poblado_pa_8_8_26_6,Residencial Versalles,correg_pa_8_8_25,8-8-26-6
poblado_pa_8_8_26_7,Urbanización los Robles,correg_pa_8_8_25,8-8-26-7
poblado_pa_8_10_1_2,Pan de Azúcar (P),correg_pa_8_10_1,8-10-1-2
poblado_pa_8_10_1_3,Altos de Panamá (P),correg_pa_8_10_1,8-10-1-3
poblado_pa_8_10_1_4,Altos de Santamaría,correg_pa_8_10_1,8-10-1-4
poblado_pa_8_10_1_5,Los Andes No. 1,correg_pa_8_10_1,8-10-1-5
poblado_pa_8_10_1_6,Urbanización Condado del Rey (P),correg_pa_8_10_1,8-10-1-6
poblado_pa_8_10_1_7,Urbanización Limajo (P),correg_pa_8_10_1,8-10-1-7
poblado_pa_8_10_1_8,Horizontes (P),correg_pa_8_10_1,8-10-1-8
poblado_pa_8_10_2_2,Samaria,correg_pa_8_10_2,8-10-2-2
poblado_pa_8_10_2_3,Cerro Batea (P),correg_pa_8_10_2,8-10-2-3
poblado_pa_8_10_2_4,Don Bosco,correg_pa_8_10_2,8-10-2-4
poblado_pa_8_10_2_5,Mallorca Park,correg_pa_8_10_2,8-10-2-5
poblado_pa_8_10_2_6,Pan de Azúcar (P),correg_pa_8_10_2,8-10-2-6
poblado_pa_8_10_2_7,San Isidro (P),correg_pa_8_10_2,8-10-2-7
poblado_pa_8_10_3_2,Villa Guadalupe (P),correg_pa_8_10_3,8-10-3-2
poblado_pa_8_10_3_3,Urbanización la Pulida,correg_pa_8_10_3,8-10-3-3
poblado_pa_8_10_3_4,Villa Lucre,correg_pa_8_10_3,8-10-3-4
poblado_pa_8_10_3_5,Urbanización el Crisol,correg_pa_8_10_3,8-10-3-5
poblado_pa_8_10_3_6,Urbanización Colinas Dorasol (P),correg_pa_8_10_3,8-10-3-6
poblado_pa_8_10_3_7,Urbanización Colinas del Golf,correg_pa_8_10_3,8-10-3-7
poblado_pa_8_10_3_8,Nuevo Belén (P),correg_pa_8_10_3,8-10-3-8
poblado_pa_8_10_4_2,Paraíso,correg_pa_8_10_4,8-10-4-2
poblado_pa_8_10_4_3,Pan de Azúcar (P),correg_pa_8_10_4,8-10-4-3
poblado_pa_8_10_4_4,Villa Guadalupe (P),correg_pa_8_10_4,8-10-4-4
poblado_pa_8_10_5_2,Monte Oscuro (P),correg_pa_8_10_5,8-10-5-2
poblado_pa_8_10_5_3,Pan de Azúcar (P),correg_pa_8_10_5,8-10-5-3
poblado_pa_8_10_5_4,Urbanización Industrial,correg_pa_8_10_5,8-10-5-4
poblado_pa_8_10_6_2,Barriada la Felicidad,correg_pa_8_10_6,8-10-6-2
poblado_pa_8_10_6_3,Altos del Valle de Urracá (P),correg_pa_8_10_6,8-10-6-3
poblado_pa_8_10_6_4,Barriada Torrijos Carter (P),correg_pa_8_10_6,8-10-6-4
poblado_pa_8_10_6_5,Club de Golf (P),correg_pa_8_10_6,8-10-6-5
poblado_pa_8_10_6_6,Nuevo Belén (P),correg_pa_8_10_6,8-10-6-6
poblado_pa_8_10_6_7,Urbanización Colinas Dorasol (P),correg_pa_8_10_6,8-10-6-7
poblado_pa_8_10_6_8,Golf Gardens,correg_pa_8_10_6,8-10-6-8
poblado_pa_8_10_7_2,Barriada Torrijos Carter (P),correg_pa_8_10_7,8-10-7-2
poblado_pa_8_10_7_3,Altos del Valle de Urracá (P),correg_pa_8_10_7,8-10-7-3
poblado_pa_8_10_7_4,Cerro Batea (P),correg_pa_8_10_7,8-10-7-4
poblado_pa_8_10_7_5,Santa Marta,correg_pa_8_10_7,8-10-7-5
poblado_pa_8_10_7_6,San Isidro (P),correg_pa_8_10_7,8-10-7-6
poblado_pa_8_10_8_2,Urbanización los Andes No. 2,correg_pa_8_10_8,8-10-8-2
poblado_pa_8_10_8_3,San Isidro (P),correg_pa_8_10_8,8-10-8-3
poblado_pa_8_10_8_4,Sonsonate (P),correg_pa_8_10_8,8-10-8-4
poblado_pa_8_10_8_5,Las Cumbres (P),correg_pa_8_10_8,8-10-8-5
poblado_pa_8_10_8_6,Horizontes (P),correg_pa_8_10_8,8-10-8-6
poblado_pa_8_10_8_7,Urbanización Limajo (P),correg_pa_8_10_8,8-10-8-7
poblado_pa_8_10_9_2,Ciudad Jardín San Antonio,correg_pa_8_10_9,8-10-9-2
poblado_pa_8_10_9_3,Urbanización Cerro Viento,correg_pa_8_10_9,8-10-9-3
poblado_pa_8_10_9_4,Club de Golf (P),correg_pa_8_10_9,8-10-9-4
poblado_pa_8_10_9_5,Urbanización Brisas del Golf,correg_pa_8_10_9,8-10-9-5
poblado_pa_8_11_1_3,Taboga,correg_pa_8_11_1,8-11-1-3
poblado_pa_8_11_2_1,Otoque Occidente,correg_pa_8_11_3,8-11-2-1
poblado_pa_8_11_3_1,Otoque Oriente,correg_pa_8_11_2,8-11-3-1
poblado_pa_9_1_1_2,Atalaya,correg_pa_9_1_1,9-1-1-2
poblado_pa_9_1_1_7,El Jobo,correg_pa_9_1_1,9-1-1-7
poblado_pa_9_1_1_10,Garnadera,correg_pa_9_1_1,9-1-1-10
poblado_pa_9_1_1_17,La Mina,correg_pa_9_1_1,9-1-1-17
poblado_pa_9_1_1_19,Las Tías,correg_pa_9_1_1,9-1-1-19
poblado_pa_9_1_1_20,Llano del Nance,correg_pa_9_1_1,9-1-1-20
poblado_pa_9_1_1_25,Pedregoso,correg_pa_9_1_1,9-1-1-25
poblado_pa_9_1_1_28,Río de Jesús,correg_pa_9_1_1,9-1-1-28
poblado_pa_9_1_1_30,Tierra Plana,correg_pa_9_1_1,9-1-1-30
poblado_pa_9_1_1_31,Tinajita,correg_pa_9_1_1,9-1-1-31
poblado_pa_9_1_1_35,Flores Moradas,correg_pa_9_1_1,9-1-1-35
poblado_pa_9_1_1_38,Alto de la Mina,correg_pa_9_1_1,9-1-1-38
poblado_pa_9_1_1_39,Alto de los Bala,correg_pa_9_1_1,9-1-1-39
poblado_pa_9_1_1_41,La Monita,correg_pa_9_1_1,9-1-1-41
poblado_pa_9_1_1_42,Paso Lajas,correg_pa_9_1_1,9-1-1-42
poblado_pa_9_1_1_53,Residencial Villa Flores,correg_pa_9_1_1,9-1-1-53
poblado_pa_9_1_2_1,El Ciruelito de Nuestro Amo,correg_pa_9_1_2,9-1-2-1
poblado_pa_9_1_2_2,El Balita,correg_pa_9_1_2,9-1-2-2
poblado_pa_9_1_2_3,El Barrito,correg_pa_9_1_2,9-1-2-3
poblado_pa_9_1_2_4,El Sierral,correg_pa_9_1_2,9-1-2-4
poblado_pa_9_1_2_5,El Tambor,correg_pa_9_1_2,9-1-2-5
poblado_pa_9_1_2_6,El Tigre,correg_pa_9_1_2,9-1-2-6
poblado_pa_9_1_2_9,Los Corralillos,correg_pa_9_1_2,9-1-2-9
poblado_pa_9_1_2_10,Los Sábalos,correg_pa_9_1_2,9-1-2-10
poblado_pa_9_1_2_12,Tara,correg_pa_9_1_2,9-1-2-12
poblado_pa_9_1_2_13,Tun-Tun,correg_pa_9_1_2,9-1-2-13
poblado_pa_9_1_2_14,El Zapote o Pueblo Nuevo (P),correg_pa_9_1_2,9-1-2-14
poblado_pa_9_1_2_15,La Isidra,correg_pa_9_1_2,9-1-2-15
poblado_pa_9_1_2_16,La Canoa,correg_pa_9_1_2,9-1-2-16
poblado_pa_9_1_2_17,Los Guaimy,correg_pa_9_1_2,9-1-2-17
poblado_pa_9_1_2_18,La Cantera,correg_pa_9_1_2,9-1-2-18
poblado_pa_9_1_2_19,Nuestro Amo (P),correg_pa_9_1_2,9-1-2-19
poblado_pa_9_1_3_2,El Barrero,correg_pa_9_1_3,9-1-3-2
poblado_pa_9_1_3_3,El Coco,correg_pa_9_1_3,9-1-3-3
poblado_pa_9_1_3_4,San Isidro,correg_pa_9_1_3,9-1-3-4
poblado_pa_9_1_3_5,Palenque,correg_pa_9_1_3,9-1-3-5
poblado_pa_9_1_3_6,El Pontón,correg_pa_9_1_3,9-1-3-6
poblado_pa_9_1_3_7,El Salero,correg_pa_9_1_3,9-1-3-7
poblado_pa_9_1_3_8,La Cruz,correg_pa_9_1_3,9-1-3-8
poblado_pa_9_1_3_9,Los Corralitos,correg_pa_9_1_3,9-1-3-9
poblado_pa_9_1_3_10,Los Planes,correg_pa_9_1_3,9-1-3-10
poblado_pa_9_1_3_11,La Montañuela,correg_pa_9_1_3,9-1-3-11
poblado_pa_9_1_3_12,El Tinoco,correg_pa_9_1_3,9-1-3-12
poblado_pa_9_1_3_13,El Potrero,correg_pa_9_1_3,9-1-3-13
poblado_pa_9_1_3_14,La Carrillo (P),correg_pa_9_1_3,9-1-3-14
poblado_pa_9_1_4_1,Alto de Balbuena,correg_pa_9_1_4,9-1-4-1
poblado_pa_9_1_4_2,Balbuena,correg_pa_9_1_4,9-1-4-2
poblado_pa_9_1_4_3,Cacique U Orillas del Río Cacique,correg_pa_9_1_4,9-1-4-3
poblado_pa_9_1_4_4,Charco Azul,correg_pa_9_1_4,9-1-4-4
poblado_pa_9_1_4_6,La Canoa,correg_pa_9_1_4,9-1-4-6
poblado_pa_9_1_4_7,La Carrillo (P),correg_pa_9_1_4,9-1-4-7
poblado_pa_9_1_4_8,La Maravilla,correg_pa_9_1_4,9-1-4-8
poblado_pa_9_1_4_9,Las Ánimas,correg_pa_9_1_4,9-1-4-9
poblado_pa_9_1_4_10,Los Cerros,correg_pa_9_1_4,9-1-4-10
poblado_pa_9_1_4_11,Los Peñeros,correg_pa_9_1_4,9-1-4-11
poblado_pa_9_1_4_12,Los Quinteros,correg_pa_9_1_4,9-1-4-12
poblado_pa_9_1_4_13,Nuestro Amo (P),correg_pa_9_1_4,9-1-4-13
poblado_pa_9_1_4_14,Rincón Sucio,correg_pa_9_1_4,9-1-4-14
poblado_pa_9_1_5_1,El Pedrito,correg_pa_9_1_5,9-1-5-1
poblado_pa_9_1_5_2,El Potrero (P),correg_pa_9_1_5,9-1-5-2
poblado_pa_9_1_5_3,Finca la Mata,correg_pa_9_1_5,9-1-5-3
poblado_pa_9_1_5_4,La Mata (P),correg_pa_9_1_5,9-1-5-4
poblado_pa_9_1_5_5,Los Boquerones (P),correg_pa_9_1_5,9-1-5-5
poblado_pa_9_1_5_6,Los Cerros (P),correg_pa_9_1_5,9-1-5-6
poblado_pa_9_1_5_7,San Antonio (P),correg_pa_9_1_5,9-1-5-7
poblado_pa_9_1_5_8,Residencial Cerro Azul,correg_pa_9_1_5,9-1-5-8
poblado_pa_9_1_5_9,Residencial Doña Olivia,correg_pa_9_1_5,9-1-5-9
poblado_pa_9_1_5_10,Residencial Villa Atena,correg_pa_9_1_5,9-1-5-10
poblado_pa_9_1_5_11,Residencial Campo Dorado,correg_pa_9_1_5,9-1-5-11
poblado_pa_9_1_5_12,Quintas del María,correg_pa_9_1_5,9-1-5-12
poblado_pa_9_1_5_13,Altos de Cerro Azul,correg_pa_9_1_5,9-1-5-13
poblado_pa_9_1_5_14,Finca Zapotal,correg_pa_9_1_5,9-1-5-14
poblado_pa_9_1_5_15,La Ensenada,correg_pa_9_1_5,9-1-5-15
poblado_pa_9_1_5_16,La Mata Abajo,correg_pa_9_1_5,9-1-5-16
poblado_pa_9_1_5_17,Quebrada la Mata,correg_pa_9_1_5,9-1-5-17
poblado_pa_9_1_5_18,Residencial Llano Bonito,correg_pa_9_1_5,9-1-5-18
poblado_pa_9_1_5_19,Residencial Villa Lara,correg_pa_9_1_5,9-1-5-19
poblado_pa_9_2_1_1,Alto de la Juanita,correg_pa_9_2_1,9-2-1-1
poblado_pa_9_2_1_2,Atravesado,correg_pa_9_2_1,9-2-1-2
poblado_pa_9_2_1_3,La Botijuela,correg_pa_9_2_1,9-2-1-3
poblado_pa_9_2_1_4,Buena Vista,correg_pa_9_2_1,9-2-1-4
poblado_pa_9_2_1_5,Calobre,correg_pa_9_2_1,9-2-1-5
poblado_pa_9_2_1_7,Cardenillo,correg_pa_9_2_1,9-2-1-7
poblado_pa_9_2_1_10,El Alto,correg_pa_9_2_1,9-2-1-10
poblado_pa_9_2_1_11,El Bajo,correg_pa_9_2_1,9-2-1-11
poblado_pa_9_2_1_12,El Barrero,correg_pa_9_2_1,9-2-1-12
poblado_pa_9_2_1_13,El Cabimo,correg_pa_9_2_1,9-2-1-13
poblado_pa_9_2_1_14,El Coral,correg_pa_9_2_1,9-2-1-14
poblado_pa_9_2_1_15,El Chumico,correg_pa_9_2_1,9-2-1-15
poblado_pa_9_2_1_16,El Horcón,correg_pa_9_2_1,9-2-1-16
poblado_pa_9_2_1_18,El Quira,correg_pa_9_2_1,9-2-1-18
poblado_pa_9_2_1_19,Guayabito (P),correg_pa_9_2_1,9-2-1-19
poblado_pa_9_2_1_20,La Ciraca No. 1 (P),correg_pa_9_2_1,9-2-1-20
poblado_pa_9_2_1_21,Lagunilla,correg_pa_9_2_1,9-2-1-21
poblado_pa_9_2_1_22,La Peña del Tigre,correg_pa_9_2_1,9-2-1-22
poblado_pa_9_2_1_23,La Puente,correg_pa_9_2_1,9-2-1-23
poblado_pa_9_2_1_24,La Rivera,correg_pa_9_2_1,9-2-1-24
poblado_pa_9_2_1_25,La Yeguadita,correg_pa_9_2_1,9-2-1-25
poblado_pa_9_2_1_26,Las Tetas,correg_pa_9_2_1,9-2-1-26
poblado_pa_9_2_1_28,Los González,correg_pa_9_2_1,9-2-1-28
poblado_pa_9_2_1_30,Los Tulices,correg_pa_9_2_1,9-2-1-30
poblado_pa_9_2_1_31,Llano Bonito,correg_pa_9_2_1,9-2-1-31
poblado_pa_9_2_1_32,Manzanillo (P),correg_pa_9_2_1,9-2-1-32
poblado_pa_9_2_1_33,Naranjales (P),correg_pa_9_2_1,9-2-1-33
poblado_pa_9_2_1_34,Palito Verde,correg_pa_9_2_1,9-2-1-34
poblado_pa_9_2_1_35,El Pedregoso,correg_pa_9_2_1,9-2-1-35
poblado_pa_9_2_1_36,Risacual,correg_pa_9_2_1,9-2-1-36
poblado_pa_9_2_1_37,San Andrés,correg_pa_9_2_1,9-2-1-37
poblado_pa_9_2_1_38,San Miguel,correg_pa_9_2_1,9-2-1-38
poblado_pa_9_2_1_39,Taboga,correg_pa_9_2_1,9-2-1-39
poblado_pa_9_2_1_41,Los Bustos (P),correg_pa_9_2_1,9-2-1-41
poblado_pa_9_2_1_45,El Tejal,correg_pa_9_2_1,9-2-1-45
poblado_pa_9_2_1_47,Alto de las Palmas,correg_pa_9_2_1,9-2-1-47
poblado_pa_9_2_1_48,Llano Largo o Naranjal,correg_pa_9_2_1,9-2-1-48
poblado_pa_9_2_1_49,El Cacique,correg_pa_9_2_1,9-2-1-49
poblado_pa_9_2_1_50,El Rodeo,correg_pa_9_2_1,9-2-1-50
poblado_pa_9_2_1_51,Los Curas,correg_pa_9_2_1,9-2-1-51
poblado_pa_9_2_1_52,Alto la Rivera,correg_pa_9_2_1,9-2-1-52
poblado_pa_9_2_1_53,Barro Prieto (P),correg_pa_9_2_1,9-2-1-53
poblado_pa_9_2_1_54,Finca Cerro Negro,correg_pa_9_2_1,9-2-1-54
poblado_pa_9_2_1_55,Alto de Buena Vista (P),correg_pa_9_2_1,9-2-1-55
poblado_pa_9_2_2_1,Bajo Lajas,correg_pa_9_2_2,9-2-2-1
poblado_pa_9_2_2_2,Barnizal,correg_pa_9_2_2,9-2-2-2
poblado_pa_9_2_2_4,Cantero,correg_pa_9_2_2,9-2-2-4
poblado_pa_9_2_2_5,Cerro Agú,correg_pa_9_2_2,9-2-2-5
poblado_pa_9_2_2_6,El Guayabo (P),correg_pa_9_2_2,9-2-2-6
poblado_pa_9_2_2_7,Portuguéz (P),correg_pa_9_2_2,9-2-2-7
poblado_pa_9_2_2_8,El Tambor,correg_pa_9_2_2,9-2-2-8
poblado_pa_9_2_2_9,El Tigre,correg_pa_9_2_2,9-2-2-9
poblado_pa_9_2_2_10,Juan Lucas,correg_pa_9_2_2,9-2-2-10
poblado_pa_9_2_2_12,Las Flores (P),correg_pa_9_2_2,9-2-2-12
poblado_pa_9_2_2_13,Loma Larga,correg_pa_9_2_2,9-2-2-13
poblado_pa_9_2_2_14,Portuguéz Arriba,correg_pa_9_2_2,9-2-2-14
poblado_pa_9_2_2_15,Raja Leña,correg_pa_9_2_2,9-2-2-15
poblado_pa_9_2_2_16,Rastrojal,correg_pa_9_2_2,9-2-2-16
poblado_pa_9_2_2_17,Río Chico,correg_pa_9_2_2,9-2-2-17
poblado_pa_9_2_2_19,Boca del Río Pital (P),correg_pa_9_2_2,9-2-2-19
poblado_pa_9_2_2_20,Bajo Alto,correg_pa_9_2_2,9-2-2-20
poblado_pa_9_2_2_24,Río Pital,correg_pa_9_2_2,9-2-2-24
poblado_pa_9_2_2_25,El Barrero,correg_pa_9_2_2,9-2-2-25
poblado_pa_9_2_2_26,El Cajón,correg_pa_9_2_2,9-2-2-26
poblado_pa_9_2_3_1,Achotillal,correg_pa_9_2_3,9-2-3-1
poblado_pa_9_2_3_4,Alto Coral,correg_pa_9_2_3,9-2-3-4
poblado_pa_9_2_3_5,Alto Limón,correg_pa_9_2_3,9-2-3-5
poblado_pa_9_2_3_6,Altos de Naranjal,correg_pa_9_2_3,9-2-3-6
poblado_pa_9_2_3_7,Arenal,correg_pa_9_2_3,9-2-3-7
poblado_pa_9_2_3_8,Bajo Limón,correg_pa_9_2_3,9-2-3-8
poblado_pa_9_2_3_9,Barrerito,correg_pa_9_2_3,9-2-3-9
poblado_pa_9_2_3_10,Berrocal,correg_pa_9_2_3,9-2-3-10
poblado_pa_9_2_3_12,Cerro Agudo,correg_pa_9_2_3,9-2-3-12
poblado_pa_9_2_3_13,Papelillo,correg_pa_9_2_3,9-2-3-13
poblado_pa_9_2_3_14,Chitrita,correg_pa_9_2_3,9-2-3-14
poblado_pa_9_2_3_15,Bajo Chitra,correg_pa_9_2_3,9-2-3-15
poblado_pa_9_2_3_16,El Copé,correg_pa_9_2_3,9-2-3-16
poblado_pa_9_2_3_17,El Cozme,correg_pa_9_2_3,9-2-3-17
poblado_pa_9_2_3_19,El Palmar,correg_pa_9_2_3,9-2-3-19
poblado_pa_9_2_3_21,El Perú,correg_pa_9_2_3,9-2-3-21
poblado_pa_9_2_3_23,Escobillal,correg_pa_9_2_3,9-2-3-23
poblado_pa_9_2_3_24,Guarapal,correg_pa_9_2_3,9-2-3-24
poblado_pa_9_2_3_25,Honduras,correg_pa_9_2_3,9-2-3-25
poblado_pa_9_2_3_26,Juncal,correg_pa_9_2_3,9-2-3-26
poblado_pa_9_2_3_29,La Pacora,correg_pa_9_2_3,9-2-3-29
poblado_pa_9_2_3_30,La Pedregosa No. 1,correg_pa_9_2_3,9-2-3-30
poblado_pa_9_2_3_32,Las Matillas,correg_pa_9_2_3,9-2-3-32
poblado_pa_9_2_3_33,Loma Chata,correg_pa_9_2_3,9-2-3-33
poblado_pa_9_2_3_34,Loma Llana,correg_pa_9_2_3,9-2-3-34
poblado_pa_9_2_3_35,Los Ceibos,correg_pa_9_2_3,9-2-3-35
poblado_pa_9_2_3_36,Los Chacareros o las Peñitas,correg_pa_9_2_3,9-2-3-36
poblado_pa_9_2_3_38,Llano Bonito,correg_pa_9_2_3,9-2-3-38
poblado_pa_9_2_3_39,Llano Largo,correg_pa_9_2_3,9-2-3-39
poblado_pa_9_2_3_41,Mata Palo,correg_pa_9_2_3,9-2-3-41
poblado_pa_9_2_3_42,Media Luna,correg_pa_9_2_3,9-2-3-42
poblado_pa_9_2_3_43,El Mielar,correg_pa_9_2_3,9-2-3-43
poblado_pa_9_2_3_44,Ojito de Agua,correg_pa_9_2_3,9-2-3-44
poblado_pa_9_2_3_45,Palenque,correg_pa_9_2_3,9-2-3-45
poblado_pa_9_2_3_46,Pandura,correg_pa_9_2_3,9-2-3-46
poblado_pa_9_2_3_47,Piedras Gordas,correg_pa_9_2_3,9-2-3-47
poblado_pa_9_2_3_48,Platanal,correg_pa_9_2_3,9-2-3-48
poblado_pa_9_2_3_49,Los Potrerillos,correg_pa_9_2_3,9-2-3-49
poblado_pa_9_2_3_50,Pueblo Nuevo,correg_pa_9_2_3,9-2-3-50
poblado_pa_9_2_3_52,Barro Amarillo o Tres Pasos,correg_pa_9_2_3,9-2-3-52
poblado_pa_9_2_3_53,Los Castros,correg_pa_9_2_3,9-2-3-53
poblado_pa_9_2_3_54,Espino Amarillo,correg_pa_9_2_3,9-2-3-54
poblado_pa_9_2_3_55,El Nanzal,correg_pa_9_2_3,9-2-3-55
poblado_pa_9_2_3_56,Alto la Palma,correg_pa_9_2_3,9-2-3-56
poblado_pa_9_2_3_57,Alto Lirio,correg_pa_9_2_3,9-2-3-57
poblado_pa_9_2_3_59,La Cabaña,correg_pa_9_2_3,9-2-3-59
poblado_pa_9_2_4_2,Buenos Aires,correg_pa_9_2_4,9-2-4-2
poblado_pa_9_2_4_3,Caña Blanca,correg_pa_9_2_4,9-2-4-3
poblado_pa_9_2_4_4,Capellanía,correg_pa_9_2_4,9-2-4-4
poblado_pa_9_2_4_5,Carrizal,correg_pa_9_2_4,9-2-4-5
poblado_pa_9_2_4_9,El Coclá,correg_pa_9_2_4,9-2-4-9
poblado_pa_9_2_4_10,El Esquinado,correg_pa_9_2_4,9-2-4-10
poblado_pa_9_2_4_12,El Harino,correg_pa_9_2_4,9-2-4-12
poblado_pa_9_2_4_13,Limón,correg_pa_9_2_4,9-2-4-13
poblado_pa_9_2_4_14,El Rodeo,correg_pa_9_2_4,9-2-4-14
poblado_pa_9_2_4_15,El Salitre No. 1,correg_pa_9_2_4,9-2-4-15
poblado_pa_9_2_4_16,El Salitre No. 2,correg_pa_9_2_4,9-2-4-16
poblado_pa_9_2_4_17,La Estancia,correg_pa_9_2_4,9-2-4-17
poblado_pa_9_2_4_22,Los Toritos,correg_pa_9_2_4,9-2-4-22
poblado_pa_9_2_4_23,La Marcela o Llano Largo,correg_pa_9_2_4,9-2-4-23
poblado_pa_9_2_4_24,Marañón,correg_pa_9_2_4,9-2-4-24
poblado_pa_9_2_4_25,Pan de Azúcar,correg_pa_9_2_4,9-2-4-25
poblado_pa_9_2_4_26,Paso Carnal,correg_pa_9_2_4,9-2-4-26
poblado_pa_9_2_4_27,Paso Real,correg_pa_9_2_4,9-2-4-27
poblado_pa_9_2_4_28,Potrerillo,correg_pa_9_2_4,9-2-4-28
poblado_pa_9_2_4_29,Sauceo,correg_pa_9_2_4,9-2-4-29
poblado_pa_9_2_4_30,Viento Abajo,correg_pa_9_2_4,9-2-4-30
poblado_pa_9_2_4_31,Viento Arriba (P),correg_pa_9_2_4,9-2-4-31
poblado_pa_9_2_4_32,El Cirí (P),correg_pa_9_2_4,9-2-4-32
poblado_pa_9_2_4_33,La Pancha (P),correg_pa_9_2_4,9-2-4-33
poblado_pa_9_2_4_34,Cerro Grande,correg_pa_9_2_4,9-2-4-34
poblado_pa_9_2_4_35,Cerro Pelado,correg_pa_9_2_4,9-2-4-35
poblado_pa_9_2_4_38,Los Bustos (P),correg_pa_9_2_4,9-2-4-38
poblado_pa_9_2_4_40,Rodeo,correg_pa_9_2_4,9-2-4-40
poblado_pa_9_2_4_41,Alto Cristal,correg_pa_9_2_4,9-2-4-41
poblado_pa_9_2_4_42,El Macho,correg_pa_9_2_4,9-2-4-42
poblado_pa_9_2_4_43,La Pandura,correg_pa_9_2_4,9-2-4-43
poblado_pa_9_2_5_1,El Aguacatal,correg_pa_9_2_5,9-2-5-1
poblado_pa_9_2_5_2,Cerro Alto,correg_pa_9_2_5,9-2-5-2
poblado_pa_9_2_5_3,El Calvario,correg_pa_9_2_5,9-2-5-3
poblado_pa_9_2_5_5,El Chumicoso,correg_pa_9_2_5,9-2-5-5
poblado_pa_9_2_5_6,El Espinal,correg_pa_9_2_5,9-2-5-6
poblado_pa_9_2_5_7,El Jobo,correg_pa_9_2_5,9-2-5-7
poblado_pa_9_2_5_8,El Palmillar,correg_pa_9_2_5,9-2-5-8
poblado_pa_9_2_5_9,El Potrero,correg_pa_9_2_5,9-2-5-9
poblado_pa_9_2_5_10,El Cortado,correg_pa_9_2_5,9-2-5-10
poblado_pa_9_2_5_12,Hervedor,correg_pa_9_2_5,9-2-5-12
poblado_pa_9_2_5_15,Llano Grande,correg_pa_9_2_5,9-2-5-15
poblado_pa_9_2_5_22,Los Patios,correg_pa_9_2_5,9-2-5-22
poblado_pa_9_2_5_23,La Lagunita,correg_pa_9_2_5,9-2-5-23
poblado_pa_9_2_5_24,La Galera,correg_pa_9_2_5,9-2-5-24
poblado_pa_9_2_5_25,Las Canaletas,correg_pa_9_2_5,9-2-5-25
poblado_pa_9_2_5_27,Bebedero,correg_pa_9_2_5,9-2-5-27
poblado_pa_9_2_5_28,La Vaca Muerta,correg_pa_9_2_5,9-2-5-28
poblado_pa_9_2_5_30,El Guayabo (P),correg_pa_9_2_5,9-2-5-30
poblado_pa_9_2_5_31,El Rincón del Guayabo,correg_pa_9_2_5,9-2-5-31
poblado_pa_9_2_5_32,Altos de Buena Vista (P),correg_pa_9_2_5,9-2-5-32
poblado_pa_9_2_6_1,Aguas Blancas,correg_pa_9_2_6,9-2-6-1
poblado_pa_9_2_6_2,Boca del Río Pital (P),correg_pa_9_2_6,9-2-6-2
poblado_pa_9_2_6_3,Cerro de la Palma,correg_pa_9_2_6,9-2-6-3
poblado_pa_9_2_6_4,El Cocuyo,correg_pa_9_2_6,9-2-6-4
poblado_pa_9_2_6_6,El Barrero,correg_pa_9_2_6,9-2-6-6
poblado_pa_9_2_6_7,Los Bolos o Llano Grande,correg_pa_9_2_6,9-2-6-7
poblado_pa_9_2_6_8,El Búho,correg_pa_9_2_6,9-2-6-8
poblado_pa_9_2_6_10,Los Cerritos,correg_pa_9_2_6,9-2-6-10
poblado_pa_9_2_6_12,El Fondo (P),correg_pa_9_2_6,9-2-6-12
poblado_pa_9_2_6_13,El Guabal,correg_pa_9_2_6,9-2-6-13
poblado_pa_9_2_6_14,El Jazmín,correg_pa_9_2_6,9-2-6-14
poblado_pa_9_2_6_15,El Macho,correg_pa_9_2_6,9-2-6-15
poblado_pa_9_2_6_16,El Pato,correg_pa_9_2_6,9-2-6-16
poblado_pa_9_2_6_18,El Portachuelo,correg_pa_9_2_6,9-2-6-18
poblado_pa_9_2_6_19,El Portuguéz,correg_pa_9_2_6,9-2-6-19
poblado_pa_9_2_6_20,El Recodo,correg_pa_9_2_6,9-2-6-20
poblado_pa_9_2_6_22,El Harquin,correg_pa_9_2_6,9-2-6-22
poblado_pa_9_2_6_23,La Corocita,correg_pa_9_2_6,9-2-6-23
poblado_pa_9_2_6_24,La Laguna,correg_pa_9_2_6,9-2-6-24
poblado_pa_9_2_6_25,La Mata,correg_pa_9_2_6,9-2-6-25
poblado_pa_9_2_6_26,Las Brujas,correg_pa_9_2_6,9-2-6-26
poblado_pa_9_2_6_27,Las Lajitas,correg_pa_9_2_6,9-2-6-27
poblado_pa_9_2_6_28,Las Trancas,correg_pa_9_2_6,9-2-6-28
poblado_pa_9_2_6_29,Los Limpios (P),correg_pa_9_2_6,9-2-6-29
poblado_pa_9_2_6_30,Llano Colorado,correg_pa_9_2_6,9-2-6-30
poblado_pa_9_2_6_32,Llano Grande,correg_pa_9_2_6,9-2-6-32
poblado_pa_9_2_6_33,Madroñito,correg_pa_9_2_6,9-2-6-33
poblado_pa_9_2_6_35,Mucha Agua,correg_pa_9_2_6,9-2-6-35
poblado_pa_9_2_6_36,La Pedregosita,correg_pa_9_2_6,9-2-6-36
poblado_pa_9_2_6_37,Piña,correg_pa_9_2_6,9-2-6-37
poblado_pa_9_2_6_38,Tierra Blanca,correg_pa_9_2_6,9-2-6-38
poblado_pa_9_2_6_39,Tolondango,correg_pa_9_2_6,9-2-6-39
poblado_pa_9_2_6_41,La Berrugosa o Cañafistulo,correg_pa_9_2_6,9-2-6-41
poblado_pa_9_2_6_43,Corona Abajo,correg_pa_9_2_6,9-2-6-43
poblado_pa_9_2_6_44,Corona Arriba,correg_pa_9_2_6,9-2-6-44
poblado_pa_9_2_6_45,Rodeo Viejo,correg_pa_9_2_6,9-2-6-45
poblado_pa_9_2_6_46,El Zancudo,correg_pa_9_2_6,9-2-6-46
poblado_pa_9_2_6_47,Las Flores (P),correg_pa_9_2_6,9-2-6-47
poblado_pa_9_2_6_48,Portuguéz ( P),correg_pa_9_2_6,9-2-6-48
poblado_pa_9_2_6_49,La Sabaneta,correg_pa_9_2_6,9-2-6-49
poblado_pa_9_2_6_50,El Pedregoso,correg_pa_9_2_6,9-2-6-50
poblado_pa_9_2_6_51,Finca el Rodeo,correg_pa_9_2_6,9-2-6-51
poblado_pa_9_2_7_1,Barro Prieto (P),correg_pa_9_2_7,9-2-7-1
poblado_pa_9_2_7_3,El Macho,correg_pa_9_2_7,9-2-7-3
poblado_pa_9_2_7_4,La Ciraca No. 1 (P),correg_pa_9_2_7,9-2-7-4
poblado_pa_9_2_7_5,La Gallinaza,correg_pa_9_2_7,9-2-7-5
poblado_pa_9_2_7_6,La Raya de Calobre,correg_pa_9_2_7,9-2-7-6
poblado_pa_9_2_7_7,Las Mesillas,correg_pa_9_2_7,9-2-7-7
poblado_pa_9_2_7_8,Las Piñas,correg_pa_9_2_7,9-2-7-8
poblado_pa_9_2_7_9,El Guaracho,correg_pa_9_2_7,9-2-7-9
poblado_pa_9_2_7_11,Agua Blanca,correg_pa_9_2_7,9-2-7-11
poblado_pa_9_2_7_12,Barrerillo,correg_pa_9_2_7,9-2-7-12
poblado_pa_9_2_8_1,Agua Azul,correg_pa_9_2_8,9-2-8-1
poblado_pa_9_2_8_2,El Barrero No. 1,correg_pa_9_2_8,9-2-8-2
poblado_pa_9_2_8_3,El Barrero No. 2,correg_pa_9_2_8,9-2-8-3
poblado_pa_9_2_8_4,Bejucal,correg_pa_9_2_8,9-2-8-4
poblado_pa_9_2_8_5,Boquerón,correg_pa_9_2_8,9-2-8-5
poblado_pa_9_2_8_6,El Baco,correg_pa_9_2_8,9-2-8-6
poblado_pa_9_2_8_8,El Rincón,correg_pa_9_2_8,9-2-8-8
poblado_pa_9_2_8_10,La Juliana,correg_pa_9_2_8,9-2-8-10
poblado_pa_9_2_8_11,Las Mesillas,correg_pa_9_2_8,9-2-8-11
poblado_pa_9_2_8_12,La Tetilla,correg_pa_9_2_8,9-2-8-12
poblado_pa_9_2_8_14,Las Balillas,correg_pa_9_2_8,9-2-8-14
poblado_pa_9_2_8_16,Los Hoyitos,correg_pa_9_2_8,9-2-8-16
poblado_pa_9_2_8_17,Paso Carnal,correg_pa_9_2_8,9-2-8-17
poblado_pa_9_2_8_18,Potrero Viejo,correg_pa_9_2_8,9-2-8-18
poblado_pa_9_2_8_19,Las Nenas,correg_pa_9_2_8,9-2-8-19
poblado_pa_9_2_8_27,Alto el Higo,correg_pa_9_2_8,9-2-8-27
poblado_pa_9_2_8_28,Las Gradas,correg_pa_9_2_8,9-2-8-28
poblado_pa_9_2_9_1,La Sige o la Cije,correg_pa_9_2_9,9-2-9-1
poblado_pa_9_2_9_2,Bajo Viejo,correg_pa_9_2_9,9-2-9-2
poblado_pa_9_2_9_3,Baltazar,correg_pa_9_2_9,9-2-9-3
poblado_pa_9_2_9_4,Barrero Grande,correg_pa_9_2_9,9-2-9-4
poblado_pa_9_2_9_7,Campamento el Flor,correg_pa_9_2_9,9-2-9-7
poblado_pa_9_2_9_8,Caña Brava,correg_pa_9_2_9,9-2-9-8
poblado_pa_9_2_9_9,Cerro Verde,correg_pa_9_2_9,9-2-9-9
poblado_pa_9_2_9_12,Guayabito,correg_pa_9_2_9,9-2-9-12
poblado_pa_9_2_9_13,El Hato,correg_pa_9_2_9,9-2-9-13
poblado_pa_9_2_9_14,El Pedregoso,correg_pa_9_2_9,9-2-9-14
poblado_pa_9_2_9_15,El Ponedero,correg_pa_9_2_9,9-2-9-15
poblado_pa_9_2_9_16,La Laguna,correg_pa_9_2_9,9-2-9-16
poblado_pa_9_2_9_18,Quebrada Piedra,correg_pa_9_2_9,9-2-9-18
poblado_pa_9_2_9_19,La Yeguada,correg_pa_9_2_9,9-2-9-19
poblado_pa_9_2_9_21,Las Guabas,correg_pa_9_2_9,9-2-9-21
poblado_pa_9_2_9_22,Portachuelo,correg_pa_9_2_9,9-2-9-22
poblado_pa_9_2_9_25,El Marañón,correg_pa_9_2_9,9-2-9-25
poblado_pa_9_2_9_26,Miradores,correg_pa_9_2_9,9-2-9-26
poblado_pa_9_2_9_27,Piloncillo,correg_pa_9_2_9,9-2-9-27
poblado_pa_9_2_9_28,El Salitre,correg_pa_9_2_9,9-2-9-28
poblado_pa_9_2_9_29,San Juan,correg_pa_9_2_9,9-2-9-29
poblado_pa_9_2_9_30,El Satro,correg_pa_9_2_9,9-2-9-30
poblado_pa_9_2_9_35,La Higuerilla,correg_pa_9_2_9,9-2-9-35
poblado_pa_9_2_9_36,Los Llanos,correg_pa_9_2_9,9-2-9-36
poblado_pa_9_2_9_39,El Barrerito,correg_pa_9_2_9,9-2-9-39
poblado_pa_9_2_9_40,El Cosme,correg_pa_9_2_9,9-2-9-40
poblado_pa_9_2_9_42,El Jagua,correg_pa_9_2_9,9-2-9-42
poblado_pa_9_2_9_43,El Jagüito,correg_pa_9_2_9,9-2-9-43
poblado_pa_9_2_9_44,El Papelillo,correg_pa_9_2_9,9-2-9-44
poblado_pa_9_2_9_49,Granja Aciv,correg_pa_9_2_9,9-2-9-49
poblado_pa_9_2_9_50,Los Castricos,correg_pa_9_2_9,9-2-9-50
poblado_pa_9_2_9_51,Quebrada Amarilla,correg_pa_9_2_9,9-2-9-51
poblado_pa_9_2_9_52,Viento Arriba (P),correg_pa_9_2_9,9-2-9-52
poblado_pa_9_2_9_53,Alto del Platanal,correg_pa_9_2_9,9-2-9-53
poblado_pa_9_2_9_54,Bajo las Ollas,correg_pa_9_2_9,9-2-9-54
poblado_pa_9_2_10_1,Cicuaro,correg_pa_9_2_10,9-2-10-1
poblado_pa_9_2_10_2,Cocobó Abajo,correg_pa_9_2_10,9-2-10-2
poblado_pa_9_2_10_3,Corotú,correg_pa_9_2_10,9-2-10-3
poblado_pa_9_2_10_4,Corralillo,correg_pa_9_2_10,9-2-10-4
poblado_pa_9_2_10_5,El Balso,correg_pa_9_2_10,9-2-10-5
poblado_pa_9_2_10_6,El Balita,correg_pa_9_2_10,9-2-10-6
poblado_pa_9_2_10_7,El Corozo,correg_pa_9_2_10,9-2-10-7
poblado_pa_9_2_10_10,Las Jiménez,correg_pa_9_2_10,9-2-10-10
poblado_pa_9_2_10_11,Las Guías Abajo,correg_pa_9_2_10,9-2-10-11
poblado_pa_9_2_10_12,Las Guías Arriba,correg_pa_9_2_10,9-2-10-12
poblado_pa_9_2_10_13,La Candelaria,correg_pa_9_2_10,9-2-10-13
poblado_pa_9_2_10_14,La Palma,correg_pa_9_2_10,9-2-10-14
poblado_pa_9_2_10_15,La Puente,correg_pa_9_2_10,9-2-10-15
poblado_pa_9_2_10_16,Las Minas,correg_pa_9_2_10,9-2-10-16
poblado_pa_9_2_10_17,Las Tranquillas,correg_pa_9_2_10,9-2-10-17
poblado_pa_9_2_10_19,Llano Colorado,correg_pa_9_2_10,9-2-10-19
poblado_pa_9_2_10_20,Maizón,correg_pa_9_2_10,9-2-10-20
poblado_pa_9_2_10_21,Mata Palo,correg_pa_9_2_10,9-2-10-21
poblado_pa_9_2_10_22,Pereque,correg_pa_9_2_10,9-2-10-22
poblado_pa_9_2_10_23,La Llorosa o el Encanto,correg_pa_9_2_10,9-2-10-23
poblado_pa_9_2_10_24,Tonosí,correg_pa_9_2_10,9-2-10-24
poblado_pa_9_2_10_25,El Bajo,correg_pa_9_2_10,9-2-10-25
poblado_pa_9_2_10_27,El Fondo (P),correg_pa_9_2_10,9-2-10-27
poblado_pa_9_2_10_28,Finca Cocobó,correg_pa_9_2_10,9-2-10-28
poblado_pa_9_2_11_1,Alto Limón,correg_pa_9_2_11,9-2-11-1
poblado_pa_9_2_11_3,Caña Brava,correg_pa_9_2_11,9-2-11-3
poblado_pa_9_2_11_4,Carabajal,correg_pa_9_2_11,9-2-11-4
poblado_pa_9_2_11_5,Cerro Pelado,correg_pa_9_2_11,9-2-11-5
poblado_pa_9_2_11_6,Chancona,correg_pa_9_2_11,9-2-11-6
poblado_pa_9_2_11_7,El Algarrobo No. 1,correg_pa_9_2_11,9-2-11-7
poblado_pa_9_2_11_8,El Cacique,correg_pa_9_2_11,9-2-11-8
poblado_pa_9_2_11_9,El Charco,correg_pa_9_2_11,9-2-11-9
poblado_pa_9_2_11_10,El Guabal,correg_pa_9_2_11,9-2-11-10
poblado_pa_9_2_11_11,El Hato,correg_pa_9_2_11,9-2-11-11
poblado_pa_9_2_11_14,Garabatillo,correg_pa_9_2_11,9-2-11-14
poblado_pa_9_2_11_15,Honduras,correg_pa_9_2_11,9-2-11-15
poblado_pa_9_2_11_17,Las Mesillas,correg_pa_9_2_11,9-2-11-17
poblado_pa_9_2_11_18,Las Minas,correg_pa_9_2_11,9-2-11-18
poblado_pa_9_2_11_19,Las Palmitas,correg_pa_9_2_11,9-2-11-19
poblado_pa_9_2_11_20,Monjarrás,correg_pa_9_2_11,9-2-11-20
poblado_pa_9_2_11_21,Tierra Cernida,correg_pa_9_2_11,9-2-11-21
poblado_pa_9_2_11_22,Los Algarrobos,correg_pa_9_2_11,9-2-11-22
poblado_pa_9_2_11_23,La Cuchilla,correg_pa_9_2_11,9-2-11-23
poblado_pa_9_2_11_24,Barranca Mala,correg_pa_9_2_11,9-2-11-24
poblado_pa_9_2_11_25,La Placita,correg_pa_9_2_11,9-2-11-25
poblado_pa_9_2_11_27,El Algarrobo No. 2,correg_pa_9_2_11,9-2-11-27
poblado_pa_9_2_11_28,Guayabito (P),correg_pa_9_2_11,9-2-11-28
poblado_pa_9_2_11_29,Manzanillo (P),correg_pa_9_2_11,9-2-11-29
poblado_pa_9_2_11_30,Naranjales (P),correg_pa_9_2_11,9-2-11-30
poblado_pa_9_2_12_1,El Balita No. 1,correg_pa_9_2_12,9-2-12-1
poblado_pa_9_2_12_2,Barranco,correg_pa_9_2_12,9-2-12-2
poblado_pa_9_2_12_3,Capira,correg_pa_9_2_12,9-2-12-3
poblado_pa_9_2_12_5,El Castillo,correg_pa_9_2_12,9-2-12-5
poblado_pa_9_2_12_7,El Copé,correg_pa_9_2_12,9-2-12-7
poblado_pa_9_2_12_8,Charrasleo,correg_pa_9_2_12,9-2-12-8
poblado_pa_9_2_12_9,Escobal,correg_pa_9_2_12,9-2-12-9
poblado_pa_9_2_12_10,El Guásimo,correg_pa_9_2_12,9-2-12-10
poblado_pa_9_2_12_11,El Jagua,correg_pa_9_2_12,9-2-12-11
poblado_pa_9_2_12_12,El Picacho,correg_pa_9_2_12,9-2-12-12
poblado_pa_9_2_12_15,La Gallinaza,correg_pa_9_2_12,9-2-12-15
poblado_pa_9_2_12_17,Las Manos del Pilón,correg_pa_9_2_12,9-2-12-17
poblado_pa_9_2_12_18,El Nancito,correg_pa_9_2_12,9-2-12-18
poblado_pa_9_2_12_19,Los Panamaito,correg_pa_9_2_12,9-2-12-19
poblado_pa_9_2_12_20,Sabaneta,correg_pa_9_2_12,9-2-12-20
poblado_pa_9_2_12_21,San José,correg_pa_9_2_12,9-2-12-21
poblado_pa_9_2_12_23,Sabaneta del Medio,correg_pa_9_2_12,9-2-12-23
poblado_pa_9_2_12_24,La Golondrina,correg_pa_9_2_12,9-2-12-24
poblado_pa_9_2_12_25,Las Quebradas,correg_pa_9_2_12,9-2-12-25
poblado_pa_9_2_12_26,Los Torres (P),correg_pa_9_2_12,9-2-12-26
poblado_pa_9_2_12_27,Ojito de Agua,correg_pa_9_2_12,9-2-12-27
poblado_pa_9_2_12_28,El Bajo de la Corocita,correg_pa_9_2_12,9-2-12-28
poblado_pa_9_2_12_29,El Balita No. 2,correg_pa_9_2_12,9-2-12-29
poblado_pa_9_2_12_30,Lagunilla,correg_pa_9_2_12,9-2-12-30
poblado_pa_9_2_12_31,Quebrada Grande,correg_pa_9_2_12,9-2-12-31
poblado_pa_9_2_12_32,El Charro,correg_pa_9_2_12,9-2-12-32
poblado_pa_9_2_12_33,El Quije (P),correg_pa_9_2_12,9-2-12-33
poblado_pa_9_3_1_1,Agua Viva No. 1,correg_pa_9_3_1,9-3-1-1
poblado_pa_9_3_1_4,Alto Ibalá,correg_pa_9_3_1,9-3-1-4
poblado_pa_9_3_1_13,Cañazas,correg_pa_9_3_1,9-3-1-13
poblado_pa_9_3_1_16,Cerro Viejo,correg_pa_9_3_1,9-3-1-16
poblado_pa_9_3_1_17,Agua Viva No. 2 o los Mangos,correg_pa_9_3_1,9-3-1-17
poblado_pa_9_3_1_22,El Caimito,correg_pa_9_3_1,9-3-1-22
poblado_pa_9_3_1_25,Los Hatillos de Cañazas,correg_pa_9_3_1,9-3-1-25
poblado_pa_9_3_1_27,El Limón,correg_pa_9_3_1,9-3-1-27
poblado_pa_9_3_1_37,La Horqueta,correg_pa_9_3_1,9-3-1-37
poblado_pa_9_3_1_40,La Lima,correg_pa_9_3_1,9-3-1-40
poblado_pa_9_3_1_42,La Plata,correg_pa_9_3_1,9-3-1-42
poblado_pa_9_3_1_44,La Pintada (P),correg_pa_9_3_1,9-3-1-44
poblado_pa_9_3_1_46,La Sabaneta,correg_pa_9_3_1,9-3-1-46
poblado_pa_9_3_1_49,Los García,correg_pa_9_3_1,9-3-1-49
poblado_pa_9_3_1_50,Las Huacas (P),correg_pa_9_3_1,9-3-1-50
poblado_pa_9_3_1_51,Las Lajitas,correg_pa_9_3_1,9-3-1-51
poblado_pa_9_3_1_54,Las Trancas,correg_pa_9_3_1,9-3-1-54
poblado_pa_9_3_1_58,Los Peñones,correg_pa_9_3_1,9-3-1-58
poblado_pa_9_3_1_71,Los Platanales,correg_pa_9_3_1,9-3-1-71
poblado_pa_9_3_1_76,Río Cañazas (P),correg_pa_9_3_1,9-3-1-76
poblado_pa_9_3_1_79,San Juan,correg_pa_9_3_1,9-3-1-79
poblado_pa_9_3_1_81,Santa Rosa,correg_pa_9_3_1,9-3-1-81
poblado_pa_9_3_1_86,Bajo Limón,correg_pa_9_3_1,9-3-1-86
poblado_pa_9_3_1_95,Bajo el Poste (P),correg_pa_9_3_1,9-3-1-95
poblado_pa_9_3_1_96,Los Llanitos,correg_pa_9_3_1,9-3-1-96
poblado_pa_9_3_1_97,Las Mesitas,correg_pa_9_3_1,9-3-1-97
poblado_pa_9_3_1_100,Los Rodríguez,correg_pa_9_3_1,9-3-1-100
poblado_pa_9_3_1_104,Aguacatillo,correg_pa_9_3_1,9-3-1-104
poblado_pa_9_3_1_107,La Cuchilla o los Amores,correg_pa_9_3_1,9-3-1-107
poblado_pa_9_3_1_108,La Lima Arriba,correg_pa_9_3_1,9-3-1-108
poblado_pa_9_3_1_109,Los Sureños,correg_pa_9_3_1,9-3-1-109
poblado_pa_9_3_1_110,Quebrada la Mina,correg_pa_9_3_1,9-3-1-110
poblado_pa_9_3_1_112,Los Camarenas,correg_pa_9_3_1,9-3-1-112
poblado_pa_9_3_1_113,Los Muñoces,correg_pa_9_3_1,9-3-1-113
poblado_pa_9_3_1_116,San Roque,correg_pa_9_3_1,9-3-1-116
poblado_pa_9_3_2_5,Alto de la Concepción,correg_pa_9_3_2,9-3-2-5
poblado_pa_9_3_2_7,Calabra (P),correg_pa_9_3_2,9-3-2-7
poblado_pa_9_3_2_12,Cerro de Plata,correg_pa_9_3_2,9-3-2-12
poblado_pa_9_3_2_15,Charco Redondo,correg_pa_9_3_2,9-3-2-15
poblado_pa_9_3_2_17,Dolega,correg_pa_9_3_2,9-3-2-17
poblado_pa_9_3_2_24,El Cobre,correg_pa_9_3_2,9-3-2-24
poblado_pa_9_3_2_26,El Entregadero,correg_pa_9_3_2,9-3-2-26
poblado_pa_9_3_2_27,El Espino Arriba (P),correg_pa_9_3_2,9-3-2-27
poblado_pa_9_3_2_28,El Flor (P),correg_pa_9_3_2,9-3-2-28
poblado_pa_9_3_2_30,El Hatillo,correg_pa_9_3_2,9-3-2-30
poblado_pa_9_3_2_34,El Jagua,correg_pa_9_3_2,9-3-2-34
poblado_pa_9_3_2_39,El Roble,correg_pa_9_3_2,9-3-2-39
poblado_pa_9_3_2_42,La Concepción,correg_pa_9_3_2,9-3-2-42
poblado_pa_9_3_2_44,La Mata (P),correg_pa_9_3_2,9-3-2-44
poblado_pa_9_3_2_47,La Tonga,correg_pa_9_3_2,9-3-2-47
poblado_pa_9_3_2_54,Llano Bonito No. 2 (P),correg_pa_9_3_2,9-3-2-54
poblado_pa_9_3_2_56,Monte Grande (P),correg_pa_9_3_2,9-3-2-56
poblado_pa_9_3_2_57,El Murciélago (P),correg_pa_9_3_2,9-3-2-57
poblado_pa_9_3_2_69,El Hervedor o el Cobre,correg_pa_9_3_2,9-3-2-69
poblado_pa_9_3_2_70,Las Mesitas No. 2,correg_pa_9_3_2,9-3-2-70
poblado_pa_9_3_2_71,Barrial Blanco,correg_pa_9_3_2,9-3-2-71
poblado_pa_9_3_2_75,Caimito,correg_pa_9_3_2,9-3-2-75
poblado_pa_9_3_2_76,Bajo de la Concepción,correg_pa_9_3_2,9-3-2-76
poblado_pa_9_3_2_77,Los Martínez,correg_pa_9_3_2,9-3-2-77
poblado_pa_9_3_2_78,Guabal Poniente (P),correg_pa_9_3_2,9-3-2-78
poblado_pa_9_3_2_79,El Macano,correg_pa_9_3_2,9-3-2-79
poblado_pa_9_3_2_80,El Espino Abajo,correg_pa_9_3_2,9-3-2-80
poblado_pa_9_3_2_81,La Matilla,correg_pa_9_3_2,9-3-2-81
poblado_pa_9_3_2_82,La Pavona o los Bonches,correg_pa_9_3_2,9-3-2-82
poblado_pa_9_3_3_2,Bocle,correg_pa_9_3_3,9-3-3-2
poblado_pa_9_3_3_3,Buena Vista,correg_pa_9_3_3,9-3-3-3
poblado_pa_9_3_3_4,Cabecera de Río Piedra o la Laguna,correg_pa_9_3_3,9-3-3-4
poblado_pa_9_3_3_6,Campana,correg_pa_9_3_3,9-3-3-6
poblado_pa_9_3_3_9,Cerro Pipa,correg_pa_9_3_3,9-3-3-9
poblado_pa_9_3_3_10,Coteral (P),correg_pa_9_3_3,9-3-3-10
poblado_pa_9_3_3_13,El Hatillo,correg_pa_9_3_3,9-3-3-13
poblado_pa_9_3_3_15,El Macanito,correg_pa_9_3_3,9-3-3-15
poblado_pa_9_3_3_16,El Mangal,correg_pa_9_3_3,9-3-3-16
poblado_pa_9_3_3_17,El Picador,correg_pa_9_3_3,9-3-3-17
poblado_pa_9_3_3_19,Guabito,correg_pa_9_3_3,9-3-3-19
poblado_pa_9_3_3_20,Guacamaya (P),correg_pa_9_3_3,9-3-3-20
poblado_pa_9_3_3_21,La Cruz o la Purísima Abajo,correg_pa_9_3_3,9-3-3-21
poblado_pa_9_3_3_22,La Gaita,correg_pa_9_3_3,9-3-3-22
poblado_pa_9_3_3_24,La Purísima,correg_pa_9_3_3,9-3-3-24
poblado_pa_9_3_3_25,Laja Morada o Lajita Morada,correg_pa_9_3_3,9-3-3-25
poblado_pa_9_3_3_26,Las Mesillas (P),correg_pa_9_3_3,9-3-3-26
poblado_pa_9_3_3_27,Lebache,correg_pa_9_3_3,9-3-3-27
poblado_pa_9_3_3_29,Loma de la Cebolla,correg_pa_9_3_3,9-3-3-29
poblado_pa_9_3_3_30,Llano Bonito (P),correg_pa_9_3_3,9-3-3-30
poblado_pa_9_3_3_31,Llano Bonito o los Llanitos,correg_pa_9_3_3,9-3-3-31
poblado_pa_9_3_3_32,Los Llanitos,correg_pa_9_3_3,9-3-3-32
poblado_pa_9_3_3_33,Nuestro Amo,correg_pa_9_3_3,9-3-3-33
poblado_pa_9_3_3_35,Pedregoso (P),correg_pa_9_3_3,9-3-3-35
poblado_pa_9_3_3_37,Piedra de Agua (P),correg_pa_9_3_3,9-3-3-37
poblado_pa_9_3_3_38,Piedra de Amolar,correg_pa_9_3_3,9-3-3-38
poblado_pa_9_3_3_39,Piedras Gordas,correg_pa_9_3_3,9-3-3-39
poblado_pa_9_3_3_43,Quebrada Llana,correg_pa_9_3_3,9-3-3-43
poblado_pa_9_3_3_44,Quebrada Venado,correg_pa_9_3_3,9-3-3-44
poblado_pa_9_3_3_45,Río Cañazas (P),correg_pa_9_3_3,9-3-3-45
poblado_pa_9_3_3_46,Río Piedra,correg_pa_9_3_3,9-3-3-46
poblado_pa_9_3_3_47,San Javier,correg_pa_9_3_3,9-3-3-47
poblado_pa_9_3_3_48,Tebe,correg_pa_9_3_3,9-3-3-48
poblado_pa_9_3_3_49,Tierra Cortada,correg_pa_9_3_3,9-3-3-49
poblado_pa_9_3_3_50,Loma de Chumico,correg_pa_9_3_3,9-3-3-50
poblado_pa_9_3_3_51,Los Borbones,correg_pa_9_3_3,9-3-3-51
poblado_pa_9_3_4_1,Alto de las Minas,correg_pa_9_3_4,9-3-4-1
poblado_pa_9_3_4_2,Alto de los Pajaritos,correg_pa_9_3_4,9-3-4-2
poblado_pa_9_3_4_3,Bajos de Higui,correg_pa_9_3_4,9-3-4-3
poblado_pa_9_3_4_6,El Común,correg_pa_9_3_4,9-3-4-6
poblado_pa_9_3_4_8,Pedregal (P),correg_pa_9_3_4,9-3-4-8
poblado_pa_9_3_4_9,Los Lajones,correg_pa_9_3_4,9-3-4-9
poblado_pa_9_3_4_11,Los Pilones,correg_pa_9_3_4,9-3-4-11
poblado_pa_9_3_4_12,Los Valles (P),correg_pa_9_3_4,9-3-4-12
poblado_pa_9_3_4_18,Quebrada Larga (P),correg_pa_9_3_4,9-3-4-18
poblado_pa_9_3_4_21,Los Guarumos (P),correg_pa_9_3_4,9-3-4-21
poblado_pa_9_3_4_24,Los Naranjos,correg_pa_9_3_4,9-3-4-24
poblado_pa_9_3_4_25,Coteral (P),correg_pa_9_3_4,9-3-4-25
poblado_pa_9_3_4_27,Los Jiménez,correg_pa_9_3_4,9-3-4-27
poblado_pa_9_3_4_28,Paredón Abajo (P),correg_pa_9_3_4,9-3-4-28
poblado_pa_9_3_5_1,Aguacatillo,correg_pa_9_3_5,9-3-5-1
poblado_pa_9_3_5_3,Alto de Palo Verde (P),correg_pa_9_3_5,9-3-5-3
poblado_pa_9_3_5_4,Alto la Mina,correg_pa_9_3_5,9-3-5-4
poblado_pa_9_3_5_7,Cerro Gordo,correg_pa_9_3_5,9-3-5-7
poblado_pa_9_3_5_8,Cerro San Antonio o Llano Bonito No. 2,correg_pa_9_3_5,9-3-5-8
poblado_pa_9_3_5_9,Cerro Trema (P),correg_pa_9_3_5,9-3-5-9
poblado_pa_9_3_5_10,Cocuyal,correg_pa_9_3_5,9-3-5-10
poblado_pa_9_3_5_11,El Bajo (P),correg_pa_9_3_5,9-3-5-11
poblado_pa_9_3_5_12,El Búho,correg_pa_9_3_5,9-3-5-12
poblado_pa_9_3_5_14,El Castillito,correg_pa_9_3_5,9-3-5-14
poblado_pa_9_3_5_15,El Castillo,correg_pa_9_3_5,9-3-5-15
poblado_pa_9_3_5_16,El Cobrizo,correg_pa_9_3_5,9-3-5-16
poblado_pa_9_3_5_17,El Conejo (P),correg_pa_9_3_5,9-3-5-17
poblado_pa_9_3_5_18,El Gavilán,correg_pa_9_3_5,9-3-5-18
poblado_pa_9_3_5_19,El Barrero o Guayabal No. 1 (P),correg_pa_9_3_5,9-3-5-19
poblado_pa_9_3_5_20,El Higo,correg_pa_9_3_5,9-3-5-20
poblado_pa_9_3_5_22,El Manguito o el Mango o los Mangos,correg_pa_9_3_5,9-3-5-22
poblado_pa_9_3_5_23,El Murciélago (P),correg_pa_9_3_5,9-3-5-23
poblado_pa_9_3_5_24,El Nanzal,correg_pa_9_3_5,9-3-5-24
poblado_pa_9_3_5_25,El Perú,correg_pa_9_3_5,9-3-5-25
poblado_pa_9_3_5_26,El Quira,correg_pa_9_3_5,9-3-5-26
poblado_pa_9_3_5_27,El Rosario (P),correg_pa_9_3_5,9-3-5-27
poblado_pa_9_3_5_28,Huacas del Padre,correg_pa_9_3_5,9-3-5-28
poblado_pa_9_3_5_29,La Mata (P),correg_pa_9_3_5,9-3-5-29
poblado_pa_9_3_5_30,La Misericordia (P),correg_pa_9_3_5,9-3-5-30
poblado_pa_9_3_5_31,La Pandura,correg_pa_9_3_5,9-3-5-31
poblado_pa_9_3_5_32,La Vigía (P),correg_pa_9_3_5,9-3-5-32
poblado_pa_9_3_5_33,Las Mesitas No. .1 (P),correg_pa_9_3_5,9-3-5-33
poblado_pa_9_3_5_34,Loma del Naranjo o los Guarumos (P),correg_pa_9_3_5,9-3-5-34
poblado_pa_9_3_5_35,Llano Bonito No. 1,correg_pa_9_3_5,9-3-5-35
poblado_pa_9_3_5_36,El Marañón (P),correg_pa_9_3_5,9-3-5-36
poblado_pa_9_3_5_37,Monte Grande (P),correg_pa_9_3_5,9-3-5-37
poblado_pa_9_3_5_38,Monte Silencio (P),correg_pa_9_3_5,9-3-5-38
poblado_pa_9_3_5_39,Paso Real,correg_pa_9_3_5,9-3-5-39
poblado_pa_9_3_5_42,San José,correg_pa_9_3_5,9-3-5-42
poblado_pa_9_3_5_43,San Juan de Dios,correg_pa_9_3_5,9-3-5-43
poblado_pa_9_3_5_45,Alto el Mudo (P),correg_pa_9_3_5,9-3-5-45
poblado_pa_9_3_5_46,Bajo Palo Verde (P),correg_pa_9_3_5,9-3-5-46
poblado_pa_9_3_5_47,El Cerezo (P),correg_pa_9_3_5,9-3-5-47
poblado_pa_9_3_5_48,El Pilón,correg_pa_9_3_5,9-3-5-48
poblado_pa_9_3_5_49,La Horqueta,correg_pa_9_3_5,9-3-5-49
poblado_pa_9_3_5_50,Quebrada Grande,correg_pa_9_3_5,9-3-5-50
poblado_pa_9_3_5_51,Quebrada Limón o la Chuerela (P),correg_pa_9_3_5,9-3-5-51
poblado_pa_9_3_5_53,Sitio Cortezo,correg_pa_9_3_5,9-3-5-53
poblado_pa_9_3_6_1,Agua Amarilla,correg_pa_9_3_6,9-3-6-1
poblado_pa_9_3_6_2,Aguacatal,correg_pa_9_3_6,9-3-6-2
poblado_pa_9_3_6_6,El Barrerillo,correg_pa_9_3_6,9-3-6-6
poblado_pa_9_3_6_7,Boca de Corita,correg_pa_9_3_6,9-3-6-7
poblado_pa_9_3_6_8,Los Cruces,correg_pa_9_3_6,9-3-6-8
poblado_pa_9_3_6_10,Cancha Larga,correg_pa_9_3_6,9-3-6-10
poblado_pa_9_3_6_13,Corita de los Pérez,correg_pa_9_3_6,9-3-6-13
poblado_pa_9_3_6_14,Zapotal No. 1,correg_pa_9_3_6,9-3-6-14
poblado_pa_9_3_6_18,El Juncal,correg_pa_9_3_6,9-3-6-18
poblado_pa_9_3_6_22,El Pollo,correg_pa_9_3_6,9-3-6-22
poblado_pa_9_3_6_23,El Poste,correg_pa_9_3_6,9-3-6-23
poblado_pa_9_3_6_25,El Roble,correg_pa_9_3_6,9-3-6-25
poblado_pa_9_3_6_28,Horconcito,correg_pa_9_3_6,9-3-6-28
poblado_pa_9_3_6_30,La Libertad,correg_pa_9_3_6,9-3-6-30
poblado_pa_9_3_6_32,Filipinas,correg_pa_9_3_6,9-3-6-32
poblado_pa_9_3_6_33,Las Huacas (P),correg_pa_9_3_6,9-3-6-33
poblado_pa_9_3_6_37,La Minita,correg_pa_9_3_6,9-3-6-37
poblado_pa_9_3_6_38,Los Aguilares,correg_pa_9_3_6,9-3-6-38
poblado_pa_9_3_6_40,Los Hernández,correg_pa_9_3_6,9-3-6-40
poblado_pa_9_3_6_43,Llano las Varas,correg_pa_9_3_6,9-3-6-43
poblado_pa_9_3_6_44,Llano el Bajo,correg_pa_9_3_6,9-3-6-44
poblado_pa_9_3_6_45,Llano Grande,correg_pa_9_3_6,9-3-6-45
poblado_pa_9_3_6_47,Palo Verde (P),correg_pa_9_3_6,9-3-6-47
poblado_pa_9_3_6_49,Pocrí,correg_pa_9_3_6,9-3-6-49
poblado_pa_9_3_6_50,Quebrada Rica,correg_pa_9_3_6,9-3-6-50
poblado_pa_9_3_6_52,San Marcelo,correg_pa_9_3_6,9-3-6-52
poblado_pa_9_3_6_62,Finca Otero,correg_pa_9_3_6,9-3-6-62
poblado_pa_9_3_6_64,Bajo el Poste (P),correg_pa_9_3_6,9-3-6-64
poblado_pa_9_3_6_65,El Banquillo,correg_pa_9_3_6,9-3-6-65
poblado_pa_9_3_6_66,El Picacho,correg_pa_9_3_6,9-3-6-66
poblado_pa_9_3_6_67,Guabal Saliente (P),correg_pa_9_3_6,9-3-6-67
poblado_pa_9_3_6_68,Altos de los Sánchez (P),correg_pa_9_3_6,9-3-6-68
poblado_pa_9_3_7_1,Alto las Varas,correg_pa_9_3_7,9-3-7-1
poblado_pa_9_3_7_2,Alto del Cristo,correg_pa_9_3_7,9-3-7-2
poblado_pa_9_3_7_3,Boca de la Mona,correg_pa_9_3_7,9-3-7-3
poblado_pa_9_3_7_4,El Aromillo,correg_pa_9_3_7,9-3-7-4
poblado_pa_9_3_7_5,Los Canillos,correg_pa_9_3_7,9-3-7-5
poblado_pa_9_3_7_6,El Ceibal,correg_pa_9_3_7,9-3-7-6
poblado_pa_9_3_7_7,El Comuncito,correg_pa_9_3_7,9-3-7-7
poblado_pa_9_3_7_8,El Corral,correg_pa_9_3_7,9-3-7-8
poblado_pa_9_3_7_9,El Hacha,correg_pa_9_3_7,9-3-7-9
poblado_pa_9_3_7_10,El Limón,correg_pa_9_3_7,9-3-7-10
poblado_pa_9_3_7_11,El Palmar,correg_pa_9_3_7,9-3-7-11
poblado_pa_9_3_7_12,Guabal Saliente (P),correg_pa_9_3_7,9-3-7-12
poblado_pa_9_3_7_13,La Toronja o los González,correg_pa_9_3_7,9-3-7-13
poblado_pa_9_3_7_15,Las Lajillas,correg_pa_9_3_7,9-3-7-15
poblado_pa_9_3_7_16,Las Lajitas,correg_pa_9_3_7,9-3-7-16
poblado_pa_9_3_7_17,Las Minitas,correg_pa_9_3_7,9-3-7-17
poblado_pa_9_3_7_18,Los Aguilares,correg_pa_9_3_7,9-3-7-18
poblado_pa_9_3_7_19,Los Bultos,correg_pa_9_3_7,9-3-7-19
poblado_pa_9_3_7_20,Los Llanitos,correg_pa_9_3_7,9-3-7-20
poblado_pa_9_3_7_21,Los Panamaes,correg_pa_9_3_7,9-3-7-21
poblado_pa_9_3_7_22,Palma Real,correg_pa_9_3_7,9-3-7-22
poblado_pa_9_3_7_23,El Ranero,correg_pa_9_3_7,9-3-7-23
poblado_pa_9_3_7_24,Ratón,correg_pa_9_3_7,9-3-7-24
poblado_pa_9_3_7_25,Tolecillo,correg_pa_9_3_7,9-3-7-25
poblado_pa_9_3_7_26,Tranquilla,correg_pa_9_3_7,9-3-7-26
poblado_pa_9_3_7_27,Tranquilla del Guabal,correg_pa_9_3_7,9-3-7-27
poblado_pa_9_3_7_28,Ventorrillo,correg_pa_9_3_7,9-3-7-28
poblado_pa_9_3_7_29,Zapotal,correg_pa_9_3_7,9-3-7-29
poblado_pa_9_3_7_30,Ojo de Agua,correg_pa_9_3_7,9-3-7-30
poblado_pa_9_3_7_31,Ceibal Abajo,correg_pa_9_3_7,9-3-7-31
poblado_pa_9_3_8_1,El Alto,correg_pa_9_3_8,9-3-8-1
poblado_pa_9_3_8_2,El Blandito,correg_pa_9_3_8,9-3-8-2
poblado_pa_9_3_8_3,El Cortezo (P),correg_pa_9_3_8,9-3-8-3
poblado_pa_9_3_8_4,El Espino Arriba (P),correg_pa_9_3_8,9-3-8-4
poblado_pa_9_3_8_5,El Flor,correg_pa_9_3_8,9-3-8-5
poblado_pa_9_3_8_6,El Higuito (P),correg_pa_9_3_8,9-3-8-6
poblado_pa_9_3_8_7,El Román,correg_pa_9_3_8,9-3-8-7
poblado_pa_9_3_8_8,El Tigrillo,correg_pa_9_3_8,9-3-8-8
poblado_pa_9_3_8_9,Guabal Arriba,correg_pa_9_3_8,9-3-8-9
poblado_pa_9_3_8_10,Guabal Poniente (P),correg_pa_9_3_8,9-3-8-10
poblado_pa_9_3_8_12,Las Cruces,correg_pa_9_3_8,9-3-8-12
poblado_pa_9_3_8_13,Llano Hondo,correg_pa_9_3_8,9-3-8-13
poblado_pa_9_3_8_14,Los González,correg_pa_9_3_8,9-3-8-14
poblado_pa_9_3_8_15,Los Mangos,correg_pa_9_3_8,9-3-8-15
poblado_pa_9_3_8_16,Los Morales,correg_pa_9_3_8,9-3-8-16
poblado_pa_9_3_8_17,Pan de Azúcar,correg_pa_9_3_8,9-3-8-17
poblado_pa_9_3_8_18,Picacho,correg_pa_9_3_8,9-3-8-18
poblado_pa_9_3_8_19,San Juan de Dios,correg_pa_9_3_8,9-3-8-19
poblado_pa_9_3_8_20,Virigua,correg_pa_9_3_8,9-3-8-20
poblado_pa_9_3_8_21,Yuca Amarilla,correg_pa_9_3_8,9-3-8-21
poblado_pa_9_3_8_22,El Marañón (P),correg_pa_9_3_8,9-3-8-22
poblado_pa_9_4_1_2,Asiento Bonito o los Manguitos (P),correg_pa_9_4_1,9-4-1-2
poblado_pa_9_4_1_3,Bella Vista,correg_pa_9_4_1,9-4-1-3
poblado_pa_9_4_1_4,La Boca de los Ríos,correg_pa_9_4_1,9-4-1-4
poblado_pa_9_4_1_6,Canto del Llano,correg_pa_9_4_1,9-4-1-6
poblado_pa_9_4_1_8,Corozal,correg_pa_9_4_1,9-4-1-8
poblado_pa_9_4_1_10,Chumical o el Chumical,correg_pa_9_4_1,9-4-1-10
poblado_pa_9_4_1_12,El Cuartillo (P),correg_pa_9_4_1,9-4-1-12
poblado_pa_9_4_1_14,El Guabino,correg_pa_9_4_1,9-4-1-14
poblado_pa_9_4_1_15,La Charcona o el Hato (P),correg_pa_9_4_1,9-4-1-15
poblado_pa_9_4_1_19,El Otro Lado,correg_pa_9_4_1,9-4-1-19
poblado_pa_9_4_1_20,El Piro,correg_pa_9_4_1,9-4-1-20
poblado_pa_9_4_1_23,La Bartola,correg_pa_9_4_1,9-4-1-23
poblado_pa_9_4_1_24,La Buena Esperanza,correg_pa_9_4_1,9-4-1-24
poblado_pa_9_4_1_25,La Chuita (P),correg_pa_9_4_1,9-4-1-25
poblado_pa_9_4_1_28,La Mesa,correg_pa_9_4_1,9-4-1-28
poblado_pa_9_4_1_30,La Trinidad,correg_pa_9_4_1,9-4-1-30
poblado_pa_9_4_1_31,Las Ánimas,correg_pa_9_4_1,9-4-1-31
poblado_pa_9_4_1_32,Los Barría,correg_pa_9_4_1,9-4-1-32
poblado_pa_9_4_1_34,Los González,correg_pa_9_4_1,9-4-1-34
poblado_pa_9_4_1_36,Los Solices,correg_pa_9_4_1,9-4-1-36
poblado_pa_9_4_1_37,Llano Bonito,correg_pa_9_4_1,9-4-1-37
poblado_pa_9_4_1_39,Monte Grande,correg_pa_9_4_1,9-4-1-39
poblado_pa_9_4_1_42,Palma Real,correg_pa_9_4_1,9-4-1-42
poblado_pa_9_4_1_43,Palomares,correg_pa_9_4_1,9-4-1-43
poblado_pa_9_4_1_47,Rincón Largo,correg_pa_9_4_1,9-4-1-47
poblado_pa_9_4_1_50,Santa Catalina,correg_pa_9_4_1,9-4-1-50
poblado_pa_9_4_1_52,San Pedrito,correg_pa_9_4_1,9-4-1-52
poblado_pa_9_4_1_53,Cutubi,correg_pa_9_4_1,9-4-1-53
poblado_pa_9_4_1_54,La Pita,correg_pa_9_4_1,9-4-1-54
poblado_pa_9_4_1_55,Alto de la Montaña,correg_pa_9_4_1,9-4-1-55
poblado_pa_9_4_1_56,El Carbón,correg_pa_9_4_1,9-4-1-56
poblado_pa_9_4_1_57,Quebrada Lajas,correg_pa_9_4_1,9-4-1-57
poblado_pa_9_4_1_58,El Macano,correg_pa_9_4_1,9-4-1-58
poblado_pa_9_4_1_62,Piedra Redonda,correg_pa_9_4_1,9-4-1-62
poblado_pa_9_4_1_63,El Bolsico (P),correg_pa_9_4_1,9-4-1-63
poblado_pa_9_4_1_64,Cerro Redondo (P),correg_pa_9_4_1,9-4-1-64
poblado_pa_9_4_1_67,El Coco,correg_pa_9_4_1,9-4-1-67
poblado_pa_9_4_1_68,Los Bravos,correg_pa_9_4_1,9-4-1-68
poblado_pa_9_4_1_71,Mediania,correg_pa_9_4_1,9-4-1-71
poblado_pa_9_4_1_73,Piedra Hincada,correg_pa_9_4_1,9-4-1-73
poblado_pa_9_4_1_77,Los Arenas,correg_pa_9_4_1,9-4-1-77
poblado_pa_9_4_1_78,La Montaña o la Montaña Arriba (P),correg_pa_9_4_1,9-4-1-78
poblado_pa_9_4_1_81,Llano del Padre (P),correg_pa_9_4_1,9-4-1-81
poblado_pa_9_4_1_82,Sabaneta de la Montaña,correg_pa_9_4_1,9-4-1-82
poblado_pa_9_4_1_83,Cabecera de Quebrada Lajas,correg_pa_9_4_1,9-4-1-83
poblado_pa_9_4_1_85,Finca el Gavilán,correg_pa_9_4_1,9-4-1-85
poblado_pa_9_4_1_86,Finca Torres,correg_pa_9_4_1,9-4-1-86
poblado_pa_9_4_1_87,El Pedregoso,correg_pa_9_4_1,9-4-1-87
poblado_pa_9_4_1_88,Finca San Lorenzo,correg_pa_9_4_1,9-4-1-88
poblado_pa_9_4_1_89,Barriada Virgen de Guadalupe,correg_pa_9_4_1,9-4-1-89
poblado_pa_9_4_2_2,Bisvalles,correg_pa_9_4_2,9-4-2-2
poblado_pa_9_4_2_3,Caimital No. 1,correg_pa_9_4_2,9-4-2-3
poblado_pa_9_4_2_5,Cerro Redondo (P),correg_pa_9_4_2,9-4-2-5
poblado_pa_9_4_2_6,Cortaderal,correg_pa_9_4_2,9-4-2-6
poblado_pa_9_4_2_8,Alto del Jobo,correg_pa_9_4_2,9-4-2-8
poblado_pa_9_4_2_9,Alto del Llanón,correg_pa_9_4_2,9-4-2-9
poblado_pa_9_4_2_10,El Perú,correg_pa_9_4_2,9-4-2-10
poblado_pa_9_4_2_11,El Salto de Subi,correg_pa_9_4_2,9-4-2-11
poblado_pa_9_4_2_12,La Bonia,correg_pa_9_4_2,9-4-2-12
poblado_pa_9_4_2_15,El Pedregoso,correg_pa_9_4_2,9-4-2-15
poblado_pa_9_4_2_16,La Pintada,correg_pa_9_4_2,9-4-2-16
poblado_pa_9_4_2_17,Las Huacas,correg_pa_9_4_2,9-4-2-17
poblado_pa_9_4_2_18,Los Llanitos,correg_pa_9_4_2,9-4-2-18
poblado_pa_9_4_2_19,Los Méndez,correg_pa_9_4_2,9-4-2-19
poblado_pa_9_4_2_20,Las Mendozas No. 1,correg_pa_9_4_2,9-4-2-20
poblado_pa_9_4_2_21,Los Mendozas No. 2,correg_pa_9_4_2,9-4-2-21
poblado_pa_9_4_2_22,Los Ríos,correg_pa_9_4_2,9-4-2-22
poblado_pa_9_4_2_24,Alto de los Sánchez (P),correg_pa_9_4_2,9-4-2-24
poblado_pa_9_4_2_25,Los Valdéses,correg_pa_9_4_2,9-4-2-25
poblado_pa_9_4_2_26,Llano de la Cruz,correg_pa_9_4_2,9-4-2-26
poblado_pa_9_4_2_27,Llano del Padre (P),correg_pa_9_4_2,9-4-2-27
poblado_pa_9_4_2_28,Madroñal,correg_pa_9_4_2,9-4-2-28
poblado_pa_9_4_2_29,Peñoncillo,correg_pa_9_4_2,9-4-2-29
poblado_pa_9_4_2_30,Los Pilones,correg_pa_9_4_2,9-4-2-30
poblado_pa_9_4_2_31,Portobelo,correg_pa_9_4_2,9-4-2-31
poblado_pa_9_4_2_32,Pueblo Viejo,correg_pa_9_4_2,9-4-2-32
poblado_pa_9_4_2_33,San Pedrito,correg_pa_9_4_2,9-4-2-33
poblado_pa_9_4_2_34,Subi,correg_pa_9_4_2,9-4-2-34
poblado_pa_9_4_2_35,Tierra Blanca,correg_pa_9_4_2,9-4-2-35
poblado_pa_9_4_2_36,Nanzal,correg_pa_9_4_2,9-4-2-36
poblado_pa_9_4_2_38,San Pablo,correg_pa_9_4_2,9-4-2-38
poblado_pa_9_4_2_39,La Chuita (P),correg_pa_9_4_2,9-4-2-39
poblado_pa_9_4_2_40,Caimital No. 2,correg_pa_9_4_2,9-4-2-40
poblado_pa_9_4_2_44,Finca Caña Blanca,correg_pa_9_4_2,9-4-2-44
poblado_pa_9_4_2_45,El Llanón,correg_pa_9_4_2,9-4-2-45
poblado_pa_9_4_2_47,La Pintada (P),correg_pa_9_4_2,9-4-2-47
poblado_pa_9_4_2_48,Paraíso,correg_pa_9_4_2,9-4-2-48
poblado_pa_9_4_2_50,Honduras,correg_pa_9_4_2,9-4-2-50
poblado_pa_9_4_2_51,Asiento Bonito o los Manguitos (P),correg_pa_9_4_2,9-4-2-51
poblado_pa_9_4_2_52,Monterey,correg_pa_9_4_2,9-4-2-52
poblado_pa_9_4_2_53,Palo Verde (P),correg_pa_9_4_2,9-4-2-53
poblado_pa_9_4_3_1,Alto Boró (P),correg_pa_9_4_3,9-4-3-1
poblado_pa_9_4_3_2,Alto de los Pérez,correg_pa_9_4_3,9-4-3-2
poblado_pa_9_4_3_3,El Barrero,correg_pa_9_4_3,9-4-3-3
poblado_pa_9_4_3_4,Boró,correg_pa_9_4_3,9-4-3-4
poblado_pa_9_4_3_7,Corozal,correg_pa_9_4_3,9-4-3-7
poblado_pa_9_4_3_8,Alto Gunzal,correg_pa_9_4_3,9-4-3-8
poblado_pa_9_4_3_10,El Bajo,correg_pa_9_4_3,9-4-3-10
poblado_pa_9_4_3_11,El Barrito,correg_pa_9_4_3,9-4-3-11
poblado_pa_9_4_3_14,Picador,correg_pa_9_4_3,9-4-3-14
poblado_pa_9_4_3_15,Rincón de San Pablo,correg_pa_9_4_3,9-4-3-15
poblado_pa_9_4_3_16,El Salero,correg_pa_9_4_3,9-4-3-16
poblado_pa_9_4_3_17,El Zapato,correg_pa_9_4_3,9-4-3-17
poblado_pa_9_4_3_18,Guayabal,correg_pa_9_4_3,9-4-3-18
poblado_pa_9_4_3_19,La Montaña de los Castillos,correg_pa_9_4_3,9-4-3-19
poblado_pa_9_4_3_20,La Montaña de Boró No. 2,correg_pa_9_4_3,9-4-3-20
poblado_pa_9_4_3_21,La Piroza,correg_pa_9_4_3,9-4-3-21
poblado_pa_9_4_3_22,Las Huacas,correg_pa_9_4_3,9-4-3-22
poblado_pa_9_4_3_23,Los Ábregos,correg_pa_9_4_3,9-4-3-23
poblado_pa_9_4_3_24,Bajo San Pablo o los Jiménez,correg_pa_9_4_3,9-4-3-24
poblado_pa_9_4_3_26,Los Morales,correg_pa_9_4_3,9-4-3-26
poblado_pa_9_4_3_28,Los Pineda,correg_pa_9_4_3,9-4-3-28
poblado_pa_9_4_3_29,Los Quinteros,correg_pa_9_4_3,9-4-3-29
poblado_pa_9_4_3_30,Los Ruices,correg_pa_9_4_3,9-4-3-30
poblado_pa_9_4_3_31,Llano Grande,correg_pa_9_4_3,9-4-3-31
poblado_pa_9_4_3_32,Olaca,correg_pa_9_4_3,9-4-3-32
poblado_pa_9_4_3_33,Panda o la Panda,correg_pa_9_4_3,9-4-3-33
poblado_pa_9_4_3_35,El Piñal No. 1 (P),correg_pa_9_4_3,9-4-3-35
poblado_pa_9_4_3_36,Santa Rita,correg_pa_9_4_3,9-4-3-36
poblado_pa_9_4_3_37,El Quira,correg_pa_9_4_3,9-4-3-37
poblado_pa_9_4_3_38,La Pita,correg_pa_9_4_3,9-4-3-38
poblado_pa_9_4_3_39,El Junquito o los Vásquez (P),correg_pa_9_4_3,9-4-3-39
poblado_pa_9_4_3_40,Cerro Gil,correg_pa_9_4_3,9-4-3-40
poblado_pa_9_4_3_41,Los González No. 2,correg_pa_9_4_3,9-4-3-41
poblado_pa_9_4_3_42,El Salero Abajo,correg_pa_9_4_3,9-4-3-42
poblado_pa_9_4_3_44,El Pedregoso,correg_pa_9_4_3,9-4-3-44
poblado_pa_9_4_4_1,Bijagual,correg_pa_9_4_4,9-4-4-1
poblado_pa_9_4_4_2,Charco Negro,correg_pa_9_4_4,9-4-4-2
poblado_pa_9_4_4_6,El Guabal,correg_pa_9_4_4,9-4-4-6
poblado_pa_9_4_4_8,La Lina,correg_pa_9_4_4,9-4-4-8
poblado_pa_9_4_4_9,La Montaña o la Montaña Arriba (P),correg_pa_9_4_4,9-4-4-9
poblado_pa_9_4_4_12,Las Lomas,correg_pa_9_4_4,9-4-4-12
poblado_pa_9_4_4_14,Los Siancas,correg_pa_9_4_4,9-4-4-14
poblado_pa_9_4_4_16,Los Ríos,correg_pa_9_4_4,9-4-4-16
poblado_pa_9_4_4_17,Llano Grande,correg_pa_9_4_4,9-4-4-17
poblado_pa_9_4_4_19,Pedernal,correg_pa_9_4_4,9-4-4-19
poblado_pa_9_4_4_21,El Barrero,correg_pa_9_4_4,9-4-4-21
poblado_pa_9_4_4_22,El Rodeo,correg_pa_9_4_4,9-4-4-22
poblado_pa_9_4_4_23,La Sabaneta de la Montaña,correg_pa_9_4_4,9-4-4-23
poblado_pa_9_4_4_25,El Ají,correg_pa_9_4_4,9-4-4-25
poblado_pa_9_4_4_26,La Pifá,correg_pa_9_4_4,9-4-4-26
poblado_pa_9_4_4_27,El Pinto,correg_pa_9_4_4,9-4-4-27
poblado_pa_9_4_4_29,La Montaña Abajo,correg_pa_9_4_4,9-4-4-29
poblado_pa_9_4_4_30,El Chutre,correg_pa_9_4_4,9-4-4-30
poblado_pa_9_4_4_31,Finca Mis Estrellas,correg_pa_9_4_4,9-4-4-31
poblado_pa_9_4_4_32,Piedra Candela,correg_pa_9_4_4,9-4-4-32
poblado_pa_9_4_4_33,El Bolsico (P),correg_pa_9_4_4,9-4-4-33
poblado_pa_9_4_4_34,El Picacho,correg_pa_9_4_4,9-4-4-34
poblado_pa_9_4_4_35,Finca Rincón Seco,correg_pa_9_4_4,9-4-4-35
poblado_pa_9_4_4_36,Finca Virzi,correg_pa_9_4_4,9-4-4-36
poblado_pa_9_4_4_37,Loma Larga,correg_pa_9_4_4,9-4-4-37
poblado_pa_9_4_5_1,Agua Viva,correg_pa_9_4_5,9-4-5-1
poblado_pa_9_4_5_8,El Barrero,correg_pa_9_4_5,9-4-5-8
poblado_pa_9_4_5_10,El Caimito (P),correg_pa_9_4_5,9-4-5-10
poblado_pa_9_4_5_18,Santa Clara (P),correg_pa_9_4_5,9-4-5-18
poblado_pa_9_4_5_20,El Juanón,correg_pa_9_4_5,9-4-5-20
poblado_pa_9_4_5_21,El Llanón,correg_pa_9_4_5,9-4-5-21
poblado_pa_9_4_5_22,El Matillo,correg_pa_9_4_5,9-4-5-22
poblado_pa_9_4_5_25,La Hueca Abajo,correg_pa_9_4_5,9-4-5-25
poblado_pa_9_4_5_26,La Hueca Arriba,correg_pa_9_4_5,9-4-5-26
poblado_pa_9_4_5_32,Las Lías,correg_pa_9_4_5,9-4-5-32
poblado_pa_9_4_5_36,El Junquito o los Vásquez (P),correg_pa_9_4_5,9-4-5-36
poblado_pa_9_4_5_37,Llano Largo,correg_pa_9_4_5,9-4-5-37
poblado_pa_9_4_5_39,Paja Arrancada,correg_pa_9_4_5,9-4-5-39
poblado_pa_9_4_5_40,Paso Real,correg_pa_9_4_5,9-4-5-40
poblado_pa_9_4_5_44,Quebrada Meregildo,correg_pa_9_4_5,9-4-5-44
poblado_pa_9_4_5_48,San Bartolo,correg_pa_9_4_5,9-4-5-48
poblado_pa_9_4_5_51,Barro Blanco,correg_pa_9_4_5,9-4-5-51
poblado_pa_9_4_5_56,La Pifá,correg_pa_9_4_5,9-4-5-56
poblado_pa_9_4_5_58,La Ponuga,correg_pa_9_4_5,9-4-5-58
poblado_pa_9_4_6_1,Caña Brava,correg_pa_9_4_6,9-4-6-1
poblado_pa_9_4_6_2,El Gavilán,correg_pa_9_4_6,9-4-6-2
poblado_pa_9_4_6_3,Guarumal,correg_pa_9_4_6,9-4-6-3
poblado_pa_9_4_6_4,Hacienda el Rodeo,correg_pa_9_4_6,9-4-6-4
poblado_pa_9_4_6_5,Las Matillas,correg_pa_9_4_6,9-4-6-5
poblado_pa_9_4_6_6,Los Castillos,correg_pa_9_4_6,9-4-6-6
poblado_pa_9_4_6_7,Los Flores,correg_pa_9_4_6,9-4-6-7
poblado_pa_9_4_6_8,Los Leones,correg_pa_9_4_6,9-4-6-8
poblado_pa_9_4_6_9,Los Rosas,correg_pa_9_4_6,9-4-6-9
poblado_pa_9_4_6_10,Mostrenco,correg_pa_9_4_6,9-4-6-10
poblado_pa_9_4_6_11,Palo Alto,correg_pa_9_4_6,9-4-6-11
poblado_pa_9_4_6_12,Paso Real,correg_pa_9_4_6,9-4-6-12
poblado_pa_9_4_6_13,El Rodeo,correg_pa_9_4_6,9-4-6-13
poblado_pa_9_4_6_14,Finca Agroganadera San Pedro,correg_pa_9_4_6,9-4-6-14
poblado_pa_9_4_6_15,Finca Ganadera Cocobola,correg_pa_9_4_6,9-4-6-15
poblado_pa_9_4_6_16,Nueva Jerusalén,correg_pa_9_4_6,9-4-6-16
poblado_pa_9_4_6_17,Los Cerros,correg_pa_9_4_6,9-4-6-17
poblado_pa_9_4_7_1,Alto de la Pavona,correg_pa_9_4_7,9-4-7-1
poblado_pa_9_4_7_2,Alto Boró (P),correg_pa_9_4_7,9-4-7-2
poblado_pa_9_4_7_3,Altos de la Palma,correg_pa_9_4_7,9-4-7-3
poblado_pa_9_4_7_4,Bajo del Cobre o los Camaños,correg_pa_9_4_7,9-4-7-4
poblado_pa_9_4_7_5,Balilla,correg_pa_9_4_7,9-4-7-5
poblado_pa_9_4_7_6,Balsina o Zapote,correg_pa_9_4_7,9-4-7-6
poblado_pa_9_4_7_8,El Caimito (P),correg_pa_9_4_7,9-4-7-8
poblado_pa_9_4_7_9,El Cañafístulo,correg_pa_9_4_7,9-4-7-9
poblado_pa_9_4_7_10,El Capacho,correg_pa_9_4_7,9-4-7-10
poblado_pa_9_4_7_11,El Cedral,correg_pa_9_4_7,9-4-7-11
poblado_pa_9_4_7_12,El Chumical,correg_pa_9_4_7,9-4-7-12
poblado_pa_9_4_7_14,El Cobre,correg_pa_9_4_7,9-4-7-14
poblado_pa_9_4_7_15,El Higo,correg_pa_9_4_7,9-4-7-15
poblado_pa_9_4_7_16,El Higuerón,correg_pa_9_4_7,9-4-7-16
poblado_pa_9_4_7_17,El Juan,correg_pa_9_4_7,9-4-7-17
poblado_pa_9_4_7_18,Hoja de Teñir,correg_pa_9_4_7,9-4-7-18
poblado_pa_9_4_7_19,Lajilla,correg_pa_9_4_7,9-4-7-19
poblado_pa_9_4_7_20,Las Ánimas de Boró,correg_pa_9_4_7,9-4-7-20
poblado_pa_9_4_7_21,Las Peñitas,correg_pa_9_4_7,9-4-7-21
poblado_pa_9_4_7_22,Llano Bonito,correg_pa_9_4_7,9-4-7-22
poblado_pa_9_4_7_23,Los Jiménez,correg_pa_9_4_7,9-4-7-23
poblado_pa_9_4_7_24,Marañón,correg_pa_9_4_7,9-4-7-24
poblado_pa_9_4_7_25,Pueblo Nuevo,correg_pa_9_4_7,9-4-7-25
poblado_pa_9_4_7_26,Quebrada la Palma o el Cruce de Cerro Palma,correg_pa_9_4_7,9-4-7-26
poblado_pa_9_4_7_27,Quebrada Limón,correg_pa_9_4_7,9-4-7-27
poblado_pa_9_4_7_28,Santa Ana o los Quinteros,correg_pa_9_4_7,9-4-7-28
poblado_pa_9_4_7_29,Santa Clara (P),correg_pa_9_4_7,9-4-7-29
poblado_pa_9_4_7_30,Agua Fría,correg_pa_9_4_7,9-4-7-30
poblado_pa_9_5_1_3,Alto de las Mejías,correg_pa_9_5_1,9-5-1-3
poblado_pa_9_5_1_5,Bajada de la Cruz (P),correg_pa_9_5_1,9-5-1-5
poblado_pa_9_5_1_7,El Mamey,correg_pa_9_5_1,9-5-1-7
poblado_pa_9_5_1_9,Boca del Monte (P),correg_pa_9_5_1,9-5-1-9
poblado_pa_9_5_1_12,Cañacillas (P),correg_pa_9_5_1,9-5-1-12
poblado_pa_9_5_1_19,El Aguacate,correg_pa_9_5_1,9-5-1-19
poblado_pa_9_5_1_20,Bajos de los Cholitos (P),correg_pa_9_5_1,9-5-1-20
poblado_pa_9_5_1_22,El Espavecito,correg_pa_9_5_1,9-5-1-22
poblado_pa_9_5_1_24,El Guarumo,correg_pa_9_5_1,9-5-1-24
poblado_pa_9_5_1_29,El Pavón (P),correg_pa_9_5_1,9-5-1-29
poblado_pa_9_5_1_35,La Candelaria (P),correg_pa_9_5_1,9-5-1-35
poblado_pa_9_5_1_37,La Pedregosa (P),correg_pa_9_5_1,9-5-1-37
poblado_pa_9_5_1_39,La Trinidad (P),correg_pa_9_5_1,9-5-1-39
poblado_pa_9_5_1_40,Las Huacas,correg_pa_9_5_1,9-5-1-40
poblado_pa_9_5_1_41,Las Lajas,correg_pa_9_5_1,9-5-1-41
poblado_pa_9_5_1_43,Las Palmas,correg_pa_9_5_1,9-5-1-43
poblado_pa_9_5_1_49,Llano Largo No. 1,correg_pa_9_5_1,9-5-1-49
poblado_pa_9_5_1_55,Los Gaitanes,correg_pa_9_5_1,9-5-1-55
poblado_pa_9_5_1_78,Alto de la Yegua,correg_pa_9_5_1,9-5-1-78
poblado_pa_9_5_1_80,Alto de la Cruz,correg_pa_9_5_1,9-5-1-80
poblado_pa_9_5_1_83,Cabecera de Aguacate,correg_pa_9_5_1,9-5-1-83
poblado_pa_9_5_1_84,El Barrero o Cabecera de Barrero,correg_pa_9_5_1,9-5-1-84
poblado_pa_9_5_1_85,El Jagua,correg_pa_9_5_1,9-5-1-85
poblado_pa_9_5_1_86,Quebrada María (P),correg_pa_9_5_1,9-5-1-86
poblado_pa_9_5_1_87,Alto de las Mesitas (P),correg_pa_9_5_1,9-5-1-87
poblado_pa_9_5_1_89,La Soledad (P),correg_pa_9_5_1,9-5-1-89
poblado_pa_9_5_2_1,Alto de Quebrada Conga,correg_pa_9_5_2,9-5-2-1
poblado_pa_9_5_2_2,Alto de la Arena,correg_pa_9_5_2,9-5-2-2
poblado_pa_9_5_2_3,Alto de la Mina,correg_pa_9_5_2,9-5-2-3
poblado_pa_9_5_2_4,Alto de Pacoral,correg_pa_9_5_2,9-5-2-4
poblado_pa_9_5_2_5,Arena,correg_pa_9_5_2,9-5-2-5
poblado_pa_9_5_2_8,Bajo de los González,correg_pa_9_5_2,9-5-2-8
poblado_pa_9_5_2_9,Cabecera de Escoba,correg_pa_9_5_2,9-5-2-9
poblado_pa_9_5_2_10,Cabecera de Quebrada Naranjo,correg_pa_9_5_2,9-5-2-10
poblado_pa_9_5_2_11,Cabecera de los Pilones,correg_pa_9_5_2,9-5-2-11
poblado_pa_9_5_2_12,Calabazo,correg_pa_9_5_2,9-5-2-12
poblado_pa_9_5_2_15,Cañacillas,correg_pa_9_5_2,9-5-2-15
poblado_pa_9_5_2_16,Cañazal (P),correg_pa_9_5_2,9-5-2-16
poblado_pa_9_5_2_17,Cerro Azul,correg_pa_9_5_2,9-5-2-17
poblado_pa_9_5_2_18,Cerro de Casa No. 1,correg_pa_9_5_2,9-5-2-18
poblado_pa_9_5_2_19,Cerro de Miel,correg_pa_9_5_2,9-5-2-19
poblado_pa_9_5_2_20,Cerro Gato,correg_pa_9_5_2,9-5-2-20
poblado_pa_9_5_2_21,Cerro la Vaca,correg_pa_9_5_2,9-5-2-21
poblado_pa_9_5_2_22,Charco de la Cruz,correg_pa_9_5_2,9-5-2-22
poblado_pa_9_5_2_23,Chibrital,correg_pa_9_5_2,9-5-2-23
poblado_pa_9_5_2_24,Chutra,correg_pa_9_5_2,9-5-2-24
poblado_pa_9_5_2_25,El Cabima,correg_pa_9_5_2,9-5-2-25
poblado_pa_9_5_2_26,El Galgo,correg_pa_9_5_2,9-5-2-26
poblado_pa_9_5_2_27,El Naranjo No. 1 (P),correg_pa_9_5_2,9-5-2-27
poblado_pa_9_5_2_28,El Pelón,correg_pa_9_5_2,9-5-2-28
poblado_pa_9_5_2_30,El Zancudo (P),correg_pa_9_5_2,9-5-2-30
poblado_pa_9_5_2_32,Galápago,correg_pa_9_5_2,9-5-2-32
poblado_pa_9_5_2_34,La Grama,correg_pa_9_5_2,9-5-2-34
poblado_pa_9_5_2_35,La Malagota (P),correg_pa_9_5_2,9-5-2-35
poblado_pa_9_5_2_36,Palmilla (P),correg_pa_9_5_2,9-5-2-36
poblado_pa_9_5_2_37,Los Potreros,correg_pa_9_5_2,9-5-2-37
poblado_pa_9_5_2_41,Quebrada Conga,correg_pa_9_5_2,9-5-2-41
poblado_pa_9_5_2_42,El Tigre,correg_pa_9_5_2,9-5-2-42
poblado_pa_9_5_2_43,Quebrada Grande,correg_pa_9_5_2,9-5-2-43
poblado_pa_9_5_2_44,Quebrada María (P),correg_pa_9_5_2,9-5-2-44
poblado_pa_9_5_2_46,Raizal,correg_pa_9_5_2,9-5-2-46
poblado_pa_9_5_2_47,Tierra Negra,correg_pa_9_5_2,9-5-2-47
poblado_pa_9_5_2_49,Viralito,correg_pa_9_5_2,9-5-2-49
poblado_pa_9_5_2_50,Zapiringo,correg_pa_9_5_2,9-5-2-50
poblado_pa_9_5_2_51,Zapote,correg_pa_9_5_2,9-5-2-51
poblado_pa_9_5_2_52,El Macano,correg_pa_9_5_2,9-5-2-52
poblado_pa_9_5_2_53,Cerro Negro,correg_pa_9_5_2,9-5-2-53
poblado_pa_9_5_2_54,Bajo Lirí,correg_pa_9_5_2,9-5-2-54
poblado_pa_9_5_2_56,La Sabaneta,correg_pa_9_5_2,9-5-2-56
poblado_pa_9_5_2_57,Cerro Vaca,correg_pa_9_5_2,9-5-2-57
poblado_pa_9_5_2_58,Boca de la Arena,correg_pa_9_5_2,9-5-2-58
poblado_pa_9_5_2_59,Alto de Chibrital,correg_pa_9_5_2,9-5-2-59
poblado_pa_9_5_2_60,Cabecera de Quebrada Conga,correg_pa_9_5_2,9-5-2-60
poblado_pa_9_5_2_61,Cerro de Casa No. 2,correg_pa_9_5_2,9-5-2-61
poblado_pa_9_5_2_62,Los Leones,correg_pa_9_5_2,9-5-2-62
poblado_pa_9_5_2_63,Pilones (P),correg_pa_9_5_2,9-5-2-63
poblado_pa_9_5_2_64,Quebrada Naranjo,correg_pa_9_5_2,9-5-2-64
poblado_pa_9_5_2_65,San José (P),correg_pa_9_5_2,9-5-2-65
poblado_pa_9_5_2_66,Tabasará,correg_pa_9_5_2,9-5-2-66
poblado_pa_9_5_2_67,Los González,correg_pa_9_5_2,9-5-2-67
poblado_pa_9_5_2_68,Peña Blanca (P),correg_pa_9_5_2,9-5-2-68
poblado_pa_9_5_2_70,Bajo Tabasará,correg_pa_9_5_2,9-5-2-70
poblado_pa_9_5_3_1,Boca del Querque,correg_pa_9_5_3,9-5-3-1
poblado_pa_9_5_3_2,Corozal,correg_pa_9_5_3,9-5-3-2
poblado_pa_9_5_3_3,El Bongo,correg_pa_9_5_3,9-5-3-3
poblado_pa_9_5_3_4,Recodo del María,correg_pa_9_5_3,9-5-3-4
poblado_pa_9_5_3_5,El Ciruelo,correg_pa_9_5_3,9-5-3-5
poblado_pa_9_5_3_6,El Chinchorro,correg_pa_9_5_3,9-5-3-6
poblado_pa_9_5_3_7,El Gallo,correg_pa_9_5_3,9-5-3-7
poblado_pa_9_5_3_8,El Salitre,correg_pa_9_5_3,9-5-3-8
poblado_pa_9_5_3_9,Farallón,correg_pa_9_5_3,9-5-3-9
poblado_pa_9_5_3_10,Guayabal,correg_pa_9_5_3,9-5-3-10
poblado_pa_9_5_3_11,La Candelaria (P),correg_pa_9_5_3,9-5-3-11
poblado_pa_9_5_3_14,Llano de los Muertos,correg_pa_9_5_3,9-5-3-14
poblado_pa_9_5_3_15,Ortiga,correg_pa_9_5_3,9-5-3-15
poblado_pa_9_5_3_16,Quebrada Venado,correg_pa_9_5_3,9-5-3-16
poblado_pa_9_5_3_17,Querque,correg_pa_9_5_3,9-5-3-17
poblado_pa_9_5_3_19,Seguidule,correg_pa_9_5_3,9-5-3-19
poblado_pa_9_5_3_20,La Valencia,correg_pa_9_5_3,9-5-3-20
poblado_pa_9_5_3_21,Alto el Jobo,correg_pa_9_5_3,9-5-3-21
poblado_pa_9_5_3_22,Boca del Monte (P),correg_pa_9_5_3,9-5-3-22
poblado_pa_9_5_3_23,El Machito,correg_pa_9_5_3,9-5-3-23
poblado_pa_9_5_3_24,Ratones (P),correg_pa_9_5_3,9-5-3-24
poblado_pa_9_5_3_25,Valle Bonito,correg_pa_9_5_3,9-5-3-25
poblado_pa_9_5_4_1,Gorgojo (P),correg_pa_9_5_4,9-5-4-1
poblado_pa_9_5_4_2,Bubicito (P),correg_pa_9_5_4,9-5-4-2
poblado_pa_9_5_4_3,Cuesta de Novillos (P),correg_pa_9_5_4,9-5-4-3
poblado_pa_9_5_4_4,El Camarón,correg_pa_9_5_4,9-5-4-4
poblado_pa_9_5_4_5,Los Coquitos,correg_pa_9_5_4,9-5-4-5
poblado_pa_9_5_4_7,El Machito,correg_pa_9_5_4,9-5-4-7
poblado_pa_9_5_4_8,El Macho,correg_pa_9_5_4,9-5-4-8
poblado_pa_9_5_4_9,El María,correg_pa_9_5_4,9-5-4-9
poblado_pa_9_5_4_10,El Mono (P),correg_pa_9_5_4,9-5-4-10
poblado_pa_9_5_4_11,Finca el Nanzón o el Nanzal,correg_pa_9_5_4,9-5-4-11
poblado_pa_9_5_4_12,Los Negritos,correg_pa_9_5_4,9-5-4-12
poblado_pa_9_5_4_13,El Pavón,correg_pa_9_5_4,9-5-4-13
poblado_pa_9_5_4_14,La Arena,correg_pa_9_5_4,9-5-4-14
poblado_pa_9_5_4_17,La Pita (P),correg_pa_9_5_4,9-5-4-17
poblado_pa_9_5_4_18,Bubi Arriba o la Risacua,correg_pa_9_5_4,9-5-4-18
poblado_pa_9_5_4_19,La Sabaneta,correg_pa_9_5_4,9-5-4-19
poblado_pa_9_5_4_20,Las Boquillas,correg_pa_9_5_4,9-5-4-20
poblado_pa_9_5_4_21,Loma de la Silla,correg_pa_9_5_4,9-5-4-21
poblado_pa_9_5_4_22,Loma de los Reyes,correg_pa_9_5_4,9-5-4-22
poblado_pa_9_5_4_23,Los Ángeles,correg_pa_9_5_4,9-5-4-23
poblado_pa_9_5_4_25,Tuancle Arriba,correg_pa_9_5_4,9-5-4-25
poblado_pa_9_5_4_26,Virulí (P),correg_pa_9_5_4,9-5-4-26
poblado_pa_9_5_4_32,Los Potreros,correg_pa_9_5_4,9-5-4-32
poblado_pa_9_5_4_33,Finca el Mayal,correg_pa_9_5_4,9-5-4-33
poblado_pa_9_5_4_34,Alto Lucira,correg_pa_9_5_4,9-5-4-34
poblado_pa_9_5_4_35,El Conejo,correg_pa_9_5_4,9-5-4-35
poblado_pa_9_5_4_38,La Pava,correg_pa_9_5_4,9-5-4-38
poblado_pa_9_5_4_39,Bubi,correg_pa_9_5_4,9-5-4-39
poblado_pa_9_5_4_40,La Pifá o la Laguna o Pixvae,correg_pa_9_5_4,9-5-4-40
poblado_pa_9_5_4_42,Ratones (P),correg_pa_9_5_4,9-5-4-42
poblado_pa_9_5_4_43,Cabecera de Virulí,correg_pa_9_5_4,9-5-4-43
poblado_pa_9_5_4_44,Charco Azul (P),correg_pa_9_5_4,9-5-4-44
poblado_pa_9_5_5_5,Alto de los Ruices,correg_pa_9_5_5,9-5-5-5
poblado_pa_9_5_5_6,Alto del Prado (P),correg_pa_9_5_5,9-5-5-6
poblado_pa_9_5_5_12,Cañacillas (P),correg_pa_9_5_5,9-5-5-12
poblado_pa_9_5_5_18,Cerro Loro,correg_pa_9_5_5,9-5-5-18
poblado_pa_9_5_5_25,El Pedregoso,correg_pa_9_5_5,9-5-5-25
poblado_pa_9_5_5_35,El Prado,correg_pa_9_5_5,9-5-5-35
poblado_pa_9_5_5_44,Limón (P),correg_pa_9_5_5,9-5-5-44
poblado_pa_9_5_5_45,Limón Seco o Nuevo Limón (P),correg_pa_9_5_5,9-5-5-45
poblado_pa_9_5_5_46,Loma del Guabo o los Ruices No. 2,correg_pa_9_5_5,9-5-5-46
poblado_pa_9_5_5_49,Los Batistas,correg_pa_9_5_5,9-5-5-49
poblado_pa_9_5_5_50,Los Guabos (P),correg_pa_9_5_5,9-5-5-50
poblado_pa_9_5_5_56,Los Ruices,correg_pa_9_5_5,9-5-5-56
poblado_pa_9_5_5_61,Piedra Amarilla (P),correg_pa_9_5_5,9-5-5-61
poblado_pa_9_5_5_65,Quebrada el Prado o los Morales,correg_pa_9_5_5,9-5-5-65
poblado_pa_9_5_5_90,Entradero del Prado,correg_pa_9_5_5,9-5-5-90
poblado_pa_9_5_5_91,El Guabo (P),correg_pa_9_5_5,9-5-5-91
poblado_pa_9_5_5_101,El Picador,correg_pa_9_5_5,9-5-5-101
poblado_pa_9_5_5_102,Quebrada de Jesús (P),correg_pa_9_5_5,9-5-5-102
poblado_pa_9_5_5_103,Alto del Naranjo (P),correg_pa_9_5_5,9-5-5-103
poblado_pa_9_5_6_1,Alto del Pan,correg_pa_9_5_6,9-5-6-1
poblado_pa_9_5_6_2,Reparadero o Cerro Gil No. 2,correg_pa_9_5_6,9-5-6-2
poblado_pa_9_5_6_4,Bocle,correg_pa_9_5_6,9-5-6-4
poblado_pa_9_5_6_5,Alto Caimito,correg_pa_9_5_6,9-5-6-5
poblado_pa_9_5_6_6,Cañafístulo,correg_pa_9_5_6,9-5-6-6
poblado_pa_9_5_6_7,Cerro Cuchillo,correg_pa_9_5_6,9-5-6-7
poblado_pa_9_5_6_8,Cerro Gil No. 1,correg_pa_9_5_6,9-5-6-8
poblado_pa_9_5_6_10,Cerro Negro,correg_pa_9_5_6,9-5-6-10
poblado_pa_9_5_6_11,Cerro Pajal,correg_pa_9_5_6,9-5-6-11
poblado_pa_9_5_6_13,Chumical,correg_pa_9_5_6,9-5-6-13
poblado_pa_9_5_6_14,Alto de los Martínez,correg_pa_9_5_6,9-5-6-14
poblado_pa_9_5_6_15,El Barrero,correg_pa_9_5_6,9-5-6-15
poblado_pa_9_5_6_17,El Ciruelito,correg_pa_9_5_6,9-5-6-17
poblado_pa_9_5_6_18,El Gure,correg_pa_9_5_6,9-5-6-18
poblado_pa_9_5_6_19,El Hato,correg_pa_9_5_6,9-5-6-19
poblado_pa_9_5_6_20,El Jagua,correg_pa_9_5_6,9-5-6-20
poblado_pa_9_5_6_21,El Naranjo (P),correg_pa_9_5_6,9-5-6-21
poblado_pa_9_5_6_23,El Pino del Cobre,correg_pa_9_5_6,9-5-6-23
poblado_pa_9_5_6_24,El Rincón,correg_pa_9_5_6,9-5-6-24
poblado_pa_9_5_6_25,Cocuyal No. 2,correg_pa_9_5_6,9-5-6-25
poblado_pa_9_5_6_26,La Pita,correg_pa_9_5_6,9-5-6-26
poblado_pa_9_5_6_27,Las Mesitas,correg_pa_9_5_6,9-5-6-27
poblado_pa_9_5_6_28,Llano Bonito,correg_pa_9_5_6,9-5-6-28
poblado_pa_9_5_6_29,Limón Seco o Nuevo Limón (P),correg_pa_9_5_6,9-5-6-29
poblado_pa_9_5_6_30,Quebrada León o los Leones,correg_pa_9_5_6,9-5-6-30
poblado_pa_9_5_6_32,Arenal,correg_pa_9_5_6,9-5-6-32
poblado_pa_9_5_6_33,El Madroño,correg_pa_9_5_6,9-5-6-33
poblado_pa_9_5_6_34,Charco Pescao,correg_pa_9_5_6,9-5-6-34
poblado_pa_9_5_6_35,Bajo Caimito,correg_pa_9_5_6,9-5-6-35
poblado_pa_9_5_6_36,Limón (P),correg_pa_9_5_6,9-5-6-36
poblado_pa_9_5_6_39,Los Martínez,correg_pa_9_5_6,9-5-6-39
poblado_pa_9_5_6_42,Bajo Hondo,correg_pa_9_5_6,9-5-6-42
poblado_pa_9_5_6_45,El Naranjito,correg_pa_9_5_6,9-5-6-45
poblado_pa_9_5_6_46,La Piña,correg_pa_9_5_6,9-5-6-46
poblado_pa_9_5_6_47,Las Huacas,correg_pa_9_5_6,9-5-6-47
poblado_pa_9_5_6_48,Los Pilones,correg_pa_9_5_6,9-5-6-48
poblado_pa_9_5_6_49,Los Valdeses,correg_pa_9_5_6,9-5-6-49
poblado_pa_9_5_6_50,Caimito Centro,correg_pa_9_5_6,9-5-6-50
poblado_pa_9_5_6_51,El Aroma (P),correg_pa_9_5_6,9-5-6-51
poblado_pa_9_5_6_52,El Marañón,correg_pa_9_5_6,9-5-6-52
poblado_pa_9_5_6_53,Paso Real,correg_pa_9_5_6,9-5-6-53
poblado_pa_9_5_6_54,Bajo del Cobre,correg_pa_9_5_6,9-5-6-54
poblado_pa_9_5_7_1,Lolá,correg_pa_9_5_7,9-5-7-1
poblado_pa_9_5_7_2,Alto Fresco,correg_pa_9_5_7,9-5-7-2
poblado_pa_9_5_7_3,Boca del Monte,correg_pa_9_5_7,9-5-7-3
poblado_pa_9_5_7_6,Garnadera,correg_pa_9_5_7,9-5-7-6
poblado_pa_9_5_7_7,La Cañaza,correg_pa_9_5_7,9-5-7-7
poblado_pa_9_5_7_8,La Marta,correg_pa_9_5_7,9-5-7-8
poblado_pa_9_5_7_9,La Meseta,correg_pa_9_5_7,9-5-7-9
poblado_pa_9_5_7_11,Piedra Hincada o Petaca,correg_pa_9_5_7,9-5-7-11
poblado_pa_9_5_7_13,Seguidul,correg_pa_9_5_7,9-5-7-13
poblado_pa_9_5_7_16,Cuesta de Novillos (P),correg_pa_9_5_7,9-5-7-16
poblado_pa_9_5_7_17,San José (P),correg_pa_9_5_7,9-5-7-17
poblado_pa_9_5_7_20,Cabecera del Río Jorones,correg_pa_9_5_7,9-5-7-20
poblado_pa_9_5_7_21,Cerro Tambor,correg_pa_9_5_7,9-5-7-21
poblado_pa_9_5_7_22,Loma del Venado,correg_pa_9_5_7,9-5-7-22
poblado_pa_9_5_8_2,Bramona de Lovaina,correg_pa_9_5_8,9-5-8-2
poblado_pa_9_5_8_3,Cabimo de Lovaina,correg_pa_9_5_8,9-5-8-3
poblado_pa_9_5_8_4,El Cercado de Lovaina,correg_pa_9_5_8,9-5-8-4
poblado_pa_9_5_8_5,Coronillos de Lovaina,correg_pa_9_5_8,9-5-8-5
poblado_pa_9_5_8_6,Chelele de Lovaina,correg_pa_9_5_8,9-5-8-6
poblado_pa_9_5_8_9,Filo de la Aguja,correg_pa_9_5_8,9-5-8-9
poblado_pa_9_5_8_10,La Aguja,correg_pa_9_5_8,9-5-8-10
poblado_pa_9_5_8_11,Arena,correg_pa_9_5_8,9-5-8-11
poblado_pa_9_5_8_12,La Caleta,correg_pa_9_5_8,9-5-8-12
poblado_pa_9_5_8_14,Los Pavos de Lovaina,correg_pa_9_5_8,9-5-8-14
poblado_pa_9_5_8_15,Pajarón,correg_pa_9_5_8,9-5-8-15
poblado_pa_9_5_8_17,Pixvae,correg_pa_9_5_8,9-5-8-17
poblado_pa_9_5_8_18,Playa Azul No. 1,correg_pa_9_5_8,9-5-8-18
poblado_pa_9_5_8_19,Playa Azul No. 2,correg_pa_9_5_8,9-5-8-19
poblado_pa_9_5_8_21,Playa Brava,correg_pa_9_5_8,9-5-8-21
poblado_pa_9_5_8_22,Quebrada Batea de Lovaina,correg_pa_9_5_8,9-5-8-22
poblado_pa_9_5_8_28,Rosario,correg_pa_9_5_8,9-5-8-28
poblado_pa_9_5_8_29,Rosarito,correg_pa_9_5_8,9-5-8-29
poblado_pa_9_5_8_30,Santa Cruz,correg_pa_9_5_8,9-5-8-30
poblado_pa_9_5_8_34,Filo de los Acosta,correg_pa_9_5_8,9-5-8-34
poblado_pa_9_5_8_39,Nuevo Pixvae o Cuarenta Bollos,correg_pa_9_5_8,9-5-8-39
poblado_pa_9_5_8_40,Pajaroncito,correg_pa_9_5_8,9-5-8-40
poblado_pa_9_5_8_41,Playa Azul Arriba,correg_pa_9_5_8,9-5-8-41
poblado_pa_9_5_9_2,Boboré,correg_pa_9_5_9,9-5-9-2
poblado_pa_9_5_9_4,Bubi,correg_pa_9_5_9,9-5-9-4
poblado_pa_9_5_9_6,Cerro Mono,correg_pa_9_5_9,9-5-9-6
poblado_pa_9_5_9_7,Chelele,correg_pa_9_5_9,9-5-9-7
poblado_pa_9_5_9_11,Alto del Salado o el Pinto,correg_pa_9_5_9,9-5-9-11
poblado_pa_9_5_9_13,El Torno,correg_pa_9_5_9,9-5-9-13
poblado_pa_9_5_9_14,Jorones,correg_pa_9_5_9,9-5-9-14
poblado_pa_9_5_9_16,La Arena,correg_pa_9_5_9,9-5-9-16
poblado_pa_9_5_9_18,La Corocita,correg_pa_9_5_9,9-5-9-18
poblado_pa_9_5_9_20,La Sebastiana,correg_pa_9_5_9,9-5-9-20
poblado_pa_9_5_9_21,Manicuda,correg_pa_9_5_9,9-5-9-21
poblado_pa_9_5_9_22,Peña Blanca (P),correg_pa_9_5_9,9-5-9-22
poblado_pa_9_5_9_23,Platanares,correg_pa_9_5_9,9-5-9-23
poblado_pa_9_5_9_24,Puerto Vidal,correg_pa_9_5_9,9-5-9-24
poblado_pa_9_5_9_27,Tabasará,correg_pa_9_5_9,9-5-9-27
poblado_pa_9_5_9_28,Viralito,correg_pa_9_5_9,9-5-9-28
poblado_pa_9_5_9_29,La Bramona,correg_pa_9_5_9,9-5-9-29
poblado_pa_9_5_9_32,La Bramona Arriba,correg_pa_9_5_9,9-5-9-32
poblado_pa_9_5_9_33,Quebrada Canoa o Canoa,correg_pa_9_5_9,9-5-9-33
poblado_pa_9_5_9_34,Palenque,correg_pa_9_5_9,9-5-9-34
poblado_pa_9_5_9_36,Pilones (P),correg_pa_9_5_9,9-5-9-36
poblado_pa_9_5_9_38,Escoba,correg_pa_9_5_9,9-5-9-38
poblado_pa_9_5_9_41,Colador,correg_pa_9_5_9,9-5-9-41
poblado_pa_9_5_9_42,El Salado,correg_pa_9_5_9,9-5-9-42
poblado_pa_9_5_9_44,Alto Limón,correg_pa_9_5_9,9-5-9-44
poblado_pa_9_5_9_45,El Limón,correg_pa_9_5_9,9-5-9-45
poblado_pa_9_5_9_46,Don Bosco,correg_pa_9_5_9,9-5-9-46
poblado_pa_9_5_10_2,Boca de Quebrada Piro,correg_pa_9_5_10,9-5-10-2
poblado_pa_9_5_10_5,El Jobo (P),correg_pa_9_5_10,9-5-10-5
poblado_pa_9_5_10_6,El Peñón,correg_pa_9_5_10,9-5-10-6
poblado_pa_9_5_10_7,San Martín de Porres,correg_pa_9_5_10,9-5-10-7
poblado_pa_9_5_10_8,La Isleta,correg_pa_9_5_10,9-5-10-8
poblado_pa_9_5_10_9,La Mesita,correg_pa_9_5_10,9-5-10-9
poblado_pa_9_5_10_10,La Trinidad (P),correg_pa_9_5_10,9-5-10-10
poblado_pa_9_5_10_11,Ojo de Agua (P),correg_pa_9_5_10,9-5-10-11
poblado_pa_9_5_10_12,Pueblo Nuevo,correg_pa_9_5_10,9-5-10-12
poblado_pa_9_5_10_13,Quebrada de Oro,correg_pa_9_5_10,9-5-10-13
poblado_pa_9_5_10_14,Viguí Abajo,correg_pa_9_5_10,9-5-10-14
poblado_pa_9_5_10_15,San Martín,correg_pa_9_5_10,9-5-10-15
poblado_pa_9_5_10_16,La Malagota (P),correg_pa_9_5_10,9-5-10-16
poblado_pa_9_5_11_1,Asiento Bonito,correg_pa_9_5_11,9-5-11-1
poblado_pa_9_5_11_2,Bajo Cobre,correg_pa_9_5_11,9-5-11-2
poblado_pa_9_5_11_4,Barrigón,correg_pa_9_5_11,9-5-11-4
poblado_pa_9_5_11_5,Cabecera de Quebrada la Mona,correg_pa_9_5_11,9-5-11-5
poblado_pa_9_5_11_6,Cerro Grande,correg_pa_9_5_11,9-5-11-6
poblado_pa_9_5_11_7,Cerro Iguana,correg_pa_9_5_11,9-5-11-7
poblado_pa_9_5_11_8,Cerro Laja,correg_pa_9_5_11,9-5-11-8
poblado_pa_9_5_11_9,Cerro Negro o Piedra Negra,correg_pa_9_5_11,9-5-11-9
poblado_pa_9_5_11_10,El Aguacate,correg_pa_9_5_11,9-5-11-10
poblado_pa_9_5_11_11,El Caimito,correg_pa_9_5_11,9-5-11-11
poblado_pa_9_5_11_12,El Calixtro,correg_pa_9_5_11,9-5-11-12
poblado_pa_9_5_11_13,El Chumico (P),correg_pa_9_5_11,9-5-11-13
poblado_pa_9_5_11_14,El Jagua,correg_pa_9_5_11,9-5-11-14
poblado_pa_9_5_11_15,El Jobo,correg_pa_9_5_11,9-5-11-15
poblado_pa_9_5_11_16,El Mango,correg_pa_9_5_11,9-5-11-16
poblado_pa_9_5_11_17,El Marañón,correg_pa_9_5_11,9-5-11-17
poblado_pa_9_5_11_19,La Cucurucha,correg_pa_9_5_11,9-5-11-19
poblado_pa_9_5_11_20,La Mona,correg_pa_9_5_11,9-5-11-20
poblado_pa_9_5_11_21,Loma Alta,correg_pa_9_5_11,9-5-11-21
poblado_pa_9_5_11_22,Los Llanitos del Cobre,correg_pa_9_5_11,9-5-11-22
poblado_pa_9_5_11_23,Sahumerio,correg_pa_9_5_11,9-5-11-23
poblado_pa_9_5_11_24,Viguí,correg_pa_9_5_11,9-5-11-24
poblado_pa_9_5_11_25,El Hato,correg_pa_9_5_11,9-5-11-25
poblado_pa_9_5_11_26,El Horconcito,correg_pa_9_5_11,9-5-11-26
poblado_pa_9_5_11_28,San Martín,correg_pa_9_5_11,9-5-11-28
poblado_pa_9_5_12_2,Bajos del Palmeño,correg_pa_9_5_12,9-5-12-2
poblado_pa_9_5_12_3,Bubi,correg_pa_9_5_12,9-5-12-3
poblado_pa_9_5_12_5,La Guinea,correg_pa_9_5_12,9-5-12-5
poblado_pa_9_5_12_9,Cuesta de Novillos (P),correg_pa_9_5_12,9-5-12-9
poblado_pa_9_5_12_10,Chungal,correg_pa_9_5_12,9-5-12-10
poblado_pa_9_5_12_11,El Cabimo,correg_pa_9_5_12,9-5-12-11
poblado_pa_9_5_12_12,El Guayabo,correg_pa_9_5_12,9-5-12-12
poblado_pa_9_5_12_15,Espala Abajo,correg_pa_9_5_12,9-5-12-15
poblado_pa_9_5_12_16,Espala Arriba,correg_pa_9_5_12,9-5-12-16
poblado_pa_9_5_12_17,La Bonga,correg_pa_9_5_12,9-5-12-17
poblado_pa_9_5_12_18,La Calixtra,correg_pa_9_5_12,9-5-12-18
poblado_pa_9_5_12_20,La Falua,correg_pa_9_5_12,9-5-12-20
poblado_pa_9_5_12_23,La Macha o Zapotalito,correg_pa_9_5_12,9-5-12-23
poblado_pa_9_5_12_24,La Rufina,correg_pa_9_5_12,9-5-12-24
poblado_pa_9_5_12_26,Cabecera de Cabimales,correg_pa_9_5_12,9-5-12-26
poblado_pa_9_5_12_27,Las Mieles,correg_pa_9_5_12,9-5-12-27
poblado_pa_9_5_12_28,Loma de la Cruz,correg_pa_9_5_12,9-5-12-28
poblado_pa_9_5_12_29,Lovaina,correg_pa_9_5_12,9-5-12-29
poblado_pa_9_5_12_30,Manicuca,correg_pa_9_5_12,9-5-12-30
poblado_pa_9_5_12_31,Mono Zoco,correg_pa_9_5_12,9-5-12-31
poblado_pa_9_5_12_35,La Jacinta,correg_pa_9_5_12,9-5-12-35
poblado_pa_9_5_12_37,Sitio Viejo,correg_pa_9_5_12,9-5-12-37
poblado_pa_9_5_12_38,Tabacal Abajo,correg_pa_9_5_12,9-5-12-38
poblado_pa_9_5_12_39,Tabacal Arriba,correg_pa_9_5_12,9-5-12-39
poblado_pa_9_5_12_40,Virulí (P),correg_pa_9_5_12,9-5-12-40
poblado_pa_9_5_12_41,Zapotal,correg_pa_9_5_12,9-5-12-41
poblado_pa_9_5_12_42,Zapotillo,correg_pa_9_5_12,9-5-12-42
poblado_pa_9_5_12_43,La Coca,correg_pa_9_5_12,9-5-12-43
poblado_pa_9_5_12_44,Quebrada del Pueblo,correg_pa_9_5_12,9-5-12-44
poblado_pa_9_5_12_45,Espala,correg_pa_9_5_12,9-5-12-45
poblado_pa_9_5_12_47,Felipe Navarro,correg_pa_9_5_12,9-5-12-47
poblado_pa_9_5_12_48,Cabecera de la Rufina,correg_pa_9_5_12,9-5-12-48
poblado_pa_9_5_12_49,Palmeño de Lovaina,correg_pa_9_5_12,9-5-12-49
poblado_pa_9_5_12_51,El Barrero,correg_pa_9_5_12,9-5-12-51
poblado_pa_9_5_12_52,La Pita (P),correg_pa_9_5_12,9-5-12-52
poblado_pa_9_5_13_1,Alto de la Catalina,correg_pa_9_5_13,9-5-13-1
poblado_pa_9_5_13_2,Alto del Quira o el Quira,correg_pa_9_5_13,9-5-13-2
poblado_pa_9_5_13_3,Bajos de los Cholitos (P),correg_pa_9_5_13,9-5-13-3
poblado_pa_9_5_13_4,Boquete,correg_pa_9_5_13,9-5-13-4
poblado_pa_9_5_13_5,Campana,correg_pa_9_5_13,9-5-13-5
poblado_pa_9_5_13_7,Catalina,correg_pa_9_5_13,9-5-13-7
poblado_pa_9_5_13_8,Cerro Cocina Vieja,correg_pa_9_5_13,9-5-13-8
poblado_pa_9_5_13_9,Cocuyal,correg_pa_9_5_13,9-5-13-9
poblado_pa_9_5_13_10,Congal,correg_pa_9_5_13,9-5-13-10
poblado_pa_9_5_13_11,El Aroma (P),correg_pa_9_5_13,9-5-13-11
poblado_pa_9_5_13_12,El Barro,correg_pa_9_5_13,9-5-13-12
poblado_pa_9_5_13_13,El Guayabo,correg_pa_9_5_13,9-5-13-13
poblado_pa_9_5_13_15,El Marañón de Campana,correg_pa_9_5_13,9-5-13-15
poblado_pa_9_5_13_16,El Naranjo (P),correg_pa_9_5_13,9-5-13-16
poblado_pa_9_5_13_17,El Farallón,correg_pa_9_5_13,9-5-13-17
poblado_pa_9_5_13_18,Hato Viejo,correg_pa_9_5_13,9-5-13-18
poblado_pa_9_5_13_19,La Pedregosa (P),correg_pa_9_5_13,9-5-13-19
poblado_pa_9_5_13_20,La Soledad (P),correg_pa_9_5_13,9-5-13-20
poblado_pa_9_5_13_21,La Tembladera,correg_pa_9_5_13,9-5-13-21
poblado_pa_9_5_13_22,Lajita Morada,correg_pa_9_5_13,9-5-13-22
poblado_pa_9_5_13_23,Las Mendozas o Lirí Abajo,correg_pa_9_5_13,9-5-13-23
poblado_pa_9_5_13_24,Llano Largo No. 2,correg_pa_9_5_13,9-5-13-24
poblado_pa_9_5_13_25,Los Llanitos,correg_pa_9_5_13,9-5-13-25
poblado_pa_9_5_13_26,Manzanillo,correg_pa_9_5_13,9-5-13-26
poblado_pa_9_5_13_27,Mata Redonda,correg_pa_9_5_13,9-5-13-27
poblado_pa_9_5_13_28,Piedra Amarilla,correg_pa_9_5_13,9-5-13-28
poblado_pa_9_5_13_29,Piedra Candela,correg_pa_9_5_13,9-5-13-29
poblado_pa_9_5_13_30,Vaca Pará,correg_pa_9_5_13,9-5-13-30
poblado_pa_9_6_1_5,El Balillo,correg_pa_9_6_1,9-6-1-5
poblado_pa_9_6_1_7,El Coco,correg_pa_9_6_1,9-6-1-7
poblado_pa_9_6_1_14,La Redonda,correg_pa_9_6_1,9-6-1-14
poblado_pa_9_6_1_17,Loma del Macho o la Raizoza,correg_pa_9_6_1,9-6-1-17
poblado_pa_9_6_1_18,Los Cantiles,correg_pa_9_6_1,9-6-1-18
poblado_pa_9_6_1_21,Montijo,correg_pa_9_6_1,9-6-1-21
poblado_pa_9_6_1_22,Pueblo Viejo,correg_pa_9_6_1,9-6-1-22
poblado_pa_9_6_1_34,Finca Antonelly,correg_pa_9_6_1,9-6-1-34
poblado_pa_9_6_1_35,Finca de Toseres,correg_pa_9_6_1,9-6-1-35
poblado_pa_9_6_1_36,Finca Pueblo Viejo,correg_pa_9_6_1,9-6-1-36
poblado_pa_9_6_1_37,Finca Río San Pedro,correg_pa_9_6_1,9-6-1-37
poblado_pa_9_6_1_40,Puerto Real,correg_pa_9_6_1,9-6-1-40
poblado_pa_9_6_1_41,El Piñal,correg_pa_9_6_1,9-6-1-41
poblado_pa_9_6_1_42,Charco Negro,correg_pa_9_6_1,9-6-1-42
poblado_pa_9_6_1_43,Finca Avilés o Playón,correg_pa_9_6_1,9-6-1-43
poblado_pa_9_6_2_1,Bajo Largo,correg_pa_9_6_3,9-6-2-1
poblado_pa_9_6_2_3,Calabacito,correg_pa_9_6_3,9-6-2-3
poblado_pa_9_6_2_4,El Charcón,correg_pa_9_6_3,9-6-2-4
poblado_pa_9_6_2_12,Manadero,correg_pa_9_6_3,9-6-2-12
poblado_pa_9_6_2_13,Mango Simple,correg_pa_9_6_3,9-6-2-13
poblado_pa_9_6_2_17,La Bucería,correg_pa_9_6_3,9-6-2-17
poblado_pa_9_6_2_19,La Gabina,correg_pa_9_6_3,9-6-2-19
poblado_pa_9_6_2_24,Gobernadora o la Punta,correg_pa_9_6_3,9-6-2-24
poblado_pa_9_6_2_34,Naranjillo,correg_pa_9_6_3,9-6-2-34
poblado_pa_9_6_2_49,Coiba,correg_pa_9_6_3,9-6-2-49
poblado_pa_9_6_2_51,Ranchería o Coibita,correg_pa_9_6_3,9-6-2-51
poblado_pa_9_6_2_52,Ensenada de Camarón,correg_pa_9_6_3,9-6-2-52
poblado_pa_9_6_2_53,Palenque,correg_pa_9_6_3,9-6-2-53
poblado_pa_9_6_3_1,Cascajal,correg_pa_9_6_4,9-6-3-1
poblado_pa_9_6_3_3,El Copé,correg_pa_9_6_4,9-6-3-3
poblado_pa_9_6_3_4,El Guayabo,correg_pa_9_6_4,9-6-3-4
poblado_pa_9_6_3_5,El Salto,correg_pa_9_6_4,9-6-3-5
poblado_pa_9_6_3_7,La Garceana (P),correg_pa_9_6_4,9-6-3-7
poblado_pa_9_6_3_8,Los Ñopos,correg_pa_9_6_4,9-6-3-8
poblado_pa_9_6_3_9,Piña,correg_pa_9_6_4,9-6-3-9
poblado_pa_9_6_3_10,Pueblo Nuevo,correg_pa_9_6_4,9-6-3-10
poblado_pa_9_6_3_11,Punta Piña,correg_pa_9_6_4,9-6-3-11
poblado_pa_9_6_3_13,Santa Ana,correg_pa_9_6_4,9-6-3-13
poblado_pa_9_6_3_15,La Isidra,correg_pa_9_6_4,9-6-3-15
poblado_pa_9_6_3_17,Remolino,correg_pa_9_6_4,9-6-3-17
poblado_pa_9_6_4_2,La Corocita,correg_pa_9_6_5,9-6-4-2
poblado_pa_9_6_4_4,La Ensenada,correg_pa_9_6_5,9-6-4-4
poblado_pa_9_6_4_5,La Pluma,correg_pa_9_6_5,9-6-4-5
poblado_pa_9_6_4_6,Leoncillo,correg_pa_9_6_5,9-6-4-6
poblado_pa_9_6_4_7,Leones Arriba,correg_pa_9_6_5,9-6-4-7
poblado_pa_9_6_4_12,El Bongón,correg_pa_9_6_5,9-6-4-12
poblado_pa_9_6_4_14,Tiradero,correg_pa_9_6_5,9-6-4-14
poblado_pa_9_6_4_15,Islas Tres Hermanas,correg_pa_9_6_5,9-6-4-15
poblado_pa_9_6_4_16,Isla Verde,correg_pa_9_6_5,9-6-4-16
poblado_pa_9_6_4_17,Isleta el Leoncillo,correg_pa_9_6_5,9-6-4-17
poblado_pa_9_6_4_18,Las Vegas,correg_pa_9_6_5,9-6-4-18
poblado_pa_9_6_4_20,Santa Clara,correg_pa_9_6_5,9-6-4-20
poblado_pa_9_6_4_21,Punta Caña Brava,correg_pa_9_6_5,9-6-4-21
poblado_pa_9_6_5_1,Buena Vista Sur,correg_pa_9_6_10,9-6-5-1
poblado_pa_9_6_5_3,La Higuerilla,correg_pa_9_6_10,9-6-5-3
poblado_pa_9_6_5_6,Monjarrás,correg_pa_9_6_10,9-6-5-6
poblado_pa_9_6_5_7,Pilón,correg_pa_9_6_10,9-6-5-7
poblado_pa_9_6_5_8,Finca el Papayo,correg_pa_9_6_10,9-6-5-8
poblado_pa_9_6_6_4,Centro de la Palma Real,correg_pa_9_6_6,9-6-6-4
poblado_pa_9_6_6_6,El Aromo,correg_pa_9_6_6,9-6-6-6
poblado_pa_9_6_6_7,El Bonguito,correg_pa_9_6_6,9-6-6-7
poblado_pa_9_6_6_8,El Centro de los Almácigos,correg_pa_9_6_6,9-6-6-8
poblado_pa_9_6_6_9,El Divorcio,correg_pa_9_6_6,9-6-6-9
poblado_pa_9_6_6_10,El Jobo,correg_pa_9_6_6,9-6-6-10
poblado_pa_9_6_6_11,El Ranchito,correg_pa_9_6_6,9-6-6-11
poblado_pa_9_6_6_12,El Roble,correg_pa_9_6_6,9-6-6-12
poblado_pa_9_6_6_14,La Chonta,correg_pa_9_6_6,9-6-6-14
poblado_pa_9_6_6_17,Los Almácigos,correg_pa_9_6_6,9-6-6-17
poblado_pa_9_6_6_18,Manzanillo o Quebrada Campamento,correg_pa_9_6_6,9-6-6-18
poblado_pa_9_6_6_19,Naranjito,correg_pa_9_6_6,9-6-6-19
poblado_pa_9_6_6_20,Platanales,correg_pa_9_6_6,9-6-6-20
poblado_pa_9_6_6_21,Playa Grande,correg_pa_9_6_6,9-6-6-21
poblado_pa_9_6_6_22,Pueblo Nuevo,correg_pa_9_6_6,9-6-6-22
poblado_pa_9_6_6_24,Tiradero,correg_pa_9_6_6,9-6-6-24
poblado_pa_9_6_6_25,Uveros,correg_pa_9_6_6,9-6-6-25
poblado_pa_9_6_6_26,El Cedro,correg_pa_9_6_6,9-6-6-26
poblado_pa_9_6_6_28,Campamento de la Reforestadora,correg_pa_9_6_6,9-6-6-28
poblado_pa_9_6_6_29,Finca Coco,correg_pa_9_6_6,9-6-6-29
poblado_pa_9_6_6_31,Playa Caleta,correg_pa_9_6_6,9-6-6-31
poblado_pa_9_6_6_32,Punta Campana,correg_pa_9_6_6,9-6-6-32
poblado_pa_9_6_7_1,El Bongo,correg_pa_9_6_7,9-6-7-1
poblado_pa_9_6_7_2,La Chácara,correg_pa_9_6_7,9-6-7-2
poblado_pa_9_6_7_3,Puerto Mutis,correg_pa_9_6_7,9-6-7-3
poblado_pa_9_6_7_4,Rincón Largo,correg_pa_9_6_7,9-6-7-4
poblado_pa_9_6_8_1,Buena Vista Norte,correg_pa_9_6_8,9-6-8-1
poblado_pa_9_6_8_2,Chumical,correg_pa_9_6_8,9-6-8-2
poblado_pa_9_6_8_4,Los Florentinos,correg_pa_9_6_8,9-6-8-4
poblado_pa_9_6_8_5,Llano Largo (P),correg_pa_9_6_8,9-6-8-5
poblado_pa_9_6_8_6,San Cristóbal,correg_pa_9_6_8,9-6-8-6
poblado_pa_9_6_8_9,Villa Campo Alegre,correg_pa_9_6_8,9-6-8-9
poblado_pa_9_7_1_1,Aclita,correg_pa_9_7_1,9-7-1-1
poblado_pa_9_7_1_4,Cerro Gordo (P),correg_pa_9_7_1,9-7-1-4
poblado_pa_9_7_1_7,El Caimito,correg_pa_9_7_1,9-7-1-7
poblado_pa_9_7_1_9,El Cuartillo (P),correg_pa_9_7_1,9-7-1-9
poblado_pa_9_7_1_12,El Piñal,correg_pa_9_7_1,9-7-1-12
poblado_pa_9_7_1_14,Jengibral,correg_pa_9_7_1,9-7-1-14
poblado_pa_9_7_1_18,Los Yañez Abajo,correg_pa_9_7_1,9-7-1-18
poblado_pa_9_7_1_20,Palmillas,correg_pa_9_7_1,9-7-1-20
poblado_pa_9_7_1_21,La Polonia,correg_pa_9_7_1,9-7-1-21
poblado_pa_9_7_1_23,Las Peñitas,correg_pa_9_7_1,9-7-1-23
poblado_pa_9_7_1_26,Los Díaz,correg_pa_9_7_1,9-7-1-26
poblado_pa_9_7_1_31,Los Panamaes (P),correg_pa_9_7_1,9-7-1-31
poblado_pa_9_7_1_32,Los Quinteros,correg_pa_9_7_1,9-7-1-32
poblado_pa_9_7_1_34,Los Vergaras,correg_pa_9_7_1,9-7-1-34
poblado_pa_9_7_1_35,Llano Harino,correg_pa_9_7_1,9-7-1-35
poblado_pa_9_7_1_40,El Pedernal (P),correg_pa_9_7_1,9-7-1-40
poblado_pa_9_7_1_43,Puerto Osla,correg_pa_9_7_1,9-7-1-43
poblado_pa_9_7_1_45,El Hato,correg_pa_9_7_1,9-7-1-45
poblado_pa_9_7_1_46,Río de Jesús,correg_pa_9_7_1,9-7-1-46
poblado_pa_9_7_1_47,Los Yañez Arriba,correg_pa_9_7_1,9-7-1-47
poblado_pa_9_7_1_50,Chorrerita (P),correg_pa_9_7_1,9-7-1-50
poblado_pa_9_7_1_55,Finca la Corocita,correg_pa_9_7_1,9-7-1-55
poblado_pa_9_7_1_56,Las Piedras,correg_pa_9_7_1,9-7-1-56
poblado_pa_9_7_1_57,Los Martínez No. 2,correg_pa_9_7_1,9-7-1-57
poblado_pa_9_7_1_59,Rancho la Albina,correg_pa_9_7_1,9-7-1-59
poblado_pa_9_7_1_61,Loma Blanca,correg_pa_9_7_1,9-7-1-61
poblado_pa_9_7_1_62,Finca Casave,correg_pa_9_7_1,9-7-1-62
poblado_pa_9_7_1_64,Virgen del Carmen,correg_pa_9_7_1,9-7-1-64
poblado_pa_9_7_1_65,Los Azules (P),correg_pa_9_7_1,9-7-1-65
poblado_pa_9_7_1_66,Finca el Mono,correg_pa_9_7_1,9-7-1-66
poblado_pa_9_7_2_1,La Barrancosa o la Sabaneta,correg_pa_9_7_2,9-7-2-1
poblado_pa_9_7_2_2,Bejucal,correg_pa_9_7_2,9-7-2-2
poblado_pa_9_7_2_3,Cerro Banco,correg_pa_9_7_2,9-7-2-3
poblado_pa_9_7_2_4,El Bongo,correg_pa_9_7_2,9-7-2-4
poblado_pa_9_7_2_5,Junquito o Junco,correg_pa_9_7_2,9-7-2-5
poblado_pa_9_7_2_6,El Palmar,correg_pa_9_7_2,9-7-2-6
poblado_pa_9_7_2_7,El Restingue,correg_pa_9_7_2,9-7-2-7
poblado_pa_9_7_2_8,Las Flores o la Gallota,correg_pa_9_7_2,9-7-2-8
poblado_pa_9_7_2_10,Las Huacas,correg_pa_9_7_2,9-7-2-10
poblado_pa_9_7_2_11,Los Arribeños,correg_pa_9_7_2,9-7-2-11
poblado_pa_9_7_2_12,Los Díaz,correg_pa_9_7_2,9-7-2-12
poblado_pa_9_7_2_13,Los Manguitos,correg_pa_9_7_2,9-7-2-13
poblado_pa_9_7_2_14,Pocrí,correg_pa_9_7_2,9-7-2-14
poblado_pa_9_7_2_16,Trinidad Abajo,correg_pa_9_7_2,9-7-2-16
poblado_pa_9_7_2_17,Trinidad Arriba,correg_pa_9_7_2,9-7-2-17
poblado_pa_9_7_2_19,El Pedernal (P),correg_pa_9_7_2,9-7-2-19
poblado_pa_9_7_2_20,Finca la Ensenado o el Temblador,correg_pa_9_7_2,9-7-2-20
poblado_pa_9_7_2_21,Los Ruices,correg_pa_9_7_2,9-7-2-21
poblado_pa_9_7_2_22,Margarita,correg_pa_9_7_2,9-7-2-22
poblado_pa_9_7_3_1,La Pomarosa,correg_pa_9_7_3,9-7-3-1
poblado_pa_9_7_3_2,Los Cruces,correg_pa_9_7_3,9-7-3-2
poblado_pa_9_7_3_3,Los Castillos,correg_pa_9_7_3,9-7-3-3
poblado_pa_9_7_3_5,Los Pérez,correg_pa_9_7_3,9-7-3-5
poblado_pa_9_7_4_5,Utirá,correg_pa_9_7_4,9-7-4-5
poblado_pa_9_7_4_7,Cerro Gordo (P),correg_pa_9_7_4,9-7-4-7
poblado_pa_9_7_4_8,El Asentamiento,correg_pa_9_7_4,9-7-4-8
poblado_pa_9_7_4_11,Puerto el Cabimo,correg_pa_9_7_4,9-7-4-11
poblado_pa_9_7_4_13,Finca el Mostrenco,correg_pa_9_7_4,9-7-4-13
poblado_pa_9_7_4_18,Finca el Criollo,correg_pa_9_7_4,9-7-4-18
poblado_pa_9_7_5_1,Barro Blanco,correg_pa_9_7_5,9-7-5-1
poblado_pa_9_7_5_2,Coquillal,correg_pa_9_7_5,9-7-5-2
poblado_pa_9_7_5_3,El Cercado,correg_pa_9_7_5,9-7-5-3
poblado_pa_9_7_5_4,El Pájaro,correg_pa_9_7_5,9-7-5-4
poblado_pa_9_7_5_5,La Caleta No. 1,correg_pa_9_7_5,9-7-5-5
poblado_pa_9_7_5_6,La Caleta No. 2,correg_pa_9_7_5,9-7-5-6
poblado_pa_9_7_5_7,La Camarena,correg_pa_9_7_5,9-7-5-7
poblado_pa_9_7_5_8,La García,correg_pa_9_7_5,9-7-5-8
poblado_pa_9_7_5_9,Las Trancas,correg_pa_9_7_5,9-7-5-9
poblado_pa_9_7_5_10,Los Leones,correg_pa_9_7_5,9-7-5-10
poblado_pa_9_7_5_11,Los Martínez,correg_pa_9_7_5,9-7-5-11
poblado_pa_9_7_5_12,Los Montes,correg_pa_9_7_5,9-7-5-12
poblado_pa_9_7_5_13,Los Vega,correg_pa_9_7_5,9-7-5-13
poblado_pa_9_7_5_14,Maquencal,correg_pa_9_7_5,9-7-5-14
poblado_pa_9_7_5_15,Morrito,correg_pa_9_7_5,9-7-5-15
poblado_pa_9_7_5_19,Puerto Naranjo,correg_pa_9_7_5,9-7-5-19
poblado_pa_9_7_5_21,Los Panamaes (P),correg_pa_9_7_5,9-7-5-21
poblado_pa_9_7_5_22,Chorrerita (P),correg_pa_9_7_5,9-7-5-22
poblado_pa_9_7_5_23,Los Azules (P),correg_pa_9_7_5,9-7-5-23
poblado_pa_9_7_5_24,La Cabuya,correg_pa_9_7_5,9-7-5-24
poblado_pa_9_8_1_2,Bajos de la Honda (P),correg_pa_9_8_1,9-8-1-2
poblado_pa_9_8_1_3,El Barnizal,correg_pa_9_8_1,9-8-1-3
poblado_pa_9_8_1_5,Cañacillas,correg_pa_9_8_1,9-8-1-5
poblado_pa_9_8_1_6,Cerro Gordo,correg_pa_9_8_1,9-8-1-6
poblado_pa_9_8_1_9,El Ciruelito,correg_pa_9_8_1,9-8-1-9
poblado_pa_9_8_1_10,El Corozo,correg_pa_9_8_1,9-8-1-10
poblado_pa_9_8_1_12,El Chumico,correg_pa_9_8_1,9-8-1-12
poblado_pa_9_8_1_14,El Gato,correg_pa_9_8_1,9-8-1-14
poblado_pa_9_8_1_16,Los Hatillos Abajo,correg_pa_9_8_1,9-8-1-16
poblado_pa_9_8_1_17,Juan Ignacio,correg_pa_9_8_1,9-8-1-17
poblado_pa_9_8_1_18,El Lagartero,correg_pa_9_8_1,9-8-1-18
poblado_pa_9_8_1_20,La Hilaria,correg_pa_9_8_1,9-8-1-20
poblado_pa_9_8_1_21,La Piñuela,correg_pa_9_8_1,9-8-1-21
poblado_pa_9_8_1_22,La Tollosa,correg_pa_9_8_1,9-8-1-22
poblado_pa_9_8_1_24,Los Morenos,correg_pa_9_8_1,9-8-1-24
poblado_pa_9_8_1_25,Los Vásquez,correg_pa_9_8_1,9-8-1-25
poblado_pa_9_8_1_27,Llano del Rosario,correg_pa_9_8_1,9-8-1-27
poblado_pa_9_8_1_28,Minas Bajas,correg_pa_9_8_1,9-8-1-28
poblado_pa_9_8_1_30,Pan de Azúcar No. 2,correg_pa_9_8_1,9-8-1-30
poblado_pa_9_8_1_35,San Francisco,correg_pa_9_8_1,9-8-1-35
poblado_pa_9_8_1_36,San Roque (P),correg_pa_9_8_1,9-8-1-36
poblado_pa_9_8_1_39,La Colorada,correg_pa_9_8_1,9-8-1-39
poblado_pa_9_8_1_40,Cerro Largo,correg_pa_9_8_1,9-8-1-40
poblado_pa_9_8_1_42,Finca la Milagrosa,correg_pa_9_8_1,9-8-1-42
poblado_pa_9_8_1_47,Charco Panamá,correg_pa_9_8_1,9-8-1-47
poblado_pa_9_8_1_50,Finca Nombre de Dios o del Rosario,correg_pa_9_8_1,9-8-1-50
poblado_pa_9_8_1_51,La Calzadilla,correg_pa_9_8_1,9-8-1-51
poblado_pa_9_8_1_52,La Culebra,correg_pa_9_8_1,9-8-1-52
poblado_pa_9_8_1_54,Las Adjuntas o Dos Bocas o Villa Paraíso,correg_pa_9_8_1,9-8-1-54
poblado_pa_9_8_1_55,Los Arenales,correg_pa_9_8_1,9-8-1-55
poblado_pa_9_8_1_56,Quebrada Calzadilla,correg_pa_9_8_1,9-8-1-56
poblado_pa_9_8_1_57,Rancho Pantano,correg_pa_9_8_1,9-8-1-57
poblado_pa_9_8_1_58,San Antonio,correg_pa_9_8_1,9-8-1-58
poblado_pa_9_8_1_60,Finca los Ñame,correg_pa_9_8_1,9-8-1-60
poblado_pa_9_8_1_61,Finca Santa Elena,correg_pa_9_8_1,9-8-1-61
poblado_pa_9_8_1_63,El Rosario,correg_pa_9_8_1,9-8-1-63
poblado_pa_9_8_1_64,Finca San Isidro o el Congal,correg_pa_9_8_1,9-8-1-64
poblado_pa_9_8_2_1,Alto del Jorón,correg_pa_9_8_2,9-8-2-1
poblado_pa_9_8_2_2,Barbarena,correg_pa_9_8_2,9-8-2-2
poblado_pa_9_8_2_3,El Espavé,correg_pa_9_8_2,9-8-2-3
poblado_pa_9_8_2_4,El Rincón,correg_pa_9_8_2,9-8-2-4
poblado_pa_9_8_2_6,El Titi,correg_pa_9_8_2,9-8-2-6
poblado_pa_9_8_2_8,La Meseta,correg_pa_9_8_2,9-8-2-8
poblado_pa_9_8_2_9,La Palma,correg_pa_9_8_2,9-8-2-9
poblado_pa_9_8_2_12,Los Higos,correg_pa_9_8_2,9-8-2-12
poblado_pa_9_8_2_13,Los Panamaes,correg_pa_9_8_2,9-8-2-13
poblado_pa_9_8_2_14,Los Pugas,correg_pa_9_8_2,9-8-2-14
poblado_pa_9_8_2_15,La Lagunilla,correg_pa_9_8_2,9-8-2-15
poblado_pa_9_8_2_17,Finca Ballester,correg_pa_9_8_2,9-8-2-17
poblado_pa_9_8_2_18,Hacienda Paja Colorada,correg_pa_9_8_2,9-8-2-18
poblado_pa_9_8_2_19,Llano Bonito,correg_pa_9_8_2,9-8-2-19
poblado_pa_9_8_2_20,Paja Colorada de los Higos,correg_pa_9_8_2,9-8-2-20
poblado_pa_9_8_3_1,Aguacatal,correg_pa_9_8_3,9-8-3-1
poblado_pa_9_8_3_2,El Barnizal,correg_pa_9_8_3,9-8-3-2
poblado_pa_9_8_3_4,Boquerón,correg_pa_9_8_3,9-8-3-4
poblado_pa_9_8_3_5,Caimitillo,correg_pa_9_8_3,9-8-3-5
poblado_pa_9_8_3_6,Carabalí,correg_pa_9_8_3,9-8-3-6
poblado_pa_9_8_3_8,El Cirí (P),correg_pa_9_8_3,9-8-3-8
poblado_pa_9_8_3_9,El Ciruelito,correg_pa_9_8_3,9-8-3-9
poblado_pa_9_8_3_10,Chorrillito (P),correg_pa_9_8_3,9-8-3-10
poblado_pa_9_8_3_11,El Cacique,correg_pa_9_8_3,9-8-3-11
poblado_pa_9_8_3_12,El Calabazo,correg_pa_9_8_3,9-8-3-12
poblado_pa_9_8_3_14,Correntón,correg_pa_9_8_3,9-8-3-14
poblado_pa_9_8_3_17,Chorrillo,correg_pa_9_8_3,9-8-3-17
poblado_pa_9_8_3_18,El Guayabito,correg_pa_9_8_3,9-8-3-18
poblado_pa_9_8_3_19,El Manto,correg_pa_9_8_3,9-8-3-19
poblado_pa_9_8_3_21,Palmillar,correg_pa_9_8_3,9-8-3-21
poblado_pa_9_8_3_22,El Peñón,correg_pa_9_8_3,9-8-3-22
poblado_pa_9_8_3_23,El Playón,correg_pa_9_8_3,9-8-3-23
poblado_pa_9_8_3_24,Los Hatillos,correg_pa_9_8_3,9-8-3-24
poblado_pa_9_8_3_25,Juan Basilio,correg_pa_9_8_3,9-8-3-25
poblado_pa_9_8_3_28,La Honda,correg_pa_9_8_3,9-8-3-28
poblado_pa_9_8_3_29,La Isleta,correg_pa_9_8_3,9-8-3-29
poblado_pa_9_8_3_30,La Marcela,correg_pa_9_8_3,9-8-3-30
poblado_pa_9_8_3_31,La Mona o la Cruz,correg_pa_9_8_3,9-8-3-31
poblado_pa_9_8_3_32,La Montañuela,correg_pa_9_8_3,9-8-3-32
poblado_pa_9_8_3_36,Las Peñas,correg_pa_9_8_3,9-8-3-36
poblado_pa_9_8_3_37,Los González,correg_pa_9_8_3,9-8-3-37
poblado_pa_9_8_3_38,Los Hernández,correg_pa_9_8_3,9-8-3-38
poblado_pa_9_8_3_39,Los Linos,correg_pa_9_8_3,9-8-3-39
poblado_pa_9_8_3_41,Los Ruices,correg_pa_9_8_3,9-8-3-41
poblado_pa_9_8_3_43,Los Sánchez,correg_pa_9_8_3,9-8-3-43
poblado_pa_9_8_3_44,Los Ubaldo,correg_pa_9_8_3,9-8-3-44
poblado_pa_9_8_3_45,El Vásquez,correg_pa_9_8_3,9-8-3-45
poblado_pa_9_8_3_46,La Montañita,correg_pa_9_8_3,9-8-3-46
poblado_pa_9_8_3_47,Paso Hondo,correg_pa_9_8_3,9-8-3-47
poblado_pa_9_8_3_48,Paso Real de Marcela,correg_pa_9_8_3,9-8-3-48
poblado_pa_9_8_3_49,Piedras Gordas,correg_pa_9_8_3,9-8-3-49
poblado_pa_9_8_3_50,Plan de los Ábregos,correg_pa_9_8_3,9-8-3-50
poblado_pa_9_8_3_51,Bajos de la Honda (P),correg_pa_9_8_3,9-8-3-51
poblado_pa_9_8_3_52,Alto Peñón,correg_pa_9_8_3,9-8-3-52
poblado_pa_9_8_3_53,La Ensillada,correg_pa_9_8_3,9-8-3-53
poblado_pa_9_8_3_55,La Perdiz Arriba (P),correg_pa_9_8_3,9-8-3-55
poblado_pa_9_8_3_56,San Roque (P),correg_pa_9_8_3,9-8-3-56
poblado_pa_9_8_3_58,La Marcela Arriba,correg_pa_9_8_3,9-8-3-58
poblado_pa_9_8_4_2,Bajo Viejo,correg_pa_9_8_4,9-8-4-2
poblado_pa_9_8_4_3,Calabacito,correg_pa_9_8_4,9-8-4-3
poblado_pa_9_8_4_6,El Castillo,correg_pa_9_8_4,9-8-4-6
poblado_pa_9_8_4_7,Remance,correg_pa_9_8_4,9-8-4-7
poblado_pa_9_8_4_8,La Bodega,correg_pa_9_8_4,9-8-4-8
poblado_pa_9_8_4_9,Laguna Prieta,correg_pa_9_8_4,9-8-4-9
poblado_pa_9_8_4_11,La Peñita de los Hernández,correg_pa_9_8_4,9-8-4-11
poblado_pa_9_8_4_13,Las Peñitas,correg_pa_9_8_4,9-8-4-13
poblado_pa_9_8_4_15,Los Jiménez,correg_pa_9_8_4,9-8-4-15
poblado_pa_9_8_4_17,Los Quiel,correg_pa_9_8_4,9-8-4-17
poblado_pa_9_8_4_18,Los Quinteros,correg_pa_9_8_4,9-8-4-18
poblado_pa_9_8_4_20,Llano Grande,correg_pa_9_8_4,9-8-4-20
poblado_pa_9_8_4_22,Paso de la Barca,correg_pa_9_8_4,9-8-4-22
poblado_pa_9_8_4_23,La Gorda,correg_pa_9_8_4,9-8-4-23
poblado_pa_9_8_4_26,El Cortezo,correg_pa_9_8_4,9-8-4-26
poblado_pa_9_8_4_27,Agua Fría,correg_pa_9_8_4,9-8-4-27
poblado_pa_9_8_4_28,La Mojarrita,correg_pa_9_8_4,9-8-4-28
poblado_pa_9_8_4_29,La Pintada,correg_pa_9_8_4,9-8-4-29
poblado_pa_9_8_4_30,La Cuesta,correg_pa_9_8_4,9-8-4-30
poblado_pa_9_8_4_31,El Pato Arriba,correg_pa_9_8_4,9-8-4-31
poblado_pa_9_8_4_32,La Bodeguita,correg_pa_9_8_4,9-8-4-32
poblado_pa_9_8_4_33,Los Bordones (P),correg_pa_9_8_4,9-8-4-33
poblado_pa_9_8_4_34,Palmarito,correg_pa_9_8_4,9-8-4-34
poblado_pa_9_8_4_35,Palma Real (P),correg_pa_9_8_4,9-8-4-35
poblado_pa_9_8_4_36,Los Pintos (P),correg_pa_9_8_4,9-8-4-36
poblado_pa_9_8_4_37,Alto del María,correg_pa_9_8_4,9-8-4-37
poblado_pa_9_8_4_38,La Iguana,correg_pa_9_8_4,9-8-4-38
poblado_pa_9_8_4_39,Las Mesillas,correg_pa_9_8_4,9-8-4-39
poblado_pa_9_8_4_40,La Vencela,correg_pa_9_8_4,9-8-4-40
poblado_pa_9_8_5_6,El Cristo Abajo,correg_pa_9_8_5,9-8-5-6
poblado_pa_9_8_5_10,Naranjal,correg_pa_9_8_5,9-8-5-10
poblado_pa_9_8_5_11,El Pato,correg_pa_9_8_5,9-8-5-11
poblado_pa_9_8_5_12,Gatú Arriba,correg_pa_9_8_5,9-8-5-12
poblado_pa_9_8_5_13,El Quinol,correg_pa_9_8_5,9-8-5-13
poblado_pa_9_8_5_14,Gatú Abajo,correg_pa_9_8_5,9-8-5-14
poblado_pa_9_8_5_15,La Honda,correg_pa_9_8_5,9-8-5-15
poblado_pa_9_8_5_17,La Perdiz Abajo (P),correg_pa_9_8_5,9-8-5-17
poblado_pa_9_8_5_20,Utiria,correg_pa_9_8_5,9-8-5-20
poblado_pa_9_8_5_23,El Cristo Arriba,correg_pa_9_8_5,9-8-5-23
poblado_pa_9_8_5_25,Los González Arriba,correg_pa_9_8_5,9-8-5-25
poblado_pa_9_8_5_27,Los Pardos Abajo,correg_pa_9_8_5,9-8-5-27
poblado_pa_9_8_5_28,San José (P),correg_pa_9_8_5,9-8-5-28
poblado_pa_9_8_5_29,San Juan,correg_pa_9_8_5,9-8-5-29
poblado_pa_9_8_5_30,Los Santana,correg_pa_9_8_5,9-8-5-30
poblado_pa_9_8_5_31,Los González Abajo,correg_pa_9_8_5,9-8-5-31
poblado_pa_9_8_5_32,Los Zambrano,correg_pa_9_8_5,9-8-5-32
poblado_pa_9_8_5_39,Los Hernández,correg_pa_9_8_5,9-8-5-39
poblado_pa_9_8_5_47,El Cristo Centro,correg_pa_9_8_5,9-8-5-47
poblado_pa_9_8_5_49,El María,correg_pa_9_8_5,9-8-5-49
poblado_pa_9_8_5_55,Los Pardos Arriba,correg_pa_9_8_5,9-8-5-55
poblado_pa_9_8_5_56,Los Pintos (P),correg_pa_9_8_5,9-8-5-56
poblado_pa_9_8_5_59,Palma Real (P),correg_pa_9_8_5,9-8-5-59
poblado_pa_9_8_5_61,Los Pardos Centro,correg_pa_9_8_5,9-8-5-61
poblado_pa_9_8_5_62,Alto Pital,correg_pa_9_8_5,9-8-5-62
poblado_pa_9_8_5_63,El Hato,correg_pa_9_8_5,9-8-5-63
poblado_pa_9_8_6_1,Alto el Chiflón,correg_pa_9_8_6,9-8-6-1
poblado_pa_9_8_6_2,Bajo los Hatillos,correg_pa_9_8_6,9-8-6-2
poblado_pa_9_8_6_3,Cañaveral (P),correg_pa_9_8_6,9-8-6-3
poblado_pa_9_8_6_4,Ciruelar Abajo,correg_pa_9_8_6,9-8-6-4
poblado_pa_9_8_6_5,Ciruelar Arriba,correg_pa_9_8_6,9-8-6-5
poblado_pa_9_8_6_6,Ciruelar Centro,correg_pa_9_8_6,9-8-6-6
poblado_pa_9_8_6_7,Cuay Abajo,correg_pa_9_8_6,9-8-6-7
poblado_pa_9_8_6_8,Cuay Arriba (P),correg_pa_9_8_6,9-8-6-8
poblado_pa_9_8_6_10,El Barrero,correg_pa_9_8_6,9-8-6-10
poblado_pa_9_8_6_11,El Chumico o Alto Guarumo,correg_pa_9_8_6,9-8-6-11
poblado_pa_9_8_6_12,El Gallote,correg_pa_9_8_6,9-8-6-12
poblado_pa_9_8_6_13,El Pital,correg_pa_9_8_6,9-8-6-13
poblado_pa_9_8_6_14,El Trueno,correg_pa_9_8_6,9-8-6-14
poblado_pa_9_8_6_15,La Perdiz Abajo (P),correg_pa_9_8_6,9-8-6-15
poblado_pa_9_8_6_16,La Soledad (P),correg_pa_9_8_6,9-8-6-16
poblado_pa_9_8_6_17,Las Mesillas,correg_pa_9_8_6,9-8-6-17
poblado_pa_9_8_6_18,Loma Alta,correg_pa_9_8_6,9-8-6-18
poblado_pa_9_8_6_19,Los Bradica,correg_pa_9_8_6,9-8-6-19
poblado_pa_9_8_6_20,Los Bordones (P),correg_pa_9_8_6,9-8-6-20
poblado_pa_9_8_6_21,Los Hernández No. 1,correg_pa_9_8_6,9-8-6-21
poblado_pa_9_8_6_22,Los Mendozas,correg_pa_9_8_6,9-8-6-22
poblado_pa_9_8_6_23,Los Reyes,correg_pa_9_8_6,9-8-6-23
poblado_pa_9_8_6_25,Los Toribios,correg_pa_9_8_6,9-8-6-25
poblado_pa_9_8_6_26,Paso Real,correg_pa_9_8_6,9-8-6-26
poblado_pa_9_8_6_27,San José (P),correg_pa_9_8_6,9-8-6-27
poblado_pa_9_8_6_28,La Perdiz Arriba (P),correg_pa_9_8_6,9-8-6-28
poblado_pa_9_8_6_29,La Pintada o Bajos de Higuí (P),correg_pa_9_8_6,9-8-6-29
poblado_pa_9_8_6_30,Los Corotúes,correg_pa_9_8_6,9-8-6-30
poblado_pa_9_8_6_31,Los Muñoz,correg_pa_9_8_6,9-8-6-31
poblado_pa_9_8_6_32,Valle Escondido,correg_pa_9_8_6,9-8-6-32
poblado_pa_9_9_1_1,Bajos de San Juan,correg_pa_9_9_1,9-9-1-1
poblado_pa_9_9_1_4,Cerro Redondo,correg_pa_9_9_1,9-9-1-4
poblado_pa_9_9_1_5,Corral Viejo,correg_pa_9_9_1,9-9-1-5
poblado_pa_9_9_1_6,Los Castillos,correg_pa_9_9_1,9-9-1-6
poblado_pa_9_9_1_7,El Ceibo,correg_pa_9_9_1,9-9-1-7
poblado_pa_9_9_1_8,El Jobo,correg_pa_9_9_1,9-9-1-8
poblado_pa_9_9_1_11,Pacoral,correg_pa_9_9_1,9-9-1-11
poblado_pa_9_9_1_12,Pedregoso,correg_pa_9_9_1,9-9-1-12
poblado_pa_9_9_1_13,Rincón,correg_pa_9_9_1,9-9-1-13
poblado_pa_9_9_1_14,El Salto,correg_pa_9_9_1,9-9-1-14
poblado_pa_9_9_1_17,El Escuchadero,correg_pa_9_9_1,9-9-1-17
poblado_pa_9_9_1_18,La Argolla,correg_pa_9_9_1,9-9-1-18
poblado_pa_9_9_1_20,La Ciénaga,correg_pa_9_9_1,9-9-1-20
poblado_pa_9_9_1_21,La Cocaleca,correg_pa_9_9_1,9-9-1-21
poblado_pa_9_9_1_23,Las Brujas o la Esperanza,correg_pa_9_9_1,9-9-1-23
poblado_pa_9_9_1_24,La Herradura,correg_pa_9_9_1,9-9-1-24
poblado_pa_9_9_1_26,La Montañuela,correg_pa_9_9_1,9-9-1-26
poblado_pa_9_9_1_27,Montañuela Arriba,correg_pa_9_9_1,9-9-1-27
poblado_pa_9_9_1_30,Las Lajas,correg_pa_9_9_1,9-9-1-30
poblado_pa_9_9_1_32,Alto de Piedra,correg_pa_9_9_1,9-9-1-32
poblado_pa_9_9_1_33,Las Trancas,correg_pa_9_9_1,9-9-1-33
poblado_pa_9_9_1_35,Los Hoyos,correg_pa_9_9_1,9-9-1-35
poblado_pa_9_9_1_36,La Osa,correg_pa_9_9_1,9-9-1-36
poblado_pa_9_9_1_38,Manzanillo,correg_pa_9_9_1,9-9-1-38
poblado_pa_9_9_1_39,Muelas,correg_pa_9_9_1,9-9-1-39
poblado_pa_9_9_1_40,Santa Fe,correg_pa_9_9_1,9-9-1-40
poblado_pa_9_9_1_41,Tute Abajo,correg_pa_9_9_1,9-9-1-41
poblado_pa_9_9_1_42,Tute Arriba,correg_pa_9_9_1,9-9-1-42
poblado_pa_9_9_1_43,Vueltas Largas,correg_pa_9_9_1,9-9-1-43
poblado_pa_9_9_1_44,La Perica,correg_pa_9_9_1,9-9-1-44
poblado_pa_9_9_1_45,Bermejo o el Sereno (P),correg_pa_9_9_1,9-9-1-45
poblado_pa_9_9_1_46,Las Quebradas,correg_pa_9_9_1,9-9-1-46
poblado_pa_9_9_1_47,Las Peñitas,correg_pa_9_9_1,9-9-1-47
poblado_pa_9_9_1_48,La Sapita,correg_pa_9_9_1,9-9-1-48
poblado_pa_9_9_1_49,El Nance,correg_pa_9_9_1,9-9-1-49
poblado_pa_9_9_1_50,El Macano,correg_pa_9_9_1,9-9-1-50
poblado_pa_9_9_1_51,La Fría,correg_pa_9_9_1,9-9-1-51
poblado_pa_9_9_1_55,La Isleta,correg_pa_9_9_1,9-9-1-55
poblado_pa_9_9_1_56,Las Lajas o el Zapote,correg_pa_9_9_1,9-9-1-56
poblado_pa_9_9_1_57,La Corocita,correg_pa_9_9_1,9-9-1-57
poblado_pa_9_9_1_58,La Laguna,correg_pa_9_9_1,9-9-1-58
poblado_pa_9_9_1_60,Montañuela Abajo,correg_pa_9_9_1,9-9-1-60
poblado_pa_9_9_1_61,Primer Brazo Mulabá,correg_pa_9_9_1,9-9-1-61
poblado_pa_9_9_1_62,Segundo Brazo Mulabá,correg_pa_9_9_1,9-9-1-62
poblado_pa_9_9_1_63,Tercer Brazo Mulabá,correg_pa_9_9_1,9-9-1-63
poblado_pa_9_9_1_64,Cabuya,correg_pa_9_9_1,9-9-1-64
poblado_pa_9_9_1_65,El Cedro (P),correg_pa_9_9_1,9-9-1-65
poblado_pa_9_9_1_66,El Zoológico,correg_pa_9_9_1,9-9-1-66
poblado_pa_9_9_1_68,La Piquera o el Girasol,correg_pa_9_9_1,9-9-1-68
poblado_pa_9_9_1_70,Hortiga,correg_pa_9_9_1,9-9-1-70
poblado_pa_9_9_1_71,La Soledad (P),correg_pa_9_9_1,9-9-1-71
poblado_pa_9_9_1_72,Beteguí (P),correg_pa_9_9_1,9-9-1-72
poblado_pa_9_9_2_1,Barrera,correg_pa_9_9_2,9-9-2-1
poblado_pa_9_9_2_4,Belencillo (P),correg_pa_9_9_2,9-9-2-4
poblado_pa_9_9_2_5,Concepción,correg_pa_9_9_2,9-9-2-5
poblado_pa_9_9_2_6,Charcón,correg_pa_9_9_2,9-9-2-6
poblado_pa_9_9_2_8,Calle Larga,correg_pa_9_9_2,9-9-2-8
poblado_pa_9_9_2_11,Estero Salado,correg_pa_9_9_2,9-9-2-11
poblado_pa_9_9_2_12,Calovébora,correg_pa_9_9_2,9-9-2-12
poblado_pa_9_9_2_14,Barsal,correg_pa_9_9_2,9-9-2-14
poblado_pa_9_9_2_15,Caracol,correg_pa_9_9_2,9-9-2-15
poblado_pa_9_9_2_16,El Carmen,correg_pa_9_9_2,9-9-2-16
poblado_pa_9_9_2_18,Tigrero,correg_pa_9_9_2,9-9-2-18
poblado_pa_9_9_2_19,Gallina,correg_pa_9_9_2,9-9-2-19
poblado_pa_9_9_2_22,Río Guázaro,correg_pa_9_9_2,9-9-2-22
poblado_pa_9_9_2_28,La Empalizada,correg_pa_9_9_2,9-9-2-28
poblado_pa_9_9_2_30,Los Castillos No. 1,correg_pa_9_9_2,9-9-2-30
poblado_pa_9_9_2_34,Paso Bonito,correg_pa_9_9_2,9-9-2-34
poblado_pa_9_9_2_43,Veraguas,correg_pa_9_9_2,9-9-2-43
poblado_pa_9_9_2_45,Peje Prieto,correg_pa_9_9_2,9-9-2-45
poblado_pa_9_9_2_46,Candelaria,correg_pa_9_9_2,9-9-2-46
poblado_pa_9_9_2_47,Caño Sucio,correg_pa_9_9_2,9-9-2-47
poblado_pa_9_9_2_50,Quebrada Honda,correg_pa_9_9_2,9-9-2-50
poblado_pa_9_9_2_52,Río Zapatero o Zapaterito,correg_pa_9_9_2,9-9-2-52
poblado_pa_9_9_2_54,Los Americanos,correg_pa_9_9_2,9-9-2-54
poblado_pa_9_9_2_63,San Cristóbal,correg_pa_9_9_2,9-9-2-63
poblado_pa_9_9_2_64,El Cañito,correg_pa_9_9_2,9-9-2-64
poblado_pa_9_9_2_80,La Isleta,correg_pa_9_9_2,9-9-2-80
poblado_pa_9_9_2_82,Quebrada San Antonio,correg_pa_9_9_2,9-9-2-82
poblado_pa_9_9_2_84,Carmona,correg_pa_9_9_2,9-9-2-84
poblado_pa_9_9_2_86,La Guinea,correg_pa_9_9_2,9-9-2-86
poblado_pa_9_9_2_94,Garrocha,correg_pa_9_9_2,9-9-2-94
poblado_pa_9_9_2_97,Bonguito o Corriente América,correg_pa_9_9_2,9-9-2-97
poblado_pa_9_9_2_98,Caño Julio,correg_pa_9_9_2,9-9-2-98
poblado_pa_9_9_2_100,La Cruz,correg_pa_9_9_2,9-9-2-100
poblado_pa_9_9_2_101,La Mona,correg_pa_9_9_2,9-9-2-101
poblado_pa_9_9_2_102,El Playón,correg_pa_9_9_2,9-9-2-102
poblado_pa_9_9_2_106,Sardina,correg_pa_9_9_2,9-9-2-106
poblado_pa_9_9_2_107,Guabalito,correg_pa_9_9_2,9-9-2-107
poblado_pa_9_9_2_108,Guabal Arriba,correg_pa_9_9_2,9-9-2-108
poblado_pa_9_9_2_109,Guabal,correg_pa_9_9_2,9-9-2-109
poblado_pa_9_9_2_110,Cajón,correg_pa_9_9_2,9-9-2-110
poblado_pa_9_9_2_113,El Madril (P),correg_pa_9_9_2,9-9-2-113
poblado_pa_9_9_2_114,Meche Perro,correg_pa_9_9_2,9-9-2-114
poblado_pa_9_9_2_116,Caño Rompidón,correg_pa_9_9_2,9-9-2-116
poblado_pa_9_9_2_117,Quebrada Lucía,correg_pa_9_9_2,9-9-2-117
poblado_pa_9_9_2_118,Caño de la Iguana o Isleta de Guázaro,correg_pa_9_9_2,9-9-2-118
poblado_pa_9_9_2_119,La Bonga,correg_pa_9_9_2,9-9-2-119
poblado_pa_9_9_2_121,Las Brujas,correg_pa_9_9_2,9-9-2-121
poblado_pa_9_9_2_122,Las Lajas,correg_pa_9_9_2,9-9-2-122
poblado_pa_9_9_2_133,Bejuco,correg_pa_9_9_2,9-9-2-133
poblado_pa_9_9_2_145,Alto de la Honda,correg_pa_9_9_2,9-9-2-145
poblado_pa_9_9_2_146,Alto Marañón,correg_pa_9_9_2,9-9-2-146
poblado_pa_9_9_2_148,Boca Honda,correg_pa_9_9_2,9-9-2-148
poblado_pa_9_9_2_149,Cabecera de Quebrada Garrocha,correg_pa_9_9_2,9-9-2-149
poblado_pa_9_9_2_150,Caleta,correg_pa_9_9_2,9-9-2-150
poblado_pa_9_9_2_151,Caño Sucio No. 2,correg_pa_9_9_2,9-9-2-151
poblado_pa_9_9_2_152,Dos Brazos,correg_pa_9_9_2,9-9-2-152
poblado_pa_9_9_2_153,El Corotú,correg_pa_9_9_2,9-9-2-153
poblado_pa_9_9_2_155,Estero Salado Arriba,correg_pa_9_9_2,9-9-2-155
poblado_pa_9_9_2_157,Guazarito,correg_pa_9_9_2,9-9-2-157
poblado_pa_9_9_2_158,La Aldea,correg_pa_9_9_2,9-9-2-158
poblado_pa_9_9_2_159,La Colmena,correg_pa_9_9_2,9-9-2-159
poblado_pa_9_9_2_160,La Conga,correg_pa_9_9_2,9-9-2-160
poblado_pa_9_9_2_163,Mauricio,correg_pa_9_9_2,9-9-2-163
poblado_pa_9_9_2_165,Peña Blanca,correg_pa_9_9_2,9-9-2-165
poblado_pa_9_9_2_166,Pozo Flores o el Mango,correg_pa_9_9_2,9-9-2-166
poblado_pa_9_9_2_168,Punta de Veraguas,correg_pa_9_9_2,9-9-2-168
poblado_pa_9_9_2_169,Punta Toñito o Toñito,correg_pa_9_9_2,9-9-2-169
poblado_pa_9_9_2_170,Quebrada Caleta,correg_pa_9_9_2,9-9-2-170
poblado_pa_9_9_2_171,Quebrada Platanares,correg_pa_9_9_2,9-9-2-171
poblado_pa_9_9_2_172,Quebrada Palmar,correg_pa_9_9_2,9-9-2-172
poblado_pa_9_9_2_173,Ricito,correg_pa_9_9_2,9-9-2-173
poblado_pa_9_9_2_175,San Antonio Arriba,correg_pa_9_9_2,9-9-2-175
poblado_pa_9_9_2_177,Veraguita,correg_pa_9_9_2,9-9-2-177
poblado_pa_9_9_2_179,Quebrada el Gringo,correg_pa_9_9_2,9-9-2-179
poblado_pa_9_9_2_180,Boca de Río Santiaguito,correg_pa_9_9_2,9-9-2-180
poblado_pa_9_9_2_181,Caño Loro,correg_pa_9_9_2,9-9-2-181
poblado_pa_9_9_2_183,Pedregosa,correg_pa_9_9_2,9-9-2-183
poblado_pa_9_9_2_185,Alto del Mirador,correg_pa_9_9_2,9-9-2-185
poblado_pa_9_9_2_186,Alto Guabino,correg_pa_9_9_2,9-9-2-186
poblado_pa_9_9_2_187,Alto Líbano,correg_pa_9_9_2,9-9-2-187
poblado_pa_9_9_2_188,Alto Níspero,correg_pa_9_9_2,9-9-2-188
poblado_pa_9_9_2_190,Bonaga,correg_pa_9_9_2,9-9-2-190
poblado_pa_9_9_2_191,Cabecera de Quebrada Honda,correg_pa_9_9_2,9-9-2-191
poblado_pa_9_9_2_192,Caldera o Cerro Teta,correg_pa_9_9_2,9-9-2-192
poblado_pa_9_9_2_193,Caleta No. 2,correg_pa_9_9_2,9-9-2-193
poblado_pa_9_9_2_196,Camarones (P),correg_pa_9_9_2,9-9-2-196
poblado_pa_9_9_2_197,Candelaria Arriba,correg_pa_9_9_2,9-9-2-197
poblado_pa_9_9_2_198,Caño Titi,correg_pa_9_9_2,9-9-2-198
poblado_pa_9_9_2_200,Cucuyo o Cuero de Macho,correg_pa_9_9_2,9-9-2-200
poblado_pa_9_9_2_201,Cuicho,correg_pa_9_9_2,9-9-2-201
poblado_pa_9_9_2_202,El Bateal,correg_pa_9_9_2,9-9-2-202
poblado_pa_9_9_2_203,El Chorro,correg_pa_9_9_2,9-9-2-203
poblado_pa_9_9_2_204,El Portete,correg_pa_9_9_2,9-9-2-204
poblado_pa_9_9_2_205,Gallardo,correg_pa_9_9_2,9-9-2-205
poblado_pa_9_9_2_209,La Colorada,correg_pa_9_9_2,9-9-2-209
poblado_pa_9_9_2_210,Isleta No. 2,correg_pa_9_9_2,9-9-2-210
poblado_pa_9_9_2_211,Paso de Limón,correg_pa_9_9_2,9-9-2-211
poblado_pa_9_9_2_212,Primer Corriente,correg_pa_9_9_2,9-9-2-212
poblado_pa_9_9_2_214,Quebrada Cangrejo,correg_pa_9_9_2,9-9-2-214
poblado_pa_9_9_2_215,Quebrada Gajo,correg_pa_9_9_2,9-9-2-215
poblado_pa_9_9_2_216,Quebrada Llana,correg_pa_9_9_2,9-9-2-216
poblado_pa_9_9_2_217,Quebrada Sigua,correg_pa_9_9_2,9-9-2-217
poblado_pa_9_9_2_218,San Bartolo,correg_pa_9_9_2,9-9-2-218
poblado_pa_9_9_2_219,Santiaguito,correg_pa_9_9_2,9-9-2-219
poblado_pa_9_9_2_220,Sonadora,correg_pa_9_9_2,9-9-2-220
poblado_pa_9_9_2_221,Urracá,correg_pa_9_9_2,9-9-2-221
poblado_pa_9_9_2_222,La Empalizada No. 2,correg_pa_9_9_2,9-9-2-222
poblado_pa_9_9_2_223,Quebrada la Empalizada o la Palizada (P),correg_pa_9_9_2,9-9-2-223
poblado_pa_9_9_2_227,Barrerita,correg_pa_9_9_2,9-9-2-227
poblado_pa_9_9_2_228,Bajo Grande (P),correg_pa_9_9_2,9-9-2-228
poblado_pa_9_9_2_230,Camarón,correg_pa_9_9_2,9-9-2-230
poblado_pa_9_9_2_231,Cañita,correg_pa_9_9_2,9-9-2-231
poblado_pa_9_9_2_232,Carmen,correg_pa_9_9_2,9-9-2-232
poblado_pa_9_9_2_233,Cerro Ocho,correg_pa_9_9_2,9-9-2-233
poblado_pa_9_9_2_234,El Cedro,correg_pa_9_9_2,9-9-2-234
poblado_pa_9_9_2_235,El Chorro de Río Bejuco,correg_pa_9_9_2,9-9-2-235
poblado_pa_9_9_2_236,El Chorro No. 2,correg_pa_9_9_2,9-9-2-236
poblado_pa_9_9_2_237,Escobal,correg_pa_9_9_2,9-9-2-237
poblado_pa_9_9_2_238,Ese,correg_pa_9_9_2,9-9-2-238
poblado_pa_9_9_2_239,Finca los Sánchez,correg_pa_9_9_2,9-9-2-239
poblado_pa_9_9_2_240,Guazarito No. 2,correg_pa_9_9_2,9-9-2-240
poblado_pa_9_9_2_242,La Reyes,correg_pa_9_9_2,9-9-2-242
poblado_pa_9_9_2_243,Las Mellizas,correg_pa_9_9_2,9-9-2-243
poblado_pa_9_9_2_244,Manantial,correg_pa_9_9_2,9-9-2-244
poblado_pa_9_9_2_245,Miramar,correg_pa_9_9_2,9-9-2-245
poblado_pa_9_9_2_246,Monte Lirio,correg_pa_9_9_2,9-9-2-246
poblado_pa_9_9_2_247,Patio Bonito,correg_pa_9_9_2,9-9-2-247
poblado_pa_9_9_2_248,Quebrada Culebrita,correg_pa_9_9_2,9-9-2-248
poblado_pa_9_9_2_249,Quebrada el Carmen,correg_pa_9_9_2,9-9-2-249
poblado_pa_9_9_2_250,Quebrada la Guineita,correg_pa_9_9_2,9-9-2-250
poblado_pa_9_9_2_251,Sardina Arriba,correg_pa_9_9_2,9-9-2-251
poblado_pa_9_9_3_2,Alto de la Cruz,correg_pa_9_9_3,9-9-3-2
poblado_pa_9_9_3_4,Boca de la Quebrada Culaca,correg_pa_9_9_3,9-9-3-4
poblado_pa_9_9_3_5,La Calabonga,correg_pa_9_9_3,9-9-3-5
poblado_pa_9_9_3_6,Cañablancal,correg_pa_9_9_3,9-9-3-6
poblado_pa_9_9_3_7,La Culaca,correg_pa_9_9_3,9-9-3-7
poblado_pa_9_9_3_8,El Alto,correg_pa_9_9_3,9-9-3-8
poblado_pa_9_9_3_11,El Carmen,correg_pa_9_9_3,9-9-3-11
poblado_pa_9_9_3_14,El Filo,correg_pa_9_9_3,9-9-3-14
poblado_pa_9_9_3_15,El Gallito,correg_pa_9_9_3,9-9-3-15
poblado_pa_9_9_3_16,El Gallo,correg_pa_9_9_3,9-9-3-16
poblado_pa_9_9_3_17,El Guayabo,correg_pa_9_9_3,9-9-3-17
poblado_pa_9_9_3_21,El Palmarito (P),correg_pa_9_9_3,9-9-3-21
poblado_pa_9_9_3_25,Guayabito,correg_pa_9_9_3,9-9-3-25
poblado_pa_9_9_3_28,La Gloria,correg_pa_9_9_3,9-9-3-28
poblado_pa_9_9_3_29,La Golondrina,correg_pa_9_9_3,9-9-3-29
poblado_pa_9_9_3_32,La Pandura No. 1,correg_pa_9_9_3,9-9-3-32
poblado_pa_9_9_3_35,La Piñuela,correg_pa_9_9_3,9-9-3-35
poblado_pa_9_9_3_36,La Puente,correg_pa_9_9_3,9-9-3-36
poblado_pa_9_9_3_40,Loma Larga,correg_pa_9_9_3,9-9-3-40
poblado_pa_9_9_3_42,Los Bajos,correg_pa_9_9_3,9-9-3-42
poblado_pa_9_9_3_44,Piedra de Moler,correg_pa_9_9_3,9-9-3-44
poblado_pa_9_9_3_46,Piura,correg_pa_9_9_3,9-9-3-46
poblado_pa_9_9_3_48,Alto el Pito,correg_pa_9_9_3,9-9-3-48
poblado_pa_9_9_3_51,Las Peñitas (P),correg_pa_9_9_3,9-9-3-51
poblado_pa_9_9_3_52,La Mula,correg_pa_9_9_3,9-9-3-52
poblado_pa_9_9_3_53,Bajo Venado,correg_pa_9_9_3,9-9-3-53
poblado_pa_9_9_3_54,La Fondura,correg_pa_9_9_3,9-9-3-54
poblado_pa_9_9_3_56,La Pita,correg_pa_9_9_3,9-9-3-56
poblado_pa_9_9_3_57,El Coralillo,correg_pa_9_9_3,9-9-3-57
poblado_pa_9_9_3_59,El Cogollal,correg_pa_9_9_3,9-9-3-59
poblado_pa_9_9_3_64,Palma Real,correg_pa_9_9_3,9-9-3-64
poblado_pa_9_9_3_70,Las Piedras,correg_pa_9_9_3,9-9-3-70
poblado_pa_9_9_4_1,La Pintada o Bajos de Higuí (P),correg_pa_9_9_4,9-9-4-1
poblado_pa_9_9_4_2,El Cuaicito,correg_pa_9_9_4,9-9-4-2
poblado_pa_9_9_4_3,El Banquillo,correg_pa_9_9_4,9-9-4-3
poblado_pa_9_9_4_4,El Cedro (P),correg_pa_9_9_4,9-9-4-4
poblado_pa_9_9_4_5,El Ciruelo o el Ciruelito,correg_pa_9_9_4,9-9-4-5
poblado_pa_9_9_4_7,El Guanábano,correg_pa_9_9_4,9-9-4-7
poblado_pa_9_9_4_9,El Hatillo (P),correg_pa_9_9_4,9-9-4-9
poblado_pa_9_9_4_10,El Inglés,correg_pa_9_9_4,9-9-4-10
poblado_pa_9_9_4_11,El Peñón,correg_pa_9_9_4,9-9-4-11
poblado_pa_9_9_4_12,Hato del Carmen,correg_pa_9_9_4,9-9-4-12
poblado_pa_9_9_4_14,Alto las Minas o los Higos,correg_pa_9_9_4,9-9-4-14
poblado_pa_9_9_4_15,La Porcada,correg_pa_9_9_4,9-9-4-15
poblado_pa_9_9_4_19,Llano de las Cañazas,correg_pa_9_9_4,9-9-4-19
poblado_pa_9_9_4_20,Los Corotúes,correg_pa_9_9_4,9-9-4-20
poblado_pa_9_9_4_21,Los Llanos del Cuay,correg_pa_9_9_4,9-9-4-21
poblado_pa_9_9_4_22,Los Pintos,correg_pa_9_9_4,9-9-4-22
poblado_pa_9_9_4_23,Paja Colorada,correg_pa_9_9_4,9-9-4-23
poblado_pa_9_9_4_24,Paja Peluda,correg_pa_9_9_4,9-9-4-24
poblado_pa_9_9_4_25,San Antonio,correg_pa_9_9_4,9-9-4-25
poblado_pa_9_9_4_30,La Cuchilla,correg_pa_9_9_4,9-9-4-30
poblado_pa_9_9_4_31,La Sabaneta No. 1,correg_pa_9_9_4,9-9-4-31
poblado_pa_9_9_4_32,El Macho,correg_pa_9_9_4,9-9-4-32
poblado_pa_9_9_4_33,Las Quebradas,correg_pa_9_9_4,9-9-4-33
poblado_pa_9_9_4_34,Cuay Arriba (P),correg_pa_9_9_4,9-9-4-34
poblado_pa_9_9_4_35,La Montañuelita No. 1,correg_pa_9_9_4,9-9-4-35
poblado_pa_9_9_4_37,Las Lagunas,correg_pa_9_9_4,9-9-4-37
poblado_pa_9_9_4_38,Las Mercedes,correg_pa_9_9_4,9-9-4-38
poblado_pa_9_9_4_39,Las Minitas,correg_pa_9_9_4,9-9-4-39
poblado_pa_9_9_4_40,Los Quiel (P),correg_pa_9_9_4,9-9-4-40
poblado_pa_9_9_4_44,Los Llanitos,correg_pa_9_9_4,9-9-4-44
poblado_pa_9_9_4_45,El Calabazo,correg_pa_9_9_4,9-9-4-45
poblado_pa_9_9_4_46,El Cubano,correg_pa_9_9_4,9-9-4-46
poblado_pa_9_9_4_47,El Juncal,correg_pa_9_9_4,9-9-4-47
poblado_pa_9_9_5_1,Alto de Espavé,correg_pa_9_9_5,9-9-5-1
poblado_pa_9_9_5_2,Alto de los González,correg_pa_9_9_5,9-9-5-2
poblado_pa_9_9_5_3,Alto de los Pinedas,correg_pa_9_9_5,9-9-5-3
poblado_pa_9_9_5_5,Bermejo o el Sereno (P),correg_pa_9_9_5,9-9-5-5
poblado_pa_9_9_5_7,El Naranjo o Quebrada el Naranjo,correg_pa_9_9_5,9-9-5-7
poblado_pa_9_9_5_8,El Palmar,correg_pa_9_9_5,9-9-5-8
poblado_pa_9_9_5_9,El Pantano,correg_pa_9_9_5,9-9-5-9
poblado_pa_9_9_5_10,La Atollosa,correg_pa_9_9_5,9-9-5-10
poblado_pa_9_9_5_11,Narices,correg_pa_9_9_5,9-9-5-11
poblado_pa_9_9_5_12,Pajonal,correg_pa_9_9_5,9-9-5-12
poblado_pa_9_9_5_13,Piragual,correg_pa_9_9_5,9-9-5-13
poblado_pa_9_9_5_15,Ojo de Agua,correg_pa_9_9_5,9-9-5-15
poblado_pa_9_9_6_1,Agua Fría,correg_pa_9_9_6,9-9-6-1
poblado_pa_9_9_6_4,Bejucal,correg_pa_9_9_6,9-9-6-4
poblado_pa_9_9_6_5,Caimito,correg_pa_9_9_6,9-9-6-5
poblado_pa_9_9_6_11,Gatú,correg_pa_9_9_6,9-9-6-11
poblado_pa_9_9_6_15,La Sabaneta,correg_pa_9_9_6,9-9-6-15
poblado_pa_9_9_6_17,Los Díaz,correg_pa_9_9_6,9-9-6-17
poblado_pa_9_9_6_21,Río Azul,correg_pa_9_9_6,9-9-6-21
poblado_pa_9_9_6_22,San José,correg_pa_9_9_6,9-9-6-22
poblado_pa_9_9_6_23,Santa Bárbara,correg_pa_9_9_6,9-9-6-23
poblado_pa_9_9_6_24,San Miguel,correg_pa_9_9_6,9-9-6-24
poblado_pa_9_9_6_26,Loma del Medio,correg_pa_9_9_6,9-9-6-26
poblado_pa_9_9_6_27,San Miguel Arriba,correg_pa_9_9_6,9-9-6-27
poblado_pa_9_9_6_28,Ojo de Agua,correg_pa_9_9_6,9-9-6-28
poblado_pa_9_9_6_31,Cedro Fino,correg_pa_9_9_6,9-9-6-31
poblado_pa_9_9_6_32,Gatuncito,correg_pa_9_9_6,9-9-6-32
poblado_pa_9_9_6_33,La Palmita,correg_pa_9_9_6,9-9-6-33
poblado_pa_9_9_6_34,La Pita,correg_pa_9_9_6,9-9-6-34
poblado_pa_9_9_6_36,Las Lajitas,correg_pa_9_9_6,9-9-6-36
poblado_pa_9_9_6_37,Los Casaretone,correg_pa_9_9_6,9-9-6-37
poblado_pa_9_9_6_38,Quebrada Bejucal,correg_pa_9_9_6,9-9-6-38
poblado_pa_9_9_6_39,Quebrada Oscura,correg_pa_9_9_6,9-9-6-39
poblado_pa_9_9_7_1,Alto Limón,correg_pa_9_9_7,9-9-7-1
poblado_pa_9_9_7_2,Alto Ortiga,correg_pa_9_9_7,9-9-7-2
poblado_pa_9_9_7_3,Bambú o Alto Bambú,correg_pa_9_9_7,9-9-7-3
poblado_pa_9_9_7_4,Boca de Caloveborita (P),correg_pa_9_9_7,9-9-7-4
poblado_pa_9_9_7_5,Boca de Gallota,correg_pa_9_9_7,9-9-7-5
poblado_pa_9_9_7_6,Boca de Río Grande o Nueva Esperanza (P),correg_pa_9_9_7,9-9-7-6
poblado_pa_9_9_7_7,El Bongo,correg_pa_9_9_7,9-9-7-7
poblado_pa_9_9_7_8,Caloveborita,correg_pa_9_9_7,9-9-7-8
poblado_pa_9_9_7_9,Carricillal,correg_pa_9_9_7,9-9-7-9
poblado_pa_9_9_7_10,El Guabal (P),correg_pa_9_9_7,9-9-7-10
poblado_pa_9_9_7_11,Guazarito No. 2,correg_pa_9_9_7,9-9-7-11
poblado_pa_9_9_7_12,Hoja de Teñir,correg_pa_9_9_7,9-9-7-12
poblado_pa_9_9_7_13,La Llanita,correg_pa_9_9_7,9-9-7-13
poblado_pa_9_9_7_14,La Micha,correg_pa_9_9_7,9-9-7-14
poblado_pa_9_9_7_15,La Playita,correg_pa_9_9_7,9-9-7-15
poblado_pa_9_9_7_16,La Tollosa o Toyosa,correg_pa_9_9_7,9-9-7-16
poblado_pa_9_9_7_17,Las Trancas,correg_pa_9_9_7,9-9-7-17
poblado_pa_9_9_7_18,Loma de la Pava,correg_pa_9_9_7,9-9-7-18
poblado_pa_9_9_7_19,Los Azules (P),correg_pa_9_9_7,9-9-7-19
poblado_pa_9_9_7_20,Los Caracoles o Boca de Quebrada Caracolito,correg_pa_9_9_7,9-9-7-20
poblado_pa_9_9_7_21,Los Ñame,correg_pa_9_9_7,9-9-7-21
poblado_pa_9_9_7_22,Ortiga Arriba,correg_pa_9_9_7,9-9-7-22
poblado_pa_9_9_7_23,Paja Peluda o la Pedregosa,correg_pa_9_9_7,9-9-7-23
poblado_pa_9_9_7_24,Palmar,correg_pa_9_9_7,9-9-7-24
poblado_pa_9_9_7_25,Pata de Loma Grande (P),correg_pa_9_9_7,9-9-7-25
poblado_pa_9_9_7_26,Pedregoso No. 1,correg_pa_9_9_7,9-9-7-26
poblado_pa_9_9_7_27,Piedra de Moler,correg_pa_9_9_7,9-9-7-27
poblado_pa_9_9_7_28,Piragual,correg_pa_9_9_7,9-9-7-28
poblado_pa_9_9_7_30,Quebrada Benítez,correg_pa_9_9_7,9-9-7-30
poblado_pa_9_9_7_33,Quebrada la Empalizada o la Palizada (P),correg_pa_9_9_7,9-9-7-33
poblado_pa_9_9_7_34,Quebrada Larga No. 1,correg_pa_9_9_7,9-9-7-34
poblado_pa_9_9_7_35,Quebrada Larga No. 2,correg_pa_9_9_7,9-9-7-35
poblado_pa_9_9_7_36,Río Luis (P),correg_pa_9_9_7,9-9-7-36
poblado_pa_9_9_7_37,Tuza,correg_pa_9_9_7,9-9-7-37
poblado_pa_9_9_7_38,Bajo Grande (P),correg_pa_9_9_7,9-9-7-38
poblado_pa_9_9_7_39,Campamento,correg_pa_9_9_7,9-9-7-39
poblado_pa_9_9_7_40,El Pejal,correg_pa_9_9_7,9-9-7-40
poblado_pa_9_9_7_41,El Pino,correg_pa_9_9_7,9-9-7-41
poblado_pa_9_9_7_42,El Terrón de Veraguas,correg_pa_9_9_7,9-9-7-42
poblado_pa_9_9_7_43,Filipina,correg_pa_9_9_7,9-9-7-43
poblado_pa_9_9_7_44,Guacá,correg_pa_9_9_7,9-9-7-44
poblado_pa_9_9_7_45,Guazarito No. 1,correg_pa_9_9_7,9-9-7-45
poblado_pa_9_9_7_46,Lajitas,correg_pa_9_9_7,9-9-7-46
poblado_pa_9_9_7_47,Paso Hondo (P),correg_pa_9_9_7,9-9-7-47
poblado_pa_9_9_7_49,Quebrada el Macho,correg_pa_9_9_7,9-9-7-49
poblado_pa_9_9_7_50,Camarones (P),correg_pa_9_9_7,9-9-7-50
poblado_pa_9_9_7_51,Charco Róbalo,correg_pa_9_9_7,9-9-7-51
poblado_pa_9_9_7_52,El Bateo,correg_pa_9_9_7,9-9-7-52
poblado_pa_9_9_7_53,La Arrepentida,correg_pa_9_9_7,9-9-7-53
poblado_pa_9_9_7_54,Playita Arriba,correg_pa_9_9_7,9-9-7-54
poblado_pa_9_9_7_55,Quebrada Llanita,correg_pa_9_9_7,9-9-7-55
poblado_pa_9_9_8_2,Alto Corona,correg_pa_9_9_8,9-9-8-2
poblado_pa_9_9_8_3,Alto de Valle Alegre,correg_pa_9_9_8,9-9-8-3
poblado_pa_9_9_8_6,Caña Blanca,correg_pa_9_9_8,9-9-8-6
poblado_pa_9_9_8_7,Chichical,correg_pa_9_9_8,9-9-8-7
poblado_pa_9_9_8_8,Chorrillito (P),correg_pa_9_9_8,9-9-8-8
poblado_pa_9_9_8_9,Cinco Cerros o los Cerrillos,correg_pa_9_9_8,9-9-8-9
poblado_pa_9_9_8_11,El Calabacito,correg_pa_9_9_8,9-9-8-11
poblado_pa_9_9_8_12,El Común,correg_pa_9_9_8,9-9-8-12
poblado_pa_9_9_8_13,El Comuncito,correg_pa_9_9_8,9-9-8-13
poblado_pa_9_9_8_14,El Guanábano,correg_pa_9_9_8,9-9-8-14
poblado_pa_9_9_8_15,El Hinojal,correg_pa_9_9_8,9-9-8-15
poblado_pa_9_9_8_16,El Juncal,correg_pa_9_9_8,9-9-8-16
poblado_pa_9_9_8_17,El Junquito,correg_pa_9_9_8,9-9-8-17
poblado_pa_9_9_8_18,El Manzanillo,correg_pa_9_9_8,9-9-8-18
poblado_pa_9_9_8_19,El Palmarito (P),correg_pa_9_9_8,9-9-8-19
poblado_pa_9_9_8_20,El Pedregoso,correg_pa_9_9_8,9-9-8-20
poblado_pa_9_9_8_21,Espavé,correg_pa_9_9_8,9-9-8-21
poblado_pa_9_9_8_22,Guabito,correg_pa_9_9_8,9-9-8-22
poblado_pa_9_9_8_23,La Ciénaga,correg_pa_9_9_8,9-9-8-23
poblado_pa_9_9_8_24,La Evidencia,correg_pa_9_9_8,9-9-8-24
poblado_pa_9_9_8_25,La Isleta No. 1,correg_pa_9_9_8,9-9-8-25
poblado_pa_9_9_8_26,La Montañuela Abajo o la Montaña Abajo,correg_pa_9_9_8,9-9-8-26
poblado_pa_9_9_8_27,La Montañuela Arriba o la Montaña Arriba,correg_pa_9_9_8,9-9-8-27
poblado_pa_9_9_8_28,La Pacora,correg_pa_9_9_8,9-9-8-28
poblado_pa_9_9_8_30,La Peña,correg_pa_9_9_8,9-9-8-30
poblado_pa_9_9_8_31,La Pita o el Aguacate,correg_pa_9_9_8,9-9-8-31
poblado_pa_9_9_8_32,La Sabaneta,correg_pa_9_9_8,9-9-8-32
poblado_pa_9_9_8_33,Las Minitas,correg_pa_9_9_8,9-9-8-33
poblado_pa_9_9_8_34,Las Peñitas (P),correg_pa_9_9_8,9-9-8-34
poblado_pa_9_9_8_35,Las Tiburcias,correg_pa_9_9_8,9-9-8-35
poblado_pa_9_9_8_36,Loma del Medio,correg_pa_9_9_8,9-9-8-36
poblado_pa_9_9_8_38,Los Santana,correg_pa_9_9_8,9-9-8-38
poblado_pa_9_9_8_39,Palo Verde,correg_pa_9_9_8,9-9-8-39
poblado_pa_9_9_8_40,Pescara,correg_pa_9_9_8,9-9-8-40
poblado_pa_9_9_8_41,Sabaneta de Pescara,correg_pa_9_9_8,9-9-8-41
poblado_pa_9_9_8_42,El Trimpinal (P),correg_pa_9_9_8,9-9-8-42
poblado_pa_9_9_8_43,Beteguí (P),correg_pa_9_9_8,9-9-8-43
poblado_pa_9_9_8_45,La Azulita,correg_pa_9_9_8,9-9-8-45
poblado_pa_9_10_1_2,Altos de Martincito,correg_pa_9_10_1,9-10-1-2
poblado_pa_9_10_1_44,La Lechuza,correg_pa_9_10_1,9-10-1-44
poblado_pa_9_10_1_67,Martincito,correg_pa_9_10_1,9-10-1-67
poblado_pa_9_10_1_71,Pamplona,correg_pa_9_10_1,9-10-1-71
poblado_pa_9_10_1_82,Santa Clara,correg_pa_9_10_1,9-10-1-82
poblado_pa_9_10_1_83,Santiago (P),correg_pa_9_10_1,9-10-1-83
poblado_pa_9_10_1_108,La Cruz de Martincito,correg_pa_9_10_1,9-10-1-108
poblado_pa_9_10_1_113,El Sánchez,correg_pa_9_10_1,9-10-1-113
poblado_pa_9_10_1_114,Loma los Tecas,correg_pa_9_10_1,9-10-1-114
poblado_pa_9_10_1_118,La Florecita Abajo,correg_pa_9_10_1,9-10-1-118
poblado_pa_9_10_1_121,Villa Belén (P),correg_pa_9_10_1,9-10-1-121
poblado_pa_9_10_1_122,Alto de los Hatillos,correg_pa_9_10_1,9-10-1-122
poblado_pa_9_10_2_1,Asajal,correg_pa_9_10_2,9-10-2-1
poblado_pa_9_10_2_3,El Centeno,correg_pa_9_10_2,9-10-2-3
poblado_pa_9_10_2_4,El Conejo,correg_pa_9_10_2,9-10-2-4
poblado_pa_9_10_2_6,El Peligro,correg_pa_9_10_2,9-10-2-6
poblado_pa_9_10_2_7,El Quirri,correg_pa_9_10_2,9-10-2-7
poblado_pa_9_10_2_8,El Rasca,correg_pa_9_10_2,9-10-2-8
poblado_pa_9_10_2_10,Jalobra,correg_pa_9_10_2,9-10-2-10
poblado_pa_9_10_2_11,La Colorada,correg_pa_9_10_2,9-10-2-11
poblado_pa_9_10_2_13,Los Hatillos,correg_pa_9_10_2,9-10-2-13
poblado_pa_9_10_2_14,Los Marines,correg_pa_9_10_2,9-10-2-14
poblado_pa_9_10_2_16,El Paso Real,correg_pa_9_10_2,9-10-2-16
poblado_pa_9_10_2_17,El Poro Poro,correg_pa_9_10_2,9-10-2-17
poblado_pa_9_10_2_18,Quebrada Honda,correg_pa_9_10_2,9-10-2-18
poblado_pa_9_10_2_19,Toceres,correg_pa_9_10_2,9-10-2-19
poblado_pa_9_10_2_20,La Trinchera,correg_pa_9_10_2,9-10-2-20
poblado_pa_9_10_2_21,El Tejar,correg_pa_9_10_2,9-10-2-21
poblado_pa_9_10_2_22,El Villano,correg_pa_9_10_2,9-10-2-22
poblado_pa_9_10_2_23,El Zapote o Pueblo Nuevo (P),correg_pa_9_10_2,9-10-2-23
poblado_pa_9_10_2_24,Brisas de Esperanza,correg_pa_9_10_2,9-10-2-24
poblado_pa_9_10_2_25,La Isleta,correg_pa_9_10_2,9-10-2-25
poblado_pa_9_10_2_26,Castillos de la Herradura,correg_pa_9_10_2,9-10-2-26
poblado_pa_9_10_3_17,La Coloradita de la Peña,correg_pa_9_10_3,9-10-3-17
poblado_pa_9_10_3_18,La Ensillada,correg_pa_9_10_3,9-10-3-18
poblado_pa_9_10_3_22,La Peña,correg_pa_9_10_3,9-10-3-22
poblado_pa_9_10_3_26,Las Guacas o las Huacas (P),correg_pa_9_10_3,9-10-3-26
poblado_pa_9_10_3_27,La Subidita,correg_pa_9_10_3,9-10-3-27
poblado_pa_9_10_3_32,Los Remedios,correg_pa_9_10_3,9-10-3-32
poblado_pa_9_10_3_33,Los Zamoranos,correg_pa_9_10_3,9-10-3-33
poblado_pa_9_10_3_34,Los Solíces,correg_pa_9_10_3,9-10-3-34
poblado_pa_9_10_3_35,Llano de Castillo,correg_pa_9_10_3,9-10-3-35
poblado_pa_9_10_3_37,Llano de San Juan,correg_pa_9_10_3,9-10-3-37
poblado_pa_9_10_3_42,Rincón Largo (P),correg_pa_9_10_3,9-10-3-42
poblado_pa_9_10_3_44,San Pedrito,correg_pa_9_10_3,9-10-3-44
poblado_pa_9_10_3_50,El Barberillo,correg_pa_9_10_3,9-10-3-50
poblado_pa_9_10_3_53,Boquilla de los Santos,correg_pa_9_10_3,9-10-3-53
poblado_pa_9_10_3_54,Cerro Gordo de la Cantera,correg_pa_9_10_3,9-10-3-54
poblado_pa_9_10_3_55,Guayabal (P),correg_pa_9_10_3,9-10-3-55
poblado_pa_9_10_3_56,Residencial Villa Nueva,correg_pa_9_10_3,9-10-3-56
poblado_pa_9_10_3_57,El Rincón de la Subidita,correg_pa_9_10_3,9-10-3-57
poblado_pa_9_10_3_58,Residencial Brisas de Santiago,correg_pa_9_10_3,9-10-3-58
poblado_pa_9_10_4_2,Capellanía,correg_pa_9_10_4,9-10-4-2
poblado_pa_9_10_4_3,El Higo,correg_pa_9_10_4,9-10-4-3
poblado_pa_9_10_4_4,El Irlandés,correg_pa_9_10_4,9-10-4-4
poblado_pa_9_10_4_5,El Pedernal,correg_pa_9_10_4,9-10-4-5
poblado_pa_9_10_4_11,La Raya de Santa María,correg_pa_9_10_4,9-10-4-11
poblado_pa_9_10_4_15,La Gallarusa,correg_pa_9_10_4,9-10-4-15
poblado_pa_9_10_4_16,Bajo Grande,correg_pa_9_10_4,9-10-4-16
poblado_pa_9_10_4_19,Los Bajos,correg_pa_9_10_4,9-10-4-19
poblado_pa_9_10_4_20,Finca el Rincón,correg_pa_9_10_4,9-10-4-20
poblado_pa_9_10_5_3,Alto el Nance,correg_pa_9_10_5,9-10-5-3
poblado_pa_9_10_5_10,Caratales,correg_pa_9_10_5,9-10-5-10
poblado_pa_9_10_5_18,El Jagua,correg_pa_9_10_5,9-10-5-18
poblado_pa_9_10_5_19,El Negrito,correg_pa_9_10_5,9-10-5-19
poblado_pa_9_10_5_20,El Pera,correg_pa_9_10_5,9-10-5-20
poblado_pa_9_10_5_22,El Pintado,correg_pa_9_10_5,9-10-5-22
poblado_pa_9_10_5_26,Espavé o Palo Blanco,correg_pa_9_10_5,9-10-5-26
poblado_pa_9_10_5_28,La Honda,correg_pa_9_10_5,9-10-5-28
poblado_pa_9_10_5_31,La Manga de Limón,correg_pa_9_10_5,9-10-5-31
poblado_pa_9_10_5_33,La Providencia,correg_pa_9_10_5,9-10-5-33
poblado_pa_9_10_5_36,Las Huertas,correg_pa_9_10_5,9-10-5-36
poblado_pa_9_10_5_39,El Guabo,correg_pa_9_10_5,9-10-5-39
poblado_pa_9_10_5_42,Los Sitios,correg_pa_9_10_5,9-10-5-42
poblado_pa_9_10_5_44,Macho Abajo,correg_pa_9_10_5,9-10-5-44
poblado_pa_9_10_5_45,Macho Arriba,correg_pa_9_10_5,9-10-5-45
poblado_pa_9_10_5_46,Marea Abajo,correg_pa_9_10_5,9-10-5-46
poblado_pa_9_10_5_47,Marea Arriba,correg_pa_9_10_5,9-10-5-47
poblado_pa_9_10_5_50,Piñas,correg_pa_9_10_5,9-10-5-50
poblado_pa_9_10_5_52,Ponuga,correg_pa_9_10_5,9-10-5-52
poblado_pa_9_10_5_57,Tranquillas,correg_pa_9_10_5,9-10-5-57
poblado_pa_9_10_5_58,Visuetes,correg_pa_9_10_5,9-10-5-58
poblado_pa_9_10_5_62,El Zapote o Pueblo Nuevo (P),correg_pa_9_10_5,9-10-5-62
poblado_pa_9_10_5_64,Alto de los Pericos,correg_pa_9_10_5,9-10-5-64
poblado_pa_9_10_5_66,La Isla,correg_pa_9_10_5,9-10-5-66
poblado_pa_9_10_5_72,Callejón Hondo,correg_pa_9_10_5,9-10-5-72
poblado_pa_9_10_5_75,La Garceana (P),correg_pa_9_10_5,9-10-5-75
poblado_pa_9_10_6_1,El Bichal,correg_pa_9_10_6,9-10-6-1
poblado_pa_9_10_6_2,El Bongo,correg_pa_9_10_6,9-10-6-2
poblado_pa_9_10_6_4,El Nance,correg_pa_9_10_6,9-10-6-4
poblado_pa_9_10_6_5,La Fragua,correg_pa_9_10_6,9-10-6-5
poblado_pa_9_10_6_6,Las Margaritas,correg_pa_9_10_6,9-10-6-6
poblado_pa_9_10_6_7,Las Acacias,correg_pa_9_10_6,9-10-6-7
poblado_pa_9_10_6_8,Las Guacas o las Huacas (P),correg_pa_9_10_6,9-10-6-8
poblado_pa_9_10_6_9,Rancho Santa Bárbara,correg_pa_9_10_6,9-10-6-9
poblado_pa_9_10_6_11,San Pedro de la Horqueta,correg_pa_9_10_6,9-10-6-11
poblado_pa_9_10_6_12,San Pedro del Espino,correg_pa_9_10_6,9-10-6-12
poblado_pa_9_10_6_13,Finca Nopal,correg_pa_9_10_6,9-10-6-13
poblado_pa_9_10_6_15,Rincón Largo (P),correg_pa_9_10_6,9-10-6-15
poblado_pa_9_10_6_16,Finca la Paz,correg_pa_9_10_6,9-10-6-16
poblado_pa_9_10_7_2,Barriada San Roque,correg_pa_9_10_7,9-10-7-2
poblado_pa_9_10_7_3,Cañacillas Arriba,correg_pa_9_10_7,9-10-7-3
poblado_pa_9_10_7_5,El Anón,correg_pa_9_10_7,9-10-7-5
poblado_pa_9_10_7_8,El Espino,correg_pa_9_10_7,9-10-7-8
poblado_pa_9_10_7_10,El Nance,correg_pa_9_10_7,9-10-7-10
poblado_pa_9_10_7_16,La Bruja,correg_pa_9_10_7,9-10-7-16
poblado_pa_9_10_7_18,La Pita,correg_pa_9_10_7,9-10-7-18
poblado_pa_9_10_7_24,La Mata del Espino,correg_pa_9_10_7,9-10-7-24
poblado_pa_9_10_7_25,Mirador,correg_pa_9_10_7,9-10-7-25
poblado_pa_9_10_7_29,Posada Belisario Porras,correg_pa_9_10_7,9-10-7-29
poblado_pa_9_10_7_35,Canto del Llano (P),correg_pa_9_10_7,9-10-7-35
poblado_pa_9_10_7_38,Villa San Francisco,correg_pa_9_10_7,9-10-7-38
poblado_pa_9_10_7_40,Barriada las Perlas,correg_pa_9_10_7,9-10-7-40
poblado_pa_9_10_7_41,Nuevo Belén o Nueva Jerusalén,correg_pa_9_10_7,9-10-7-41
poblado_pa_9_10_7_42,Finca el Clavijo,correg_pa_9_10_7,9-10-7-42
poblado_pa_9_10_7_48,Finca el Anón,correg_pa_9_10_7,9-10-7-48
poblado_pa_9_10_7_49,Residencial los Sueños de Santiago (P),correg_pa_9_10_7,9-10-7-49
poblado_pa_9_10_7_50,Residencial Rivers Bann,correg_pa_9_10_7,9-10-7-50
poblado_pa_9_10_7_51,Residencial Villa Campestre,correg_pa_9_10_7,9-10-7-51
poblado_pa_9_10_7_52,Los Cisnes,correg_pa_9_10_7,9-10-7-52
poblado_pa_9_10_7_53,Residencial la Reserva,correg_pa_9_10_7,9-10-7-53
poblado_pa_9_10_7_54,Residencial Quinta las Acacias,correg_pa_9_10_7,9-10-7-54
poblado_pa_9_10_7_55,Residencial Villas del Lago,correg_pa_9_10_7,9-10-7-55
poblado_pa_9_10_8_1,Altos de los González,correg_pa_9_10_8,9-10-8-1
poblado_pa_9_10_8_2,El Barro,correg_pa_9_10_8,9-10-8-2
poblado_pa_9_10_8_3,El Carrasco,correg_pa_9_10_8,9-10-8-3
poblado_pa_9_10_8_4,El Embalsadero,correg_pa_9_10_8,9-10-8-4
poblado_pa_9_10_8_5,El Felipe,correg_pa_9_10_8,9-10-8-5
poblado_pa_9_10_8_6,El Llanillo,correg_pa_9_10_8,9-10-8-6
poblado_pa_9_10_8_8,El Porvenir,correg_pa_9_10_8,9-10-8-8
poblado_pa_9_10_8_9,El Zurrón,correg_pa_9_10_8,9-10-8-9
poblado_pa_9_10_8_10,Higo Mocho,correg_pa_9_10_8,9-10-8-10
poblado_pa_9_10_8_11,La Corocita,correg_pa_9_10_8,9-10-8-11
poblado_pa_9_10_8_12,La Iguana,correg_pa_9_10_8,9-10-8-12
poblado_pa_9_10_8_13,La Montañuela Abajo,correg_pa_9_10_8,9-10-8-13
poblado_pa_9_10_8_14,La Montañuela Arriba,correg_pa_9_10_8,9-10-8-14
poblado_pa_9_10_8_15,La Rufina,correg_pa_9_10_8,9-10-8-15
poblado_pa_9_10_8_16,Llano Largo (P),correg_pa_9_10_8,9-10-8-16
poblado_pa_9_10_8_18,Los Algarrobos,correg_pa_9_10_8,9-10-8-18
poblado_pa_9_10_8_19,Los Almanza,correg_pa_9_10_8,9-10-8-19
poblado_pa_9_10_8_20,Los Altos,correg_pa_9_10_8,9-10-8-20
poblado_pa_9_10_8_21,Los Balsas,correg_pa_9_10_8,9-10-8-21
poblado_pa_9_10_8_22,Los Barriales,correg_pa_9_10_8,9-10-8-22
poblado_pa_9_10_8_23,Pacora o San Pedro Pacora,correg_pa_9_10_8,9-10-8-23
poblado_pa_9_10_8_25,San Pedro del Rincón,correg_pa_9_10_8,9-10-8-25
poblado_pa_9_10_8_26,El Brujillo,correg_pa_9_10_8,9-10-8-26
poblado_pa_9_10_8_27,Finca San José Obrero,correg_pa_9_10_8,9-10-8-27
poblado_pa_9_10_8_28,Los Hernández,correg_pa_9_10_8,9-10-8-28
poblado_pa_9_10_9_1,Conaca,correg_pa_9_10_9,9-10-9-1
poblado_pa_9_10_9_2,El Cangrejal,correg_pa_9_10_9,9-10-9-2
poblado_pa_9_10_9_3,El Espino de Santa Rosa,correg_pa_9_10_9,9-10-9-3
poblado_pa_9_10_9_4,Juárez,correg_pa_9_10_9,9-10-9-4
poblado_pa_9_10_9_5,La Ciriaca,correg_pa_9_10_9,9-10-9-5
poblado_pa_9_10_9_6,La Concepción,correg_pa_9_10_9,9-10-9-6
poblado_pa_9_10_9_7,La Mata (P),correg_pa_9_10_9,9-10-9-7
poblado_pa_9_10_9_8,Los Boquerones (P),correg_pa_9_10_9,9-10-9-8
poblado_pa_9_10_9_9,Los Cerros (P),correg_pa_9_10_9,9-10-9-9
poblado_pa_9_10_9_10,Pueblo Nuevo No. 1,correg_pa_9_10_9,9-10-9-10
poblado_pa_9_10_9_11,Aguas Limpias,correg_pa_9_10_9,9-10-9-11
poblado_pa_9_10_9_12,La Lajita,correg_pa_9_10_9,9-10-9-12
poblado_pa_9_10_9_13,Estancia las Rocas,correg_pa_9_10_9,9-10-9-13
poblado_pa_9_10_9_14,La Garza,correg_pa_9_10_9,9-10-9-14
poblado_pa_9_10_9_15,Lago Limón,correg_pa_9_10_9,9-10-9-15
poblado_pa_9_10_9_16,Residencial Villa Isabel,correg_pa_9_10_9,9-10-9-16
poblado_pa_9_10_9_17,Residencial Villa Yolanis,correg_pa_9_10_9,9-10-9-17
poblado_pa_9_10_9_18,Jardines Espino de la Rosa,correg_pa_9_10_9,9-10-9-18
poblado_pa_9_10_9_19,Residencial Urraca´S,correg_pa_9_10_9,9-10-9-19
poblado_pa_9_10_9_20,Residencial Vía el Ingenio,correg_pa_9_10_9,9-10-9-20
poblado_pa_9_10_9_21,Residencial Villa Casimira,correg_pa_9_10_9,9-10-9-21
poblado_pa_9_10_9_22,Residencial los Boquerones,correg_pa_9_10_9,9-10-9-22
poblado_pa_9_10_10_1,Alto del Nance,correg_pa_9_10_10,9-10-10-1
poblado_pa_9_10_10_2,El Algarrobo,correg_pa_9_10_10,9-10-10-2
poblado_pa_9_10_10_3,El Caimito,correg_pa_9_10_10,9-10-10-3
poblado_pa_9_10_10_4,El Guayabo,correg_pa_9_10_10,9-10-10-4
poblado_pa_9_10_10_5,El Salitre,correg_pa_9_10_10,9-10-10-5
poblado_pa_9_10_10_6,Junquillo,correg_pa_9_10_10,9-10-10-6
poblado_pa_9_10_10_7,La Cantera,correg_pa_9_10_10,9-10-10-7
poblado_pa_9_10_10_8,La Graciana,correg_pa_9_10_10,9-10-10-8
poblado_pa_9_10_10_9,La Laguna,correg_pa_9_10_10,9-10-10-9
poblado_pa_9_10_10_10,La Lega,correg_pa_9_10_10,9-10-10-10
poblado_pa_9_10_10_11,La Valdesita o Quebrada Honda No. 2,correg_pa_9_10_10,9-10-10-11
poblado_pa_9_10_10_12,La Valdéz,correg_pa_9_10_10,9-10-10-12
poblado_pa_9_10_10_14,Martín Chiquito,correg_pa_9_10_10,9-10-10-14
poblado_pa_9_10_10_15,Martín Grande,correg_pa_9_10_10,9-10-10-15
poblado_pa_9_10_10_16,Piedra del Sol,correg_pa_9_10_10,9-10-10-16
poblado_pa_9_10_10_17,Quebrada Honda,correg_pa_9_10_10,9-10-10-17
poblado_pa_9_10_10_18,La Esperanza,correg_pa_9_10_10,9-10-10-18
poblado_pa_9_10_10_19,La Estrella,correg_pa_9_10_10,9-10-10-19
poblado_pa_9_10_10_20,Villa Belén (P),correg_pa_9_10_10,9-10-10-20
poblado_pa_9_10_10_21,La Botija,correg_pa_9_10_10,9-10-10-21
poblado_pa_9_10_10_22,Hacienda del Sol,correg_pa_9_10_10,9-10-10-22
poblado_pa_9_10_10_23,Residencial Patricia Italia,correg_pa_9_10_10,9-10-10-23
poblado_pa_9_10_10_24,Residencial Sagrado Corazón de Jesús,correg_pa_9_10_10,9-10-10-24
poblado_pa_9_10_10_25,Residencial San Judas Tadeo,correg_pa_9_10_10,9-10-10-25
poblado_pa_9_10_11_1,Barriada San Martín de Porres,correg_pa_9_10_11,9-10-11-1
poblado_pa_9_10_11_4,Punta Delgadita (P),correg_pa_9_10_11,9-10-11-4
poblado_pa_9_10_12_1,Alto de los Duendes,correg_pa_9_10_12,9-10-12-1
poblado_pa_9_10_12_2,Cañazas Arriba,correg_pa_9_10_12,9-10-12-2
poblado_pa_9_10_12_3,El Capacho,correg_pa_9_10_12,9-10-12-3
poblado_pa_9_10_12_4,Finca Galera,correg_pa_9_10_12,9-10-12-4
poblado_pa_9_10_12_5,Hato Viejo,correg_pa_9_10_12,9-10-12-5
poblado_pa_9_10_12_6,La Peana,correg_pa_9_10_12,9-10-12-6
poblado_pa_9_10_12_7,Llano de la Cruz,correg_pa_9_10_12,9-10-12-7
poblado_pa_9_10_12_8,Los Barriales,correg_pa_9_10_12,9-10-12-8
poblado_pa_9_10_12_9,Miranda,correg_pa_9_10_12,9-10-12-9
poblado_pa_9_10_12_10,Quebrada el Gato,correg_pa_9_10_12,9-10-12-10
poblado_pa_9_10_12_11,Tierra Hueca,correg_pa_9_10_12,9-10-12-11
poblado_pa_9_10_12_13,Uñate,correg_pa_9_10_12,9-10-12-13
poblado_pa_9_10_12_14,Finca el Boquetón,correg_pa_9_10_12,9-10-12-14
poblado_pa_9_10_12_15,Quebrada la Pileta,correg_pa_9_10_12,9-10-12-15
poblado_pa_9_10_12_16,La Dos Mil,correg_pa_9_10_12,9-10-12-16
poblado_pa_9_10_12_17,Residencial Alelí,correg_pa_9_10_12,9-10-12-17
poblado_pa_9_10_12_18,Residencial los Sueños de Santiago (P),correg_pa_9_10_12,9-10-12-18
poblado_pa_9_10_13_1,Barriada 8 de Diciembre,correg_pa_9_10_13,9-10-13-1
poblado_pa_9_10_13_2,Barriada Bello Amanecer,correg_pa_9_10_13,9-10-13-2
poblado_pa_9_10_13_3,Barriada la Esperanza,correg_pa_9_10_13,9-10-13-3
poblado_pa_9_10_13_4,Barriada San Agustín,correg_pa_9_10_13,9-10-13-4
poblado_pa_9_10_13_5,Barriada Santa Lucía,correg_pa_9_10_13,9-10-13-5
poblado_pa_9_10_13_6,Barriada Villa Lourdes,correg_pa_9_10_13,9-10-13-6
poblado_pa_9_10_13_7,Bello Horizonte,correg_pa_9_10_13,9-10-13-7
poblado_pa_9_10_13_8,Brisas de San Francisco,correg_pa_9_10_13,9-10-13-8
poblado_pa_9_10_13_9,Canto del Llano (P),correg_pa_9_10_13,9-10-13-9
poblado_pa_9_10_13_10,El Uvito,correg_pa_9_10_13,9-10-13-10
poblado_pa_9_10_13_11,La Soledad,correg_pa_9_10_13,9-10-13-11
poblado_pa_9_10_13_12,Monagrillo de la Soledad,correg_pa_9_10_13,9-10-13-12
poblado_pa_9_10_13_13,Residencial el Torreón,correg_pa_9_10_13,9-10-13-13
poblado_pa_9_10_13_14,Residencial Génesis,correg_pa_9_10_13,9-10-13-14
poblado_pa_9_10_13_15,Residencial Italita,correg_pa_9_10_13,9-10-13-15
poblado_pa_9_10_13_16,Residencial Jesús de Praga,correg_pa_9_10_13,9-10-13-16
poblado_pa_9_10_13_17,Santiago (P),correg_pa_9_10_13,9-10-13-17
poblado_pa_9_10_13_18,Urbanización Santa Teresita,correg_pa_9_10_13,9-10-13-18
poblado_pa_9_10_13_19,Villa Alexandra,correg_pa_9_10_13,9-10-13-19
poblado_pa_9_10_13_20,Santiago Park,correg_pa_9_10_13,9-10-13-20
poblado_pa_9_10_13_21,Residencial la Soledad Garden,correg_pa_9_10_13,9-10-13-21
poblado_pa_9_10_14_1,Bethel o los Pericos,correg_pa_9_10_14,9-10-14-1
poblado_pa_9_10_14_2,Cañacillas Vía Aeropuerto,correg_pa_9_10_14,9-10-14-2
poblado_pa_9_10_14_3,Guayaquil,correg_pa_9_10_14,9-10-14-3
poblado_pa_9_10_14_4,Los Rujanos,correg_pa_9_10_14,9-10-14-4
poblado_pa_9_10_14_5,Punta Delgadita (P),correg_pa_9_10_14,9-10-14-5
poblado_pa_9_10_14_6,San Antonio (P),correg_pa_9_10_14,9-10-14-6
poblado_pa_9_10_14_7,Santiago (P),correg_pa_9_10_14,9-10-14-7
poblado_pa_9_10_15_1,Calacucha o Caracucho,correg_pa_9_10_15,9-10-15-1
poblado_pa_9_10_15_2,Cañazas Abajo,correg_pa_9_10_15,9-10-15-2
poblado_pa_9_10_15_3,Corita,correg_pa_9_10_15,9-10-15-3
poblado_pa_9_10_15_4,Finca la Macha,correg_pa_9_10_15,9-10-15-4
poblado_pa_9_10_15_5,Jorón,correg_pa_9_10_15,9-10-15-5
poblado_pa_9_10_15_6,La Huaca,correg_pa_9_10_15,9-10-15-6
poblado_pa_9_10_15_7,Lagartero,correg_pa_9_10_15,9-10-15-7
poblado_pa_9_10_16_1,Aguacatal,correg_pa_9_10_16,9-10-16-1
poblado_pa_9_10_16_3,Alto el Horcón,correg_pa_9_10_16,9-10-16-3
poblado_pa_9_10_16_4,Barracín,correg_pa_9_10_16,9-10-16-4
poblado_pa_9_10_16_5,Barro Morado,correg_pa_9_10_16,9-10-16-5
poblado_pa_9_10_16_6,Calabacito,correg_pa_9_10_16,9-10-16-6
poblado_pa_9_10_16_7,Carrizal,correg_pa_9_10_16,9-10-16-7
poblado_pa_9_10_16_8,Cirbulaco,correg_pa_9_10_16,9-10-16-8
poblado_pa_9_10_16_9,Dos Bocas,correg_pa_9_10_16,9-10-16-9
poblado_pa_9_10_16_10,El Coco,correg_pa_9_10_16,9-10-16-10
poblado_pa_9_10_16_11,El Coco Arriba,correg_pa_9_10_16,9-10-16-11
poblado_pa_9_10_16_12,El Coquito,correg_pa_9_10_16,9-10-16-12
poblado_pa_9_10_16_13,El Gabriel,correg_pa_9_10_16,9-10-16-13
poblado_pa_9_10_16_14,El Sitio,correg_pa_9_10_16,9-10-16-14
poblado_pa_9_10_16_15,El Suay,correg_pa_9_10_16,9-10-16-15
poblado_pa_9_10_16_16,Entradero de los Duendes,correg_pa_9_10_16,9-10-16-16
poblado_pa_9_10_16_17,Guacamaya,correg_pa_9_10_16,9-10-16-17
poblado_pa_9_10_16_18,La Laguna,correg_pa_9_10_16,9-10-16-18
poblado_pa_9_10_16_19,La Pifá,correg_pa_9_10_16,9-10-16-19
poblado_pa_9_10_16_20,La Pita,correg_pa_9_10_16,9-10-16-20
poblado_pa_9_10_16_21,La Sabaneta,correg_pa_9_10_16,9-10-16-21
poblado_pa_9_10_16_22,Las Blanditas,correg_pa_9_10_16,9-10-16-22
poblado_pa_9_10_16_23,Las Colomas,correg_pa_9_10_16,9-10-16-23
poblado_pa_9_10_16_24,Los Duendes,correg_pa_9_10_16,9-10-16-24
poblado_pa_9_10_16_25,Los Guabitos,correg_pa_9_10_16,9-10-16-25
poblado_pa_9_10_16_26,Los Planes,correg_pa_9_10_16,9-10-16-26
poblado_pa_9_10_16_27,Los Sábalos,correg_pa_9_10_16,9-10-16-27
poblado_pa_9_10_16_30,Paraíso o Tiestal de Ponuga,correg_pa_9_10_16,9-10-16-30
poblado_pa_9_10_16_31,Peña el Mero,correg_pa_9_10_16,9-10-16-31
poblado_pa_9_10_16_32,Pocrí,correg_pa_9_10_16,9-10-16-32
poblado_pa_9_10_16_33,Señiles,correg_pa_9_10_16,9-10-16-33
poblado_pa_9_10_16_34,Suay Arriba,correg_pa_9_10_16,9-10-16-34
poblado_pa_9_10_16_35,Zapotal,correg_pa_9_10_16,9-10-16-35
poblado_pa_9_10_16_36,Zurrones,correg_pa_9_10_16,9-10-16-36
poblado_pa_9_11_1_1,Tobalico (P),correg_pa_9_11_1,9-11-1-1
poblado_pa_9_11_1_2,Bajo de Tobalico,correg_pa_9_11_1,9-11-1-2
poblado_pa_9_11_1_5,Aguas Claras (P),correg_pa_9_11_1,9-11-1-5
poblado_pa_9_11_1_6,Hacienda California,correg_pa_9_11_1,9-11-1-6
poblado_pa_9_11_1_7,Diego (P),correg_pa_9_11_1,9-11-1-7
poblado_pa_9_11_1_8,El Anguillal,correg_pa_9_11_1,9-11-1-8
poblado_pa_9_11_1_9,El Barrero,correg_pa_9_11_1,9-11-1-9
poblado_pa_9_11_1_11,El Común,correg_pa_9_11_1,9-11-1-11
poblado_pa_9_11_1_12,El Encanto,correg_pa_9_11_1,9-11-1-12
poblado_pa_9_11_1_13,El Mamey,correg_pa_9_11_1,9-11-1-13
poblado_pa_9_11_1_14,La Cadena,correg_pa_9_11_1,9-11-1-14
poblado_pa_9_11_1_16,La Hojita,correg_pa_9_11_1,9-11-1-16
poblado_pa_9_11_1_19,La Pita,correg_pa_9_11_1,9-11-1-19
poblado_pa_9_11_1_20,La Sabaneta,correg_pa_9_11_1,9-11-1-20
poblado_pa_9_11_1_21,Las Piedras,correg_pa_9_11_1,9-11-1-21
poblado_pa_9_11_1_22,Los Algarrobos,correg_pa_9_11_1,9-11-1-22
poblado_pa_9_11_1_24,El Guásimo,correg_pa_9_11_1,9-11-1-24
poblado_pa_9_11_1_26,Los Toretos,correg_pa_9_11_1,9-11-1-26
poblado_pa_9_11_1_27,Llano Largo,correg_pa_9_11_1,9-11-1-27
poblado_pa_9_11_1_28,Pueblo Nuevo,correg_pa_9_11_1,9-11-1-28
poblado_pa_9_11_1_31,Soná,correg_pa_9_11_1,9-11-1-31
poblado_pa_9_11_1_32,Tolerique,correg_pa_9_11_1,9-11-1-32
poblado_pa_9_11_1_33,Hacienda Tolica,correg_pa_9_11_1,9-11-1-33
poblado_pa_9_11_1_35,Tribique,correg_pa_9_11_1,9-11-1-35
poblado_pa_9_11_1_36,El María o la Mariposa,correg_pa_9_11_1,9-11-1-36
poblado_pa_9_11_1_37,La Tollosa,correg_pa_9_11_1,9-11-1-37
poblado_pa_9_11_1_45,El Alto Alfaro,correg_pa_9_11_1,9-11-1-45
poblado_pa_9_11_1_49,Barriada San Pablo,correg_pa_9_11_1,9-11-1-49
poblado_pa_9_11_1_51,Finca San Isidro,correg_pa_9_11_1,9-11-1-51
poblado_pa_9_11_1_52,Los Sueños de Soná,correg_pa_9_11_1,9-11-1-52
poblado_pa_9_11_2_3,Bahía Honda,correg_pa_9_11_2,9-11-2-3
poblado_pa_9_11_2_13,Cativito,correg_pa_9_11_2,9-11-2-13
poblado_pa_9_11_2_14,Cativón,correg_pa_9_11_2,9-11-2-14
poblado_pa_9_11_2_15,Corotú,correg_pa_9_11_2,9-11-2-15
poblado_pa_9_11_2_26,El Zapote,correg_pa_9_11_2,9-11-2-26
poblado_pa_9_11_2_27,Hacha,correg_pa_9_11_2,9-11-2-27
poblado_pa_9_11_2_33,La Caleta,correg_pa_9_11_2,9-11-2-33
poblado_pa_9_11_2_35,La Costa,correg_pa_9_11_2,9-11-2-35
poblado_pa_9_11_2_36,La Honduras,correg_pa_9_11_2,9-11-2-36
poblado_pa_9_11_2_37,La Isleta,correg_pa_9_11_2,9-11-2-37
poblado_pa_9_11_2_38,La Mona,correg_pa_9_11_2,9-11-2-38
poblado_pa_9_11_2_39,La Playa,correg_pa_9_11_2,9-11-2-39
poblado_pa_9_11_2_43,Leones Abajo,correg_pa_9_11_2,9-11-2-43
poblado_pa_9_11_2_44,Lerencito,correg_pa_9_11_2,9-11-2-44
poblado_pa_9_11_2_45,Leren Hondo,correg_pa_9_11_2,9-11-2-45
poblado_pa_9_11_2_48,Alto de los Machos (P),correg_pa_9_11_2,9-11-2-48
poblado_pa_9_11_2_50,Mamey,correg_pa_9_11_2,9-11-2-50
poblado_pa_9_11_2_51,Managua,correg_pa_9_11_2,9-11-2-51
poblado_pa_9_11_2_55,Palma Real,correg_pa_9_11_2,9-11-2-55
poblado_pa_9_11_2_58,Playa Goya,correg_pa_9_11_2,9-11-2-58
poblado_pa_9_11_2_62,Punta de Próspero,correg_pa_9_11_2,9-11-2-62
poblado_pa_9_11_2_68,Río de los Gatos,correg_pa_9_11_2,9-11-2-68
poblado_pa_9_11_2_70,Río Luis,correg_pa_9_11_2,9-11-2-70
poblado_pa_9_11_2_73,Salmonete,correg_pa_9_11_2,9-11-2-73
poblado_pa_9_11_2_77,Los Tascales,correg_pa_9_11_2,9-11-2-77
poblado_pa_9_11_2_78,Puerto Escondido,correg_pa_9_11_2,9-11-2-78
poblado_pa_9_11_2_82,Cabecera de Cativito,correg_pa_9_11_2,9-11-2-82
poblado_pa_9_11_2_83,Cabecera de Managua,correg_pa_9_11_2,9-11-2-83
poblado_pa_9_11_2_85,Cabecera de Salmonete,correg_pa_9_11_2,9-11-2-85
poblado_pa_9_11_2_87,Cabecera de Corotú,correg_pa_9_11_2,9-11-2-87
poblado_pa_9_11_2_90,La Cadena,correg_pa_9_11_2,9-11-2-90
poblado_pa_9_11_2_91,El Panamá,correg_pa_9_11_2,9-11-2-91
poblado_pa_9_11_2_92,Ensenada el Naranjo,correg_pa_9_11_2,9-11-2-92
poblado_pa_9_11_2_93,La Quilla,correg_pa_9_11_2,9-11-2-93
poblado_pa_9_11_3_1,Agua Blanca,correg_pa_9_11_3,9-11-3-1
poblado_pa_9_11_3_2,Alto de Catecito,correg_pa_9_11_3,9-11-3-2
poblado_pa_9_11_3_3,Alto de las Yeguas,correg_pa_9_11_3,9-11-3-3
poblado_pa_9_11_3_6,Cabecera de Tribique,correg_pa_9_11_3,9-11-3-6
poblado_pa_9_11_3_7,Alto de Méjico,correg_pa_9_11_3,9-11-3-7
poblado_pa_9_11_3_8,El Fraile,correg_pa_9_11_3,9-11-3-8
poblado_pa_9_11_3_9,Bajo de Jerónimo,correg_pa_9_11_3,9-11-3-9
poblado_pa_9_11_3_10,Boca del Tallo,correg_pa_9_11_3,9-11-3-10
poblado_pa_9_11_3_11,Alto Boquete,correg_pa_9_11_3,9-11-3-11
poblado_pa_9_11_3_12,Cabecera de Cabimales (P),correg_pa_9_11_3,9-11-3-12
poblado_pa_9_11_3_13,Cabecera de Bubi,correg_pa_9_11_3,9-11-3-13
poblado_pa_9_11_3_14,Cabecera de Huesitales,correg_pa_9_11_3,9-11-3-14
poblado_pa_9_11_3_15,Cabecera de Lovaina,correg_pa_9_11_3,9-11-3-15
poblado_pa_9_11_3_16,Cabecera de Platanales,correg_pa_9_11_3,9-11-3-16
poblado_pa_9_11_3_17,Alto Bubi o Quebrada de Bubi,correg_pa_9_11_3,9-11-3-17
poblado_pa_9_11_3_19,Calidonia,correg_pa_9_11_3,9-11-3-19
poblado_pa_9_11_3_20,Catecito No. 1,correg_pa_9_11_3,9-11-3-20
poblado_pa_9_11_3_21,Catecito No. 2 (P),correg_pa_9_11_3,9-11-3-21
poblado_pa_9_11_3_22,Diego (P),correg_pa_9_11_3,9-11-3-22
poblado_pa_9_11_3_23,El Aguacate,correg_pa_9_11_3,9-11-3-23
poblado_pa_9_11_3_24,Boca la Corocita,correg_pa_9_11_3,9-11-3-24
poblado_pa_9_11_3_26,El Lavadero,correg_pa_9_11_3,9-11-3-26
poblado_pa_9_11_3_27,El Mono (P),correg_pa_9_11_3,9-11-3-27
poblado_pa_9_11_3_28,Naranjo Arriba,correg_pa_9_11_3,9-11-3-28
poblado_pa_9_11_3_29,El Saltoso,correg_pa_9_11_3,9-11-3-29
poblado_pa_9_11_3_30,El Tallo,correg_pa_9_11_3,9-11-3-30
poblado_pa_9_11_3_31,Huesitales (P),correg_pa_9_11_3,9-11-3-31
poblado_pa_9_11_3_32,La Corocita,correg_pa_9_11_3,9-11-3-32
poblado_pa_9_11_3_33,San Rafael,correg_pa_9_11_3,9-11-3-33
poblado_pa_9_11_3_34,La Gunza,correg_pa_9_11_3,9-11-3-34
poblado_pa_9_11_3_36,Alto de la Palma,correg_pa_9_11_3,9-11-3-36
poblado_pa_9_11_3_37,La Pared,correg_pa_9_11_3,9-11-3-37
poblado_pa_9_11_3_38,Cabecera de San Rafael,correg_pa_9_11_3,9-11-3-38
poblado_pa_9_11_3_39,La Raíz,correg_pa_9_11_3,9-11-3-39
poblado_pa_9_11_3_40,La Sonadora No. 1,correg_pa_9_11_3,9-11-3-40
poblado_pa_9_11_3_44,La Pita,correg_pa_9_11_3,9-11-3-44
poblado_pa_9_11_3_45,Lovaina,correg_pa_9_11_3,9-11-3-45
poblado_pa_9_11_3_46,Quebrada Indio,correg_pa_9_11_3,9-11-3-46
poblado_pa_9_11_3_47,Palo Alto,correg_pa_9_11_3,9-11-3-47
poblado_pa_9_11_3_48,Paso de Diego,correg_pa_9_11_3,9-11-3-48
poblado_pa_9_11_3_50,Platanares,correg_pa_9_11_3,9-11-3-50
poblado_pa_9_11_3_53,Quebrada el Gato,correg_pa_9_11_3,9-11-3-53
poblado_pa_9_11_3_54,Quebrada la Pita,correg_pa_9_11_3,9-11-3-54
poblado_pa_9_11_3_55,Quebrada Larga,correg_pa_9_11_3,9-11-3-55
poblado_pa_9_11_3_59,Majaguillal,correg_pa_9_11_3,9-11-3-59
poblado_pa_9_11_3_60,Cabimales,correg_pa_9_11_3,9-11-3-60
poblado_pa_9_11_3_61,Quebrada Pascual,correg_pa_9_11_3,9-11-3-61
poblado_pa_9_11_3_62,Bubi,correg_pa_9_11_3,9-11-3-62
poblado_pa_9_11_3_63,La Llorona,correg_pa_9_11_3,9-11-3-63
poblado_pa_9_11_3_64,Alto Calidonia,correg_pa_9_11_3,9-11-3-64
poblado_pa_9_11_3_65,Bubicito (P),correg_pa_9_11_3,9-11-3-65
poblado_pa_9_11_3_69,Cabecera de el Saltoso,correg_pa_9_11_3,9-11-3-69
poblado_pa_9_11_3_70,Cabecera de Quebrada el Gato,correg_pa_9_11_3,9-11-3-70
poblado_pa_9_11_3_71,Gorgojo (P),correg_pa_9_11_3,9-11-3-71
poblado_pa_9_11_3_72,La Pedregosa (P),correg_pa_9_11_3,9-11-3-72
poblado_pa_9_11_3_73,La Pifá,correg_pa_9_11_3,9-11-3-73
poblado_pa_9_11_3_74,La Sonadora No. 2 o Alto Fresco,correg_pa_9_11_3,9-11-3-74
poblado_pa_9_11_3_76,Naranjo Abajo,correg_pa_9_11_3,9-11-3-76
poblado_pa_9_11_3_77,Quebrada el Barrero,correg_pa_9_11_3,9-11-3-77
poblado_pa_9_11_3_78,Zapote,correg_pa_9_11_3,9-11-3-78
poblado_pa_9_11_3_79,La Laguna,correg_pa_9_11_3,9-11-3-79
poblado_pa_9_11_3_80,La Pita No. 2,correg_pa_9_11_3,9-11-3-80
poblado_pa_9_11_3_81,Tribique,correg_pa_9_11_3,9-11-3-81
poblado_pa_9_11_4_8,El Catecito,correg_pa_9_11_4,9-11-4-8
poblado_pa_9_11_4_10,El Bajadero,correg_pa_9_11_4,9-11-4-10
poblado_pa_9_11_4_15,Carlanche,correg_pa_9_11_4,9-11-4-15
poblado_pa_9_11_4_16,El Cedral,correg_pa_9_11_4,9-11-4-16
poblado_pa_9_11_4_17,El Cuaco,correg_pa_9_11_4,9-11-4-17
poblado_pa_9_11_4_18,El Huacal,correg_pa_9_11_4,9-11-4-18
poblado_pa_9_11_4_19,El Llano,correg_pa_9_11_4,9-11-4-19
poblado_pa_9_11_4_20,El Mamey,correg_pa_9_11_4,9-11-4-20
poblado_pa_9_11_4_21,El María (P),correg_pa_9_11_4,9-11-4-21
poblado_pa_9_11_4_23,Cativé o Nanzal,correg_pa_9_11_4,9-11-4-23
poblado_pa_9_11_4_24,El Pavo,correg_pa_9_11_4,9-11-4-24
poblado_pa_9_11_4_25,El Remolino,correg_pa_9_11_4,9-11-4-25
poblado_pa_9_11_4_29,Caña Blanca,correg_pa_9_11_4,9-11-4-29
poblado_pa_9_11_4_30,Las Cañazas,correg_pa_9_11_4,9-11-4-30
poblado_pa_9_11_4_31,La Divisa,correg_pa_9_11_4,9-11-4-31
poblado_pa_9_11_4_36,La Pacora,correg_pa_9_11_4,9-11-4-36
poblado_pa_9_11_4_37,La Patriota,correg_pa_9_11_4,9-11-4-37
poblado_pa_9_11_4_38,La Peña,correg_pa_9_11_4,9-11-4-38
poblado_pa_9_11_4_41,La Pita del Yaya,correg_pa_9_11_4,9-11-4-41
poblado_pa_9_11_4_42,La Pitosa,correg_pa_9_11_4,9-11-4-42
poblado_pa_9_11_4_43,Las Culebras,correg_pa_9_11_4,9-11-4-43
poblado_pa_9_11_4_44,Los Pavos,correg_pa_9_11_4,9-11-4-44
poblado_pa_9_11_4_45,Los Potreros,correg_pa_9_11_4,9-11-4-45
poblado_pa_9_11_4_46,Los Saínos o la Primavera,correg_pa_9_11_4,9-11-4-46
poblado_pa_9_11_4_47,Montecristo,correg_pa_9_11_4,9-11-4-47
poblado_pa_9_11_4_57,El Deslampao,correg_pa_9_11_4,9-11-4-57
poblado_pa_9_11_4_59,Lombrisal,correg_pa_9_11_4,9-11-4-59
poblado_pa_9_11_4_60,La Cureña,correg_pa_9_11_4,9-11-4-60
poblado_pa_9_11_4_63,San Rafael Arriba,correg_pa_9_11_4,9-11-4-63
poblado_pa_9_11_4_64,Alto la Esperanza,correg_pa_9_11_4,9-11-4-64
poblado_pa_9_11_4_67,El Bal,correg_pa_9_11_4,9-11-4-67
poblado_pa_9_11_4_68,Huesitales (P),correg_pa_9_11_4,9-11-4-68
poblado_pa_9_11_4_69,Las Huacas,correg_pa_9_11_4,9-11-4-69
poblado_pa_9_11_4_70,Alto de Catecito,correg_pa_9_11_4,9-11-4-70
poblado_pa_9_11_4_71,Alto de los Machos (P),correg_pa_9_11_4,9-11-4-71
poblado_pa_9_11_4_72,Catecito,correg_pa_9_11_4,9-11-4-72
poblado_pa_9_11_4_73,Catecito No. 2 (P),correg_pa_9_11_4,9-11-4-73
poblado_pa_9_11_4_75,La Pifá Amarilla,correg_pa_9_11_4,9-11-4-75
poblado_pa_9_11_4_76,La Pedregosa,correg_pa_9_11_4,9-11-4-76
poblado_pa_9_11_5_1,Asiento Bonito,correg_pa_9_11_5,9-11-5-1
poblado_pa_9_11_5_2,Finca San Pablo o Bajos del San Pablo,correg_pa_9_11_5,9-11-5-2
poblado_pa_9_11_5_3,Bajos del Río Utirá,correg_pa_9_11_5,9-11-5-3
poblado_pa_9_11_5_4,Boca del Monte,correg_pa_9_11_5,9-11-5-4
poblado_pa_9_11_5_5,Bolívar,correg_pa_9_11_5,9-11-5-5
poblado_pa_9_11_5_6,Cerro Jumado,correg_pa_9_11_5,9-11-5-6
poblado_pa_9_11_5_7,Cerro Largo,correg_pa_9_11_5,9-11-5-7
poblado_pa_9_11_5_9,Cerro Cutubi,correg_pa_9_11_5,9-11-5-9
poblado_pa_9_11_5_11,La Corocita,correg_pa_9_11_5,9-11-5-11
poblado_pa_9_11_5_12,El Corotú,correg_pa_9_11_5,9-11-5-12
poblado_pa_9_11_5_14,Don Juan,correg_pa_9_11_5,9-11-5-14
poblado_pa_9_11_5_15,El Barrero,correg_pa_9_11_5,9-11-5-15
poblado_pa_9_11_5_17,El Cajón de los Quinteros,correg_pa_9_11_5,9-11-5-17
poblado_pa_9_11_5_18,El Criollo,correg_pa_9_11_5,9-11-5-18
poblado_pa_9_11_5_19,La Charcona o el Hato (P),correg_pa_9_11_5,9-11-5-19
poblado_pa_9_11_5_20,El Marañón,correg_pa_9_11_5,9-11-5-20
poblado_pa_9_11_5_21,Panamaito,correg_pa_9_11_5,9-11-5-21
poblado_pa_9_11_5_22,El Roble,correg_pa_9_11_5,9-11-5-22
poblado_pa_9_11_5_23,Esclere,correg_pa_9_11_5,9-11-5-23
poblado_pa_9_11_5_25,Juan Champra,correg_pa_9_11_5,9-11-5-25
poblado_pa_9_11_5_26,La Chumicosa,correg_pa_9_11_5,9-11-5-26
poblado_pa_9_11_5_27,Las Cuestas de Utirá,correg_pa_9_11_5,9-11-5-27
poblado_pa_9_11_5_28,Las Palmillas,correg_pa_9_11_5,9-11-5-28
poblado_pa_9_11_5_29,La Peña,correg_pa_9_11_5,9-11-5-29
poblado_pa_9_11_5_30,Las Peñas,correg_pa_9_11_5,9-11-5-30
poblado_pa_9_11_5_32,Las Huacas,correg_pa_9_11_5,9-11-5-32
poblado_pa_9_11_5_33,Las Huertas,correg_pa_9_11_5,9-11-5-33
poblado_pa_9_11_5_34,Limón,correg_pa_9_11_5,9-11-5-34
poblado_pa_9_11_5_35,Loma de la Cruz,correg_pa_9_11_5,9-11-5-35
poblado_pa_9_11_5_36,Santa Rita Abajo,correg_pa_9_11_5,9-11-5-36
poblado_pa_9_11_5_37,Los Núñez,correg_pa_9_11_5,9-11-5-37
poblado_pa_9_11_5_38,Los Pardos de Santa Rita,correg_pa_9_11_5,9-11-5-38
poblado_pa_9_11_5_39,El Pilón,correg_pa_9_11_5,9-11-5-39
poblado_pa_9_11_5_40,Llano Grande,correg_pa_9_11_5,9-11-5-40
poblado_pa_9_11_5_42,Piedras Negras,correg_pa_9_11_5,9-11-5-42
poblado_pa_9_11_5_45,Escobales o Quebrada Limón,correg_pa_9_11_5,9-11-5-45
poblado_pa_9_11_5_47,Santa Bárbara,correg_pa_9_11_5,9-11-5-47
poblado_pa_9_11_5_48,Santa Catalina Arriba o Finca San Pablo,correg_pa_9_11_5,9-11-5-48
poblado_pa_9_11_5_49,Santa Rita,correg_pa_9_11_5,9-11-5-49
poblado_pa_9_11_5_50,Siguina,correg_pa_9_11_5,9-11-5-50
poblado_pa_9_11_5_56,El Copé,correg_pa_9_11_5,9-11-5-56
poblado_pa_9_11_5_57,Santa Catalina Abajo o el Hato,correg_pa_9_11_5,9-11-5-57
poblado_pa_9_11_5_58,El Limón,correg_pa_9_11_5,9-11-5-58
poblado_pa_9_11_5_59,Finca de Seria,correg_pa_9_11_5,9-11-5-59
poblado_pa_9_11_5_60,Las Brujas,correg_pa_9_11_5,9-11-5-60
poblado_pa_9_11_5_61,Petengue,correg_pa_9_11_5,9-11-5-61
poblado_pa_9_11_5_62,El Junco,correg_pa_9_11_5,9-11-5-62
poblado_pa_9_11_5_63,Finca Don Trilli,correg_pa_9_11_5,9-11-5-63
poblado_pa_9_11_5_65,Congal,correg_pa_9_11_5,9-11-5-65
poblado_pa_9_11_5_66,La Pita,correg_pa_9_11_5,9-11-5-66
poblado_pa_9_11_6_4,Cerro Negro,correg_pa_9_11_6,9-11-6-4
poblado_pa_9_11_6_10,El Pito,correg_pa_9_11_6,9-11-6-10
poblado_pa_9_11_6_13,Guarumal,correg_pa_9_11_6,9-11-6-13
poblado_pa_9_11_6_14,Guarumalito,correg_pa_9_11_6,9-11-6-14
poblado_pa_9_11_6_16,La Corocita,correg_pa_9_11_6,9-11-6-16
poblado_pa_9_11_6_21,La Paja o Palmas Bellas,correg_pa_9_11_6,9-11-6-21
poblado_pa_9_11_6_22,La Pita,correg_pa_9_11_6,9-11-6-22
poblado_pa_9_11_6_23,La Playa de Mermejo,correg_pa_9_11_6,9-11-6-23
poblado_pa_9_11_6_24,La Raizosa,correg_pa_9_11_6,9-11-6-24
poblado_pa_9_11_6_25,Las Caletas,correg_pa_9_11_6,9-11-6-25
poblado_pa_9_11_6_29,Las Perdices,correg_pa_9_11_6,9-11-6-29
poblado_pa_9_11_6_30,Pontón Prieto,correg_pa_9_11_6,9-11-6-30
poblado_pa_9_11_6_31,Pueblo Nuevo o Entrada del Pito,correg_pa_9_11_6,9-11-6-31
poblado_pa_9_11_6_35,Santa Bárbara,correg_pa_9_11_6,9-11-6-35
poblado_pa_9_11_6_38,Limón,correg_pa_9_11_6,9-11-6-38
poblado_pa_9_11_6_49,San Antonio,correg_pa_9_11_6,9-11-6-49
poblado_pa_9_11_6_50,La Soledad (P),correg_pa_9_11_6,9-11-6-50
poblado_pa_9_11_7_1,Cabecera de Quebrada Honda,correg_pa_9_11_7,9-11-7-1
poblado_pa_9_11_7_5,Martincito,correg_pa_9_11_7,9-11-7-5
poblado_pa_9_11_7_6,El Zancudo,correg_pa_9_11_7,9-11-7-6
poblado_pa_9_11_7_7,La Concepción o Entrada de los Polancos,correg_pa_9_11_7,9-11-7-7
poblado_pa_9_11_7_9,La Pajarita,correg_pa_9_11_7,9-11-7-9
poblado_pa_9_11_7_10,La Pita de Cativé,correg_pa_9_11_7,9-11-7-10
poblado_pa_9_11_7_11,La Soledad (P),correg_pa_9_11_7,9-11-7-11
poblado_pa_9_11_7_12,Las Almadanas,correg_pa_9_11_7,9-11-7-12
poblado_pa_9_11_7_13,Las Huacas,correg_pa_9_11_7,9-11-7-13
poblado_pa_9_11_7_14,El Jobo,correg_pa_9_11_7,9-11-7-14
poblado_pa_9_11_7_15,Los Polancos,correg_pa_9_11_7,9-11-7-15
poblado_pa_9_11_7_16,Los Sitios (P),correg_pa_9_11_7,9-11-7-16
poblado_pa_9_11_7_17,Quebrada Honda,correg_pa_9_11_7,9-11-7-17
poblado_pa_9_11_7_18,Rincón Redondo o Barranco Colorado,correg_pa_9_11_7,9-11-7-18
poblado_pa_9_11_7_19,San Juan,correg_pa_9_11_7,9-11-7-19
poblado_pa_9_11_7_20,San Juanito,correg_pa_9_11_7,9-11-7-20
poblado_pa_9_11_7_21,Alto de la Pita,correg_pa_9_11_7,9-11-7-21
poblado_pa_9_11_7_22,Cativé,correg_pa_9_11_7,9-11-7-22
poblado_pa_9_11_7_26,Agua Fría,correg_pa_9_11_7,9-11-7-26
poblado_pa_9_11_7_27,Palma Alta,correg_pa_9_11_7,9-11-7-27
poblado_pa_9_11_7_28,El Yaya o el Salitre,correg_pa_9_11_7,9-11-7-28
poblado_pa_9_11_7_29,El Bongo,correg_pa_9_11_7,9-11-7-29
poblado_pa_9_11_7_31,El Martín,correg_pa_9_11_7,9-11-7-31
poblado_pa_9_11_7_32,La Clavillina,correg_pa_9_11_7,9-11-7-32
poblado_pa_9_11_7_34,El Mulero,correg_pa_9_11_7,9-11-7-34
poblado_pa_9_11_7_35,Quebrada el Gato,correg_pa_9_11_7,9-11-7-35
poblado_pa_9_11_7_36,Asentamiento el Barrero,correg_pa_9_11_7,9-11-7-36
poblado_pa_9_11_7_37,Aguas Claras (P),correg_pa_9_11_7,9-11-7-37
poblado_pa_9_11_8_4,Cabecera de Tobalico,correg_pa_9_11_8,9-11-8-4
poblado_pa_9_11_8_5,Congo,correg_pa_9_11_8,9-11-8-5
poblado_pa_9_11_8_6,Charco Azul (P),correg_pa_9_11_8,9-11-8-6
poblado_pa_9_11_8_8,El Chupimpe,correg_pa_9_11_8,9-11-8-8
poblado_pa_9_11_8_10,El Espino,correg_pa_9_11_8,9-11-8-10
poblado_pa_9_11_8_12,La Sabaneta,correg_pa_9_11_8,9-11-8-12
poblado_pa_9_11_8_13,Querque No. 1,correg_pa_9_11_8,9-11-8-13
poblado_pa_9_11_8_14,Las Balsas,correg_pa_9_11_8,9-11-8-14
poblado_pa_9_11_8_15,Los Guabos,correg_pa_9_11_8,9-11-8-15
poblado_pa_9_11_8_20,Pierna de Venado,correg_pa_9_11_8,9-11-8-20
poblado_pa_9_11_8_21,Quebrada de Oro,correg_pa_9_11_8,9-11-8-21
poblado_pa_9_11_8_22,Querque Abajo,correg_pa_9_11_8,9-11-8-22
poblado_pa_9_11_8_24,San Francisco,correg_pa_9_11_8,9-11-8-24
poblado_pa_9_11_8_25,Alto de Tobalico,correg_pa_9_11_8,9-11-8-25
poblado_pa_9_11_8_26,Cabecera de San Francisco,correg_pa_9_11_8,9-11-8-26
poblado_pa_9_11_8_27,Tobalico (P),correg_pa_9_11_8,9-11-8-27
poblado_pa_9_11_8_28,Reventadero de Piedra,correg_pa_9_11_8,9-11-8-28
poblado_pa_9_11_8_29,Alto Fresco,correg_pa_9_11_8,9-11-8-29
poblado_pa_9_11_8_31,Alto Espino,correg_pa_9_11_8,9-11-8-31
poblado_pa_9_11_8_32,El Tambor,correg_pa_9_11_8,9-11-8-32
poblado_pa_9_11_8_33,Los Monos,correg_pa_9_11_8,9-11-8-33
poblado_pa_9_11_8_34,Madroñal,correg_pa_9_11_8,9-11-8-34
poblado_pa_9_11_8_35,Palmira,correg_pa_9_11_8,9-11-8-35
poblado_pa_9_11_8_36,Querque No. 2,correg_pa_9_11_8,9-11-8-36
poblado_pa_9_11_8_37,Cabecera de Guabo,correg_pa_9_11_8,9-11-8-37
poblado_pa_9_11_8_38,El Picacho,correg_pa_9_11_8,9-11-8-38
poblado_pa_9_11_9_4,Arrimadero,correg_pa_9_11_9,9-11-9-4
poblado_pa_9_11_9_6,Bijagual,correg_pa_9_11_9,9-11-9-6
poblado_pa_9_11_9_8,Cabecera de Madre Vieja o Madre Vieja Arriba,correg_pa_9_11_9,9-11-9-8
poblado_pa_9_11_9_10,Carrizal,correg_pa_9_11_9,9-11-9-10
poblado_pa_9_11_9_11,Coralillo,correg_pa_9_11_9,9-11-9-11
poblado_pa_9_11_9_13,El Banco,correg_pa_9_11_9,9-11-9-13
poblado_pa_9_11_9_16,Cascajosa,correg_pa_9_11_9,9-11-9-16
poblado_pa_9_11_9_17,Alto el Cine,correg_pa_9_11_9,9-11-9-17
poblado_pa_9_11_9_22,El Ñopo,correg_pa_9_11_9,9-11-9-22
poblado_pa_9_11_9_25,El Tigre de San Lorenzo,correg_pa_9_11_9,9-11-9-25
poblado_pa_9_11_9_32,Remolino,correg_pa_9_11_9,9-11-9-32
poblado_pa_9_11_9_37,La Gorgona,correg_pa_9_11_9,9-11-9-37
poblado_pa_9_11_9_38,La Máquina,correg_pa_9_11_9,9-11-9-38
poblado_pa_9_11_9_42,La Zumbona,correg_pa_9_11_9,9-11-9-42
poblado_pa_9_11_9_47,Los Machos,correg_pa_9_11_9,9-11-9-47
poblado_pa_9_11_9_50,Madre Vieja,correg_pa_9_11_9,9-11-9-50
poblado_pa_9_11_9_51,Mata Palo,correg_pa_9_11_9,9-11-9-51
poblado_pa_9_11_9_52,Paredón,correg_pa_9_11_9,9-11-9-52
poblado_pa_9_11_9_55,Quebrada Grande,correg_pa_9_11_9,9-11-9-55
poblado_pa_9_11_9_58,Río Grande,correg_pa_9_11_9,9-11-9-58
poblado_pa_9_11_9_61,Senegal,correg_pa_9_11_9,9-11-9-61
poblado_pa_9_11_9_66,Hacienda Varón,correg_pa_9_11_9,9-11-9-66
poblado_pa_9_11_9_67,Cerro Uvito,correg_pa_9_11_9,9-11-9-67
poblado_pa_9_11_9_70,Cabecera de Quebrada Grande,correg_pa_9_11_9,9-11-9-70
poblado_pa_9_11_9_71,Nuevo Chorrillito,correg_pa_9_11_9,9-11-9-71
poblado_pa_9_11_9_72,La Machita,correg_pa_9_11_9,9-11-9-72
poblado_pa_9_11_9_73,Madre Vieja Arriba,correg_pa_9_11_9,9-11-9-73
poblado_pa_9_11_9_74,Playa Azul,correg_pa_9_11_9,9-11-9-74
poblado_pa_9_11_9_77,El Flor No. 2,correg_pa_9_11_9,9-11-9-77
poblado_pa_9_11_9_79,Cabecera de Río Grande,correg_pa_9_11_9,9-11-9-79
poblado_pa_9_11_9_83,Cabecera de Ballena,correg_pa_9_11_9,9-11-9-83
poblado_pa_9_11_9_90,Santa Cruz,correg_pa_9_11_9,9-11-9-90
poblado_pa_9_11_9_91,Las Valdeses,correg_pa_9_11_9,9-11-9-91
poblado_pa_9_11_10_1,El Playón,correg_pa_9_11_10,9-11-10-1
poblado_pa_9_11_10_2,Alto de la Cruz,correg_pa_9_11_10,9-11-10-2
poblado_pa_9_11_10_3,Alto del Capacho,correg_pa_9_11_10,9-11-10-3
poblado_pa_9_11_10_4,Alto del Mango,correg_pa_9_11_10,9-11-10-4
poblado_pa_9_11_10_6,El Barrero No. 1,correg_pa_9_11_10,9-11-10-6
poblado_pa_9_11_10_8,Berba,correg_pa_9_11_10,9-11-10-8
poblado_pa_9_11_10_9,Boca de Monte,correg_pa_9_11_10,9-11-10-9
poblado_pa_9_11_10_11,El Cacao,correg_pa_9_11_10,9-11-10-11
poblado_pa_9_11_10_12,Caña Blanca,correg_pa_9_11_10,9-11-10-12
poblado_pa_9_11_10_13,El Barrero No. 2,correg_pa_9_11_10,9-11-10-13
poblado_pa_9_11_10_15,Cerro Plata o Tierra Blanca,correg_pa_9_11_10,9-11-10-15
poblado_pa_9_11_10_16,Coibita,correg_pa_9_11_10,9-11-10-16
poblado_pa_9_11_10_17,La Conguita,correg_pa_9_11_10,9-11-10-17
poblado_pa_9_11_10_18,Contrayerba,correg_pa_9_11_10,9-11-10-18
poblado_pa_9_11_10_19,La Chepa,correg_pa_9_11_10,9-11-10-19
poblado_pa_9_11_10_21,El Antonio,correg_pa_9_11_10,9-11-10-21
poblado_pa_9_11_10_22,El Aposento,correg_pa_9_11_10,9-11-10-22
poblado_pa_9_11_10_24,El Barniz,correg_pa_9_11_10,9-11-10-24
poblado_pa_9_11_10_25,El Barrero No. 3,correg_pa_9_11_10,9-11-10-25
poblado_pa_9_11_10_31,El Congal,correg_pa_9_11_10,9-11-10-31
poblado_pa_9_11_10_32,El Espino de la Sabana,correg_pa_9_11_10,9-11-10-32
poblado_pa_9_11_10_33,El Fite,correg_pa_9_11_10,9-11-10-33
poblado_pa_9_11_10_34,Tres Corrientes,correg_pa_9_11_10,9-11-10-34
poblado_pa_9_11_10_36,El Guayabo,correg_pa_9_11_10,9-11-10-36
poblado_pa_9_11_10_37,Guire,correg_pa_9_11_10,9-11-10-37
poblado_pa_9_11_10_39,Juncal,correg_pa_9_11_10,9-11-10-39
poblado_pa_9_11_10_41,El Piñal No. 2,correg_pa_9_11_10,9-11-10-41
poblado_pa_9_11_10_42,El Macano,correg_pa_9_11_10,9-11-10-42
poblado_pa_9_11_10_43,El Nay,correg_pa_9_11_10,9-11-10-43
poblado_pa_9_11_10_44,El Pardo,correg_pa_9_11_10,9-11-10-44
poblado_pa_9_11_10_45,Alto el Pito,correg_pa_9_11_10,9-11-10-45
poblado_pa_9_11_10_46,Quebrada Amarilla No. 2,correg_pa_9_11_10,9-11-10-46
poblado_pa_9_11_10_47,El Roso,correg_pa_9_11_10,9-11-10-47
poblado_pa_9_11_10_48,Miraflores,correg_pa_9_11_10,9-11-10-48
poblado_pa_9_11_10_52,La Bodega,correg_pa_9_11_10,9-11-10-52
poblado_pa_9_11_10_54,La Cebolla,correg_pa_9_11_10,9-11-10-54
poblado_pa_9_11_10_57,La Chumicosa,correg_pa_9_11_10,9-11-10-57
poblado_pa_9_11_10_61,La Jimena,correg_pa_9_11_10,9-11-10-61
poblado_pa_9_11_10_62,La Pascuala,correg_pa_9_11_10,9-11-10-62
poblado_pa_9_11_10_64,Las Balsas,correg_pa_9_11_10,9-11-10-64
poblado_pa_9_11_10_65,La Laguna,correg_pa_9_11_10,9-11-10-65
poblado_pa_9_11_10_66,Las Minas,correg_pa_9_11_10,9-11-10-66
poblado_pa_9_11_10_67,Las Peñitas,correg_pa_9_11_10,9-11-10-67
poblado_pa_9_11_10_68,Lerique,correg_pa_9_11_10,9-11-10-68
poblado_pa_9_11_10_69,Llano Bonito,correg_pa_9_11_10,9-11-10-69
poblado_pa_9_11_10_70,Llano Largo,correg_pa_9_11_10,9-11-10-70
poblado_pa_9_11_10_71,Los Algarrobos,correg_pa_9_11_10,9-11-10-71
poblado_pa_9_11_10_72,Bajos del Cobre,correg_pa_9_11_10,9-11-10-72
poblado_pa_9_11_10_73,Los Camarenas,correg_pa_9_11_10,9-11-10-73
poblado_pa_9_11_10_74,Los Chamizos,correg_pa_9_11_10,9-11-10-74
poblado_pa_9_11_10_75,Los González,correg_pa_9_11_10,9-11-10-75
poblado_pa_9_11_10_76,Los Mangos,correg_pa_9_11_10,9-11-10-76
poblado_pa_9_11_10_77,El Montero,correg_pa_9_11_10,9-11-10-77
poblado_pa_9_11_10_79,Macanal,correg_pa_9_11_10,9-11-10-79
poblado_pa_9_11_10_80,El Mamey,correg_pa_9_11_10,9-11-10-80
poblado_pa_9_11_10_81,El Bajo,correg_pa_9_11_10,9-11-10-81
poblado_pa_9_11_10_82,Ojo de Agua,correg_pa_9_11_10,9-11-10-82
poblado_pa_9_11_10_84,Paraguay,correg_pa_9_11_10,9-11-10-84
poblado_pa_9_11_10_85,Patio Blanco,correg_pa_9_11_10,9-11-10-85
poblado_pa_9_11_10_86,Pie de Cerro Grande,correg_pa_9_11_10,9-11-10-86
poblado_pa_9_11_10_87,El Piñal No. 1 (P),correg_pa_9_11_10,9-11-10-87
poblado_pa_9_11_10_89,El Zapote,correg_pa_9_11_10,9-11-10-89
poblado_pa_9_11_10_90,Quebrada Amarilla No. 1,correg_pa_9_11_10,9-11-10-90
poblado_pa_9_11_10_91,Quebrada Lajas No. 1,correg_pa_9_11_10,9-11-10-91
poblado_pa_9_11_10_92,La Pita,correg_pa_9_11_10,9-11-10-92
poblado_pa_9_11_10_93,Querque,correg_pa_9_11_10,9-11-10-93
poblado_pa_9_11_10_94,Quinco,correg_pa_9_11_10,9-11-10-94
poblado_pa_9_11_10_95,Rincón Largo,correg_pa_9_11_10,9-11-10-95
poblado_pa_9_11_10_96,Rodeo Viejo,correg_pa_9_11_10,9-11-10-96
poblado_pa_9_11_10_97,El Ruda,correg_pa_9_11_10,9-11-10-97
poblado_pa_9_11_10_98,San Juan,correg_pa_9_11_10,9-11-10-98
poblado_pa_9_11_10_101,Tuluntun,correg_pa_9_11_10,9-11-10-101
poblado_pa_9_11_10_102,Quebrada Lajas,correg_pa_9_11_10,9-11-10-102
poblado_pa_9_11_10_104,Cerro Pelado,correg_pa_9_11_10,9-11-10-104
poblado_pa_9_11_10_106,El Salitre,correg_pa_9_11_10,9-11-10-106
poblado_pa_9_11_10_108,La Cabuya,correg_pa_9_11_10,9-11-10-108
poblado_pa_9_11_10_109,La Isidora,correg_pa_9_11_10,9-11-10-109
poblado_pa_9_11_10_110,Corea o la Montaña,correg_pa_9_11_10,9-11-10-110
poblado_pa_9_11_10_112,La Patricia,correg_pa_9_11_10,9-11-10-112
poblado_pa_9_11_10_113,Paso Real,correg_pa_9_11_10,9-11-10-113
poblado_pa_9_11_10_114,Lérique Arriba o la Pacora,correg_pa_9_11_10,9-11-10-114
poblado_pa_9_11_11_1,Agua Blanca o Pueblo Nuevo,correg_pa_9_11_11,9-11-11-1
poblado_pa_9_11_11_2,Cabecera del Doctor,correg_pa_9_11_11,9-11-11-2
poblado_pa_9_11_11_3,El Cucuate,correg_pa_9_11_11,9-11-11-3
poblado_pa_9_11_11_5,El Tigre de los Amarillos,correg_pa_9_11_11,9-11-11-5
poblado_pa_9_11_11_6,Farfán,correg_pa_9_11_11,9-11-11-6
poblado_pa_9_11_11_7,Finca Gorgona,correg_pa_9_11_11,9-11-11-7
poblado_pa_9_11_11_8,Hicaco,correg_pa_9_11_11,9-11-11-8
poblado_pa_9_11_11_11,La Colmena,correg_pa_9_11_11,9-11-11-11
poblado_pa_9_11_11_13,La Hermenegilda,correg_pa_9_11_11,9-11-11-13
poblado_pa_9_11_11_14,La Luna,correg_pa_9_11_11,9-11-11-14
poblado_pa_9_11_11_15,La Pifá o la Laguna o Pixvae,correg_pa_9_11_11,9-11-11-15
poblado_pa_9_11_11_16,Lagartero,correg_pa_9_11_11,9-11-11-16
poblado_pa_9_11_11_17,Los Mangos,correg_pa_9_11_11,9-11-11-17
poblado_pa_9_11_11_18,Pela Gato,correg_pa_9_11_11,9-11-11-18
poblado_pa_9_11_11_19,Santa Catalina,correg_pa_9_11_11,9-11-11-19
poblado_pa_9_11_11_20,Vista Hermosa,correg_pa_9_11_11,9-11-11-20
poblado_pa_9_11_11_21,La Coquita No. 1,correg_pa_9_11_11,9-11-11-21
poblado_pa_9_11_11_22,Lago Bay,correg_pa_9_11_11,9-11-11-22
poblado_pa_9_11_12_1,Borracherón,correg_pa_9_11_12,9-11-12-1
poblado_pa_9_11_12_2,Cañacita,correg_pa_9_11_12,9-11-12-2
poblado_pa_9_11_12_3,Catecito,correg_pa_9_11_12,9-11-12-3
poblado_pa_9_11_12_4,Cerro la Corotúa o San Antonio,correg_pa_9_11_12,9-11-12-4
poblado_pa_9_11_12_5,Chumical,correg_pa_9_11_12,9-11-12-5
poblado_pa_9_11_12_6,Dos Bocas,correg_pa_9_11_12,9-11-12-6
poblado_pa_9_11_12_7,El Balso,correg_pa_9_11_12,9-11-12-7
poblado_pa_9_11_12_8,El Jagua,correg_pa_9_11_12,9-11-12-8
poblado_pa_9_11_12_9,El María (P),correg_pa_9_11_12,9-11-12-9
poblado_pa_9_11_12_10,Filipinas,correg_pa_9_11_12,9-11-12-10
poblado_pa_9_11_12_13,La Pacora,correg_pa_9_11_12,9-11-12-13
poblado_pa_9_11_12_15,Las Peñas,correg_pa_9_11_12,9-11-12-15
poblado_pa_9_11_12_16,Los Sitios (P),correg_pa_9_11_12,9-11-12-16
poblado_pa_9_11_12_17,Paso Hondo,correg_pa_9_11_12,9-11-12-17
poblado_pa_9_11_12_20,Salitre,correg_pa_9_11_12,9-11-12-20
poblado_pa_9_11_12_21,San Andrés,correg_pa_9_11_12,9-11-12-21
poblado_pa_9_11_12_22,San Juan,correg_pa_9_11_12,9-11-12-22
poblado_pa_9_11_12_23,Trinchera,correg_pa_9_11_12,9-11-12-23
poblado_pa_9_11_12_24,Zancudo,correg_pa_9_11_12,9-11-12-24
poblado_pa_9_11_12_25,Filo Grande,correg_pa_9_11_12,9-11-12-25
poblado_pa_9_12_1_1,Alto Hilario,correg_pa_9_12_1,9-12-1-1
poblado_pa_9_12_1_2,Angulito,correg_pa_9_12_1,9-12-1-2
poblado_pa_9_12_1_5,Bajo Chico,correg_pa_9_12_1,9-12-1-5
poblado_pa_9_12_1_6,Bajo Grande,correg_pa_9_12_1,9-12-1-6
poblado_pa_9_12_1_8,Bejuco de Sangre,correg_pa_9_12_1,9-12-1-8
poblado_pa_9_12_1_10,Catival,correg_pa_9_12_1,9-12-1-10
poblado_pa_9_12_1_12,Paraíso de Río Negro,correg_pa_9_12_1,9-12-1-12
poblado_pa_9_12_1_13,Juncal,correg_pa_9_12_1,9-12-1-13
poblado_pa_9_12_1_14,La Honda,correg_pa_9_12_1,9-12-1-14
poblado_pa_9_12_1_15,La Lajita,correg_pa_9_12_1,9-12-1-15
poblado_pa_9_12_1_16,La Pedregosa,correg_pa_9_12_1,9-12-1-16
poblado_pa_9_12_1_18,La Pita,correg_pa_9_12_1,9-12-1-18
poblado_pa_9_12_1_19,Playa la Reina,correg_pa_9_12_1,9-12-1-19
poblado_pa_9_12_1_21,Las Huacas,correg_pa_9_12_1,9-12-1-21
poblado_pa_9_12_1_22,Callejones No. 1,correg_pa_9_12_1,9-12-1-22
poblado_pa_9_12_1_23,Limones,correg_pa_9_12_1,9-12-1-23
poblado_pa_9_12_1_26,Palmilla,correg_pa_9_12_1,9-12-1-26
poblado_pa_9_12_1_28,Los Panamaes,correg_pa_9_12_1,9-12-1-28
poblado_pa_9_12_1_29,Salitres,correg_pa_9_12_1,9-12-1-29
poblado_pa_9_12_1_31,Mariato o Llano de Catival,correg_pa_9_12_1,9-12-1-31
poblado_pa_9_12_1_32,Malena,correg_pa_9_12_1,9-12-1-32
poblado_pa_9_12_1_35,Palo Seco,correg_pa_9_12_1,9-12-1-35
poblado_pa_9_12_1_36,Piloncito,correg_pa_9_12_1,9-12-1-36
poblado_pa_9_12_1_37,Platanales,correg_pa_9_12_1,9-12-1-37
poblado_pa_9_12_1_38,Platanales Abajo,correg_pa_9_12_1,9-12-1-38
poblado_pa_9_12_1_39,Pontones,correg_pa_9_12_1,9-12-1-39
poblado_pa_9_12_1_41,Río Negro,correg_pa_9_12_1,9-12-1-41
poblado_pa_9_12_1_42,Río Negro No. 1,correg_pa_9_12_1,9-12-1-42
poblado_pa_9_12_1_44,Tiendas Viejas,correg_pa_9_12_1,9-12-1-44
poblado_pa_9_12_1_45,Torio,correg_pa_9_12_1,9-12-1-45
poblado_pa_9_12_1_46,Zapotal,correg_pa_9_12_1,9-12-1-46
poblado_pa_9_12_1_49,La Gigi,correg_pa_9_12_1,9-12-1-49
poblado_pa_9_12_1_50,La Palma,correg_pa_9_12_1,9-12-1-50
poblado_pa_9_12_1_51,Las Palmitas (P),correg_pa_9_12_1,9-12-1-51
poblado_pa_9_12_1_52,Quebrada Angulito,correg_pa_9_12_1,9-12-1-52
poblado_pa_9_12_1_53,Angulito Arriba,correg_pa_9_12_1,9-12-1-53
poblado_pa_9_12_1_56,Torio Arriba,correg_pa_9_12_1,9-12-1-56
poblado_pa_9_12_1_57,La Compañía,correg_pa_9_12_1,9-12-1-57
poblado_pa_9_12_1_58,Alto la Iguana o la Iguana,correg_pa_9_12_1,9-12-1-58
poblado_pa_9_12_1_59,Las Planetas,correg_pa_9_12_1,9-12-1-59
poblado_pa_9_12_1_60,Callejones No. 2,correg_pa_9_12_1,9-12-1-60
poblado_pa_9_12_1_61,Cucharal,correg_pa_9_12_1,9-12-1-61
poblado_pa_9_12_1_63,Las Palmitas de Angulito,correg_pa_9_12_1,9-12-1-63
poblado_pa_9_12_1_66,Puerto Tierra,correg_pa_9_12_1,9-12-1-66
poblado_pa_9_12_1_68,Torio Abajo,correg_pa_9_12_1,9-12-1-68
poblado_pa_9_12_1_71,Estero Hondo,correg_pa_9_12_1,9-12-1-71
poblado_pa_9_12_1_72,Finca Coco Mambo,correg_pa_9_12_1,9-12-1-72
poblado_pa_9_12_2_1,Arenas,correg_pa_9_12_2,9-12-2-1
poblado_pa_9_12_2_2,Alto García,correg_pa_9_12_2,9-12-2-2
poblado_pa_9_12_2_5,Cascajilloso,correg_pa_9_12_2,9-12-2-5
poblado_pa_9_12_2_13,El Pavo Arriba,correg_pa_9_12_2,9-12-2-13
poblado_pa_9_12_2_14,El Potrero (P),correg_pa_9_12_2,9-12-2-14
poblado_pa_9_12_2_19,Las Flores,correg_pa_9_12_2,9-12-2-19
poblado_pa_9_12_2_22,La Barra,correg_pa_9_12_2,9-12-2-22
poblado_pa_9_12_2_24,Agua Fresca (P),correg_pa_9_12_2,9-12-2-24
poblado_pa_9_12_2_26,Los Macanales,correg_pa_9_12_2,9-12-2-26
poblado_pa_9_12_2_27,Los Planes,correg_pa_9_12_2,9-12-2-27
poblado_pa_9_12_2_32,Planes del Barrero,correg_pa_9_12_2,9-12-2-32
poblado_pa_9_12_2_45,Los Changuales,correg_pa_9_12_2,9-12-2-45
poblado_pa_9_12_2_47,Río Flores,correg_pa_9_12_2,9-12-2-47
poblado_pa_9_12_2_56,Palmas Bellas o las Palmitas,correg_pa_9_12_2,9-12-2-56
poblado_pa_9_12_2_67,El Pavo,correg_pa_9_12_2,9-12-2-67
poblado_pa_9_12_2_71,El Pavo Abajo,correg_pa_9_12_2,9-12-2-71
poblado_pa_9_12_2_72,Playa Cascajilloso,correg_pa_9_12_2,9-12-2-72
poblado_pa_9_12_3_1,Cabimales,correg_pa_9_12_3,9-12-3-1
poblado_pa_9_12_3_2,Cobachón,correg_pa_9_12_3,9-12-3-2
poblado_pa_9_12_3_3,Coloradito,correg_pa_9_12_3,9-12-3-3
poblado_pa_9_12_3_4,Colorado No. 1,correg_pa_9_12_3,9-12-3-4
poblado_pa_9_12_3_5,Cubales,correg_pa_9_12_3,9-12-3-5
poblado_pa_9_12_3_6,Cocuyo,correg_pa_9_12_3,9-12-3-6
poblado_pa_9_12_3_7,Desplayao de Varadero,correg_pa_9_12_3,9-12-3-7
poblado_pa_9_12_3_8,El Cacao,correg_pa_9_12_3,9-12-3-8
poblado_pa_9_12_3_9,El Piro,correg_pa_9_12_3,9-12-3-9
poblado_pa_9_12_3_10,El Potrero (P),correg_pa_9_12_3,9-12-3-10
poblado_pa_9_12_3_11,El Tigre,correg_pa_9_12_3,9-12-3-11
poblado_pa_9_12_3_12,Granada,correg_pa_9_12_3,9-12-3-12
poblado_pa_9_12_3_13,Infiernillo,correg_pa_9_12_3,9-12-3-13
poblado_pa_9_12_3_15,La Puerca,correg_pa_9_12_3,9-12-3-15
poblado_pa_9_12_3_16,Lajas o Cocosolo,correg_pa_9_12_3,9-12-3-16
poblado_pa_9_12_3_17,Los Ranchitos,correg_pa_9_12_3,9-12-3-17
poblado_pa_9_12_3_18,Naranjo,correg_pa_9_12_3,9-12-3-18
poblado_pa_9_12_3_19,Pachotal,correg_pa_9_12_3,9-12-3-19
poblado_pa_9_12_3_20,Playa Gato,correg_pa_9_12_3,9-12-3-20
poblado_pa_9_12_3_22,Playita Arriba,correg_pa_9_12_3,9-12-3-22
poblado_pa_9_12_3_23,Portobelo,correg_pa_9_12_3,9-12-3-23
poblado_pa_9_12_3_25,Puerto Playita (P),correg_pa_9_12_3,9-12-3-25
poblado_pa_9_12_3_26,Restingue,correg_pa_9_12_3,9-12-3-26
poblado_pa_9_12_3_28,Sierra,correg_pa_9_12_3,9-12-3-28
poblado_pa_9_12_3_29,Tembladera o Quebrada Severino,correg_pa_9_12_3,9-12-3-29
poblado_pa_9_12_3_30,Varadero,correg_pa_9_12_3,9-12-3-30
poblado_pa_9_12_3_31,Ventana,correg_pa_9_12_3,9-12-3-31
poblado_pa_9_12_3_32,Cocalila,correg_pa_9_12_3,9-12-3-32
poblado_pa_9_12_3_33,Mata Palo,correg_pa_9_12_3,9-12-3-33
poblado_pa_9_12_3_34,Colorado No. 2,correg_pa_9_12_3,9-12-3-34
poblado_pa_9_12_3_35,Cogollales,correg_pa_9_12_3,9-12-3-35
poblado_pa_9_12_3_37,El Bongo,correg_pa_9_12_3,9-12-3-37
poblado_pa_9_12_3_39,Punta Blanca,correg_pa_9_12_3,9-12-3-39
poblado_pa_9_12_3_41,Boca Vieja,correg_pa_9_12_3,9-12-3-41
poblado_pa_9_12_4_1,Caña Blancal,correg_pa_9_12_4,9-12-4-1
poblado_pa_9_12_4_2,Caña Brava,correg_pa_9_12_4,9-12-4-2
poblado_pa_9_12_4_3,Catival o la Honda,correg_pa_9_12_4,9-12-4-3
poblado_pa_9_12_4_6,El Guayabo,correg_pa_9_12_4,9-12-4-6
poblado_pa_9_12_4_7,El Salto,correg_pa_9_12_4,9-12-4-7
poblado_pa_9_12_4_9,El Tigre,correg_pa_9_12_4,9-12-4-9
poblado_pa_9_12_4_10,Filipinas,correg_pa_9_12_4,9-12-4-10
poblado_pa_9_12_4_11,Los Furniales,correg_pa_9_12_4,9-12-4-11
poblado_pa_9_12_4_13,Higueronoso Arriba,correg_pa_9_12_4,9-12-4-13
poblado_pa_9_12_4_15,La Colorada,correg_pa_9_12_4,9-12-4-15
poblado_pa_9_12_4_16,La Honda,correg_pa_9_12_4,9-12-4-16
poblado_pa_9_12_4_17,La Pita,correg_pa_9_12_4,9-12-4-17
poblado_pa_9_12_4_18,Puerto Nance,correg_pa_9_12_4,9-12-4-18
poblado_pa_9_12_4_19,La Plaza,correg_pa_9_12_4,9-12-4-19
poblado_pa_9_12_4_22,Las Bocas,correg_pa_9_12_4,9-12-4-22
poblado_pa_9_12_4_23,La Loma,correg_pa_9_12_4,9-12-4-23
poblado_pa_9_12_4_24,Cativo,correg_pa_9_12_4,9-12-4-24
poblado_pa_9_12_4_25,Los Duarte (P),correg_pa_9_12_4,9-12-4-25
poblado_pa_9_12_4_26,Mata Oscura,correg_pa_9_12_4,9-12-4-26
poblado_pa_9_12_4_27,Morrillo,correg_pa_9_12_4,9-12-4-27
poblado_pa_9_12_4_28,Morrillo Arriba,correg_pa_9_12_4,9-12-4-28
poblado_pa_9_12_4_31,La Primavera,correg_pa_9_12_4,9-12-4-31
poblado_pa_9_12_4_34,Rusia,correg_pa_9_12_4,9-12-4-34
poblado_pa_9_12_4_35,Rusia Nueva,correg_pa_9_12_4,9-12-4-35
poblado_pa_9_12_4_37,La Redonda,correg_pa_9_12_4,9-12-4-37
poblado_pa_9_12_4_38,El Solitario,correg_pa_9_12_4,9-12-4-38
poblado_pa_9_12_4_39,Alto del Naranjillo,correg_pa_9_12_4,9-12-4-39
poblado_pa_9_12_4_40,La Pavosa,correg_pa_9_12_4,9-12-4-40
poblado_pa_9_12_4_41,La Bravita,correg_pa_9_12_4,9-12-4-41
poblado_pa_9_12_4_43,Japón,correg_pa_9_12_4,9-12-4-43
poblado_pa_9_12_4_45,Río Manglillo o el Manglillo (P),correg_pa_9_12_4,9-12-4-45
poblado_pa_9_12_4_49,Agua Fresca (P),correg_pa_9_12_4,9-12-4-49
poblado_pa_9_12_4_50,El Cocuyo,correg_pa_9_12_4,9-12-4-50
poblado_pa_9_12_4_51,El Zumbón,correg_pa_9_12_4,9-12-4-51
poblado_pa_9_12_4_52,Hacienda Cerro Hoya,correg_pa_9_12_4,9-12-4-52
poblado_pa_9_12_4_53,Higueronoso,correg_pa_9_12_4,9-12-4-53
poblado_pa_9_12_4_54,Las Mosquillas,correg_pa_9_12_4,9-12-4-54
poblado_pa_9_12_4_55,Residencial Colinas Encantadas,correg_pa_9_12_4,9-12-4-55
poblado_pa_9_12_4_56,Tropical Living,correg_pa_9_12_4,9-12-4-56
poblado_pa_9_12_4_57,Alto de los Olivos,correg_pa_9_12_4,9-12-4-57
poblado_pa_9_12_4_58,Cerro Cacarañao,correg_pa_9_12_4,9-12-4-58
poblado_pa_9_12_4_59,Morrillo Pacific Heights,correg_pa_9_12_4,9-12-4-59
poblado_pa_9_12_4_60,Santa Clara (P),correg_pa_9_12_4,9-12-4-60
poblado_pa_9_12_5_1,Alto de la Yegua,correg_pa_9_12_5,9-12-5-1
poblado_pa_9_12_5_2,Alto Tebario,correg_pa_9_12_5,9-12-5-2
poblado_pa_9_12_5_3,Angulón,correg_pa_9_12_5,9-12-5-3
poblado_pa_9_12_5_6,Diafara,correg_pa_9_12_5,9-12-5-6
poblado_pa_9_12_5_7,Dos Bocas,correg_pa_9_12_5,9-12-5-7
poblado_pa_9_12_5_9,El Jagua,correg_pa_9_12_5,9-12-5-9
poblado_pa_9_12_5_12,La Culebra,correg_pa_9_12_5,9-12-5-12
poblado_pa_9_12_5_13,Hondo de la Patricia,correg_pa_9_12_5,9-12-5-13
poblado_pa_9_12_5_14,Las Palmitas (P),correg_pa_9_12_5,9-12-5-14
poblado_pa_9_12_5_16,Puerto Tebario,correg_pa_9_12_5,9-12-5-16
poblado_pa_9_12_5_20,Río Viejo No. 2,correg_pa_9_12_5,9-12-5-20
poblado_pa_9_12_5_21,Sabaneta de Angulo,correg_pa_9_12_5,9-12-5-21
poblado_pa_9_12_5_22,Tebario,correg_pa_9_12_5,9-12-5-22
poblado_pa_9_12_5_23,Pueblo Nuevo,correg_pa_9_12_5,9-12-5-23
poblado_pa_9_12_5_24,La Primavera,correg_pa_9_12_5,9-12-5-24
poblado_pa_9_12_5_34,Caña Brava,correg_pa_9_12_5,9-12-5-34
poblado_pa_9_12_5_35,Los Guayacanes,correg_pa_9_12_5,9-12-5-35
poblado_pa_10_1_1_1,Isla Piedra,correg_pa_10_1_1,10-1-1-1
poblado_pa_10_1_1_2,Isla Iguana,correg_pa_10_1_1,10-1-1-2
poblado_pa_10_1_1_3,Gangandí,correg_pa_10_1_1,10-1-1-3
poblado_pa_10_1_1_6,Cartí Mulatupu,correg_pa_10_1_1,10-1-1-6
poblado_pa_10_1_1_8,Isla Coibita,correg_pa_10_1_1,10-1-1-8
poblado_pa_10_1_1_9,Cartí Sugtupu,correg_pa_10_1_1,10-1-1-9
poblado_pa_10_1_1_11,Isla Puerco de Monte,correg_pa_10_1_1,10-1-1-11
poblado_pa_10_1_1_12,Corazón de Jesús,correg_pa_10_1_1,10-1-1-12
poblado_pa_10_1_1_14,Corbiski,correg_pa_10_1_1,10-1-1-14
poblado_pa_10_1_1_16,Achiote o Achiotal,correg_pa_10_1_1,10-1-1-16
poblado_pa_10_1_1_17,Mamartupu,correg_pa_10_1_1,10-1-1-17
poblado_pa_10_1_1_20,Mamitupu,correg_pa_10_1_1,10-1-1-20
poblado_pa_10_1_1_22,Naranjos Chicos,correg_pa_10_1_1,10-1-1-22
poblado_pa_10_1_1_23,Naranjos Grandes,correg_pa_10_1_1,10-1-1-23
poblado_pa_10_1_1_24,Narganá,correg_pa_10_1_1,10-1-1-24
poblado_pa_10_1_1_25,Nalunega,correg_pa_10_1_1,10-1-1-25
poblado_pa_10_1_1_26,Nugnutupu,correg_pa_10_1_1,10-1-1-26
poblado_pa_10_1_1_27,Isla Ratón,correg_pa_10_1_1,10-1-1-27
poblado_pa_10_1_1_28,Isla del Arroz U Orostupu,correg_pa_10_1_1,10-1-1-28
poblado_pa_10_1_1_30,Río Azúcar,correg_pa_10_1_1,10-1-1-30
poblado_pa_10_1_1_31,Río Sidra,correg_pa_10_1_1,10-1-1-31
poblado_pa_10_1_1_32,Isla Tigre,correg_pa_10_1_1,10-1-1-32
poblado_pa_10_1_1_33,Soledad Mirya,correg_pa_10_1_1,10-1-1-33
poblado_pa_10_1_1_34,Isla del Diablo,correg_pa_10_1_1,10-1-1-34
poblado_pa_10_1_1_35,Tubualá,correg_pa_10_1_1,10-1-1-35
poblado_pa_10_1_1_37,Tupsuit Bipi,correg_pa_10_1_1,10-1-1-37
poblado_pa_10_1_1_39,Tupsuit Dummat,correg_pa_10_1_1,10-1-1-39
poblado_pa_10_1_1_40,Soledad Mandinga,correg_pa_10_1_1,10-1-1-40
poblado_pa_10_1_1_41,Tronco de Hicaco,correg_pa_10_1_1,10-1-1-41
poblado_pa_10_1_1_43,Isla Pino,correg_pa_10_1_1,10-1-1-43
poblado_pa_10_1_1_44,Isla Máquina,correg_pa_10_1_1,10-1-1-44
poblado_pa_10_1_1_60,Cartí Tupile,correg_pa_10_1_1,10-1-1-60
poblado_pa_10_1_1_62,Isla el Esfuerzo,correg_pa_10_1_1,10-1-1-62
poblado_pa_10_1_1_64,Cayos Pelo Latino,correg_pa_10_1_1,10-1-1-64
poblado_pa_10_1_1_66,Tup Suit Bipi o Tup Suit Chico,correg_pa_10_1_1,10-1-1-66
poblado_pa_10_1_1_68,Mandi Yala,correg_pa_10_1_1,10-1-1-68
poblado_pa_10_1_1_69,Isla Gato,correg_pa_10_1_1,10-1-1-69
poblado_pa_10_1_1_70,Wichudup Dumamad,correg_pa_10_1_1,10-1-1-70
poblado_pa_10_1_1_71,Cacique Saíno,correg_pa_10_1_1,10-1-1-71
poblado_pa_10_1_1_74,Niadup,correg_pa_10_1_1,10-1-1-74
poblado_pa_10_1_1_77,Isla Coco Blanco U Ogobsibudup,correg_pa_10_1_1,10-1-1-77
poblado_pa_10_1_1_78,El Porvenir,correg_pa_10_1_1,10-1-1-78
poblado_pa_10_1_1_81,Chichirdup,correg_pa_10_1_1,10-1-1-81
poblado_pa_10_1_1_89,Isla Sapo,correg_pa_10_1_1,10-1-1-89
poblado_pa_10_1_1_91,Cambombia,correg_pa_10_1_1,10-1-1-91
poblado_pa_10_1_1_93,Naranjos Chicos No.2,correg_pa_10_1_1,10-1-1-93
poblado_pa_10_1_1_97,Isla Perro Grande,correg_pa_10_1_1,10-1-1-97
poblado_pa_10_1_1_99,Banedup Bipi,correg_pa_10_1_1,10-1-1-99
poblado_pa_10_1_1_100,Isla Tijereta Grande,correg_pa_10_1_1,10-1-1-100
poblado_pa_10_1_1_102,Isla Cueva de Lagarto,correg_pa_10_1_1,10-1-1-102
poblado_pa_10_1_1_113,Llano Cartí (P),correg_pa_10_1_1,10-1-1-113
poblado_pa_10_1_1_115,Niagalubir,correg_pa_10_1_1,10-1-1-115
poblado_pa_10_1_1_118,Nugnudup,correg_pa_10_1_1,10-1-1-118
poblado_pa_10_1_1_120,Isla Oro U Ordup,correg_pa_10_1_1,10-1-1-120
poblado_pa_10_1_1_121,Isla Puerco,correg_pa_10_1_1,10-1-1-121
poblado_pa_10_1_1_124,Ukuptupu,correg_pa_10_1_1,10-1-1-124
poblado_pa_10_1_1_125,Warsoducua,correg_pa_10_1_1,10-1-1-125
poblado_pa_10_1_1_126,Wagsailadup,correg_pa_10_1_1,10-1-1-126
poblado_pa_10_1_1_127,Wasirdup,correg_pa_10_1_1,10-1-1-127
poblado_pa_10_1_1_129,Wichub Bipi,correg_pa_10_1_1,10-1-1-129
poblado_pa_10_1_1_132,Demarassudub,correg_pa_10_1_1,10-1-1-132
poblado_pa_10_1_1_133,Estrella,correg_pa_10_1_1,10-1-1-133
poblado_pa_10_1_1_136,Barriada Isberyala,correg_pa_10_1_1,10-1-1-136
poblado_pa_10_1_1_137,Isla Momia,correg_pa_10_1_1,10-1-1-137
poblado_pa_10_1_1_138,Isla Misdutup o Isla Gato,correg_pa_10_1_1,10-1-1-138
poblado_pa_10_1_2_1,Isla Perro,correg_pa_10_1_2,10-1-2-1
poblado_pa_10_1_2_2,Ailigandí,correg_pa_10_1_2,10-1-2-2
poblado_pa_10_1_2_3,Piedra de Amolar,correg_pa_10_1_2,10-1-2-3
poblado_pa_10_1_2_4,Irgandí,correg_pa_10_1_2,10-1-2-4
poblado_pa_10_1_2_5,Isla Mamey,correg_pa_10_1_2,10-1-2-5
poblado_pa_10_1_2_6,Playón Chico,correg_pa_10_1_2,10-1-2-6
poblado_pa_10_1_2_7,Playón Grande,correg_pa_10_1_2,10-1-2-7
poblado_pa_10_1_2_8,San Ignacio de Tupile o Isla Gallina,correg_pa_10_1_2,10-1-2-8
poblado_pa_10_1_2_9,Ustupu,correg_pa_10_1_2,10-1-2-9
poblado_pa_10_1_2_10,Ensenada de Coco,correg_pa_10_1_2,10-1-2-10
poblado_pa_10_1_2_11,Isla Perico,correg_pa_10_1_2,10-1-2-11
poblado_pa_10_1_2_12,Patesucun,correg_pa_10_1_2,10-1-2-12
poblado_pa_10_1_2_13,Wichub Mullu,correg_pa_10_1_2,10-1-2-13
poblado_pa_10_1_3_4,La Miel,correg_pa_10_1_3,10-1-3-4
poblado_pa_10_1_3_5,Playa Blanca,correg_pa_10_1_3,10-1-3-5
poblado_pa_10_1_3_6,Puerto Obaldía,correg_pa_10_1_3,10-1-3-6
poblado_pa_10_1_3_15,La Boca o la Boquita,correg_pa_10_1_3,10-1-3-15
poblado_pa_10_1_4_2,Armila,correg_pa_10_1_4,10-1-4-2
poblado_pa_10_1_4_3,Carreto,correg_pa_10_1_4,10-1-4-3
poblado_pa_10_1_4_4,Caledonia o Coetupo,correg_pa_10_1_4,10-1-4-4
poblado_pa_10_1_4_5,Isla Cuba,correg_pa_10_1_4,10-1-4-5
poblado_pa_10_1_4_6,Isla Pino,correg_pa_10_1_4,10-1-4-6
poblado_pa_10_1_4_8,Mansucun,correg_pa_10_1_4,10-1-4-8
poblado_pa_10_1_4_9,Mulatupu,correg_pa_10_1_4,10-1-4-9
poblado_pa_10_1_4_10,Nabagandí,correg_pa_10_1_4,10-1-4-10
poblado_pa_10_1_4_12,Tubualá,correg_pa_10_1_4,10-1-4-12
poblado_pa_10_1_4_15,Isla Ratón,correg_pa_10_1_4,10-1-4-15
poblado_pa_10_1_4_17,Sasardí Nuevo,correg_pa_10_1_4,10-1-4-17
poblado_pa_10_1_4_19,Anachucuna,correg_pa_10_1_4,10-1-4-19
poblado_pa_10_1_4_22,Isla Puerco,correg_pa_10_1_4,10-1-4-22
poblado_pa_10_1_4_23,Pueblo Nuevo,correg_pa_10_1_4,10-1-4-23
poblado_pa_11_1_1_6,Capetí o Capetuira,correg_pa_11_1_1,11-1-1-6
poblado_pa_11_1_1_7,Calle de Oro (P),correg_pa_11_1_1,11-1-1-7
poblado_pa_11_1_1_14,El Puente,correg_pa_11_1_1,11-1-1-14
poblado_pa_11_1_1_25,Unión Chocó,correg_pa_11_1_1,11-1-1-25
poblado_pa_11_1_1_26,Vista Alegre,correg_pa_11_1_1,11-1-1-26
poblado_pa_11_1_1_27,Yape,correg_pa_11_1_1,11-1-1-27
poblado_pa_11_1_2_1,Alto Playón,correg_pa_11_1_2,11-1-2-1
poblado_pa_11_1_2_2,Bajo Chiquito,correg_pa_11_1_2,11-1-2-2
poblado_pa_11_1_2_8,Boca de Icuanatí,correg_pa_11_1_2,11-1-2-8
poblado_pa_11_1_2_9,Canaán,correg_pa_11_1_2,11-1-2-9
poblado_pa_11_1_2_13,El Salto,correg_pa_11_1_2,11-1-2-13
poblado_pa_11_1_2_15,La Peñita (P),correg_pa_11_1_2,11-1-2-15
poblado_pa_11_1_2_16,La Víbora (P),correg_pa_11_1_2,11-1-2-16
poblado_pa_11_1_2_17,Lajas Blancas (P),correg_pa_11_1_2,11-1-2-17
poblado_pa_11_1_2_19,Las Cumbres,correg_pa_11_1_2,11-1-2-19
poblado_pa_11_1_2_20,Marragantí,correg_pa_11_1_2,11-1-2-20
poblado_pa_11_1_2_21,Los Mogotes o Bajo Puru (P),correg_pa_11_1_2,11-1-2-21
poblado_pa_11_1_2_23,Nuevo Vigía,correg_pa_11_1_2,11-1-2-23
poblado_pa_11_1_2_24,Peña Bijagual,correg_pa_11_1_2,11-1-2-24
poblado_pa_11_1_2_25,Pica Pedro,correg_pa_11_1_2,11-1-2-25
poblado_pa_11_1_2_27,Quebrada los Cuatro,correg_pa_11_1_2,11-1-2-27
poblado_pa_11_1_2_30,Río Sito,correg_pa_11_1_2,11-1-2-30
poblado_pa_11_1_2_32,Sinaí,correg_pa_11_1_2,11-1-2-32
poblado_pa_11_1_2_33,Tortuga,correg_pa_11_1_2,11-1-2-33
poblado_pa_11_1_2_35,Villa Caleta,correg_pa_11_1_2,11-1-2-35
poblado_pa_11_1_2_39,La Olla (P),correg_pa_11_1_2,11-1-2-39
poblado_pa_11_1_2_42,Don Julio,correg_pa_11_1_2,11-1-2-42
poblado_pa_11_1_2_43,Patisera,correg_pa_11_1_2,11-1-2-43
poblado_pa_11_1_2_46,Río Membrillo,correg_pa_11_1_2,11-1-2-46
poblado_pa_11_1_2_48,Vitabú,correg_pa_11_1_2,11-1-2-48
poblado_pa_11_1_2_49,La Loma,correg_pa_11_1_2,11-1-2-49
poblado_pa_11_1_2_50,Maach Pöbur,correg_pa_11_1_2,11-1-2-50
poblado_pa_11_1_2_51,Chiatí Arriba o Quebrada Macho (P),correg_pa_11_1_2,11-1-2-51
poblado_pa_11_1_3_2,Barranquillita o Barranquilla,correg_pa_11_1_3,11-1-3-2
poblado_pa_11_1_3_4,Boca de Chatí,correg_pa_11_1_3,11-1-3-4
poblado_pa_11_1_3_9,Común,correg_pa_11_1_3,11-1-3-9
poblado_pa_11_1_3_10,Corozal,correg_pa_11_1_3,11-1-3-10
poblado_pa_11_1_3_13,El Tigre,correg_pa_11_1_3,11-1-3-13
poblado_pa_11_1_3_14,Nueva Esperanza,correg_pa_11_1_3,11-1-3-14
poblado_pa_11_1_3_16,La Pulida,correg_pa_11_1_3,11-1-3-16
poblado_pa_11_1_3_19,Naranjal,correg_pa_11_1_3,11-1-3-19
poblado_pa_11_1_3_20,Nazareth,correg_pa_11_1_3,11-1-3-20
poblado_pa_11_1_3_21,Nuevo Belén,correg_pa_11_1_3,11-1-3-21
poblado_pa_11_1_3_22,Portorrical,correg_pa_11_1_3,11-1-3-22
poblado_pa_11_1_3_23,Punta Grande,correg_pa_11_1_3,11-1-3-23
poblado_pa_11_1_3_27,Quebrada Muerto,correg_pa_11_1_3,11-1-3-27
poblado_pa_11_1_3_31,Villa Nueva,correg_pa_11_1_3,11-1-3-31
poblado_pa_11_2_1_1,Bayamón,correg_pa_11_2_1,11-2-1-1
poblado_pa_11_2_1_5,Boca de Tigre,correg_pa_11_2_1,11-2-1-5
poblado_pa_11_2_1_6,Boca de Trampa,correg_pa_11_2_1,11-2-1-6
poblado_pa_11_2_1_7,Boca de Venado,correg_pa_11_2_1,11-2-1-7
poblado_pa_11_2_1_9,Buena Vista,correg_pa_11_2_1,11-2-1-9
poblado_pa_11_2_1_10,Cabecera de Alto de Jesús (P),correg_pa_11_2_1,11-2-1-10
poblado_pa_11_2_1_14,El Charro,correg_pa_11_2_1,11-2-1-14
poblado_pa_11_2_1_15,El Rompío,correg_pa_11_2_1,11-2-1-15
poblado_pa_11_2_1_19,La Chunga (P),correg_pa_11_2_1,11-2-1-19
poblado_pa_11_2_1_21,Limón,correg_pa_11_2_1,11-2-1-21
poblado_pa_11_2_1_24,Paraíso,correg_pa_11_2_1,11-2-1-24
poblado_pa_11_2_1_25,Puerto Indio,correg_pa_11_2_1,11-2-1-25
poblado_pa_11_2_1_28,Boca de Naguala (P),correg_pa_11_2_1,11-2-1-28
poblado_pa_11_2_1_30,Río Tigre,correg_pa_11_2_1,11-2-1-30
poblado_pa_11_2_1_31,Punta Coi,correg_pa_11_2_1,11-2-1-31
poblado_pa_11_2_1_35,Aguacatal,correg_pa_11_2_1,11-2-1-35
poblado_pa_11_2_1_39,San Pablo (P),correg_pa_11_2_1,11-2-1-39
poblado_pa_11_2_1_40,Daipurú,correg_pa_11_2_1,11-2-1-40
poblado_pa_11_2_1_42,Sorongo,correg_pa_11_2_1,11-2-1-42
poblado_pa_11_2_2_3,Río Venado,correg_pa_11_2_2,11-2-2-3
poblado_pa_11_2_2_4,Cucaracha,correg_pa_11_2_2,11-2-2-4
poblado_pa_11_2_2_5,Churuco,correg_pa_11_2_2,11-2-2-5
poblado_pa_11_2_2_6,Jingurudó,correg_pa_11_2_2,11-2-2-6
poblado_pa_11_2_2_7,Río Iguana,correg_pa_11_2_2,11-2-2-7
poblado_pa_11_2_2_8,Río Clarito,correg_pa_11_2_2,11-2-2-8
poblado_pa_11_2_2_9,Piquigua,correg_pa_11_2_2,11-2-2-9
poblado_pa_11_2_2_10,Quebrada el Barrial,correg_pa_11_2_2,11-2-2-10
poblado_pa_11_2_2_11,Boca Güina,correg_pa_11_2_2,11-2-2-11
poblado_pa_11_2_2_16,Morrovic o Belén,correg_pa_11_2_2,11-2-2-16
poblado_pa_11_2_2_18,La Bonga o Bongo,correg_pa_11_2_2,11-2-2-18
poblado_pa_12_1_1_1,El Mango,correg_pa_12_1_1,12-1-1-1
poblado_pa_12_1_1_4,El Barrero,correg_pa_12_1_1,12-1-1-4
poblado_pa_12_1_1_6,Boca de Caña,correg_pa_12_1_1,12-1-1-6
poblado_pa_12_1_1_7,Boca de Jebay,correg_pa_12_1_1,12-1-1-7
poblado_pa_12_1_1_9,Cabecera Miel,correg_pa_12_1_1,12-1-1-9
poblado_pa_12_1_1_10,Boca de Soloy,correg_pa_12_1_1,12-1-1-10
poblado_pa_12_1_1_11,Brazo de Miel No. 1,correg_pa_12_1_1,12-1-1-11
poblado_pa_12_1_1_12,Cabecera de Corral,correg_pa_12_1_1,12-1-1-12
poblado_pa_12_1_1_15,Cerro Miel,correg_pa_12_1_1,12-1-1-15
poblado_pa_12_1_1_16,Cerro Venado,correg_pa_12_1_1,12-1-1-16
poblado_pa_12_1_1_17,Cerro Viejo o Israel (P),correg_pa_12_1_1,12-1-1-17
poblado_pa_12_1_1_18,Gasparillo,correg_pa_12_1_1,12-1-1-18
poblado_pa_12_1_1_20,Quebrada Sueño o Alto Caña,correg_pa_12_1_1,12-1-1-20
poblado_pa_12_1_1_21,Alto Soloy,correg_pa_12_1_1,12-1-1-21
poblado_pa_12_1_1_23,Boca de Huso (P),correg_pa_12_1_1,12-1-1-23
poblado_pa_12_1_1_24,Salitre (P),correg_pa_12_1_1,12-1-1-24
poblado_pa_12_1_1_25,Alto de Naranjo,correg_pa_12_1_1,12-1-1-25
poblado_pa_12_1_1_26,Alto de Mango,correg_pa_12_1_1,12-1-1-26
poblado_pa_12_1_1_27,Jaramillo,correg_pa_12_1_1,12-1-1-27
poblado_pa_12_1_1_28,Boca de Quebrada de Hacha (P),correg_pa_12_1_1,12-1-1-28
poblado_pa_12_1_1_30,Quebrada Hacha (P),correg_pa_12_1_1,12-1-1-30
poblado_pa_12_1_1_31,Barriada 2000,correg_pa_12_1_1,12-1-1-31
poblado_pa_12_1_1_32,Brazo de Miel No. 2,correg_pa_12_1_1,12-1-1-32
poblado_pa_12_1_1_33,Cerro Cucaracha (P),correg_pa_12_1_1,12-1-1-33
poblado_pa_12_1_1_34,Moracho,correg_pa_12_1_1,12-1-1-34
poblado_pa_12_1_1_35,Quebrada Caña,correg_pa_12_1_1,12-1-1-35
poblado_pa_12_1_1_36,Jebay,correg_pa_12_1_1,12-1-1-36
poblado_pa_12_1_2_1,Cerro Iglesia,correg_pa_12_1_2,12-1-2-1
poblado_pa_12_1_2_3,Boca de Balsa,correg_pa_12_1_2,12-1-2-3
poblado_pa_12_1_2_4,El Coco,correg_pa_12_1_2,12-1-2-4
poblado_pa_12_1_2_6,Boca de Huso (P),correg_pa_12_1_2,12-1-2-6
poblado_pa_12_1_2_8,Cabecera de Ceiba,correg_pa_12_1_2,12-1-2-8
poblado_pa_12_1_2_12,Calabazo,correg_pa_12_1_2,12-1-2-12
poblado_pa_12_1_2_16,Limón,correg_pa_12_1_2,12-1-2-16
poblado_pa_12_1_2_20,Quebrada Camarón,correg_pa_12_1_2,12-1-2-20
poblado_pa_12_1_2_22,Quebrada Cucaracha,correg_pa_12_1_2,12-1-2-22
poblado_pa_12_1_2_26,Jatote,correg_pa_12_1_2,12-1-2-26
poblado_pa_12_1_2_31,Pellejo de Agua,correg_pa_12_1_2,12-1-2-31
poblado_pa_12_1_2_35,Quebrada Corozo No. 1 (P),correg_pa_12_1_2,12-1-2-35
poblado_pa_12_1_2_42,Boca de Quebrada Remedios,correg_pa_12_1_2,12-1-2-42
poblado_pa_12_1_2_46,Salitre (P),correg_pa_12_1_2,12-1-2-46
poblado_pa_12_1_2_52,Quebrada Arenas,correg_pa_12_1_2,12-1-2-52
poblado_pa_12_1_2_53,Cerro Yuca,correg_pa_12_1_2,12-1-2-53
poblado_pa_12_1_2_54,Quebrada Penca,correg_pa_12_1_2,12-1-2-54
poblado_pa_12_1_2_55,Sabana de Huso,correg_pa_12_1_2,12-1-2-55
poblado_pa_12_1_2_58,Plano de Río Huso,correg_pa_12_1_2,12-1-2-58
poblado_pa_12_1_2_59,Quebrada Lajita,correg_pa_12_1_2,12-1-2-59
poblado_pa_12_1_2_60,Quebrada el Nance,correg_pa_12_1_2,12-1-2-60
poblado_pa_12_1_2_61,Quebrada Chicha,correg_pa_12_1_2,12-1-2-61
poblado_pa_12_1_2_63,Cerro Bollo,correg_pa_12_1_2,12-1-2-63
poblado_pa_12_1_2_65,Cerro Pita,correg_pa_12_1_2,12-1-2-65
poblado_pa_12_1_2_66,Cabecera de Cogollo,correg_pa_12_1_2,12-1-2-66
poblado_pa_12_1_2_67,Cogollo,correg_pa_12_1_2,12-1-2-67
poblado_pa_12_1_2_68,Cogollo No. 2,correg_pa_12_1_2,12-1-2-68
poblado_pa_12_1_2_70,Quebrada Perico,correg_pa_12_1_2,12-1-2-70
poblado_pa_12_1_2_71,Quebrada Lajita No. 2,correg_pa_12_1_2,12-1-2-71
poblado_pa_12_1_2_85,Quebrada Cementerio,correg_pa_12_1_2,12-1-2-85
poblado_pa_12_1_2_86,Quebrada Molino,correg_pa_12_1_2,12-1-2-86
poblado_pa_12_1_2_87,Quebrada Palma,correg_pa_12_1_2,12-1-2-87
poblado_pa_12_1_2_88,Limoncillo (P),correg_pa_12_1_2,12-1-2-88
poblado_pa_12_1_2_100,Quebrada Balsita,correg_pa_12_1_2,12-1-2-100
poblado_pa_12_1_2_101,Cerro Caja,correg_pa_12_1_2,12-1-2-101
poblado_pa_12_1_2_105,Quebrada Carpintero,correg_pa_12_1_2,12-1-2-105
poblado_pa_12_1_2_106,El Palmarito,correg_pa_12_1_2,12-1-2-106
poblado_pa_12_1_2_107,Cabecera de Macho de Monte,correg_pa_12_1_2,12-1-2-107
poblado_pa_12_1_2_108,Cabecera de Tigre,correg_pa_12_1_2,12-1-2-108
poblado_pa_12_1_2_109,Ceiba,correg_pa_12_1_2,12-1-2-109
poblado_pa_12_1_2_111,Hato Salud,correg_pa_12_1_2,12-1-2-111
poblado_pa_12_1_2_112,Macho de Monte,correg_pa_12_1_2,12-1-2-112
poblado_pa_12_1_2_113,Alto Rey,correg_pa_12_1_2,12-1-2-113
poblado_pa_12_1_2_114,Cabecera de Quebrada Berba,correg_pa_12_1_2,12-1-2-114
poblado_pa_12_1_2_115,Espavé (P),correg_pa_12_1_2,12-1-2-115
poblado_pa_12_1_2_116,La Montaña,correg_pa_12_1_2,12-1-2-116
poblado_pa_12_1_2_117,Quebrada Ñeque,correg_pa_12_1_2,12-1-2-117
poblado_pa_12_1_2_118,Cerro Banquilla,correg_pa_12_1_2,12-1-2-118
poblado_pa_12_1_3_2,Boca de Quebrada Camarón,correg_pa_12_1_3,12-1-3-2
poblado_pa_12_1_3_3,Alto Jacaque o Capacho,correg_pa_12_1_3,12-1-3-3
poblado_pa_12_1_3_4,Boca de Quebrada Guacamaya,correg_pa_12_1_3,12-1-3-4
poblado_pa_12_1_3_5,Boca de Quebrada Lajas,correg_pa_12_1_3,12-1-3-5
poblado_pa_12_1_3_6,Boca de Quebrada Ullama (P),correg_pa_12_1_3,12-1-3-6
poblado_pa_12_1_3_7,Boca de Quebrada Secuara,correg_pa_12_1_3,12-1-3-7
poblado_pa_12_1_3_9,Quebrada Puerco,correg_pa_12_1_3,12-1-3-9
poblado_pa_12_1_3_13,Cabecera de Quebrada Monito No. 1,correg_pa_12_1_3,12-1-3-13
poblado_pa_12_1_3_15,Cabecera de Quebrada Pifá,correg_pa_12_1_3,12-1-3-15
poblado_pa_12_1_3_16,Cabecera de Quebrada Tigra,correg_pa_12_1_3,12-1-3-16
poblado_pa_12_1_3_17,Cabecera de Ullama,correg_pa_12_1_3,12-1-3-17
poblado_pa_12_1_3_18,Cabecera de Quebrada Guacamaya,correg_pa_12_1_3,12-1-3-18
poblado_pa_12_1_3_19,Camarón Abajo,correg_pa_12_1_3,12-1-3-19
poblado_pa_12_1_3_20,Camarón Arriba,correg_pa_12_1_3,12-1-3-20
poblado_pa_12_1_3_22,Cucuria,correg_pa_12_1_3,12-1-3-22
poblado_pa_12_1_3_24,Escobal,correg_pa_12_1_3,12-1-3-24
poblado_pa_12_1_3_25,Falda de Palma,correg_pa_12_1_3,12-1-3-25
poblado_pa_12_1_3_26,Guacamaya,correg_pa_12_1_3,12-1-3-26
poblado_pa_12_1_3_32,Quebrada Pifá,correg_pa_12_1_3,12-1-3-32
poblado_pa_12_1_3_33,Quebrada Cabuya,correg_pa_12_1_3,12-1-3-33
poblado_pa_12_1_3_34,Quebrada Monito,correg_pa_12_1_3,12-1-3-34
poblado_pa_12_1_3_35,Quebrada  Palma,correg_pa_12_1_3,12-1-3-35
poblado_pa_12_1_3_36,Quebrada Ullama,correg_pa_12_1_3,12-1-3-36
poblado_pa_12_1_3_38,Común,correg_pa_12_1_3,12-1-3-38
poblado_pa_12_1_3_39,Cabecera de Quebrada Secuara,correg_pa_12_1_3,12-1-3-39
poblado_pa_12_1_3_40,Quebrada Tigra,correg_pa_12_1_3,12-1-3-40
poblado_pa_12_1_3_41,Cerro Jesús,correg_pa_12_1_3,12-1-3-41
poblado_pa_12_1_3_42,Sigoni,correg_pa_12_1_3,12-1-3-42
poblado_pa_12_1_3_43,Quebrada Posoy,correg_pa_12_1_3,12-1-3-43
poblado_pa_12_1_3_44,Corocito (P),correg_pa_12_1_3,12-1-3-44
poblado_pa_12_1_3_45,Quebrada Zapote,correg_pa_12_1_3,12-1-3-45
poblado_pa_12_1_3_46,Cacicón,correg_pa_12_1_3,12-1-3-46
poblado_pa_12_1_3_49,Cabecera de Posoy,correg_pa_12_1_3,12-1-3-49
poblado_pa_12_1_3_50,Cabecera de Quebrada Monito No. 2 (P),correg_pa_12_1_3,12-1-3-50
poblado_pa_12_1_3_52,Falda de Cerro Palma,correg_pa_12_1_3,12-1-3-52
poblado_pa_12_1_3_54,Boca de Águila,correg_pa_12_1_3,12-1-3-54
poblado_pa_12_1_3_55,Quebrada Carpintero,correg_pa_12_1_3,12-1-3-55
poblado_pa_12_1_3_57,Las Nubes,correg_pa_12_1_3,12-1-3-57
poblado_pa_12_1_3_58,Quebrada los Peces,correg_pa_12_1_3,12-1-3-58
poblado_pa_12_1_3_59,Cabecera de Quebrada los Peces,correg_pa_12_1_3,12-1-3-59
poblado_pa_12_1_3_60,Cabecera de Quebrada Lajas,correg_pa_12_1_3,12-1-3-60
poblado_pa_12_1_3_61,Quebrada Biaba,correg_pa_12_1_3,12-1-3-61
poblado_pa_12_1_3_62,Secuara,correg_pa_12_1_3,12-1-3-62
poblado_pa_12_1_4_1,Alto Bonito,correg_pa_12_1_4,12-1-4-1
poblado_pa_12_1_4_5,Boca de Quebrada Lodo,correg_pa_12_1_4,12-1-4-5
poblado_pa_12_1_4_7,Boca de Quebrada Ullama (P),correg_pa_12_1_4,12-1-4-7
poblado_pa_12_1_4_8,Boca de Quiqui,correg_pa_12_1_4,12-1-4-8
poblado_pa_12_1_4_9,Boquilla de Quiqui,correg_pa_12_1_4,12-1-4-9
poblado_pa_12_1_4_10,Chochori,correg_pa_12_1_4,12-1-4-10
poblado_pa_12_1_4_12,Cabecera de Quebrada Gallota,correg_pa_12_1_4,12-1-4-12
poblado_pa_12_1_4_13,Cerro Gato No. 2,correg_pa_12_1_4,12-1-4-13
poblado_pa_12_1_4_15,Cerro Banco,correg_pa_12_1_4,12-1-4-15
poblado_pa_12_1_4_16,Cerro Bolote,correg_pa_12_1_4,12-1-4-16
poblado_pa_12_1_4_19,Cerro Pavón [P],correg_pa_12_1_4,12-1-4-19
poblado_pa_12_1_4_20,Cerro Piña,correg_pa_12_1_4,12-1-4-20
poblado_pa_12_1_4_21,Cerro Sobrino (P),correg_pa_12_1_4,12-1-4-21
poblado_pa_12_1_4_22,Cabecera de Quebrada de Piedra (P),correg_pa_12_1_4,12-1-4-22
poblado_pa_12_1_4_24,Higueroncito,correg_pa_12_1_4,12-1-4-24
poblado_pa_12_1_4_25,Aguacatillo o Aguacate,correg_pa_12_1_4,12-1-4-25
poblado_pa_12_1_4_26,Calabacito,correg_pa_12_1_4,12-1-4-26
poblado_pa_12_1_4_28,Quebrada Venado,correg_pa_12_1_4,12-1-4-28
poblado_pa_12_1_4_32,Quebrada Caña Brava,correg_pa_12_1_4,12-1-4-32
poblado_pa_12_1_4_33,Quebrada Corozo,correg_pa_12_1_4,12-1-4-33
poblado_pa_12_1_4_35,Quebrada de Moai,correg_pa_12_1_4,12-1-4-35
poblado_pa_12_1_4_38,Quebrada Olla,correg_pa_12_1_4,12-1-4-38
poblado_pa_12_1_4_40,Gasparillo (P),correg_pa_12_1_4,12-1-4-40
poblado_pa_12_1_4_41,Cabecera de Quebrada Lodo,correg_pa_12_1_4,12-1-4-41
poblado_pa_12_1_4_43,Llano Iglesia,correg_pa_12_1_4,12-1-4-43
poblado_pa_12_1_4_45,Cerro Pelado,correg_pa_12_1_4,12-1-4-45
poblado_pa_12_1_4_46,Río Chiquito,correg_pa_12_1_4,12-1-4-46
poblado_pa_12_1_4_47,Barriada Nueva Generación,correg_pa_12_1_4,12-1-4-47
poblado_pa_12_1_4_48,Quebrada Corozo No. 1 [P],correg_pa_12_1_4,12-1-4-48
poblado_pa_12_1_4_49,Quebrada de Hacha,correg_pa_12_1_4,12-1-4-49
poblado_pa_12_1_4_50,Nueva Molena (P),correg_pa_12_1_4,12-1-4-50
poblado_pa_12_1_4_51,Cerro Tabla,correg_pa_12_1_4,12-1-4-51
poblado_pa_12_1_5_2,Bijao,correg_pa_12_1_5,12-1-5-2
poblado_pa_12_1_5_5,Boca de Quebrada Guabo,correg_pa_12_1_5,12-1-5-5
poblado_pa_12_1_5_8,Ají,correg_pa_12_1_5,12-1-5-8
poblado_pa_12_1_5_9,Cerro Balsa,correg_pa_12_1_5,12-1-5-9
poblado_pa_12_1_5_11,Cerro Cuchara,correg_pa_12_1_5,12-1-5-11
poblado_pa_12_1_5_12,Cerro Madera,correg_pa_12_1_5,12-1-5-12
poblado_pa_12_1_5_14,Cerro Penca,correg_pa_12_1_5,12-1-5-14
poblado_pa_12_1_5_15,Cerro Sol,correg_pa_12_1_5,12-1-5-15
poblado_pa_12_1_5_16,Cocaleca,correg_pa_12_1_5,12-1-5-16
poblado_pa_12_1_5_20,Falda de Patena,correg_pa_12_1_5,12-1-5-20
poblado_pa_12_1_5_21,Guabal,correg_pa_12_1_5,12-1-5-21
poblado_pa_12_1_5_23,Jengibre,correg_pa_12_1_5,12-1-5-23
poblado_pa_12_1_5_24,Jengebricito,correg_pa_12_1_5,12-1-5-24
poblado_pa_12_1_5_25,Molejón,correg_pa_12_1_5,12-1-5-25
poblado_pa_12_1_5_26,Nance,correg_pa_12_1_5,12-1-5-26
poblado_pa_12_1_5_27,Orilla de Quebrada Biabá,correg_pa_12_1_5,12-1-5-27
poblado_pa_12_1_5_28,Quebrada Plata (P),correg_pa_12_1_5,12-1-5-28
poblado_pa_12_1_5_30,San Juan,correg_pa_12_1_5,12-1-5-30
poblado_pa_12_1_5_31,Ojo de Tigre,correg_pa_12_1_5,12-1-5-31
poblado_pa_12_1_5_38,Zona Fría,correg_pa_12_1_5,12-1-5-38
poblado_pa_12_1_5_39,Quebrada Ají,correg_pa_12_1_5,12-1-5-39
poblado_pa_12_1_5_40,Chichica,correg_pa_12_1_5,12-1-5-40
poblado_pa_12_1_5_41,Filo de Mamey,correg_pa_12_1_5,12-1-5-41
poblado_pa_12_1_5_42,Boca de Biabá,correg_pa_12_1_5,12-1-5-42
poblado_pa_12_1_5_43,Filo de Cerro Palma,correg_pa_12_1_5,12-1-5-43
poblado_pa_12_1_5_45,Chorro de Águila (P),correg_pa_12_1_5,12-1-5-45
poblado_pa_12_1_5_47,Bajo Cacicón,correg_pa_12_1_5,12-1-5-47
poblado_pa_12_1_5_48,Cabecera de Guabo (P),correg_pa_12_1_5,12-1-5-48
poblado_pa_12_1_5_49,Cerro Paila (P),correg_pa_12_1_5,12-1-5-49
poblado_pa_12_1_5_50,Quebrada Águila,correg_pa_12_1_5,12-1-5-50
poblado_pa_12_1_6_3,Boca del Río Chorchita,correg_pa_12_1_6,12-1-6-3
poblado_pa_12_1_6_5,Cerro Cucaracha (P),correg_pa_12_1_6,12-1-6-5
poblado_pa_12_1_6_8,Alto Caña,correg_pa_12_1_6,12-1-6-8
poblado_pa_12_1_6_12,Chorcha,correg_pa_12_1_6,12-1-6-12
poblado_pa_12_1_6_13,Cabecera de Chorchita,correg_pa_12_1_6,12-1-6-13
poblado_pa_12_1_6_16,Plan de Chorcha,correg_pa_12_1_6,12-1-6-16
poblado_pa_12_1_6_20,Quebrada Lajas,correg_pa_12_1_6,12-1-6-20
poblado_pa_12_1_6_21,La Unión,correg_pa_12_1_6,12-1-6-21
poblado_pa_12_1_6_24,Torore (P),correg_pa_12_1_6,12-1-6-24
poblado_pa_12_1_6_25,Chorchita Arriba (P),correg_pa_12_1_6,12-1-6-25
poblado_pa_12_1_6_27,Junta Many,correg_pa_12_1_6,12-1-6-27
poblado_pa_12_1_6_28,Cerro Viejo Abajo,correg_pa_12_1_6,12-1-6-28
poblado_pa_12_1_6_29,Cerro Viejo o Israel (P),correg_pa_12_1_6,12-1-6-29
poblado_pa_12_1_6_32,Ngubüoni,correg_pa_12_1_6,12-1-6-32
poblado_pa_12_1_6_33,Boca de Mamey,correg_pa_12_1_6,12-1-6-33
poblado_pa_12_1_6_35,Cerro Aguacate,correg_pa_12_1_6,12-1-6-35
poblado_pa_12_1_6_36,Cerro Pava,correg_pa_12_1_6,12-1-6-36
poblado_pa_12_1_6_37,Quebrada Horcón,correg_pa_12_1_6,12-1-6-37
poblado_pa_12_1_6_38,Los Pozos,correg_pa_12_1_6,12-1-6-38
poblado_pa_12_1_7_1,Alto Algarrobo o Nuevo Cascabel,correg_pa_12_1_7,12-1-7-1
poblado_pa_12_1_7_2,Alto de Piedra,correg_pa_12_1_7,12-1-7-2
poblado_pa_12_1_7_3,Alto Gambú o Alto Peo o Alto Potrero,correg_pa_12_1_7,12-1-7-3
poblado_pa_12_1_7_4,Alto Pavo o Cerro Pavo,correg_pa_12_1_7,12-1-7-4
poblado_pa_12_1_7_5,Barranco,correg_pa_12_1_7,12-1-7-5
poblado_pa_12_1_7_6,Boca de Hacha,correg_pa_12_1_7,12-1-7-6
poblado_pa_12_1_7_7,Cabecera de Hacha o Guayabo,correg_pa_12_1_7,12-1-7-7
poblado_pa_12_1_7_8,Cabecera de Pava,correg_pa_12_1_7,12-1-7-8
poblado_pa_12_1_7_9,Cabecera de Quebrada Guayabo,correg_pa_12_1_7,12-1-7-9
poblado_pa_12_1_7_10,Cabecera de Sigolin,correg_pa_12_1_7,12-1-7-10
poblado_pa_12_1_7_11,Cacicón,correg_pa_12_1_7,12-1-7-11
poblado_pa_12_1_7_13,Corocito (P),correg_pa_12_1_7,12-1-7-13
poblado_pa_12_1_7_14,Cortadera,correg_pa_12_1_7,12-1-7-14
poblado_pa_12_1_7_15,Chichica,correg_pa_12_1_7,12-1-7-15
poblado_pa_12_1_7_16,Jengibre,correg_pa_12_1_7,12-1-7-16
poblado_pa_12_1_7_17,Lajero,correg_pa_12_1_7,12-1-7-17
poblado_pa_12_1_7_18,Manta,correg_pa_12_1_7,12-1-7-18
poblado_pa_12_1_7_19,Quebrada Hacha,correg_pa_12_1_7,12-1-7-19
poblado_pa_12_1_7_20,Quebrada Pava,correg_pa_12_1_7,12-1-7-20
poblado_pa_12_1_7_21,Quebrada Plata (P),correg_pa_12_1_7,12-1-7-21
poblado_pa_12_1_7_22,Sigolín,correg_pa_12_1_7,12-1-7-22
poblado_pa_12_1_7_23,Sienicon,correg_pa_12_1_7,12-1-7-23
poblado_pa_12_1_7_24,Cerro Miel,correg_pa_12_1_7,12-1-7-24
poblado_pa_12_1_7_25,Chorro de Águila (P),correg_pa_12_1_7,12-1-7-25
poblado_pa_12_1_8_1,Alto Paila o Cerro Carpintero,correg_pa_12_1_8,12-1-8-1
poblado_pa_12_1_8_3,Quebrada Molejón,correg_pa_12_1_8,12-1-8-3
poblado_pa_12_1_8_4,Boca de Quebrada Majagua,correg_pa_12_1_8,12-1-8-4
poblado_pa_12_1_8_5,Boca de Sagui,correg_pa_12_1_8,12-1-8-5
poblado_pa_12_1_8_7,Cabecera de Quebrada Nigua,correg_pa_12_1_8,12-1-8-7
poblado_pa_12_1_8_9,Cabecera de Quebrada de Piedra,correg_pa_12_1_8,12-1-8-9
poblado_pa_12_1_8_10,Cabecera de Quebrada Salado (P),correg_pa_12_1_8,12-1-8-10
poblado_pa_12_1_8_11,Cabecera de Ajo,correg_pa_12_1_8,12-1-8-11
poblado_pa_12_1_8_12,Cacira,correg_pa_12_1_8,12-1-8-12
poblado_pa_12_1_8_13,Caña Blanca,correg_pa_12_1_8,12-1-8-13
poblado_pa_12_1_8_15,Cerro Molena,correg_pa_12_1_8,12-1-8-15
poblado_pa_12_1_8_16,Cerro Mosala o Madrid,correg_pa_12_1_8,12-1-8-16
poblado_pa_12_1_8_17,Cerro Muleto o Quebrada Muleto,correg_pa_12_1_8,12-1-8-17
poblado_pa_12_1_8_18,Alto Nance,correg_pa_12_1_8,12-1-8-18
poblado_pa_12_1_8_19,Cerro Plata,correg_pa_12_1_8,12-1-8-19
poblado_pa_12_1_8_20,Cerro Sobrino (P),correg_pa_12_1_8,12-1-8-20
poblado_pa_12_1_8_21,Cucaracha,correg_pa_12_1_8,12-1-8-21
poblado_pa_12_1_8_22,El Chorro de Cerro Muleto o Cañaza,correg_pa_12_1_8,12-1-8-22
poblado_pa_12_1_8_23,El Nance,correg_pa_12_1_8,12-1-8-23
poblado_pa_12_1_8_24,El Naranjal,correg_pa_12_1_8,12-1-8-24
poblado_pa_12_1_8_27,Cerro Guásimo,correg_pa_12_1_8,12-1-8-27
poblado_pa_12_1_8_28,Higuerón,correg_pa_12_1_8,12-1-8-28
poblado_pa_12_1_8_29,Higueroncito,correg_pa_12_1_8,12-1-8-29
poblado_pa_12_1_8_31,Maíz Tostado,correg_pa_12_1_8,12-1-8-31
poblado_pa_12_1_8_32,Nueva Molena (P),correg_pa_12_1_8,12-1-8-32
poblado_pa_12_1_8_33,Paja Blanca,correg_pa_12_1_8,12-1-8-33
poblado_pa_12_1_8_34,Bijao o Quebrada Bijao,correg_pa_12_1_8,12-1-8-34
poblado_pa_12_1_8_35,Quebrada Blanco No. 1,correg_pa_12_1_8,12-1-8-35
poblado_pa_12_1_8_37,Quebrada Cacao No. 1,correg_pa_12_1_8,12-1-8-37
poblado_pa_12_1_8_39,Quebrada Cangrejal,correg_pa_12_1_8,12-1-8-39
poblado_pa_12_1_8_40,Quebrada Capacho,correg_pa_12_1_8,12-1-8-40
poblado_pa_12_1_8_42,Quebrada Corozo,correg_pa_12_1_8,12-1-8-42
poblado_pa_12_1_8_43,Quebrada Gallina,correg_pa_12_1_8,12-1-8-43
poblado_pa_12_1_8_44,Candelilla,correg_pa_12_1_8,12-1-8-44
poblado_pa_12_1_8_45,Java,correg_pa_12_1_8,12-1-8-45
poblado_pa_12_1_8_46,Perdiz,correg_pa_12_1_8,12-1-8-46
poblado_pa_12_1_8_47,Quebrada Mariposa o Mariposa,correg_pa_12_1_8,12-1-8-47
poblado_pa_12_1_8_48,Quebrada Chuve,correg_pa_12_1_8,12-1-8-48
poblado_pa_12_1_8_49,Quebrada Ñeque,correg_pa_12_1_8,12-1-8-49
poblado_pa_12_1_8_50,Quebrada Ocho,correg_pa_12_1_8,12-1-8-50
poblado_pa_12_1_8_51,Quebrada Perdiz,correg_pa_12_1_8,12-1-8-51
poblado_pa_12_1_8_52,Quebrada Pita,correg_pa_12_1_8,12-1-8-52
poblado_pa_12_1_8_53,Quebrada Salado,correg_pa_12_1_8,12-1-8-53
poblado_pa_12_1_8_54,Quebrada Sardina No. 1,correg_pa_12_1_8,12-1-8-54
poblado_pa_12_1_8_55,Quebrada Sardina No. 2 o Boca,correg_pa_12_1_8,12-1-8-55
poblado_pa_12_1_8_56,Quebrada Tigre,correg_pa_12_1_8,12-1-8-56
poblado_pa_12_1_8_57,Quebrada Yerba de Ajo,correg_pa_12_1_8,12-1-8-57
poblado_pa_12_1_8_58,Río Colorado,correg_pa_12_1_8,12-1-8-58
poblado_pa_12_1_8_59,Visita Flor,correg_pa_12_1_8,12-1-8-59
poblado_pa_12_1_8_60,Cerro Balsa,correg_pa_12_1_8,12-1-8-60
poblado_pa_12_1_8_62,Cerro Paila (P),correg_pa_12_1_8,12-1-8-62
poblado_pa_12_1_8_63,Cruce de Higuerón,correg_pa_12_1_8,12-1-8-63
poblado_pa_12_1_8_64,Gualaquita,correg_pa_12_1_8,12-1-8-64
poblado_pa_12_1_8_65,Mosquito,correg_pa_12_1_8,12-1-8-65
poblado_pa_12_1_8_66,Pita,correg_pa_12_1_8,12-1-8-66
poblado_pa_12_1_8_67,Plan Chivo o Quebrada Chiva (P),correg_pa_12_1_8,12-1-8-67
poblado_pa_12_1_8_68,Quebrada Caracol,correg_pa_12_1_8,12-1-8-68
poblado_pa_12_1_8_70,Alto Nance de Miraflores o Miraflores,correg_pa_12_1_8,12-1-8-70
poblado_pa_12_1_8_71,Quebrada Calabazal,correg_pa_12_1_8,12-1-8-71
poblado_pa_12_1_8_72,Salitre,correg_pa_12_1_8,12-1-8-72
poblado_pa_12_1_8_73,Francia,correg_pa_12_1_8,12-1-8-73
poblado_pa_12_1_8_74,Espavé (P),correg_pa_12_1_8,12-1-8-74
poblado_pa_12_1_8_75,Limoncillo (P),correg_pa_12_1_8,12-1-8-75
poblado_pa_12_1_8_76,Gasparillo (P),correg_pa_12_1_8,12-1-8-76
poblado_pa_12_2_1_3,Buenos Aires o Cerro Bolo,correg_pa_12_2_1,12-2-1-3
poblado_pa_12_2_1_7,Cerro Caña,correg_pa_12_2_1,12-2-1-7
poblado_pa_12_2_1_8,Cocuyo,correg_pa_12_2_1,12-2-1-8
poblado_pa_12_2_1_9,Cerro Majagua,correg_pa_12_2_1,12-2-1-9
poblado_pa_12_2_1_11,Boca del Monte o Cerro Vaca (P),correg_pa_12_2_1,12-2-1-11
poblado_pa_12_2_1_12,Cerro Corozo,correg_pa_12_2_1,12-2-1-12
poblado_pa_12_2_1_13,Guaraní,correg_pa_12_2_1,12-2-1-13
poblado_pa_12_2_1_14,Hato Pilón (P),correg_pa_12_2_1,12-2-1-14
poblado_pa_12_2_1_17,Cianca,correg_pa_12_2_1,12-2-1-17
poblado_pa_12_2_1_18,Bajo Pilón,correg_pa_12_2_1,12-2-1-18
poblado_pa_12_2_1_19,Quebrada Caracol,correg_pa_12_2_1,12-2-1-19
poblado_pa_12_2_1_20,Hormiga o Quebrada Camarón,correg_pa_12_2_1,12-2-1-20
poblado_pa_12_2_1_21,Cerro Gato,correg_pa_12_2_1,12-2-1-21
poblado_pa_12_2_1_22,Quebrada Frijoles,correg_pa_12_2_1,12-2-1-22
poblado_pa_12_2_1_23,Kuerima (P),correg_pa_12_2_1,12-2-1-23
poblado_pa_12_2_1_24,Cerro Pita,correg_pa_12_2_1,12-2-1-24
poblado_pa_12_2_1_25,Nancito,correg_pa_12_2_1,12-2-1-25
poblado_pa_12_2_1_27,Cerro Mesa (P),correg_pa_12_2_1,12-2-1-27
poblado_pa_12_2_1_28,Maraca,correg_pa_12_2_1,12-2-1-28
poblado_pa_12_2_1_29,Quebrada Candela,correg_pa_12_2_1,12-2-1-29
poblado_pa_12_2_2_1,Barranco,correg_pa_12_2_2,12-2-2-1
poblado_pa_12_2_2_2,Caracol,correg_pa_12_2_2,12-2-2-2
poblado_pa_12_2_2_3,Carrizal (P),correg_pa_12_2_2,12-2-2-3
poblado_pa_12_2_2_4,Plan Chegui o Cascabel,correg_pa_12_2_2,12-2-2-4
poblado_pa_12_2_2_5,Plan Chivo o Quebrada Chiva (P),correg_pa_12_2_2,12-2-2-5
poblado_pa_12_2_2_6,Cerro Flores,correg_pa_12_2_2,12-2-2-6
poblado_pa_12_2_2_7,Gallote,correg_pa_12_2_2,12-2-2-7
poblado_pa_12_2_2_10,Cerro Pita,correg_pa_12_2_2,12-2-2-10
poblado_pa_12_2_2_11,Cerro Puerco,correg_pa_12_2_2,12-2-2-11
poblado_pa_12_2_2_12,Río Capitán,correg_pa_12_2_2,12-2-2-12
poblado_pa_12_2_2_13,Cerro Sagüi,correg_pa_12_2_2,12-2-2-13
poblado_pa_12_2_2_14,Virulí,correg_pa_12_2_2,12-2-2-14
poblado_pa_12_2_2_15,Diente de Cucaracha,correg_pa_12_2_2,12-2-2-15
poblado_pa_12_2_2_16,Cañazas,correg_pa_12_2_2,12-2-2-16
poblado_pa_12_2_2_17,Chichica,correg_pa_12_2_2,12-2-2-17
poblado_pa_12_2_2_18,Alto Oro,correg_pa_12_2_2,12-2-2-18
poblado_pa_12_2_2_19,Cabecera de Quebrada Salado (P),correg_pa_12_2_2,12-2-2-19
poblado_pa_12_2_2_20,Águila,correg_pa_12_2_2,12-2-2-20
poblado_pa_12_2_2_22,Bajo de Cerro Pita,correg_pa_12_2_2,12-2-2-22
poblado_pa_12_2_2_24,Blanco,correg_pa_12_2_2,12-2-2-24
poblado_pa_12_2_2_25,Boca de Quebrada Capitán,correg_pa_12_2_2,12-2-2-25
poblado_pa_12_2_2_27,Llano Caracol o Cerro Pita,correg_pa_12_2_2,12-2-2-27
poblado_pa_12_2_2_31,Quebrada Piedra de Moler,correg_pa_12_2_2,12-2-2-31
poblado_pa_12_2_2_32,Naranjal (P),correg_pa_12_2_2,12-2-2-32
poblado_pa_12_2_3_1,Alto Rey,correg_pa_12_2_3,12-2-3-1
poblado_pa_12_2_3_2,Cerro Banco,correg_pa_12_2_3,12-2-3-2
poblado_pa_12_2_3_3,Hato Corotú,correg_pa_12_2_3,12-2-3-3
poblado_pa_12_2_3_4,Maíz Tostado,correg_pa_12_2_3,12-2-3-4
poblado_pa_12_2_3_5,Potrero de Palma (P),correg_pa_12_2_3,12-2-3-5
poblado_pa_12_2_3_7,Calabazal,correg_pa_12_2_3,12-2-3-7
poblado_pa_12_2_3_8,Alto Camarón,correg_pa_12_2_3,12-2-3-8
poblado_pa_12_2_3_9,Cabecera de Quebrada Pava,correg_pa_12_2_3,12-2-3-9
poblado_pa_12_2_3_10,Mamey,correg_pa_12_2_3,12-2-3-10
poblado_pa_12_2_3_11,Cerro Piedra,correg_pa_12_2_3,12-2-3-11
poblado_pa_12_2_3_12,Quebrada Arena,correg_pa_12_2_3,12-2-3-12
poblado_pa_12_2_3_15,Boca de Macho (P),correg_pa_12_2_3,12-2-3-15
poblado_pa_12_2_4_1,Calabazal,correg_pa_12_2_4,12-2-4-1
poblado_pa_12_2_4_2,Cabuya,correg_pa_12_2_4,12-2-4-2
poblado_pa_12_2_4_3,Cacicón,correg_pa_12_2_4,12-2-4-3
poblado_pa_12_2_4_4,Cerro Paila,correg_pa_12_2_4,12-2-4-4
poblado_pa_12_2_4_5,Gato,correg_pa_12_2_4,12-2-4-5
poblado_pa_12_2_4_6,Cerro Mamita,correg_pa_12_2_4,12-2-4-6
poblado_pa_12_2_4_7,Cerro Otoe,correg_pa_12_2_4,12-2-4-7
poblado_pa_12_2_4_8,Cerro Piedra,correg_pa_12_2_4,12-2-4-8
poblado_pa_12_2_4_11,Llano Culantro,correg_pa_12_2_4,12-2-4-11
poblado_pa_12_2_4_12,Hato Loro,correg_pa_12_2_4,12-2-4-12
poblado_pa_12_2_4_13,Horconcito,correg_pa_12_2_4,12-2-4-13
poblado_pa_12_2_4_14,Naranjal (P),correg_pa_12_2_4,12-2-4-14
poblado_pa_12_2_4_16,Guayabal,correg_pa_12_2_4,12-2-4-16
poblado_pa_12_2_4_17,Cerro Ají,correg_pa_12_2_4,12-2-4-17
poblado_pa_12_2_4_18,Guabo,correg_pa_12_2_4,12-2-4-18
poblado_pa_12_2_4_19,Bajo Loro,correg_pa_12_2_4,12-2-4-19
poblado_pa_12_2_4_25,Carrizal (P),correg_pa_12_2_4,12-2-4-25
poblado_pa_12_2_4_28,Bajo Cacicón,correg_pa_12_2_4,12-2-4-28
poblado_pa_12_2_4_29,Bijao,correg_pa_12_2_4,12-2-4-29
poblado_pa_12_2_4_30,Cabecera de Guabo (P),correg_pa_12_2_4,12-2-4-30
poblado_pa_12_2_4_32,Limón,correg_pa_12_2_4,12-2-4-32
poblado_pa_12_2_4_33,Plan del Guásimo,correg_pa_12_2_4,12-2-4-33
poblado_pa_12_2_4_34,Cerro Chivo,correg_pa_12_2_4,12-2-4-34
poblado_pa_12_2_5_1,Boca de Candela,correg_pa_12_2_5,12-2-5-1
poblado_pa_12_2_5_2,Alto Chombo,correg_pa_12_2_5,12-2-5-2
poblado_pa_12_2_5_3,Cabecera de Juay,correg_pa_12_2_5,12-2-5-3
poblado_pa_12_2_5_4,Kaboy,correg_pa_12_2_5,12-2-5-4
poblado_pa_12_2_5_5,Cañazas,correg_pa_12_2_5,12-2-5-5
poblado_pa_12_2_5_6,Caracol,correg_pa_12_2_5,12-2-5-6
poblado_pa_12_2_5_7,Cerro Piña,correg_pa_12_2_5,12-2-5-7
poblado_pa_12_2_5_8,Hato Jobo,correg_pa_12_2_5,12-2-5-8
poblado_pa_12_2_5_9,Quebrada Camarón,correg_pa_12_2_5,12-2-5-9
poblado_pa_12_2_5_10,Cerro Piedra,correg_pa_12_2_5,12-2-5-10
poblado_pa_12_2_5_11,Pita,correg_pa_12_2_5,12-2-5-11
poblado_pa_12_2_5_12,Quebrada Zapote,correg_pa_12_2_5,12-2-5-12
poblado_pa_12_2_5_14,Quebrada Chácara,correg_pa_12_2_5,12-2-5-14
poblado_pa_12_2_5_15,Cortadera,correg_pa_12_2_5,12-2-5-15
poblado_pa_12_2_5_16,Alto Mono,correg_pa_12_2_5,12-2-5-16
poblado_pa_12_2_5_17,Bajo Mono,correg_pa_12_2_5,12-2-5-17
poblado_pa_12_2_5_19,Boca del Monte o Cerro Vaca (P),correg_pa_12_2_5,12-2-5-19
poblado_pa_12_2_5_20,Cerro Mesa (P),correg_pa_12_2_5,12-2-5-20
poblado_pa_12_2_5_21,Hato Pilón (P),correg_pa_12_2_5,12-2-5-21
poblado_pa_12_2_5_22,Salitre,correg_pa_12_2_5,12-2-5-22
poblado_pa_12_2_5_23,Cerro Gallina,correg_pa_12_2_5,12-2-5-23
poblado_pa_12_2_5_24,Cucuya,correg_pa_12_2_5,12-2-5-24
poblado_pa_12_2_6_1,Alto Nancito,correg_pa_12_2_6,12-2-6-1
poblado_pa_12_2_6_5,Hato Julí (P),correg_pa_12_2_6,12-2-6-5
poblado_pa_12_2_6_10,Alto Limón (P),correg_pa_12_2_6,12-2-6-10
poblado_pa_12_2_6_11,Bajo Chiviré,correg_pa_12_2_6,12-2-6-11
poblado_pa_12_2_6_12,Bajo Limón,correg_pa_12_2_6,12-2-6-12
poblado_pa_12_2_6_13,Bajo Maíz,correg_pa_12_2_6,12-2-6-13
poblado_pa_12_2_6_14,Calabazal,correg_pa_12_2_6,12-2-6-14
poblado_pa_12_2_7_4,Cerro San Miguel (P),correg_pa_12_2_7,12-2-7-4
poblado_pa_12_2_7_5,Tolay,correg_pa_12_2_7,12-2-7-5
poblado_pa_12_2_7_8,Cañaza (P),correg_pa_12_2_7,12-2-7-8
poblado_pa_12_2_7_9,Quebrada de Loro (P),correg_pa_12_2_7,12-2-7-9
poblado_pa_12_2_7_10,Quebrada Juay,correg_pa_12_2_7,12-2-7-10
poblado_pa_12_2_7_11,Cerro Brisas (P),correg_pa_12_2_7,12-2-7-11
poblado_pa_12_2_7_12,Aguacatal,correg_pa_12_2_7,12-2-7-12
poblado_pa_12_2_7_13,Galique (P),correg_pa_12_2_7,12-2-7-13
poblado_pa_12_2_7_14,Quebrada Conejo,correg_pa_12_2_7,12-2-7-14
poblado_pa_12_2_7_15,Zapote,correg_pa_12_2_7,12-2-7-15
poblado_pa_12_2_8_1,Chichica,correg_pa_12_2_8,12-2-8-1
poblado_pa_12_2_8_2,Cabecera de Dupí,correg_pa_12_2_8,12-2-8-2
poblado_pa_12_2_8_3,Cabecera de Quebrada Otoe,correg_pa_12_2_8,12-2-8-3
poblado_pa_12_2_8_4,Cerro Mesa Abajo o Cerro Gato o Cerro Tuza,correg_pa_12_2_8,12-2-8-4
poblado_pa_12_2_8_5,Cerro Mesa,correg_pa_12_2_8,12-2-8-5
poblado_pa_12_2_8_7,Guayabal o Alto Guayabal,correg_pa_12_2_8,12-2-8-7
poblado_pa_12_2_8_9,Quebrada Otoe,correg_pa_12_2_8,12-2-8-9
poblado_pa_12_2_8_11,Salto Dupí,correg_pa_12_2_8,12-2-8-11
poblado_pa_12_2_8_12,Bajo Grande,correg_pa_12_2_8,12-2-8-12
poblado_pa_12_2_8_13,Cerro Gallina,correg_pa_12_2_8,12-2-8-13
poblado_pa_12_2_8_14,Cañaza (P),correg_pa_12_2_8,12-2-8-14
poblado_pa_12_2_8_15,Quebrada de Loro (P),correg_pa_12_2_8,12-2-8-15
poblado_pa_12_2_8_16,Alto Limón (P),correg_pa_12_2_8,12-2-8-16
poblado_pa_12_2_8_17,Bisira,correg_pa_12_2_8,12-2-8-17
poblado_pa_12_2_8_18,Cerro San Miguel (P),correg_pa_12_2_8,12-2-8-18
poblado_pa_12_2_8_19,Nueva Esperanza,correg_pa_12_2_8,12-2-8-19
poblado_pa_12_3_1_10,Cerro Coco (P),correg_pa_12_3_1,12-3-1-10
poblado_pa_12_3_1_11,Cerro Cruz,correg_pa_12_3_1,12-3-1-11
poblado_pa_12_3_1_14,Alto Estrella,correg_pa_12_3_1,12-3-1-14
poblado_pa_12_3_1_17,Cerro Yuca,correg_pa_12_3_1,12-3-1-17
poblado_pa_12_3_1_20,Chichica,correg_pa_12_3_1,12-3-1-20
poblado_pa_12_3_1_26,Los Zurdos,correg_pa_12_3_1,12-3-1-26
poblado_pa_12_3_1_29,Cerro Plata,correg_pa_12_3_1,12-3-1-29
poblado_pa_12_3_1_35,Piedra Grande,correg_pa_12_3_1,12-3-1-35
poblado_pa_12_3_1_37,Portorica,correg_pa_12_3_1,12-3-1-37
poblado_pa_12_3_1_39,Las Lajitas (P),correg_pa_12_3_1,12-3-1-39
poblado_pa_12_3_1_40,Quebrada Otoe,correg_pa_12_3_1,12-3-1-40
poblado_pa_12_3_1_63,Quebrada Arena (P),correg_pa_12_3_1,12-3-1-63
poblado_pa_12_3_1_64,Cerro Conejito,correg_pa_12_3_1,12-3-1-64
poblado_pa_12_3_1_65,Cerro Grito,correg_pa_12_3_1,12-3-1-65
poblado_pa_12_3_1_66,Alto Cedro,correg_pa_12_3_1,12-3-1-66
poblado_pa_12_3_1_80,Espavé,correg_pa_12_3_1,12-3-1-80
poblado_pa_12_3_2_1,Alto Caballero (P),correg_pa_12_3_2,12-3-2-1
poblado_pa_12_3_2_2,Alto de Quebrada Pita,correg_pa_12_3_2,12-3-2-2
poblado_pa_12_3_2_3,Buenos Aires (P),correg_pa_12_3_2,12-3-2-3
poblado_pa_12_3_2_4,Cerro Mono,correg_pa_12_3_2,12-3-2-4
poblado_pa_12_3_2_8,Cerro Sombrero (P),correg_pa_12_3_2,12-3-2-8
poblado_pa_12_3_2_16,Melón,correg_pa_12_3_2,12-3-2-16
poblado_pa_12_3_2_17,Rincón Moro (P),correg_pa_12_3_2,12-3-2-17
poblado_pa_12_3_2_19,Cerro Armado (P),correg_pa_12_3_2,12-3-2-19
poblado_pa_12_3_2_21,Potrero de Caña (P),correg_pa_12_3_2,12-3-2-21
poblado_pa_12_3_3_1,Alto de Cerro Viejo (P),correg_pa_12_3_3,12-3-3-1
poblado_pa_12_3_3_2,Calabacito (P),correg_pa_12_3_3,12-3-3-2
poblado_pa_12_3_3_5,Cerro Venado (P) Cabecera,correg_pa_12_3_3,12-3-3-5
poblado_pa_12_3_3_6,Nuevo Palomar,correg_pa_12_3_3,12-3-3-6
poblado_pa_12_3_3_7,Cogle,correg_pa_12_3_3,12-3-3-7
poblado_pa_12_3_3_8,Piedra Pintada (P),correg_pa_12_3_3,12-3-3-8
poblado_pa_12_3_3_9,Quebrada Caña,correg_pa_12_3_3,12-3-3-9
poblado_pa_12_3_3_10,Quebrada Plata,correg_pa_12_3_3,12-3-3-10
poblado_pa_12_3_3_11,Trato Derecho,correg_pa_12_3_3,12-3-3-11
poblado_pa_12_3_3_12,Altoleta,correg_pa_12_3_3,12-3-3-12
poblado_pa_12_3_3_13,Comunidad Humilde,correg_pa_12_3_3,12-3-3-13
poblado_pa_12_3_3_14,Kia,correg_pa_12_3_3,12-3-3-14
poblado_pa_12_3_3_15,Nancito (P),correg_pa_12_3_3,12-3-3-15
poblado_pa_12_3_3_16,Quebrada Honda,correg_pa_12_3_3,12-3-3-16
poblado_pa_12_3_3_17,Nueri (P),correg_pa_12_3_3,12-3-3-17
poblado_pa_12_3_4_3,El Pedregoso o Barrero,correg_pa_12_3_4,12-3-4-3
poblado_pa_12_3_4_5,Cerro Algodón (P),correg_pa_12_3_4,12-3-4-5
poblado_pa_12_3_4_6,Cerro Caña (P),correg_pa_12_3_4,12-3-4-6
poblado_pa_12_3_4_10,Espavé,correg_pa_12_3_4,12-3-4-10
poblado_pa_12_3_4_13,Alto de las Trancas,correg_pa_12_3_4,12-3-4-13
poblado_pa_12_3_4_14,Bajo de las Trancas,correg_pa_12_3_4,12-3-4-14
poblado_pa_12_3_4_15,Llano Horcón (P),correg_pa_12_3_4,12-3-4-15
poblado_pa_12_3_4_16,Alto Meregilda,correg_pa_12_3_4,12-3-4-16
poblado_pa_12_3_4_19,Cerro Pifá,correg_pa_12_3_4,12-3-4-19
poblado_pa_12_3_4_22,Llano Pita,correg_pa_12_3_4,12-3-4-22
poblado_pa_12_3_4_24,Bajo Cerro Caña,correg_pa_12_3_4,12-3-4-24
poblado_pa_12_3_4_27,Bajo Meregilda (P),correg_pa_12_3_4,12-3-4-27
poblado_pa_12_3_4_28,Cerro la Huaca (P),correg_pa_12_3_4,12-3-4-28
poblado_pa_12_3_4_29,Meregilda,correg_pa_12_3_4,12-3-4-29
poblado_pa_12_3_4_30,Bajo Cerro Algodón,correg_pa_12_3_4,12-3-4-30
poblado_pa_12_3_5_1,Alto Cañazas,correg_pa_12_3_5,12-3-5-1
poblado_pa_12_3_5_2,Cerro Banco,correg_pa_12_3_5,12-3-5-2
poblado_pa_12_3_5_3,Cerro Ceniza,correg_pa_12_3_5,12-3-5-3
poblado_pa_12_3_5_4,Cerro Ortiga,correg_pa_12_3_5,12-3-5-4
poblado_pa_12_3_5_5,Cerro Puerco Abajo,correg_pa_12_3_5,12-3-5-5
poblado_pa_12_3_5_6,Llano Junco,correg_pa_12_3_5,12-3-5-6
poblado_pa_12_3_5_9,Quebrada Gato,correg_pa_12_3_5,12-3-5-9
poblado_pa_12_3_5_10,Quebrada Macho,correg_pa_12_3_5,12-3-5-10
poblado_pa_12_3_5_11,Quebrada Mojoso,correg_pa_12_3_5,12-3-5-11
poblado_pa_12_3_5_14,Quebrada Piru,correg_pa_12_3_5,12-3-5-14
poblado_pa_12_3_5_15,Quebrada Pita,correg_pa_12_3_5,12-3-5-15
poblado_pa_12_3_5_19,Mamey (P),correg_pa_12_3_5,12-3-5-19
poblado_pa_12_3_5_20,Cacao,correg_pa_12_3_5,12-3-5-20
poblado_pa_12_3_5_21,Cabecera de Cerro Puerco,correg_pa_12_3_5,12-3-5-21
poblado_pa_12_3_5_23,Charco Hacha,correg_pa_12_3_5,12-3-5-23
poblado_pa_12_3_5_25,Alto Mango,correg_pa_12_3_5,12-3-5-25
poblado_pa_12_3_5_26,Bajo Cañazas,correg_pa_12_3_5,12-3-5-26
poblado_pa_12_3_5_27,Cenipita o Cenipita No. 1,correg_pa_12_3_5,12-3-5-27
poblado_pa_12_3_5_28,Cerro de Dios,correg_pa_12_3_5,12-3-5-28
poblado_pa_12_3_5_30,Cenipita No. 2,correg_pa_12_3_5,12-3-5-30
poblado_pa_12_3_5_31,Caña,correg_pa_12_3_5,12-3-5-31
poblado_pa_12_3_6_1,Agua Clara,correg_pa_12_3_6,12-3-6-1
poblado_pa_12_3_6_2,Águila,correg_pa_12_3_6,12-3-6-2
poblado_pa_12_3_6_3,Alto Balsa,correg_pa_12_3_6,12-3-6-3
poblado_pa_12_3_6_4,Alto Cabuya,correg_pa_12_3_6,12-3-6-4
poblado_pa_12_3_6_5,Alto Laguna,correg_pa_12_3_6,12-3-6-5
poblado_pa_12_3_6_6,Arena,correg_pa_12_3_6,12-3-6-6
poblado_pa_12_3_6_7,Bajo Congo,correg_pa_12_3_6,12-3-6-7
poblado_pa_12_3_6_8,Bajo Laguna,correg_pa_12_3_6,12-3-6-8
poblado_pa_12_3_6_9,Bajo Mira o Cerro Banco,correg_pa_12_3_6,12-3-6-9
poblado_pa_12_3_6_11,Bolango No. 1,correg_pa_12_3_6,12-3-6-11
poblado_pa_12_3_6_12,Bolango No. 2,correg_pa_12_3_6,12-3-6-12
poblado_pa_12_3_6_13,Boleridi,correg_pa_12_3_6,12-3-6-13
poblado_pa_12_3_6_14,Borriguero,correg_pa_12_3_6,12-3-6-14
poblado_pa_12_3_6_15,Briadi,correg_pa_12_3_6,12-3-6-15
poblado_pa_12_3_6_16,Bule,correg_pa_12_3_6,12-3-6-16
poblado_pa_12_3_6_17,Budode,correg_pa_12_3_6,12-3-6-17
poblado_pa_12_3_6_20,Bajo Cabuya,correg_pa_12_3_6,12-3-6-20
poblado_pa_12_3_6_21,Cabuya,correg_pa_12_3_6,12-3-6-21
poblado_pa_12_3_6_22,Cangrejal,correg_pa_12_3_6,12-3-6-22
poblado_pa_12_3_6_23,Cerro Algarrobo,correg_pa_12_3_6,12-3-6-23
poblado_pa_12_3_6_27,Cerro Humo,correg_pa_12_3_6,12-3-6-27
poblado_pa_12_3_6_28,Cerro Mosquito,correg_pa_12_3_6,12-3-6-28
poblado_pa_12_3_6_29,Cerro Plata,correg_pa_12_3_6,12-3-6-29
poblado_pa_12_3_6_30,Cerro Salitre o Moreno,correg_pa_12_3_6,12-3-6-30
poblado_pa_12_3_6_31,Comuguatate,correg_pa_12_3_6,12-3-6-31
poblado_pa_12_3_6_32,Crodubi,correg_pa_12_3_6,12-3-6-32
poblado_pa_12_3_6_34,Cugri,correg_pa_12_3_6,12-3-6-34
poblado_pa_12_3_6_35,Cerro Culantro,correg_pa_12_3_6,12-3-6-35
poblado_pa_12_3_6_36,El Bote,correg_pa_12_3_6,12-3-6-36
poblado_pa_12_3_6_37,Gelerabidi,correg_pa_12_3_6,12-3-6-37
poblado_pa_12_3_6_38,Grillo,correg_pa_12_3_6,12-3-6-38
poblado_pa_12_3_6_39,Guabo No. 1,correg_pa_12_3_6,12-3-6-39
poblado_pa_12_3_6_41,Hacha,correg_pa_12_3_6,12-3-6-41
poblado_pa_12_3_6_42,Hato Común,correg_pa_12_3_6,12-3-6-42
poblado_pa_12_3_6_43,Alto Loro U Orete,correg_pa_12_3_6,12-3-6-43
poblado_pa_12_3_6_44,Ibia,correg_pa_12_3_6,12-3-6-44
poblado_pa_12_3_6_45,Ibiarigote,correg_pa_12_3_6,12-3-6-45
poblado_pa_12_3_6_46,Jumolinda,correg_pa_12_3_6,12-3-6-46
poblado_pa_12_3_6_47,Krunrindotote,correg_pa_12_3_6,12-3-6-47
poblado_pa_12_3_6_48,Llano Caballo,correg_pa_12_3_6,12-3-6-48
poblado_pa_12_3_6_49,Llano Camarón,correg_pa_12_3_6,12-3-6-49
poblado_pa_12_3_6_50,Llano Horcón,correg_pa_12_3_6,12-3-6-50
poblado_pa_12_3_6_52,Llano Largo No. 3,correg_pa_12_3_6,12-3-6-52
poblado_pa_12_3_6_54,Miroduda,correg_pa_12_3_6,12-3-6-54
poblado_pa_12_3_6_55,Nance,correg_pa_12_3_6,12-3-6-55
poblado_pa_12_3_6_56,Bajo Mosquito,correg_pa_12_3_6,12-3-6-56
poblado_pa_12_3_6_57,Quebrada Arena,correg_pa_12_3_6,12-3-6-57
poblado_pa_12_3_6_58,Quebrada Conejo,correg_pa_12_3_6,12-3-6-58
poblado_pa_12_3_6_61,Quebrada Guabo,correg_pa_12_3_6,12-3-6-61
poblado_pa_12_3_6_62,Quebrada Ñopo,correg_pa_12_3_6,12-3-6-62
poblado_pa_12_3_6_63,Quebrada Piedra,correg_pa_12_3_6,12-3-6-63
poblado_pa_12_3_6_64,Rabudi,correg_pa_12_3_6,12-3-6-64
poblado_pa_12_3_6_65,Llano Cedro,correg_pa_12_3_6,12-3-6-65
poblado_pa_12_3_6_67,Toboris o Bajo Cogollo,correg_pa_12_3_6,12-3-6-67
poblado_pa_12_3_6_68,Vide,correg_pa_12_3_6,12-3-6-68
poblado_pa_12_3_6_69,Bajo Loro,correg_pa_12_3_6,12-3-6-69
poblado_pa_12_3_6_70,Bajo Mono,correg_pa_12_3_6,12-3-6-70
poblado_pa_12_3_6_71,Bajo Nubes,correg_pa_12_3_6,12-3-6-71
poblado_pa_12_3_6_72,Bajo de los Reyes,correg_pa_12_3_6,12-3-6-72
poblado_pa_12_3_6_73,Cacicón,correg_pa_12_3_6,12-3-6-73
poblado_pa_12_3_6_74,Cerro Bin Bin,correg_pa_12_3_6,12-3-6-74
poblado_pa_12_3_6_75,Cerro Salinas,correg_pa_12_3_6,12-3-6-75
poblado_pa_12_3_6_76,Dobrode,correg_pa_12_3_6,12-3-6-76
poblado_pa_12_3_6_77,Econorigateo,correg_pa_12_3_6,12-3-6-77
poblado_pa_12_3_6_78,Llano Bonito,correg_pa_12_3_6,12-3-6-78
poblado_pa_12_3_6_79,Llano Sapo,correg_pa_12_3_6,12-3-6-79
poblado_pa_12_3_6_80,Pueblo Nuevo,correg_pa_12_3_6,12-3-6-80
poblado_pa_12_3_6_81,Alto Nube,correg_pa_12_3_6,12-3-6-81
poblado_pa_12_3_6_82,Canta Gallo,correg_pa_12_3_6,12-3-6-82
poblado_pa_12_3_6_83,Cerro Venado,correg_pa_12_3_6,12-3-6-83
poblado_pa_12_3_6_84,Llano Venado,correg_pa_12_3_6,12-3-6-84
poblado_pa_12_3_6_85,Quebrada Lajita,correg_pa_12_3_6,12-3-6-85
poblado_pa_12_3_6_86,Garrita,correg_pa_12_3_6,12-3-6-86
poblado_pa_12_3_6_87,Llano Clara (P),correg_pa_12_3_6,12-3-6-87
poblado_pa_12_3_6_88,Miraflor,correg_pa_12_3_6,12-3-6-88
poblado_pa_12_3_6_89,Nueva Esperanza,correg_pa_12_3_6,12-3-6-89
poblado_pa_12_3_6_90,Pie de Cerro Banco (P),correg_pa_12_3_6,12-3-6-90
poblado_pa_12_3_7_1,Cerro Cacicón (P),correg_pa_12_3_7,12-3-7-1
poblado_pa_12_3_7_5,Maraca o Llano Majagua,correg_pa_12_3_7,12-3-7-5
poblado_pa_12_3_7_6,Peña Prieta,correg_pa_12_3_7,12-3-7-6
poblado_pa_12_3_7_7,Quebrada Cangrejo (P),correg_pa_12_3_7,12-3-7-7
poblado_pa_12_3_7_8,Quebrada Sábalo,correg_pa_12_3_7,12-3-7-8
poblado_pa_12_3_7_9,Tebujo,correg_pa_12_3_7,12-3-7-9
poblado_pa_12_3_7_17,Bajos de Cacicón (P),correg_pa_12_3_7,12-3-7-17
poblado_pa_12_3_7_20,Tebujo Abajo,correg_pa_12_3_7,12-3-7-20
poblado_pa_12_3_7_21,Marende o (Salitre) o Congo,correg_pa_12_3_7,12-3-7-21
poblado_pa_12_3_7_22,Cabecera de Fonseca,correg_pa_12_3_7,12-3-7-22
poblado_pa_12_3_7_23,Bajo Macho,correg_pa_12_3_7,12-3-7-23
poblado_pa_12_3_7_24,Bajos de Fonseca,correg_pa_12_3_7,12-3-7-24
poblado_pa_12_3_7_25,Cerro Boba,correg_pa_12_3_7,12-3-7-25
poblado_pa_12_3_7_26,Sabana Grande,correg_pa_12_3_7,12-3-7-26
poblado_pa_12_3_7_29,Perico,correg_pa_12_3_7,12-3-7-29
poblado_pa_12_3_7_31,Bajo Maraca,correg_pa_12_3_7,12-3-7-31
poblado_pa_12_3_7_32,Los Gallardos,correg_pa_12_3_7,12-3-7-32
poblado_pa_12_3_7_33,Quebrada Maquenco,correg_pa_12_3_7,12-3-7-33
poblado_pa_12_3_8_2,Alto Algarrobo (P),correg_pa_12_3_8,12-3-8-2
poblado_pa_12_3_8_4,Bajo Simet,correg_pa_12_3_8,12-3-8-4
poblado_pa_12_3_8_5,Cerro Balsa,correg_pa_12_3_8,12-3-8-5
poblado_pa_12_3_8_7,Cerro Bujo,correg_pa_12_3_8,12-3-8-7
poblado_pa_12_3_8_8,Cerro Caballo (P),correg_pa_12_3_8,12-3-8-8
poblado_pa_12_3_8_9,Cerro Cabuya,correg_pa_12_3_8,12-3-8-9
poblado_pa_12_3_8_10,Cerro Galindo (P),correg_pa_12_3_8,12-3-8-10
poblado_pa_12_3_8_11,Cerro Iglesia (P),correg_pa_12_3_8,12-3-8-11
poblado_pa_12_3_8_12,Cerro Maíz,correg_pa_12_3_8,12-3-8-12
poblado_pa_12_3_8_13,Cerro Redondo (P),correg_pa_12_3_8,12-3-8-13
poblado_pa_12_3_8_14,Cerro Vaca,correg_pa_12_3_8,12-3-8-14
poblado_pa_12_3_8_15,Guabal,correg_pa_12_3_8,12-3-8-15
poblado_pa_12_3_8_16,La Changosa,correg_pa_12_3_8,12-3-8-16
poblado_pa_12_3_8_17,La Lajita,correg_pa_12_3_8,12-3-8-17
poblado_pa_12_3_8_18,Los Santos,correg_pa_12_3_8,12-3-8-18
poblado_pa_12_3_8_19,Llano Mosca,correg_pa_12_3_8,12-3-8-19
poblado_pa_12_3_8_20,Macano o Cerro Mosca,correg_pa_12_3_8,12-3-8-20
poblado_pa_12_3_8_21,Quebrada Algarrobo,correg_pa_12_3_8,12-3-8-21
poblado_pa_12_3_8_22,Quebrada Arena No. 2,correg_pa_12_3_8,12-3-8-22
poblado_pa_12_3_8_23,Quebrada Flecha (P),correg_pa_12_3_8,12-3-8-23
poblado_pa_12_3_8_24,Quebrada Puerco,correg_pa_12_3_8,12-3-8-24
poblado_pa_12_3_8_25,Alto Guayabo (P),correg_pa_12_3_8,12-3-8-25
poblado_pa_12_3_8_26,Cañaveral,correg_pa_12_3_8,12-3-8-26
poblado_pa_12_3_8_27,Cerro Mangle (P),correg_pa_12_3_8,12-3-8-27
poblado_pa_12_3_9_1,Alto Aguacate,correg_pa_12_3_9,12-3-9-1
poblado_pa_12_3_9_2,Agua Salud,correg_pa_12_3_9,12-3-9-2
poblado_pa_12_3_9_4,Alto Ciénaga (P),correg_pa_12_3_9,12-3-9-4
poblado_pa_12_3_9_7,Cerro Gato de Caña,correg_pa_12_3_9,12-3-9-7
poblado_pa_12_3_9_9,Cerro Miel,correg_pa_12_3_9,12-3-9-9
poblado_pa_12_3_9_14,Peña Blanca,correg_pa_12_3_9,12-3-9-14
poblado_pa_12_3_9_15,Quebrada Chicha,correg_pa_12_3_9,12-3-9-15
poblado_pa_12_3_9_18,Guayabal o Alto Guayabal,correg_pa_12_3_9,12-3-9-18
poblado_pa_12_3_9_22,Llano Grande,correg_pa_12_3_9,12-3-9-22
poblado_pa_12_3_9_24,Quebrada Casa,correg_pa_12_3_9,12-3-9-24
poblado_pa_12_3_9_25,Quebrada Macho,correg_pa_12_3_9,12-3-9-25
poblado_pa_12_3_9_26,Cerro Flores,correg_pa_12_3_9,12-3-9-26
poblado_pa_12_3_9_27,Río Rey,correg_pa_12_3_9,12-3-9-27
poblado_pa_12_3_9_28,Cerro Puerco,correg_pa_12_3_9,12-3-9-28
poblado_pa_12_3_9_29,Gavilán,correg_pa_12_3_9,12-3-9-29
poblado_pa_12_3_9_30,Piedra Grande,correg_pa_12_3_9,12-3-9-30
poblado_pa_12_3_9_31,Llano Limón,correg_pa_12_3_9,12-3-9-31
poblado_pa_12_3_9_34,Llano Venado,correg_pa_12_3_9,12-3-9-34
poblado_pa_12_3_9_35,Alto Venado o Cerro Venado,correg_pa_12_3_9,12-3-9-35
poblado_pa_12_3_9_37,Ciénega Mono,correg_pa_12_3_9,12-3-9-37
poblado_pa_12_3_9_38,Bajo Aguacate,correg_pa_12_3_9,12-3-9-38
poblado_pa_12_3_9_39,Alto Capacho,correg_pa_12_3_9,12-3-9-39
poblado_pa_12_3_9_40,Alto Ciénaga Mono,correg_pa_12_3_9,12-3-9-40
poblado_pa_12_3_9_41,Alto Mono,correg_pa_12_3_9,12-3-9-41
poblado_pa_12_3_9_42,Bajo Capacho,correg_pa_12_3_9,12-3-9-42
poblado_pa_12_3_9_43,Bajo Guayabal,correg_pa_12_3_9,12-3-9-43
poblado_pa_12_3_9_47,Cima de Cerro Venado,correg_pa_12_3_9,12-3-9-47
poblado_pa_12_3_9_48,Gitderi,correg_pa_12_3_9,12-3-9-48
poblado_pa_12_3_9_50,Llano Aguacate,correg_pa_12_3_9,12-3-9-50
poblado_pa_12_3_9_51,Llano Avión,correg_pa_12_3_9,12-3-9-51
poblado_pa_12_3_9_54,Uninda,correg_pa_12_3_9,12-3-9-54
poblado_pa_12_3_9_55,Alto Culebra,correg_pa_12_3_9,12-3-9-55
poblado_pa_12_3_9_56,Birotal,correg_pa_12_3_9,12-3-9-56
poblado_pa_12_3_9_57,Frijoles,correg_pa_12_3_9,12-3-9-57
poblado_pa_12_3_9_58,Higuerón,correg_pa_12_3_9,12-3-9-58
poblado_pa_12_3_9_59,Salitre No. 2,correg_pa_12_3_9,12-3-9-59
poblado_pa_12_3_9_60,Cerro Coco (P),correg_pa_12_3_9,12-3-9-60
poblado_pa_12_3_9_61,Corotú,correg_pa_12_3_9,12-3-9-61
poblado_pa_12_3_9_62,Simglimbada,correg_pa_12_3_9,12-3-9-62
poblado_pa_12_3_9_63,Quebrada Caballo,correg_pa_12_3_9,12-3-9-63
poblado_pa_12_3_10_1,Alto Alu,correg_pa_12_3_10,12-3-10-1
poblado_pa_12_3_10_2,Alto Baño,correg_pa_12_3_10,12-3-10-2
poblado_pa_12_3_10_3,Alto Ciénega (P),correg_pa_12_3_10,12-3-10-3
poblado_pa_12_3_10_4,Alto Conejo,correg_pa_12_3_10,12-3-10-4
poblado_pa_12_3_10_5,Bajo Gago,correg_pa_12_3_10,12-3-10-5
poblado_pa_12_3_10_6,Bajo Mono,correg_pa_12_3_10,12-3-10-6
poblado_pa_12_3_10_7,Barranco,correg_pa_12_3_10,12-3-10-7
poblado_pa_12_3_10_9,Cabecera de Quebrada Guacamaya,correg_pa_12_3_10,12-3-10-9
poblado_pa_12_3_10_10,Calabazo,correg_pa_12_3_10,12-3-10-10
poblado_pa_12_3_10_11,Cerro Aguacate,correg_pa_12_3_10,12-3-10-11
poblado_pa_12_3_10_12,Cerro Amargo,correg_pa_12_3_10,12-3-10-12
poblado_pa_12_3_10_13,Cerro Boba,correg_pa_12_3_10,12-3-10-13
poblado_pa_12_3_10_14,Cerro Concha,correg_pa_12_3_10,12-3-10-14
poblado_pa_12_3_10_15,Cerro Guarumo,correg_pa_12_3_10,12-3-10-15
poblado_pa_12_3_10_16,Cerro Oreja,correg_pa_12_3_10,12-3-10-16
poblado_pa_12_3_10_17,Cerro Bastón,correg_pa_12_3_10,12-3-10-17
poblado_pa_12_3_10_18,Conejito,correg_pa_12_3_10,12-3-10-18
poblado_pa_12_3_10_19,Corotú,correg_pa_12_3_10,12-3-10-19
poblado_pa_12_3_10_20,Cristo Rey,correg_pa_12_3_10,12-3-10-20
poblado_pa_12_3_10_21,El Kremlin,correg_pa_12_3_10,12-3-10-21
poblado_pa_12_3_10_23,Guacamaya,correg_pa_12_3_10,12-3-10-23
poblado_pa_12_3_10_25,Javilla,correg_pa_12_3_10,12-3-10-25
poblado_pa_12_3_10_26,Alto Llano,correg_pa_12_3_10,12-3-10-26
poblado_pa_12_3_10_28,Kurodugote,correg_pa_12_3_10,12-3-10-28
poblado_pa_12_3_10_29,Llano Bonito,correg_pa_12_3_10,12-3-10-29
poblado_pa_12_3_10_30,Llano Caballo,correg_pa_12_3_10,12-3-10-30
poblado_pa_12_3_10_32,Llano Carrizo,correg_pa_12_3_10,12-3-10-32
poblado_pa_12_3_10_33,Llano Ciruela,correg_pa_12_3_10,12-3-10-33
poblado_pa_12_3_10_34,Llano de Iguana,correg_pa_12_3_10,12-3-10-34
poblado_pa_12_3_10_35,Llano Jobo,correg_pa_12_3_10,12-3-10-35
poblado_pa_12_3_10_36,Llano Jujulí,correg_pa_12_3_10,12-3-10-36
poblado_pa_12_3_10_37,Llano Lodo,correg_pa_12_3_10,12-3-10-37
poblado_pa_12_3_10_38,Llano López,correg_pa_12_3_10,12-3-10-38
poblado_pa_12_3_10_39,Llano Majagua,correg_pa_12_3_10,12-3-10-39
poblado_pa_12_3_10_40,Llano Ñopo,correg_pa_12_3_10,12-3-10-40
poblado_pa_12_3_10_41,Llano Piñuela,correg_pa_12_3_10,12-3-10-41
poblado_pa_12_3_10_42,Llano Pita,correg_pa_12_3_10,12-3-10-42
poblado_pa_12_3_10_43,Llano Rey,correg_pa_12_3_10,12-3-10-43
poblado_pa_12_3_10_44,Llano Sonso o Vista Alegre,correg_pa_12_3_10,12-3-10-44
poblado_pa_12_3_10_45,Llano Yegua,correg_pa_12_3_10,12-3-10-45
poblado_pa_12_3_10_46,Piedra Pintada No. 1,correg_pa_12_3_10,12-3-10-46
poblado_pa_12_3_10_47,Piedra Pintada No. 2,correg_pa_12_3_10,12-3-10-47
poblado_pa_12_3_10_49,Quebrada Tigla,correg_pa_12_3_10,12-3-10-49
poblado_pa_12_3_10_50,Quebrada Triste,correg_pa_12_3_10,12-3-10-50
poblado_pa_12_3_10_51,Alto Javilla,correg_pa_12_3_10,12-3-10-51
poblado_pa_12_3_10_52,Bajo Baño,correg_pa_12_3_10,12-3-10-52
poblado_pa_12_3_10_53,Cerro Gago,correg_pa_12_3_10,12-3-10-53
poblado_pa_12_3_10_54,Llano Espavé,correg_pa_12_3_10,12-3-10-54
poblado_pa_12_3_10_55,Llano Gago,correg_pa_12_3_10,12-3-10-55
poblado_pa_12_3_10_56,Quebrada Sardina,correg_pa_12_3_10,12-3-10-56
poblado_pa_12_3_10_57,Sitio Caña,correg_pa_12_3_10,12-3-10-57
poblado_pa_12_3_10_58,Cabecera de Quebrada Cama,correg_pa_12_3_10,12-3-10-58
poblado_pa_12_3_10_59,Kikira,correg_pa_12_3_10,12-3-10-59
poblado_pa_12_3_11_4,Bajo Mono,correg_pa_12_3_11,12-3-11-4
poblado_pa_12_3_11_6,Buenos Aires,correg_pa_12_3_11,12-3-11-6
poblado_pa_12_3_11_16,Cerro Nance,correg_pa_12_3_11,12-3-11-16
poblado_pa_12_3_11_17,Cerro Papaya,correg_pa_12_3_11,12-3-11-17
poblado_pa_12_3_11_33,Llano Jejen,correg_pa_12_3_11,12-3-11-33
poblado_pa_12_3_11_37,Pedregal,correg_pa_12_3_11,12-3-11-37
poblado_pa_12_3_11_38,Pie de Cerro Banco (P),correg_pa_12_3_11,12-3-11-38
poblado_pa_12_3_11_40,Quebrada Buenos Aires,correg_pa_12_3_11,12-3-11-40
poblado_pa_12_3_11_43,Quebrada Perico,correg_pa_12_3_11,12-3-11-43
poblado_pa_12_3_11_49,Sitio Prado (P),correg_pa_12_3_11,12-3-11-49
poblado_pa_12_3_11_51,Cerro Mosquito,correg_pa_12_3_11,12-3-11-51
poblado_pa_12_3_11_77,Alto Algarrobo,correg_pa_12_3_11,12-3-11-77
poblado_pa_12_3_11_79,Llano Zorra,correg_pa_12_3_11,12-3-11-79
poblado_pa_12_3_11_80,Quebrada Nace,correg_pa_12_3_11,12-3-11-80
poblado_pa_12_3_11_81,Alto Arena o Llano Arena,correg_pa_12_3_11,12-3-11-81
poblado_pa_12_3_11_82,Alto Ají,correg_pa_12_3_11,12-3-11-82
poblado_pa_12_3_11_84,Buena Vista,correg_pa_12_3_11,12-3-11-84
poblado_pa_12_3_11_85,Bajo Mosquito,correg_pa_12_3_11,12-3-11-85
poblado_pa_12_3_11_86,Salitre,correg_pa_12_3_11,12-3-11-86
poblado_pa_12_3_11_96,Llano Sina o Llano Banco,correg_pa_12_3_11,12-3-11-96
poblado_pa_12_3_11_103,Alto Llano Venado,correg_pa_12_3_11,12-3-11-103
poblado_pa_12_3_11_105,Cerro Jobo,correg_pa_12_3_11,12-3-11-105
poblado_pa_12_3_11_109,Dubari,correg_pa_12_3_11,12-3-11-109
poblado_pa_12_3_11_110,Duvariguia,correg_pa_12_3_11,12-3-11-110
poblado_pa_12_3_11_113,Ojo de Agua,correg_pa_12_3_11,12-3-11-113
poblado_pa_12_3_11_115,Piedra Grande,correg_pa_12_3_11,12-3-11-115
poblado_pa_12_3_11_116,Quebrada Caraña,correg_pa_12_3_11,12-3-11-116
poblado_pa_12_3_11_118,Alto Cobre,correg_pa_12_3_11,12-3-11-118
poblado_pa_12_3_11_120,Llano Balsa,correg_pa_12_3_11,12-3-11-120
poblado_pa_12_3_11_121,Llano Gato,correg_pa_12_3_11,12-3-11-121
poblado_pa_12_3_11_122,México,correg_pa_12_3_11,12-3-11-122
poblado_pa_12_3_11_123,Alto Perico,correg_pa_12_3_11,12-3-11-123
poblado_pa_12_3_11_124,Cerro Cabuya,correg_pa_12_3_11,12-3-11-124
poblado_pa_12_3_12_1,Bajo Cerro Ñame,correg_pa_12_3_12,12-3-12-1
poblado_pa_12_3_12_2,Barriada Fonseca o la Palma,correg_pa_12_3_12,12-3-12-2
poblado_pa_12_3_12_3,Cabecera de Quebrada Carrizo,correg_pa_12_3_12,12-3-12-3
poblado_pa_12_3_12_4,Cabecera de Quebrada Plata,correg_pa_12_3_12,12-3-12-4
poblado_pa_12_3_12_5,El Castillo,correg_pa_12_3_12,12-3-12-5
poblado_pa_12_3_12_6,El Salitre,correg_pa_12_3_12,12-3-12-6
poblado_pa_12_3_12_7,Guayacán,correg_pa_12_3_12,12-3-12-7
poblado_pa_12_3_12_8,Guayabal (P),correg_pa_12_3_12,12-3-12-8
poblado_pa_12_3_12_9,Palma Gira,correg_pa_12_3_12,12-3-12-9
poblado_pa_12_3_12_10,Quebrada Arenas,correg_pa_12_3_12,12-3-12-10
poblado_pa_12_3_12_11,Quebrada Carrizo,correg_pa_12_3_12,12-3-12-11
poblado_pa_12_3_12_12,Quebrada Frijoles,correg_pa_12_3_12,12-3-12-12
poblado_pa_12_3_12_13,Quebrada Loro (P),correg_pa_12_3_12,12-3-12-13
poblado_pa_12_3_12_15,Quebrada Plata,correg_pa_12_3_12,12-3-12-15
poblado_pa_12_3_12_16,Cerro Gavilán,correg_pa_12_3_12,12-3-12-16
poblado_pa_12_3_12_17,Cerro Ñame,correg_pa_12_3_12,12-3-12-17
poblado_pa_12_3_12_18,Comunidad Tugri,correg_pa_12_3_12,12-3-12-18
poblado_pa_12_3_12_19,Bajos de Cacicón (P),correg_pa_12_3_12,12-3-12-19
poblado_pa_12_3_12_20,Cerro Cacicón (P),correg_pa_12_3_12,12-3-12-20
poblado_pa_12_3_13_1,Alto Arena,correg_pa_12_3_13,12-3-13-1
poblado_pa_12_3_13_2,Bajo Hondo o Quebrada Arena,correg_pa_12_3_13,12-3-13-2
poblado_pa_12_3_13_3,Calabacito de Miranda,correg_pa_12_3_13,12-3-13-3
poblado_pa_12_3_13_4,Cerro Algodón (P),correg_pa_12_3_13,12-3-13-4
poblado_pa_12_3_13_5,Cerro Grande,correg_pa_12_3_13,12-3-13-5
poblado_pa_12_3_13_6,Cerro Tijera,correg_pa_12_3_13,12-3-13-6
poblado_pa_12_3_13_7,Chuzo o Pedregoso,correg_pa_12_3_13,12-3-13-7
poblado_pa_12_3_13_8,Horcón,correg_pa_12_3_13,12-3-13-8
poblado_pa_12_3_13_9,Las Lajitas (P),correg_pa_12_3_13,12-3-13-9
poblado_pa_12_3_13_10,Llano Mesa,correg_pa_12_3_13,12-3-13-10
poblado_pa_12_3_13_11,Llano Miranda,correg_pa_12_3_13,12-3-13-11
poblado_pa_12_3_13_12,Llano Palma,correg_pa_12_3_13,12-3-13-12
poblado_pa_12_3_13_13,Quebrada Arena (P),correg_pa_12_3_13,12-3-13-13
poblado_pa_12_3_13_14,Quebrada Cama,correg_pa_12_3_13,12-3-13-14
poblado_pa_12_3_13_15,Quebrada Cañita,correg_pa_12_3_13,12-3-13-15
poblado_pa_12_3_13_16,Tortuga,correg_pa_12_3_13,12-3-13-16
poblado_pa_12_3_13_17,Boca de Quebrada Areana o Bajo Arena,correg_pa_12_3_13,12-3-13-17
poblado_pa_12_3_14_1,Bajo Común,correg_pa_12_3_14,12-3-14-1
poblado_pa_12_3_14_3,Cerro Congo,correg_pa_12_3_14,12-3-14-3
poblado_pa_12_3_14_4,Cerro Gavilán,correg_pa_12_3_14,12-3-14-4
poblado_pa_12_3_14_5,Cerro Iguana,correg_pa_12_3_14,12-3-14-5
poblado_pa_12_3_14_6,Cerro Majagua,correg_pa_12_3_14,12-3-14-6
poblado_pa_12_3_14_7,Quebrada Caracol,correg_pa_12_3_14,12-3-14-7
poblado_pa_12_3_14_9,Llano Espalda,correg_pa_12_3_14,12-3-14-9
poblado_pa_12_3_14_10,Llano Tugri,correg_pa_12_3_14,12-3-14-10
poblado_pa_12_3_14_12,Salitre,correg_pa_12_3_14,12-3-14-12
poblado_pa_12_3_14_13,Bajo Congo,correg_pa_12_3_14,12-3-14-13
poblado_pa_12_3_14_14,Bajo Llano Tugrí,correg_pa_12_3_14,12-3-14-14
poblado_pa_12_3_14_15,Lajero,correg_pa_12_3_14,12-3-14-15
poblado_pa_12_3_15_1,Alto Saldaña,correg_pa_12_3_15,12-3-15-1
poblado_pa_12_3_15_2,Cabecera de Pita,correg_pa_12_3_15,12-3-15-2
poblado_pa_12_3_15_3,Cerro Cacicón (P),correg_pa_12_3_15,12-3-15-3
poblado_pa_12_3_15_4,Cerro Mosquito,correg_pa_12_3_15,12-3-15-4
poblado_pa_12_3_15_5,Cerro Ñame de Quebrada Pita,correg_pa_12_3_15,12-3-15-5
poblado_pa_12_3_15_6,Guayabal (P),correg_pa_12_3_15,12-3-15-6
poblado_pa_12_3_15_7,Llano Iguana,correg_pa_12_3_15,12-3-15-7
poblado_pa_12_3_16_1,Alto Cruz,correg_pa_12_3_16,12-3-16-1
poblado_pa_12_3_16_2,Alto Higuerón,correg_pa_12_3_16,12-3-16-2
poblado_pa_12_3_16_3,Bajo Higuerón,correg_pa_12_3_16,12-3-16-3
poblado_pa_12_3_16_4,Calabazo,correg_pa_12_3_16,12-3-16-4
poblado_pa_12_3_16_5,Cerro Chuzo (P),correg_pa_12_3_16,12-3-16-5
poblado_pa_12_3_16_6,Cerro Grande,correg_pa_12_3_16,12-3-16-6
poblado_pa_12_3_16_7,Cerro Teta,correg_pa_12_3_16,12-3-16-7
poblado_pa_12_3_16_8,El Piral,correg_pa_12_3_16,12-3-16-8
poblado_pa_12_3_16_9,Gavilán,correg_pa_12_3_16,12-3-16-9
poblado_pa_12_3_16_11,Llano Largo No. 1,correg_pa_12_3_16,12-3-16-11
poblado_pa_12_3_16_12,Llano Limón,correg_pa_12_3_16,12-3-16-12
poblado_pa_12_3_16_13,Nuevo Amanecer,correg_pa_12_3_16,12-3-16-13
poblado_pa_12_3_16_14,Nuevo San Cristóbal,correg_pa_12_3_16,12-3-16-14
poblado_pa_12_3_16_15,Pedregoso,correg_pa_12_3_16,12-3-16-15
poblado_pa_12_3_16_16,Pie de Cerro Banco (P),correg_pa_12_3_16,12-3-16-16
poblado_pa_12_3_16_17,Quebrada Flecha,correg_pa_12_3_16,12-3-16-17
poblado_pa_12_3_16_18,Salitre No. 1,correg_pa_12_3_16,12-3-16-18
poblado_pa_12_3_16_19,San Cristóbal,correg_pa_12_3_16,12-3-16-19
poblado_pa_12_3_16_20,Sitio Prado (P),correg_pa_12_3_16,12-3-16-20
poblado_pa_12_3_16_21,Alto de Quebrada Iguana,correg_pa_12_3_16,12-3-16-21
poblado_pa_12_3_16_22,Cerro Jobo,correg_pa_12_3_16,12-3-16-22
poblado_pa_12_3_16_23,Llano Clara,correg_pa_12_3_16,12-3-16-23
poblado_pa_12_4_1_1,Achiote,correg_pa_12_4_1,12-4-1-1
poblado_pa_12_4_1_3,Cerro Iglesias No. 1 (P),correg_pa_12_4_1,12-4-1-3
poblado_pa_12_4_1_6,Cabecera Quebrada Guabo,correg_pa_12_4_1,12-4-1-6
poblado_pa_12_4_1_7,Calabazal,correg_pa_12_4_1,12-4-1-7
poblado_pa_12_4_1_8,Cerro Aguacate,correg_pa_12_4_1,12-4-1-8
poblado_pa_12_4_1_12,Cerro Concha,correg_pa_12_4_1,12-4-1-12
poblado_pa_12_4_1_13,Cerro Iglesias No. 2 (P),correg_pa_12_4_1,12-4-1-13
poblado_pa_12_4_1_16,Quirate,correg_pa_12_4_1,12-4-1-16
poblado_pa_12_4_1_20,Guary,correg_pa_12_4_1,12-4-1-20
poblado_pa_12_4_1_25,Quebrada Guabo (P),correg_pa_12_4_1,12-4-1-25
poblado_pa_12_4_1_27,Duima,correg_pa_12_4_1,12-4-1-27
poblado_pa_12_4_1_28,Quebrada Pavón,correg_pa_12_4_1,12-4-1-28
poblado_pa_12_4_1_36,Quebrada Gato o Cerro Iglesia Abajo,correg_pa_12_4_1,12-4-1-36
poblado_pa_12_4_1_37,Orema (P),correg_pa_12_4_1,12-4-1-37
poblado_pa_12_4_1_38,Alto Nube,correg_pa_12_4_1,12-4-1-38
poblado_pa_12_4_1_39,Briguny,correg_pa_12_4_1,12-4-1-39
poblado_pa_12_4_1_40,Pavón,correg_pa_12_4_1,12-4-1-40
poblado_pa_12_4_1_41,Quebrada Caracol,correg_pa_12_4_1,12-4-1-41
poblado_pa_12_4_1_42,Hato Horcón (P),correg_pa_12_4_1,12-4-1-42
poblado_pa_12_4_1_43,Horcón Arriba,correg_pa_12_4_1,12-4-1-43
poblado_pa_12_4_1_44,Kübima,correg_pa_12_4_1,12-4-1-44
poblado_pa_12_4_1_45,Quebrada Arena,correg_pa_12_4_1,12-4-1-45
poblado_pa_12_4_1_46,Quebrada la Pita,correg_pa_12_4_1,12-4-1-46
poblado_pa_12_4_2_1,Algarrobo (P),correg_pa_12_4_2,12-4-2-1
poblado_pa_12_4_2_4,Boca del Monte,correg_pa_12_4_2,12-4-2-4
poblado_pa_12_4_2_5,Bodoca,correg_pa_12_4_2,12-4-2-5
poblado_pa_12_4_2_8,Canoa,correg_pa_12_4_2,12-4-2-8
poblado_pa_12_4_2_10,Caracol,correg_pa_12_4_2,12-4-2-10
poblado_pa_12_4_2_11,Cerro Balso,correg_pa_12_4_2,12-4-2-11
poblado_pa_12_4_2_12,Llano Palma o Charco Palma,correg_pa_12_4_2,12-4-2-12
poblado_pa_12_4_2_13,Cerro Flores,correg_pa_12_4_2,12-4-2-13
poblado_pa_12_4_2_15,Cerro Tula,correg_pa_12_4_2,12-4-2-15
poblado_pa_12_4_2_16,Morondo,correg_pa_12_4_2,12-4-2-16
poblado_pa_12_4_2_17,Chichica,correg_pa_12_4_2,12-4-2-17
poblado_pa_12_4_2_18,Hato Chamí,correg_pa_12_4_2,12-4-2-18
poblado_pa_12_4_2_20,Guacá,correg_pa_12_4_2,12-4-2-20
poblado_pa_12_4_2_21,Lechuza,correg_pa_12_4_2,12-4-2-21
poblado_pa_12_4_2_22,Cogoyo,correg_pa_12_4_2,12-4-2-22
poblado_pa_12_4_2_24,Maíz Tostado,correg_pa_12_4_2,12-4-2-24
poblado_pa_12_4_2_25,Moco,correg_pa_12_4_2,12-4-2-25
poblado_pa_12_4_2_27,Quebrada Hormiga o Cabecera de Hormiga,correg_pa_12_4_2,12-4-2-27
poblado_pa_12_4_2_28,Quebrada Murciélago,correg_pa_12_4_2,12-4-2-28
poblado_pa_12_4_2_33,Alto Membrillo,correg_pa_12_4_2,12-4-2-33
poblado_pa_12_4_2_34,Membrillo,correg_pa_12_4_2,12-4-2-34
poblado_pa_12_4_2_35,Alto Cruz,correg_pa_12_4_2,12-4-2-35
poblado_pa_12_4_2_36,Quebrada Salitre,correg_pa_12_4_2,12-4-2-36
poblado_pa_12_4_2_37,Boca Culantro,correg_pa_12_4_2,12-4-2-37
poblado_pa_12_4_2_39,Cerro Gavilán,correg_pa_12_4_2,12-4-2-39
poblado_pa_12_4_2_40,Llano Caña,correg_pa_12_4_2,12-4-2-40
poblado_pa_12_4_2_41,Cerro Culantro,correg_pa_12_4_2,12-4-2-41
poblado_pa_12_4_2_46,Boca de Hormiga,correg_pa_12_4_2,12-4-2-46
poblado_pa_12_4_2_47,Entrada de Cerro Tula,correg_pa_12_4_2,12-4-2-47
poblado_pa_12_4_2_48,Llano Pozo,correg_pa_12_4_2,12-4-2-48
poblado_pa_12_4_2_49,Bagla,correg_pa_12_4_2,12-4-2-49
poblado_pa_12_4_2_50,Capacho,correg_pa_12_4_2,12-4-2-50
poblado_pa_12_4_2_51,Cerro Plata o Laguna Abajo,correg_pa_12_4_2,12-4-2-51
poblado_pa_12_4_2_52,Laguna,correg_pa_12_4_2,12-4-2-52
poblado_pa_12_4_2_53,Quebrada Cangrejo (P),correg_pa_12_4_2,12-4-2-53
poblado_pa_12_4_2_54,Quebrada Caña,correg_pa_12_4_2,12-4-2-54
poblado_pa_12_4_2_55,Cerro Palma,correg_pa_12_4_2,12-4-2-55
poblado_pa_12_4_2_56,Sardina,correg_pa_12_4_2,12-4-2-56
poblado_pa_12_4_2_57,Pedregal,correg_pa_12_4_2,12-4-2-57
poblado_pa_12_4_2_58,Llano Dezeble,correg_pa_12_4_2,12-4-2-58
poblado_pa_12_4_2_59,Cerro Flores No. 2,correg_pa_12_4_2,12-4-2-59
poblado_pa_12_4_3_1,Algarrobo (P),correg_pa_12_4_3,12-4-3-1
poblado_pa_12_4_3_2,Alto Arriera,correg_pa_12_4_3,12-4-3-2
poblado_pa_12_4_3_3,Alto Jengibre,correg_pa_12_4_3,12-4-3-3
poblado_pa_12_4_3_4,Arriera,correg_pa_12_4_3,12-4-3-4
poblado_pa_12_4_3_6,Bella Vista,correg_pa_12_4_3,12-4-3-6
poblado_pa_12_4_3_7,Cabecera de Río San Félix,correg_pa_12_4_3,12-4-3-7
poblado_pa_12_4_3_8,Campamento Escopeta,correg_pa_12_4_3,12-4-3-8
poblado_pa_12_4_3_9,Caña Brava,correg_pa_12_4_3,12-4-3-9
poblado_pa_12_4_3_11,Cerro Balsa,correg_pa_12_4_3,12-4-3-11
poblado_pa_12_4_3_12,Cuernavaca,correg_pa_12_4_3,12-4-3-12
poblado_pa_12_4_3_14,Hato Rincón,correg_pa_12_4_3,12-4-3-14
poblado_pa_12_4_3_15,Horconcito,correg_pa_12_4_3,12-4-3-15
poblado_pa_12_4_3_16,Jagua,correg_pa_12_4_3,12-4-3-16
poblado_pa_12_4_3_17,La Laguna,correg_pa_12_4_3,12-4-3-17
poblado_pa_12_4_3_18,Llano de Olla,correg_pa_12_4_3,12-4-3-18
poblado_pa_12_4_3_19,Ratón,correg_pa_12_4_3,12-4-3-19
poblado_pa_12_4_3_20,Las Nubes,correg_pa_12_4_3,12-4-3-20
poblado_pa_12_4_3_21,Calabazo,correg_pa_12_4_3,12-4-3-21
poblado_pa_12_4_3_22,Buena Vista,correg_pa_12_4_3,12-4-3-22
poblado_pa_12_4_3_23,Cerro Colorado,correg_pa_12_4_3,12-4-3-23
poblado_pa_12_4_4_1,Río Santiago,correg_pa_12_4_4,12-4-4-1
poblado_pa_12_4_4_2,Cerro Maquenque,correg_pa_12_4_4,12-4-4-2
poblado_pa_12_4_4_3,Cerro Vaca,correg_pa_12_4_4,12-4-4-3
poblado_pa_12_4_4_4,Lajero Arriba,correg_pa_12_4_4,12-4-4-4
poblado_pa_12_4_4_5,Quebrada Honda,correg_pa_12_4_4,12-4-4-5
poblado_pa_12_4_4_8,Sabana Chiquita,correg_pa_12_4_4,12-4-4-8
poblado_pa_12_4_4_9,Salado Arriba,correg_pa_12_4_4,12-4-4-9
poblado_pa_12_4_4_10,Sardina o Lajero Abajo (P),correg_pa_12_4_4,12-4-4-10
poblado_pa_12_4_4_14,El Guayabal o Guayabal,correg_pa_12_4_4,12-4-4-14
poblado_pa_12_4_4_15,Quebrada Candela,correg_pa_12_4_4,12-4-4-15
poblado_pa_12_4_4_16,Cerro Iglesia No. 2 (P),correg_pa_12_4_4,12-4-4-16
poblado_pa_12_4_4_17,Hato Horcón (P),correg_pa_12_4_4,12-4-4-17
poblado_pa_12_4_4_18,Cerro Iglesias No. 1 (P),correg_pa_12_4_4,12-4-4-18
poblado_pa_12_4_4_19,Quebrada Honda Abajo,correg_pa_12_4_4,12-4-4-19
poblado_pa_12_4_4_20,Ola (P),correg_pa_12_4_4,12-4-4-20
poblado_pa_12_4_4_22,Potrero de Olla (P),correg_pa_12_4_4,12-4-4-22
poblado_pa_12_4_4_24,Río Santiago Arriba (P),correg_pa_12_4_4,12-4-4-24
poblado_pa_12_4_5_1,Alto Molejón,correg_pa_12_4_5,12-4-5-1
poblado_pa_12_4_5_2,Cabecera de Quebrada Arenas,correg_pa_12_4_5,12-4-5-2
poblado_pa_12_4_5_3,Cabecera de Quebrada Guabo,correg_pa_12_4_5,12-4-5-3
poblado_pa_12_4_5_4,Cabecera de Río Santiago,correg_pa_12_4_5,12-4-5-4
poblado_pa_12_4_5_5,Cerro Ardilla,correg_pa_12_4_5,12-4-5-5
poblado_pa_12_4_5_6,Cerro Balsa,correg_pa_12_4_5,12-4-5-6
poblado_pa_12_4_5_7,Cerro Mesa,correg_pa_12_4_5,12-4-5-7
poblado_pa_12_4_5_8,Oma,correg_pa_12_4_5,12-4-5-8
poblado_pa_12_4_5_9,Quebrada Guabo (P),correg_pa_12_4_5,12-4-5-9
poblado_pa_12_4_5_10,Quebrada Salado o Boca Salado,correg_pa_12_4_5,12-4-5-10
poblado_pa_12_4_5_12,Sardina,correg_pa_12_4_5,12-4-5-12
poblado_pa_12_4_5_13,Alto Rey,correg_pa_12_4_5,12-4-5-13
poblado_pa_12_4_5_14,Cerro Negro,correg_pa_12_4_5,12-4-5-14
poblado_pa_12_4_5_15,Sabanitas (P),correg_pa_12_4_5,12-4-5-15
poblado_pa_12_4_5_16,Valle de la Luna,correg_pa_12_4_5,12-4-5-16
poblado_pa_12_5_1_2,Alto Tolica (P),correg_pa_12_5_1,12-5-1-2
poblado_pa_12_5_1_3,Bajo Espiral,correg_pa_12_5_1,12-5-1-3
poblado_pa_12_5_1_5,Buenos Aires,correg_pa_12_5_1,12-5-1-5
poblado_pa_12_5_1_6,El Bujo o el Búho,correg_pa_12_5_1,12-5-1-6
poblado_pa_12_5_1_7,Cabuya,correg_pa_12_5_1,12-5-1-7
poblado_pa_12_5_1_10,El Calabazo,correg_pa_12_5_1,12-5-1-10
poblado_pa_12_5_1_14,El Roble (P),correg_pa_12_5_1,12-5-1-14
poblado_pa_12_5_1_15,Geme (P),correg_pa_12_5_1,12-5-1-15
poblado_pa_12_5_1_16,Quebrada Macano,correg_pa_12_5_1,12-5-1-16
poblado_pa_12_5_1_23,Tierra Blanca,correg_pa_12_5_1,12-5-1-23
poblado_pa_12_5_1_25,La Esterilla o Estrellita,correg_pa_12_5_1,12-5-1-25
poblado_pa_12_5_1_27,Quebrada Mango,correg_pa_12_5_1,12-5-1-27
poblado_pa_12_5_2_1,Agua de Salud (P),correg_pa_12_5_2,12-5-2-1
poblado_pa_12_5_2_3,Alto de Batata,correg_pa_12_5_2,12-5-2-3
poblado_pa_12_5_2_8,Batata,correg_pa_12_5_2,12-5-2-8
poblado_pa_12_5_2_14,Corral de Venado,correg_pa_12_5_2,12-5-2-14
poblado_pa_12_5_2_20,El Hato Antiguo,correg_pa_12_5_2,12-5-2-20
poblado_pa_12_5_2_26,Guayabal Arriba,correg_pa_12_5_2,12-5-2-26
poblado_pa_12_5_2_27,Guayabalito,correg_pa_12_5_2,12-5-2-27
poblado_pa_12_5_2_28,El Copé,correg_pa_12_5_2,12-5-2-28
poblado_pa_12_5_2_31,Loma Perico (P),correg_pa_12_5_2,12-5-2-31
poblado_pa_12_5_2_34,Piedra Fogón,correg_pa_12_5_2,12-5-2-34
poblado_pa_12_5_2_35,Piedra Grande,correg_pa_12_5_2,12-5-2-35
poblado_pa_12_5_2_40,El Naranjal (P),correg_pa_12_5_2,12-5-2-40
poblado_pa_12_5_2_52,Guayabal,correg_pa_12_5_2,12-5-2-52
poblado_pa_12_5_2_63,Guacamaya (P),correg_pa_12_5_2,12-5-2-63
poblado_pa_12_5_2_72,Alto Liri,correg_pa_12_5_2,12-5-2-72
poblado_pa_12_5_2_76,El Cucurucho,correg_pa_12_5_2,12-5-2-76
poblado_pa_12_5_2_77,El Roble (P),correg_pa_12_5_2,12-5-2-77
poblado_pa_12_5_2_78,Galerita,correg_pa_12_5_2,12-5-2-78
poblado_pa_12_5_2_83,Cabecera de Virigua (P),correg_pa_12_5_2,12-5-2-83
poblado_pa_12_5_3_1,Alto de Jesús,correg_pa_12_5_3,12-5-3-1
poblado_pa_12_5_3_3,El Guabo (P),correg_pa_12_5_3,12-5-3-3
poblado_pa_12_5_3_4,El Murciélago (P),correg_pa_12_5_3,12-5-3-4
poblado_pa_12_5_3_5,Los Guabos (P),correg_pa_12_5_3,12-5-3-5
poblado_pa_12_5_3_6,Mata Redonda,correg_pa_12_5_3,12-5-3-6
poblado_pa_12_5_3_7,Quebrada de Jesús (P),correg_pa_12_5_3,12-5-3-7
poblado_pa_12_5_3_8,Llano Bonito No. 2 (P),correg_pa_12_5_3,12-5-3-8
poblado_pa_12_5_3_10,Las Mesitas,correg_pa_12_5_3,12-5-3-10
poblado_pa_12_5_4_1,Alto de la Laguna,correg_pa_12_5_4,12-5-4-1
poblado_pa_12_5_4_2,Alto de las Mesitas (P),correg_pa_12_5_4,12-5-4-2
poblado_pa_12_5_4_3,Alto de las Huacas,correg_pa_12_5_4,12-5-4-3
poblado_pa_12_5_4_4,Bajada de la Cruz (P),correg_pa_12_5_4,12-5-4-4
poblado_pa_12_5_4_5,Bajo de la Mesita,correg_pa_12_5_4,12-5-4-5
poblado_pa_12_5_4_8,Cañazal (P),correg_pa_12_5_4,12-5-4-8
poblado_pa_12_5_4_9,Cerro Armado,correg_pa_12_5_4,12-5-4-9
poblado_pa_12_5_4_11,Cerro Pelado,correg_pa_12_5_4,12-5-4-11
poblado_pa_12_5_4_12,Cerro Puerco o el Mango,correg_pa_12_5_4,12-5-4-12
poblado_pa_12_5_4_13,El Cedro,correg_pa_12_5_4,12-5-4-13
poblado_pa_12_5_4_14,El Jobo (P),correg_pa_12_5_4,12-5-4-14
poblado_pa_12_5_4_16,El Naranjo No. 1 (P),correg_pa_12_5_4,12-5-4-16
poblado_pa_12_5_4_17,El Pavón (P),correg_pa_12_5_4,12-5-4-17
poblado_pa_12_5_4_18,El Porvenir,correg_pa_12_5_4,12-5-4-18
poblado_pa_12_5_4_19,El Zancudo (P),correg_pa_12_5_4,12-5-4-19
poblado_pa_12_5_4_21,La Trinidad (P),correg_pa_12_5_4,12-5-4-21
poblado_pa_12_5_4_23,El Liri,correg_pa_12_5_4,12-5-4-23
poblado_pa_12_5_4_25,Ojo de Agua (P),correg_pa_12_5_4,12-5-4-25
poblado_pa_12_5_4_26,Palmilla (P),correg_pa_12_5_4,12-5-4-26
poblado_pa_12_5_4_27,Cabrilla,correg_pa_12_5_4,12-5-4-27
poblado_pa_12_5_4_30,La Malagota (P),correg_pa_12_5_4,12-5-4-30
poblado_pa_12_5_5_1,Alto del Culantro,correg_pa_12_5_5,12-5-5-1
poblado_pa_12_5_5_2,Alto el Bale,correg_pa_12_5_5,12-5-5-2
poblado_pa_12_5_5_3,Alto el Mudo (P),correg_pa_12_5_5,12-5-5-3
poblado_pa_12_5_5_4,Bella Vista,correg_pa_12_5_5,12-5-5-4
poblado_pa_12_5_5_5,Calabra (P),correg_pa_12_5_5,12-5-5-5
poblado_pa_12_5_5_7,Cerro Trema (P),correg_pa_12_5_5,12-5-5-7
poblado_pa_12_5_5_8,El Bajo (P),correg_pa_12_5_5,12-5-5-8
poblado_pa_12_5_5_9,El Bale,correg_pa_12_5_5,12-5-5-9
poblado_pa_12_5_5_11,El Higuito (P),correg_pa_12_5_5,12-5-5-11
poblado_pa_12_5_5_12,El Perú,correg_pa_12_5_5,12-5-5-12
poblado_pa_12_5_5_13,La Mata (P),correg_pa_12_5_5,12-5-5-13
poblado_pa_12_5_5_14,La Misericordia (P),correg_pa_12_5_5,12-5-5-14
poblado_pa_12_5_5_15,Las Mesitas No. 1 (P),correg_pa_12_5_5,12-5-5-15
poblado_pa_12_5_5_16,Loma del Naranjo o los Guarumos (P),correg_pa_12_5_5,12-5-5-16
poblado_pa_12_5_5_17,Los Lázaros,correg_pa_12_5_5,12-5-5-17
poblado_pa_12_5_5_18,Pueblo Nuevo,correg_pa_12_5_5,12-5-5-18
poblado_pa_12_5_5_19,El Cortezo (P),correg_pa_12_5_5,12-5-5-19
poblado_pa_12_5_5_20,El Flor (P),correg_pa_12_5_5,12-5-5-20
poblado_pa_12_5_5_21,El Conejo (P),correg_pa_12_5_5,12-5-5-21
poblado_pa_12_5_6_1,El Hatillo (P),correg_pa_12_5_6,12-5-6-1
poblado_pa_12_5_6_2,El Papayal,correg_pa_12_5_6,12-5-6-2
poblado_pa_12_5_6_3,La Colorada,correg_pa_12_5_6,12-5-6-3
poblado_pa_12_5_6_4,La Eulalia,correg_pa_12_5_6,12-5-6-4
poblado_pa_12_5_6_6,Las Mesillas (P),correg_pa_12_5_6,12-5-6-6
poblado_pa_12_5_6_7,Los Guarumos (P),correg_pa_12_5_6,12-5-6-7
poblado_pa_12_5_6_9,Llano Paral,correg_pa_12_5_6,12-5-6-9
poblado_pa_12_5_6_10,Paredón Abajo (P),correg_pa_12_5_6,12-5-6-10
poblado_pa_12_5_6_11,Paredón Arriba,correg_pa_12_5_6,12-5-6-11
poblado_pa_12_5_6_12,Pedregal (P),correg_pa_12_5_6,12-5-6-12
poblado_pa_12_5_6_13,Piedra de Agua (P),correg_pa_12_5_6,12-5-6-13
poblado_pa_12_5_6_14,Cabecera de Quebrada Larga,correg_pa_12_5_6,12-5-6-14
poblado_pa_12_5_6_15,Quebrada Larga (P),correg_pa_12_5_6,12-5-6-15
poblado_pa_12_5_6_16,Los Valles (P),correg_pa_12_5_6,12-5-6-16
poblado_pa_12_5_7_11,El Piro,correg_pa_12_5_7,12-5-7-11
poblado_pa_12_5_7_34,Alto del Naranjo (P),correg_pa_12_5_7,12-5-7-34
poblado_pa_12_5_7_35,Alto del Prado (P),correg_pa_12_5_7,12-5-7-35
poblado_pa_12_5_7_36,Piedra Amarilla (P),correg_pa_12_5_7,12-5-7-36
poblado_pa_12_5_8_1,Agua de Salud (P),correg_pa_12_5_8,12-5-8-1
poblado_pa_12_5_8_2,Alto Galera,correg_pa_12_5_8,12-5-8-2
poblado_pa_12_5_8_3,Alto Muale,correg_pa_12_5_8,12-5-8-3
poblado_pa_12_5_8_4,Caña Blanca,correg_pa_12_5_8,12-5-8-4
poblado_pa_12_5_8_6,Geme (P),correg_pa_12_5_8,12-5-8-6
poblado_pa_12_5_8_7,Guayabito,correg_pa_12_5_8,12-5-8-7
poblado_pa_12_5_8_8,Las Filipinas,correg_pa_12_5_8,12-5-8-8
poblado_pa_12_5_8_9,Llano de Dios,correg_pa_12_5_8,12-5-8-9
poblado_pa_12_5_8_10,Quebrada Batata,correg_pa_12_5_8,12-5-8-10
poblado_pa_12_5_8_11,Quebrada Sábalo o Quebrada Barbú,correg_pa_12_5_8,12-5-8-11
poblado_pa_12_5_8_12,Sabaneta,correg_pa_12_5_8,12-5-8-12
poblado_pa_12_5_8_13,Tabacal o Aguas Claras,correg_pa_12_5_8,12-5-8-13
poblado_pa_12_5_8_14,Tebujo,correg_pa_12_5_8,12-5-8-14
poblado_pa_12_5_8_15,Virotal,correg_pa_12_5_8,12-5-8-15
poblado_pa_12_5_8_16,Cerro Tambor,correg_pa_12_5_8,12-5-8-16
poblado_pa_12_5_8_17,Pedregal,correg_pa_12_5_8,12-5-8-17
poblado_pa_12_5_8_18,Cerro Ceniza,correg_pa_12_5_8,12-5-8-18
poblado_pa_12_5_9_1,Alto Caña,correg_pa_12_5_9,12-5-9-1
poblado_pa_12_5_9_2,Boca de Oi,correg_pa_12_5_9,12-5-9-2
poblado_pa_12_5_9_4,Cabecera de San Pablo,correg_pa_12_5_9,12-5-9-4
poblado_pa_12_5_9_5,Cabecera de Virigua (P},correg_pa_12_5_9,12-5-9-5
poblado_pa_12_5_9_6,El Macano,correg_pa_12_5_9,12-5-9-6
poblado_pa_12_5_9_7,Guacamaya (P),correg_pa_12_5_9,12-5-9-7
poblado_pa_12_5_9_8,Güibale,correg_pa_12_5_9,12-5-9-8
poblado_pa_12_5_9_9,La Cuchilla,correg_pa_12_5_9,12-5-9-9
poblado_pa_12_5_9_11,Llano Bonito (P),correg_pa_12_5_9,12-5-9-11
poblado_pa_12_5_9_12,Pedregoso (P),correg_pa_12_5_9,12-5-9-12
poblado_pa_12_5_9_13,Piragua,correg_pa_12_5_9,12-5-9-13
poblado_pa_12_5_9_15,Quebrada Honda,correg_pa_12_5_9,12-5-9-15
poblado_pa_12_5_9_16,Quebrada Limón o la Chuerela (P),correg_pa_12_5_9,12-5-9-16
poblado_pa_12_5_9_17,Virigua Arriba o Río Virigua,correg_pa_12_5_9,12-5-9-17
poblado_pa_12_5_9_18,Virigua Centro,correg_pa_12_5_9,12-5-9-18
poblado_pa_12_5_9_19,Alto Güibale,correg_pa_12_5_9,12-5-9-19
poblado_pa_12_5_9_20,Cerro Arraiján,correg_pa_12_5_9,12-5-9-20
poblado_pa_12_5_9_22,Peña Blanca,correg_pa_12_5_9,12-5-9-22
poblado_pa_12_5_10_1,Alto de Palo Verde (P),correg_pa_12_5_10,12-5-10-1
poblado_pa_12_5_10_2,Alto del Ciruelito,correg_pa_12_5_10,12-5-10-2
poblado_pa_12_5_10_3,Bajo Palo Verde (P),correg_pa_12_5_10,12-5-10-3
poblado_pa_12_5_10_4,Cerro Casa,correg_pa_12_5_10,12-5-10-4
poblado_pa_12_5_10_5,Corral de Piedra,correg_pa_12_5_10,12-5-10-5
poblado_pa_12_5_10_6,El Barrero o Guayabal No. 1 (P),correg_pa_12_5_10,12-5-10-6
poblado_pa_12_5_10_7,El Jacinto,correg_pa_12_5_10,12-5-10-7
poblado_pa_12_5_10_8,El Peñón,correg_pa_12_5_10,12-5-10-8
poblado_pa_12_5_10_9,El Rosario (P),correg_pa_12_5_10,12-5-10-9
poblado_pa_12_5_10_10,El Tigre Abajo,correg_pa_12_5_10,12-5-10-10
poblado_pa_12_5_10_11,El Tigre Arriba,correg_pa_12_5_10,12-5-10-11
poblado_pa_12_5_10_12,El Tigre Centro,correg_pa_12_5_10,12-5-10-12
poblado_pa_12_5_10_13,Guacamaya (P),correg_pa_12_5_10,12-5-10-13
poblado_pa_12_5_10_14,La Pedregosa,correg_pa_12_5_10,12-5-10-14
poblado_pa_12_5_10_15,La Vigía (P),correg_pa_12_5_10,12-5-10-15
poblado_pa_12_5_10_16,Llano Guabal,correg_pa_12_5_10,12-5-10-16
poblado_pa_12_5_10_17,Loma Larga,correg_pa_12_5_10,12-5-10-17
poblado_pa_12_5_10_18,Los Bernardinos,correg_pa_12_5_10,12-5-10-18
poblado_pa_12_5_10_19,Monte Silencio (P),correg_pa_12_5_10,12-5-10-19
poblado_pa_12_5_10_20,Palo Verde,correg_pa_12_5_10,12-5-10-20
poblado_pa_12_5_10_21,Peñón Abajo,correg_pa_12_5_10,12-5-10-21
poblado_pa_12_5_10_22,Peñón Norte,correg_pa_12_5_10,12-5-10-22
poblado_pa_12_5_10_23,Quebrada el Coco,correg_pa_12_5_10,12-5-10-23
poblado_pa_12_5_10_24,Quebrada Honda,correg_pa_12_5_10,12-5-10-24
poblado_pa_12_5_10_25,Quebrada Laguna,correg_pa_12_5_10,12-5-10-25
poblado_pa_12_5_10_26,Quebrada Mojarra o Mojarra,correg_pa_12_5_10,12-5-10-26
poblado_pa_12_5_10_27,San Antonio Abajo,correg_pa_12_5_10,12-5-10-27
poblado_pa_12_5_10_28,San Antonio Arriba,correg_pa_12_5_10,12-5-10-28
poblado_pa_12_5_10_30,Virigua No. .2,correg_pa_12_5_10,12-5-10-30
poblado_pa_12_5_10_31,El Barrero,correg_pa_12_5_10,12-5-10-31
poblado_pa_12_5_10_32,El Cerezo (P),correg_pa_12_5_10,12-5-10-32
poblado_pa_12_5_10_33,El Naranjal (P),correg_pa_12_5_10,12-5-10-33
poblado_pa_12_5_10_34,El Roble (P),correg_pa_12_5_10,12-5-10-34
poblado_pa_12_5_10_35,Loma Perico (P),correg_pa_12_5_10,12-5-10-35
poblado_pa_12_5_10_36,Taguera,correg_pa_12_5_10,12-5-10-36
poblado_pa_12_5_11_1,Agua Salud,correg_pa_12_5_11,12-5-11-1
poblado_pa_12_5_11_2,Alto Tolica (P),correg_pa_12_5_11,12-5-11-2
poblado_pa_12_5_11_4,El Chumico (P),correg_pa_12_5_11,12-5-11-4
poblado_pa_12_5_11_5,El Garril,correg_pa_12_5_11,12-5-11-5
poblado_pa_12_5_11_6,El Piro,correg_pa_12_5_11,12-5-11-6
poblado_pa_12_5_11_7,El Roble (P),correg_pa_12_5_11,12-5-11-7
poblado_pa_12_5_11_8,Paso Venao,correg_pa_12_5_11,12-5-11-8
poblado_pa_12_5_11_9,Quebrada Bolango,correg_pa_12_5_11,12-5-11-9
poblado_pa_12_5_11_10,Quebrada Grande,correg_pa_12_5_11,12-5-11-10
poblado_pa_12_5_11_11,Quebrada Jagua,correg_pa_12_5_11,12-5-11-11
poblado_pa_12_5_11_12,Quebrada Mojarra,correg_pa_12_5_11,12-5-11-12
poblado_pa_12_5_11_13,Quebrada Mono,correg_pa_12_5_11,12-5-11-13
poblado_pa_12_5_11_14,Quebrada Satra,correg_pa_12_5_11,12-5-11-14
poblado_pa_12_5_11_15,Sitio Viejo,correg_pa_12_5_11,12-5-11-15
poblado_pa_12_5_11_16,Tolica,correg_pa_12_5_11,12-5-11-16
poblado_pa_12_6_1_1,Becativí (P),correg_pa_12_6_1,12-6-1-1
poblado_pa_12_6_1_3,Bisira,correg_pa_12_6_1,12-6-1-3
poblado_pa_12_6_1_5,Boca de Quenani,correg_pa_12_6_1,12-6-1-5
poblado_pa_12_6_1_6,Boca del Río Cricamola,correg_pa_12_6_1,12-6-1-6
poblado_pa_12_6_1_7,Catavela,correg_pa_12_6_1,12-6-1-7
poblado_pa_12_6_1_8,Citate,correg_pa_12_6_1,12-6-1-8
poblado_pa_12_6_1_9,Jurari,correg_pa_12_6_1,12-6-1-9
poblado_pa_12_6_1_10,El Canal,correg_pa_12_6_1,12-6-1-10
poblado_pa_12_6_1_12,Isla de Machapin o Gato Solo,correg_pa_12_6_1,12-6-1-12
poblado_pa_12_6_1_13,Jononi (P),correg_pa_12_6_1,12-6-1-13
poblado_pa_12_6_1_14,La Isla,correg_pa_12_6_1,12-6-1-14
poblado_pa_12_6_1_15,Ño Tolente,correg_pa_12_6_1,12-6-1-15
poblado_pa_12_6_1_16,Lluvia,correg_pa_12_6_1,12-6-1-16
poblado_pa_12_6_1_19,Poman Creek,correg_pa_12_6_1,12-6-1-19
poblado_pa_12_6_1_20,Ño Tolente No. 2,correg_pa_12_6_1,12-6-1-20
poblado_pa_12_6_1_22,Puerto No. 2,correg_pa_12_6_1,12-6-1-22
poblado_pa_12_6_1_23,Punta Cuaco,correg_pa_12_6_1,12-6-1-23
poblado_pa_12_6_1_24,Punta Estrella,correg_pa_12_6_1,12-6-1-24
poblado_pa_12_6_1_25,Querami,correg_pa_12_6_1,12-6-1-25
poblado_pa_12_6_1_26,Río Tobori,correg_pa_12_6_1,12-6-1-26
poblado_pa_12_6_1_27,Río Tori o Toro,correg_pa_12_6_1,12-6-1-27
poblado_pa_12_6_1_29,Sibin (P),correg_pa_12_6_1,12-6-1-29
poblado_pa_12_6_1_30,El Canal No. 2,correg_pa_12_6_1,12-6-1-30
poblado_pa_12_6_1_31,Manantí Centro (P),correg_pa_12_6_1,12-6-1-31
poblado_pa_12_6_1_32,Río Coy (P),correg_pa_12_6_1,12-6-1-32
poblado_pa_12_6_1_33,Drigari,correg_pa_12_6_1,12-6-1-33
poblado_pa_12_6_1_34,Solaris,correg_pa_12_6_1,12-6-1-34
poblado_pa_12_6_1_35,Quebrada Manglar Tigre,correg_pa_12_6_1,12-6-1-35
poblado_pa_12_6_4_1,Bosalituvite,correg_pa_12_6_4,12-6-4-1
poblado_pa_12_6_4_2,Buigote,correg_pa_12_6_4,12-6-4-2
poblado_pa_12_6_4_4,Cleate,correg_pa_12_6_4,12-6-4-4
poblado_pa_12_6_4_7,Quebrada Tigre,correg_pa_12_6_4,12-6-4-7
poblado_pa_12_6_4_8,Cremantuvite,correg_pa_12_6_4,12-6-4-8
poblado_pa_12_6_4_10,Curate,correg_pa_12_6_4,12-6-4-10
poblado_pa_12_6_4_11,Coronte,correg_pa_12_6_4,12-6-4-11
poblado_pa_12_6_4_13,Guoroniquidete,correg_pa_12_6_4,12-6-4-13
poblado_pa_12_6_4_16,Quebrada Pavo,correg_pa_12_6_4,12-6-4-16
poblado_pa_12_6_4_21,Modote,correg_pa_12_6_4,12-6-4-21
poblado_pa_12_6_4_22,Comunidad Caracol,correg_pa_12_6_4,12-6-4-22
poblado_pa_12_6_4_23,Mununi,correg_pa_12_6_4,12-6-4-23
poblado_pa_12_6_4_24,Mutari,correg_pa_12_6_4,12-6-4-24
poblado_pa_12_6_4_26,Olabota,correg_pa_12_6_4,12-6-4-26
poblado_pa_12_6_4_29,Quebrada Frijoles,correg_pa_12_6_4,12-6-4-29
poblado_pa_12_6_4_30,Quebrada Sábalo,correg_pa_12_6_4,12-6-4-30
poblado_pa_12_6_4_33,Quebrada Guanábana,correg_pa_12_6_4,12-6-4-33
poblado_pa_12_6_4_34,Tibite,correg_pa_12_6_4,12-6-4-34
poblado_pa_12_6_4_35,Toblate,correg_pa_12_6_4,12-6-4-35
poblado_pa_12_6_4_37,Trenente,correg_pa_12_6_4,12-6-4-37
poblado_pa_12_6_4_38,Tubonte,correg_pa_12_6_4,12-6-4-38
poblado_pa_12_6_4_67,Idrebay,correg_pa_12_6_4,12-6-4-67
poblado_pa_12_6_4_68,Río Bueno,correg_pa_12_6_4,12-6-4-68
poblado_pa_12_6_4_72,Boca de Caracol,correg_pa_12_6_4,12-6-4-72
poblado_pa_12_6_4_75,Ororigote (P),correg_pa_12_6_4,12-6-4-75
poblado_pa_12_6_4_76,Anguatari,correg_pa_12_6_4,12-6-4-76
poblado_pa_12_6_4_77,Butuviti,correg_pa_12_6_4,12-6-4-77
poblado_pa_12_6_4_78,Cagoen,correg_pa_12_6_4,12-6-4-78
poblado_pa_12_6_4_79,Caracol (P),correg_pa_12_6_4,12-6-4-79
poblado_pa_12_6_4_80,Cerro Caballo o Nodorigote,correg_pa_12_6_4,12-6-4-80
poblado_pa_12_6_4_81,Cerro Frijoles,correg_pa_12_6_4,12-6-4-81
poblado_pa_12_6_4_82,Cerro Membrillo,correg_pa_12_6_4,12-6-4-82
poblado_pa_12_6_4_83,Cerro Paloma,correg_pa_12_6_4,12-6-4-83
poblado_pa_12_6_4_84,Comunidad de Kute,correg_pa_12_6_4,12-6-4-84
poblado_pa_12_6_4_85,Punta Piña,correg_pa_12_6_4,12-6-4-85
poblado_pa_12_6_4_86,Guayacán (P),correg_pa_12_6_4,12-6-4-86
poblado_pa_12_6_4_87,Joboto,correg_pa_12_6_4,12-6-4-87
poblado_pa_12_6_4_88,Joromundi,correg_pa_12_6_4,12-6-4-88
poblado_pa_12_6_4_89,Membrillo,correg_pa_12_6_4,12-6-4-89
poblado_pa_12_6_4_90,Miguioviti,correg_pa_12_6_4,12-6-4-90
poblado_pa_12_6_4_91,Mitrari,correg_pa_12_6_4,12-6-4-91
poblado_pa_12_6_4_92,Mubuto,correg_pa_12_6_4,12-6-4-92
poblado_pa_12_6_4_93,Nuribota,correg_pa_12_6_4,12-6-4-93
poblado_pa_12_6_4_94,Tula,correg_pa_12_6_4,12-6-4-94
poblado_pa_12_6_4_96,Mununi No. 2 (P),correg_pa_12_6_4,12-6-4-96
poblado_pa_12_6_4_97,Brurate,correg_pa_12_6_4,12-6-4-97
poblado_pa_12_6_4_98,Buenos Aires,correg_pa_12_6_4,12-6-4-98
poblado_pa_12_6_4_99,Desembocadura de Canoa,correg_pa_12_6_4,12-6-4-99
poblado_pa_12_6_4_100,Ñuboy,correg_pa_12_6_4,12-6-4-100
poblado_pa_12_6_4_101,Onante,correg_pa_12_6_4,12-6-4-101
poblado_pa_12_6_4_102,Tuboniquidete,correg_pa_12_6_4,12-6-4-102
poblado_pa_12_6_4_103,Urinte,correg_pa_12_6_4,12-6-4-103
poblado_pa_12_6_4_104,Bueviti,correg_pa_12_6_4,12-6-4-104
poblado_pa_12_6_4_105,Gavilán,correg_pa_12_6_4,12-6-4-105
poblado_pa_12_6_4_106,Truite,correg_pa_12_6_4,12-6-4-106
poblado_pa_12_6_5_2,Becativí (P),correg_pa_12_6_5,12-6-5-2
poblado_pa_12_6_5_7,Kankintú,correg_pa_12_6_5,12-6-5-7
poblado_pa_12_6_5_14,Cumingote,correg_pa_12_6_5,12-6-5-14
poblado_pa_12_6_5_18,Gobrante,correg_pa_12_6_5,12-6-5-18
poblado_pa_12_6_5_20,Guativi,correg_pa_12_6_5,12-6-5-20
poblado_pa_12_6_5_23,Quebrada Morodoni,correg_pa_12_6_5,12-6-5-23
poblado_pa_12_6_5_24,Nuglite,correg_pa_12_6_5,12-6-5-24
poblado_pa_12_6_5_25,Nomonoi,correg_pa_12_6_5,12-6-5-25
poblado_pa_12_6_5_26,Nutivi,correg_pa_12_6_5,12-6-5-26
poblado_pa_12_6_5_29,Odobate (P),correg_pa_12_6_5,12-6-5-29
poblado_pa_12_6_5_42,Río Viento Arriba,correg_pa_12_6_5,12-6-5-42
poblado_pa_12_6_5_44,Sibin (P),correg_pa_12_6_5,12-6-5-44
poblado_pa_12_6_5_45,Siraín,correg_pa_12_6_5,12-6-5-45
poblado_pa_12_6_5_54,Ororigote (P),correg_pa_12_6_5,12-6-5-54
poblado_pa_12_6_5_61,Dubute,correg_pa_12_6_5,12-6-5-61
poblado_pa_12_6_5_76,Poman Quare,correg_pa_12_6_5,12-6-5-76
poblado_pa_12_6_5_81,Burote,correg_pa_12_6_5,12-6-5-81
poblado_pa_12_6_5_84,Casa Blanca,correg_pa_12_6_5,12-6-5-84
poblado_pa_12_6_5_87,Guayabito,correg_pa_12_6_5,12-6-5-87
poblado_pa_12_6_5_88,Loma Palma,correg_pa_12_6_5,12-6-5-88
poblado_pa_12_6_5_96,Buenos Aires,correg_pa_12_6_5,12-6-5-96
poblado_pa_12_6_5_97,Cocoitubide,correg_pa_12_6_5,12-6-5-97
poblado_pa_12_6_5_98,Chivote (P),correg_pa_12_6_5,12-6-5-98
poblado_pa_12_6_5_99,Nutivi Occidente,correg_pa_12_6_5,12-6-5-99
poblado_pa_12_6_5_100,Ocugonte (P),correg_pa_12_6_5,12-6-5-100
poblado_pa_12_6_5_102,Paraíso,correg_pa_12_6_5,12-6-5-102
poblado_pa_12_6_5_103,Siraín Abajo,correg_pa_12_6_5,12-6-5-103
poblado_pa_12_6_5_105,Corari,correg_pa_12_6_5,12-6-5-105
poblado_pa_12_6_5_106,Tuluricudete,correg_pa_12_6_5,12-6-5-106
poblado_pa_12_6_5_107,Loma Palma Arriba,correg_pa_12_6_5,12-6-5-107
poblado_pa_12_6_5_108,Morodoni,correg_pa_12_6_5,12-6-5-108
poblado_pa_12_6_5_109,Sibin Abajo,correg_pa_12_6_5,12-6-5-109
poblado_pa_12_6_5_110,Taboin,correg_pa_12_6_5,12-6-5-110
poblado_pa_12_6_6_8,Mayo,correg_pa_12_6_6,12-6-6-8
poblado_pa_12_6_6_9,Cerro Puerco,correg_pa_12_6_6,12-6-6-9
poblado_pa_12_6_6_87,Mununi No. 3,correg_pa_12_6_6,12-6-6-87
poblado_pa_12_6_6_116,Mirones,correg_pa_12_6_6,12-6-6-116
poblado_pa_12_6_6_122,Trinchera,correg_pa_12_6_6,12-6-6-122
poblado_pa_12_6_6_130,Gavilán,correg_pa_12_6_6,12-6-6-130
poblado_pa_12_6_6_133,Cerro Loro,correg_pa_12_6_6,12-6-6-133
poblado_pa_12_6_6_135,Pedregal,correg_pa_12_6_6,12-6-6-135
poblado_pa_12_6_6_148,Malubidi,correg_pa_12_6_6,12-6-6-148
poblado_pa_12_6_6_155,Orebidi,correg_pa_12_6_6,12-6-6-155
poblado_pa_12_6_6_165,Sinetí,correg_pa_12_6_6,12-6-6-165
poblado_pa_12_6_6_166,Alto Cruz,correg_pa_12_6_6,12-6-6-166
poblado_pa_12_6_6_167,Alto Loro,correg_pa_12_6_6,12-6-6-167
poblado_pa_12_6_6_168,Bolotubiti,correg_pa_12_6_6,12-6-6-168
poblado_pa_12_6_6_169,Caballero Nuto,correg_pa_12_6_6,12-6-6-169
poblado_pa_12_6_6_170,Cerro Balsa,correg_pa_12_6_6,12-6-6-170
poblado_pa_12_6_6_171,Divote (P),correg_pa_12_6_6,12-6-6-171
poblado_pa_12_6_6_172,Marari,correg_pa_12_6_6,12-6-6-172
poblado_pa_12_6_6_174,Tibra,correg_pa_12_6_6,12-6-6-174
poblado_pa_12_6_6_175,Valle Común,correg_pa_12_6_6,12-6-6-175
poblado_pa_12_6_7_6,Quebrada Camarón,correg_pa_12_6_7,12-6-7-6
poblado_pa_12_6_7_9,Cremante,correg_pa_12_6_7,12-6-7-9
poblado_pa_12_6_7_11,Cubate,correg_pa_12_6_7,12-6-7-11
poblado_pa_12_6_7_13,Isainte,correg_pa_12_6_7,12-6-7-13
poblado_pa_12_6_7_28,Piedra Roja,correg_pa_12_6_7,12-6-7-28
poblado_pa_12_6_7_32,Sirote,correg_pa_12_6_7,12-6-7-32
poblado_pa_12_6_7_50,Ojo de Agua,correg_pa_12_6_7,12-6-7-50
poblado_pa_12_6_7_71,Cerro Ceniza,correg_pa_12_6_7,12-6-7-71
poblado_pa_12_6_7_77,Bolonte,correg_pa_12_6_7,12-6-7-77
poblado_pa_12_6_7_80,Bulite,correg_pa_12_6_7,12-6-7-80
poblado_pa_12_6_7_89,Cementerio,correg_pa_12_6_7,12-6-7-89
poblado_pa_12_6_7_92,Cerro Blanco,correg_pa_12_6_7,12-6-7-92
poblado_pa_12_6_7_98,Cerro Escopeta,correg_pa_12_6_7,12-6-7-98
poblado_pa_12_6_7_110,Hacha,correg_pa_12_6_7,12-6-7-110
poblado_pa_12_6_7_115,Loma Ballena,correg_pa_12_6_7,12-6-7-115
poblado_pa_12_6_7_117,Loma Cerebro,correg_pa_12_6_7,12-6-7-117
poblado_pa_12_6_7_120,Loma Mono,correg_pa_12_6_7,12-6-7-120
poblado_pa_12_6_7_122,Madote,correg_pa_12_6_7,12-6-7-122
poblado_pa_12_6_7_124,Medingumbota,correg_pa_12_6_7,12-6-7-124
poblado_pa_12_6_7_127,Murute,correg_pa_12_6_7,12-6-7-127
poblado_pa_12_6_7_130,Nivitonte,correg_pa_12_6_7,12-6-7-130
poblado_pa_12_6_7_131,Nomononte,correg_pa_12_6_7,12-6-7-131
poblado_pa_12_6_7_132,Oregote,correg_pa_12_6_7,12-6-7-132
poblado_pa_12_6_7_133,Oreja de Piedra,correg_pa_12_6_7,12-6-7-133
poblado_pa_12_6_7_145,Quebrada Bollo,correg_pa_12_6_7,12-6-7-145
poblado_pa_12_6_7_153,Quebrada Manta,correg_pa_12_6_7,12-6-7-153
poblado_pa_12_6_7_154,Quebrada Mariposa,correg_pa_12_6_7,12-6-7-154
poblado_pa_12_6_7_158,Quebrada Vista,correg_pa_12_6_7,12-6-7-158
poblado_pa_12_6_7_160,Remedio,correg_pa_12_6_7,12-6-7-160
poblado_pa_12_6_7_164,Río Guerra,correg_pa_12_6_7,12-6-7-164
poblado_pa_12_6_7_165,Suloboti,correg_pa_12_6_7,12-6-7-165
poblado_pa_12_6_7_168,Trorigote,correg_pa_12_6_7,12-6-7-168
poblado_pa_12_6_7_172,Bajo Noro,correg_pa_12_6_7,12-6-7-172
poblado_pa_12_6_7_173,Briniboto,correg_pa_12_6_7,12-6-7-173
poblado_pa_12_6_7_174,Briniquidete,correg_pa_12_6_7,12-6-7-174
poblado_pa_12_6_7_176,Cabecera de Quebrada Arena,correg_pa_12_6_7,12-6-7-176
poblado_pa_12_6_7_177,Cerro Capacho,correg_pa_12_6_7,12-6-7-177
poblado_pa_12_6_7_178,Cerro Cuba,correg_pa_12_6_7,12-6-7-178
poblado_pa_12_6_7_179,Cerro Homo,correg_pa_12_6_7,12-6-7-179
poblado_pa_12_6_7_182,Cerro Pistola,correg_pa_12_6_7,12-6-7-182
poblado_pa_12_6_7_186,Ciguridirete,correg_pa_12_6_7,12-6-7-186
poblado_pa_12_6_7_187,Ciorote,correg_pa_12_6_7,12-6-7-187
poblado_pa_12_6_7_188,Colorao,correg_pa_12_6_7,12-6-7-188
poblado_pa_12_6_7_189,Guayacán (P),correg_pa_12_6_7,12-6-7-189
poblado_pa_12_6_7_190,Crodobiti,correg_pa_12_6_7,12-6-7-190
poblado_pa_12_6_7_191,Cuiragote,correg_pa_12_6_7,12-6-7-191
poblado_pa_12_6_7_192,Cuorigote,correg_pa_12_6_7,12-6-7-192
poblado_pa_12_6_7_193,Desembocadura de Mununi,correg_pa_12_6_7,12-6-7-193
poblado_pa_12_6_7_194,Dobrote,correg_pa_12_6_7,12-6-7-194
poblado_pa_12_6_7_202,Kiklinbiti,correg_pa_12_6_7,12-6-7-202
poblado_pa_12_6_7_203,Loma Caballo,correg_pa_12_6_7,12-6-7-203
poblado_pa_12_6_7_204,Loma Yuca,correg_pa_12_6_7,12-6-7-204
poblado_pa_12_6_7_206,Machete,correg_pa_12_6_7,12-6-7-206
poblado_pa_12_6_7_207,Metote,correg_pa_12_6_7,12-6-7-207
poblado_pa_12_6_7_208,Migroi,correg_pa_12_6_7,12-6-7-208
poblado_pa_12_6_7_209,Mirundi,correg_pa_12_6_7,12-6-7-209
poblado_pa_12_6_7_210,Mudobiti,correg_pa_12_6_7,12-6-7-210
poblado_pa_12_6_7_211,Munebidi,correg_pa_12_6_7,12-6-7-211
poblado_pa_12_6_7_212,Munigote,correg_pa_12_6_7,12-6-7-212
poblado_pa_12_6_7_213,Nimandubiti,correg_pa_12_6_7,12-6-7-213
poblado_pa_12_6_7_214,Niriolote,correg_pa_12_6_7,12-6-7-214
poblado_pa_12_6_7_215,Noborote,correg_pa_12_6_7,12-6-7-215
poblado_pa_12_6_7_216,Nogrigote,correg_pa_12_6_7,12-6-7-216
poblado_pa_12_6_7_217,Nomonoe,correg_pa_12_6_7,12-6-7-217
poblado_pa_12_6_7_218,Norobite,correg_pa_12_6_7,12-6-7-218
poblado_pa_12_6_7_219,Nute,correg_pa_12_6_7,12-6-7-219
poblado_pa_12_6_7_220,Ocuate,correg_pa_12_6_7,12-6-7-220
poblado_pa_12_6_7_221,Ogunte,correg_pa_12_6_7,12-6-7-221
poblado_pa_12_6_7_222,Quealate,correg_pa_12_6_7,12-6-7-222
poblado_pa_12_6_7_223,Quebrada Arena,correg_pa_12_6_7,12-6-7-223
poblado_pa_12_6_7_226,Quebrada Dieta,correg_pa_12_6_7,12-6-7-226
poblado_pa_12_6_7_227,Quebrada Guayaba,correg_pa_12_6_7,12-6-7-227
poblado_pa_12_6_7_229,Quebrada Ida,correg_pa_12_6_7,12-6-7-229
poblado_pa_12_6_7_233,Río Piedra U Oreboto,correg_pa_12_6_7,12-6-7-233
poblado_pa_12_6_7_234,Ruibidi,correg_pa_12_6_7,12-6-7-234
poblado_pa_12_6_7_235,Sitibiriquidete,correg_pa_12_6_7,12-6-7-235
poblado_pa_12_6_7_236,Tibite,correg_pa_12_6_7,12-6-7-236
poblado_pa_12_6_7_238,Trorobite,correg_pa_12_6_7,12-6-7-238
poblado_pa_12_6_7_239,Tugradote,correg_pa_12_6_7,12-6-7-239
poblado_pa_12_6_7_240,Turury,correg_pa_12_6_7,12-6-7-240
poblado_pa_12_6_7_242,Divote (P),correg_pa_12_6_7,12-6-7-242
poblado_pa_12_6_7_243,Quebrada Negra,correg_pa_12_6_7,12-6-7-243
poblado_pa_12_6_7_245,Gurunte No. 1,correg_pa_12_6_7,12-6-7-245
poblado_pa_12_6_7_247,Nude No. 2,correg_pa_12_6_7,12-6-7-247
poblado_pa_12_6_7_248,Mununi No. 2 (P),correg_pa_12_6_7,12-6-7-248
poblado_pa_12_6_7_250,Domingo,correg_pa_12_6_7,12-6-7-250
poblado_pa_12_6_7_251,Sugwaikote,correg_pa_12_6_7,12-6-7-251
poblado_pa_12_6_7_252,Cruningote,correg_pa_12_6_7,12-6-7-252
poblado_pa_12_6_7_253,Rinikea,correg_pa_12_6_7,12-6-7-253
poblado_pa_12_6_7_254,Bongo o Canadá (P),correg_pa_12_6_7,12-6-7-254
poblado_pa_12_6_7_255,Caracol (P),correg_pa_12_6_7,12-6-7-255
poblado_pa_12_6_10_1,Alto Mono,correg_pa_12_6_10,12-6-10-1
poblado_pa_12_6_10_2,Boca de Arena,correg_pa_12_6_10,12-6-10-2
poblado_pa_12_6_10_3,Calante,correg_pa_12_6_10,12-6-10-3
poblado_pa_12_6_10_4,Chivote (P),correg_pa_12_6_10,12-6-10-4
poblado_pa_12_6_10_5,El Limón,correg_pa_12_6_10,12-6-10-5
poblado_pa_12_6_10_6,Joguatary,correg_pa_12_6_10,12-6-10-6
poblado_pa_12_6_10_7,Loma Arena,correg_pa_12_6_10,12-6-10-7
poblado_pa_12_6_10_8,Notente,correg_pa_12_6_10,12-6-10-8
poblado_pa_12_6_10_10,Odobate (P),correg_pa_12_6_10,12-6-10-10
poblado_pa_12_6_10_11,Olari,correg_pa_12_6_10,12-6-10-11
poblado_pa_12_6_10_12,Puerto Cuite,correg_pa_12_6_10,12-6-10-12
poblado_pa_12_6_10_13,Quebrada Tigri,correg_pa_12_6_10,12-6-10-13
poblado_pa_12_6_10_14,Quicatubite,correg_pa_12_6_10,12-6-10-14
poblado_pa_12_6_10_15,Río Grande (P),correg_pa_12_6_10,12-6-10-15
poblado_pa_12_6_10_16,Solaite (P),correg_pa_12_6_10,12-6-10-16
poblado_pa_12_6_10_17,Verón,correg_pa_12_6_10,12-6-10-17
poblado_pa_12_6_10_18,Siclete,correg_pa_12_6_10,12-6-10-18
poblado_pa_12_6_11_1,Alto Caña,correg_pa_12_6_11,12-6-11-1
poblado_pa_12_6_11_2,Alto Senia,correg_pa_12_6_11,12-6-11-2
poblado_pa_12_6_11_3,Balmito Suiche,correg_pa_12_6_11,12-6-11-3
poblado_pa_12_6_11_4,Boca de Río Balsa,correg_pa_12_6_11,12-6-11-4
poblado_pa_12_6_11_5,Brisa,correg_pa_12_6_11,12-6-11-5
poblado_pa_12_6_11_6,Cabecera de Loro U Orete,correg_pa_12_6_11,12-6-11-6
poblado_pa_12_6_11_7,Cabecera de Río Balsa,correg_pa_12_6_11,12-6-11-7
poblado_pa_12_6_11_8,Cabecera de Tolaide,correg_pa_12_6_11,12-6-11-8
poblado_pa_12_6_11_9,Cante Bladibe,correg_pa_12_6_11,12-6-11-9
poblado_pa_12_6_11_10,Cerro Aguacate,correg_pa_12_6_11,12-6-11-10
poblado_pa_12_6_11_11,Cerro Cangrejo,correg_pa_12_6_11,12-6-11-11
poblado_pa_12_6_11_12,Cerro Caña,correg_pa_12_6_11,12-6-11-12
poblado_pa_12_6_11_13,Cerro Conejo,correg_pa_12_6_11,12-6-11-13
poblado_pa_12_6_11_14,Cerro Picante,correg_pa_12_6_11,12-6-11-14
poblado_pa_12_6_11_15,Cerro Puerco,correg_pa_12_6_11,12-6-11-15
poblado_pa_12_6_11_16,Cerro Roble,correg_pa_12_6_11,12-6-11-16
poblado_pa_12_6_11_17,Cerro Tijera,correg_pa_12_6_11,12-6-11-17
poblado_pa_12_6_11_18,Cerro Zorra,correg_pa_12_6_11,12-6-11-18
poblado_pa_12_6_11_19,Dolega,correg_pa_12_6_11,12-6-11-19
poblado_pa_12_6_11_20,El Guabo,correg_pa_12_6_11,12-6-11-20
poblado_pa_12_6_11_22,Gavilán,correg_pa_12_6_11,12-6-11-22
poblado_pa_12_6_11_23,Gronigrete,correg_pa_12_6_11,12-6-11-23
poblado_pa_12_6_11_24,Guoricote,correg_pa_12_6_11,12-6-11-24
poblado_pa_12_6_11_25,Gurunte No. 2,correg_pa_12_6_11,12-6-11-25
poblado_pa_12_6_11_26,Cerro Maíz,correg_pa_12_6_11,12-6-11-26
poblado_pa_12_6_11_27,Los Santos,correg_pa_12_6_11,12-6-11-27
poblado_pa_12_6_11_28,Mande Manchuila,correg_pa_12_6_11,12-6-11-28
poblado_pa_12_6_11_29,Negra Roja o Cerro Venado,correg_pa_12_6_11,12-6-11-29
poblado_pa_12_6_11_31,Agua de Salud,correg_pa_12_6_11,12-6-11-31
poblado_pa_12_6_11_32,Oriente,correg_pa_12_6_11,12-6-11-32
poblado_pa_12_6_11_33,Piedra Mano o Punta Piedra,correg_pa_12_6_11,12-6-11-33
poblado_pa_12_6_11_35,Quebrada Arena No. 1,correg_pa_12_6_11,12-6-11-35
poblado_pa_12_6_11_36,Quebrada Arena U Omanigote,correg_pa_12_6_11,12-6-11-36
poblado_pa_12_6_11_37,Quebrada Barranco,correg_pa_12_6_11,12-6-11-37
poblado_pa_12_6_11_38,Quebrada Bejuco No. 2,correg_pa_12_6_11,12-6-11-38
poblado_pa_12_6_11_39,Quebrada Bejuco,correg_pa_12_6_11,12-6-11-39
poblado_pa_12_6_11_40,Quebrada Catarro No. 1,correg_pa_12_6_11,12-6-11-40
poblado_pa_12_6_11_41,Quebrada Congo,correg_pa_12_6_11,12-6-11-41
poblado_pa_12_6_11_43,Quebrada Flor,correg_pa_12_6_11,12-6-11-43
poblado_pa_12_6_11_44,Quebrada Hacha Arriba,correg_pa_12_6_11,12-6-11-44
poblado_pa_12_6_11_45,Quebrada Nueva,correg_pa_12_6_11,12-6-11-45
poblado_pa_12_6_11_46,Quebrada Tigre,correg_pa_12_6_11,12-6-11-46
poblado_pa_12_6_11_48,Quebrada Zaíno,correg_pa_12_6_11,12-6-11-48
poblado_pa_12_6_11_49,Río Flores,correg_pa_12_6_11,12-6-11-49
poblado_pa_12_6_11_50,Río Tolaide,correg_pa_12_6_11,12-6-11-50
poblado_pa_12_6_11_51,Quebrada Suiche,correg_pa_12_6_11,12-6-11-51
poblado_pa_12_6_11_52,Toborigrete,correg_pa_12_6_11,12-6-11-52
poblado_pa_12_6_11_53,Tolote,correg_pa_12_6_11,12-6-11-53
poblado_pa_12_6_11_54,Urara,correg_pa_12_6_11,12-6-11-54
poblado_pa_12_6_11_55,Quebrada Hacha,correg_pa_12_6_11,12-6-11-55
poblado_pa_12_6_11_56,Cerro Tijera,correg_pa_12_6_11,12-6-11-56
poblado_pa_12_6_11_57,Cerro Visita Flor,correg_pa_12_6_11,12-6-11-57
poblado_pa_12_6_11_58,Guayabo,correg_pa_12_6_11,12-6-11-58
poblado_pa_12_6_11_59,Alto Loro,correg_pa_12_6_11,12-6-11-59
poblado_pa_12_6_11_60,Cerro Gavilán,correg_pa_12_6_11,12-6-11-60
poblado_pa_12_6_11_61,Cerro Huaca,correg_pa_12_6_11,12-6-11-61
poblado_pa_12_6_11_62,Cerro Pistola,correg_pa_12_6_11,12-6-11-62
poblado_pa_12_6_11_63,Cronigote,correg_pa_12_6_11,12-6-11-63
poblado_pa_12_6_11_64,Toboriguete,correg_pa_12_6_11,12-6-11-64
poblado_pa_12_6_11_65,Tunnitubiti,correg_pa_12_6_11,12-6-11-65
poblado_pa_12_6_11_66,Bongo o Canadá (P),correg_pa_12_6_11,12-6-11-66
poblado_pa_12_6_11_67,Cerro Espejo,correg_pa_12_6_11,12-6-11-67
poblado_pa_12_7_1_2,Cayo Guante,correg_pa_12_7_1,12-7-1-2
poblado_pa_12_7_1_3,Cayo Paloma o Pigeon Cay,correg_pa_12_7_1,12-7-1-3
poblado_pa_12_7_1_4,Quebrada Cacao,correg_pa_12_7_1,12-7-1-4
poblado_pa_12_7_1_5,Ensenada,correg_pa_12_7_1,12-7-1-5
poblado_pa_12_7_1_6,Kusapín,correg_pa_12_7_1,12-7-1-6
poblado_pa_12_7_1_7,Loma Tucán,correg_pa_12_7_1,12-7-1-7
poblado_pa_12_7_1_8,Quebrada Ayer,correg_pa_12_7_1,12-7-1-8
poblado_pa_12_7_1_9,Norintuboto,correg_pa_12_7_1,12-7-1-9
poblado_pa_12_7_1_10,Playa Balsa,correg_pa_12_7_1,12-7-1-10
poblado_pa_12_7_1_11,Playa Bastón,correg_pa_12_7_1,12-7-1-11
poblado_pa_12_7_1_12,Punta Alegre,correg_pa_12_7_1,12-7-1-12
poblado_pa_12_7_1_13,Punta Avispa,correg_pa_12_7_1,12-7-1-13
poblado_pa_12_7_1_14,Punta Uva o Guacamaya,correg_pa_12_7_1,12-7-1-14
poblado_pa_12_7_1_15,Punta Valiente,correg_pa_12_7_1,12-7-1-15
poblado_pa_12_7_1_16,Quebrada Hilo,correg_pa_12_7_1,12-7-1-16
poblado_pa_12_7_1_17,Quebrada Nasa,correg_pa_12_7_1,12-7-1-17
poblado_pa_12_7_1_18,Isla Avispa,correg_pa_12_7_1,12-7-1-18
poblado_pa_12_7_1_19,Ibiari,correg_pa_12_7_1,12-7-1-19
poblado_pa_12_7_1_20,Isla Tigre,correg_pa_12_7_1,12-7-1-20
poblado_pa_12_7_1_21,Nidori,correg_pa_12_7_1,12-7-1-21
poblado_pa_12_7_2_2,Bahía Grande,correg_pa_12_7_2,12-7-2-2
poblado_pa_12_7_2_5,Buena Vista,correg_pa_12_7_2,12-7-2-5
poblado_pa_12_7_2_6,Bucori,correg_pa_12_7_2,12-7-2-6
poblado_pa_12_7_2_20,Mutari,correg_pa_12_7_2,12-7-2-20
poblado_pa_12_7_2_22,Cayo Patterson,correg_pa_12_7_2,12-7-2-22
poblado_pa_12_7_2_24,Playa Lorenzo,correg_pa_12_7_2,12-7-2-24
poblado_pa_12_7_2_25,Playa Verde,correg_pa_12_7_2,12-7-2-25
poblado_pa_12_7_2_29,Punta Toro,correg_pa_12_7_2,12-7-2-29
poblado_pa_12_7_2_33,Playa Bambú,correg_pa_12_7_2,12-7-2-33
poblado_pa_12_7_2_34,Secretario o Palmas Bellas,correg_pa_12_7_2,12-7-2-34
poblado_pa_12_7_2_36,Punta Syrain,correg_pa_12_7_2,12-7-2-36
poblado_pa_12_7_2_43,Punta Gallinazo No. 2,correg_pa_12_7_2,12-7-2-43
poblado_pa_12_7_2_44,Punta Gallinazo,correg_pa_12_7_2,12-7-2-44
poblado_pa_12_7_2_45,Comunidad Trotman,correg_pa_12_7_2,12-7-2-45
poblado_pa_12_7_2_52,Keque Mane,correg_pa_12_7_2,12-7-2-52
poblado_pa_12_7_2_55,Monte Virgen,correg_pa_12_7_2,12-7-2-55
poblado_pa_12_7_2_57,Playa Jobo,correg_pa_12_7_2,12-7-2-57
poblado_pa_12_7_2_58,Playa Raya,correg_pa_12_7_2,12-7-2-58
poblado_pa_12_7_2_59,Bahía Azul,correg_pa_12_7_2,12-7-2-59
poblado_pa_12_7_2_61,Tabebiti,correg_pa_12_7_2,12-7-2-61
poblado_pa_12_7_2_65,Agoy,correg_pa_12_7_2,12-7-2-65
poblado_pa_12_7_2_66,Caningote,correg_pa_12_7_2,12-7-2-66
poblado_pa_12_7_2_67,Jobori,correg_pa_12_7_2,12-7-2-67
poblado_pa_12_7_2_68,Río Lorenzo Arriba o Franklin,correg_pa_12_7_2,12-7-2-68
poblado_pa_12_7_2_69,Playa Hermosa,correg_pa_12_7_2,12-7-2-69
poblado_pa_12_7_2_70,Tabebiti No. 2,correg_pa_12_7_2,12-7-2-70
poblado_pa_12_7_2_72,Punta Gallinazo No. 1,correg_pa_12_7_2,12-7-2-72
poblado_pa_12_7_2_73,Quebrada Pez,correg_pa_12_7_2,12-7-2-73
poblado_pa_12_7_2_74,Gallina Chica,correg_pa_12_7_2,12-7-2-74
poblado_pa_12_7_2_75,Quebrada Ruari,correg_pa_12_7_2,12-7-2-75
poblado_pa_12_7_2_76,Toribiote,correg_pa_12_7_2,12-7-2-76
poblado_pa_12_7_5_2,Arionda,correg_pa_12_7_5,12-7-5-2
poblado_pa_12_7_5_5,Begabudi,correg_pa_12_7_5,12-7-5-5
poblado_pa_12_7_5_6,Bitigaru,correg_pa_12_7_5,12-7-5-6
poblado_pa_12_7_5_7,Boca de Río Chiriquí,correg_pa_12_7_5,12-7-5-7
poblado_pa_12_7_5_9,Burotoni,correg_pa_12_7_5,12-7-5-9
poblado_pa_12_7_5_10,Burote,correg_pa_12_7_5,12-7-5-10
poblado_pa_12_7_5_13,Cabecera de Río Cayuco,correg_pa_12_7_5,12-7-5-13
poblado_pa_12_7_5_16,Camarón No. 2,correg_pa_12_7_5,12-7-5-16
poblado_pa_12_7_5_17,Caña Blanca,correg_pa_12_7_5,12-7-5-17
poblado_pa_12_7_5_18,Cañaveral (P),correg_pa_12_7_5,12-7-5-18
poblado_pa_12_7_5_19,Caño Colorado Arriba o Valle Rico,correg_pa_12_7_5,12-7-5-19
poblado_pa_12_7_5_20,Cerro Manta,correg_pa_12_7_5,12-7-5-20
poblado_pa_12_7_5_22,Cerro Puerco,correg_pa_12_7_5,12-7-5-22
poblado_pa_12_7_5_23,Cerro Santos,correg_pa_12_7_5,12-7-5-23
poblado_pa_12_7_5_25,Cleate,correg_pa_12_7_5,12-7-5-25
poblado_pa_12_7_5_26,Cuirate,correg_pa_12_7_5,12-7-5-26
poblado_pa_12_7_5_28,Quebrada Cayuco,correg_pa_12_7_5,12-7-5-28
poblado_pa_12_7_5_29,Brodori Medio,correg_pa_12_7_5,12-7-5-29
poblado_pa_12_7_5_30,Doguarigote,correg_pa_12_7_5,12-7-5-30
poblado_pa_12_7_5_31,Duru,correg_pa_12_7_5,12-7-5-31
poblado_pa_12_7_5_34,Guatu,correg_pa_12_7_5,12-7-5-34
poblado_pa_12_7_5_35,Quebrada Picante,correg_pa_12_7_5,12-7-5-35
poblado_pa_12_7_5_36,Jodrote,correg_pa_12_7_5,12-7-5-36
poblado_pa_12_7_5_38,Juvari,correg_pa_12_7_5,12-7-5-38
poblado_pa_12_7_5_39,Kariguidete,correg_pa_12_7_5,12-7-5-39
poblado_pa_12_7_5_40,Kikarigote,correg_pa_12_7_5,12-7-5-40
poblado_pa_12_7_5_42,Kuisote,correg_pa_12_7_5,12-7-5-42
poblado_pa_12_7_5_43,Kully,correg_pa_12_7_5,12-7-5-43
poblado_pa_12_7_5_44,Kurote,correg_pa_12_7_5,12-7-5-44
poblado_pa_12_7_5_46,Librate,correg_pa_12_7_5,12-7-5-46
poblado_pa_12_7_5_47,Loma de Río Cañaveral,correg_pa_12_7_5,12-7-5-47
poblado_pa_12_7_5_48,Maina,correg_pa_12_7_5,12-7-5-48
poblado_pa_12_7_5_54,Muay Abajo,correg_pa_12_7_5,12-7-5-54
poblado_pa_12_7_5_55,Muay Arriba o Cabecera de Muay,correg_pa_12_7_5,12-7-5-55
poblado_pa_12_7_5_56,Murute,correg_pa_12_7_5,12-7-5-56
poblado_pa_12_7_5_57,Nidangote,correg_pa_12_7_5,12-7-5-57
poblado_pa_12_7_5_58,Nudodividi,correg_pa_12_7_5,12-7-5-58
poblado_pa_12_7_5_59,Nurinde,correg_pa_12_7_5,12-7-5-59
poblado_pa_12_7_5_60,Ñodolente,correg_pa_12_7_5,12-7-5-60
poblado_pa_12_7_5_62,Obatu,correg_pa_12_7_5,12-7-5-62
poblado_pa_12_7_5_63,Odobari,correg_pa_12_7_5,12-7-5-63
poblado_pa_12_7_5_66,Orori,correg_pa_12_7_5,12-7-5-66
poblado_pa_12_7_5_68,Boca de Rio Caña (P),correg_pa_12_7_5,12-7-5-68
poblado_pa_12_7_5_69,Quebrada Cedro o Rio Cedro,correg_pa_12_7_5,12-7-5-69
poblado_pa_12_7_5_73,Rancho,correg_pa_12_7_5,12-7-5-73
poblado_pa_12_7_5_78,Río Piedra (P) o Quebrada Bonita San Pedro Arriba,correg_pa_12_7_5,12-7-5-78
poblado_pa_12_7_5_79,Samindi,correg_pa_12_7_5,12-7-5-79
poblado_pa_12_7_5_82,San Pedro Abajo,correg_pa_12_7_5,12-7-5-82
poblado_pa_12_7_5_83,Sardina,correg_pa_12_7_5,12-7-5-83
poblado_pa_12_7_5_84,Sicide,correg_pa_12_7_5,12-7-5-84
poblado_pa_12_7_5_85,Soroni,correg_pa_12_7_5,12-7-5-85
poblado_pa_12_7_5_86,Sulidu,correg_pa_12_7_5,12-7-5-86
poblado_pa_12_7_5_87,Tirite,correg_pa_12_7_5,12-7-5-87
poblado_pa_12_7_5_89,Tubitu,correg_pa_12_7_5,12-7-5-89
poblado_pa_12_7_5_90,Uro,correg_pa_12_7_5,12-7-5-90
poblado_pa_12_7_5_91,Vegay,correg_pa_12_7_5,12-7-5-91
poblado_pa_12_7_5_92,Bonglon,correg_pa_12_7_5,12-7-5-92
poblado_pa_12_7_5_93,Caño Lagarto,correg_pa_12_7_5,12-7-5-93
poblado_pa_12_7_5_94,Sirote (P),correg_pa_12_7_5,12-7-5-94
poblado_pa_12_7_5_99,Playa Tigre o Tiger Head,correg_pa_12_7_5,12-7-5-99
poblado_pa_12_7_5_100,Mango No. 2,correg_pa_12_7_5,12-7-5-100
poblado_pa_12_7_5_103,Aguas Salud Escala,correg_pa_12_7_5,12-7-5-103
poblado_pa_12_7_5_104,Brorori Abajo,correg_pa_12_7_5,12-7-5-104
poblado_pa_12_7_5_105,Brorori Arriba,correg_pa_12_7_5,12-7-5-105
poblado_pa_12_7_5_106,Bruri,correg_pa_12_7_5,12-7-5-106
poblado_pa_12_7_5_107,Camarón,correg_pa_12_7_5,12-7-5-107
poblado_pa_12_7_5_108,Cerro Capilla,correg_pa_12_7_5,12-7-5-108
poblado_pa_12_7_5_109,Cerro Puerco Arriba,correg_pa_12_7_5,12-7-5-109
poblado_pa_12_7_5_110,Dudoboda,correg_pa_12_7_5,12-7-5-110
poblado_pa_12_7_5_111,Gavilán,correg_pa_12_7_5,12-7-5-111
poblado_pa_12_7_5_112,Jubidi,correg_pa_12_7_5,12-7-5-112
poblado_pa_12_7_5_113,Krugote,correg_pa_12_7_5,12-7-5-113
poblado_pa_12_7_5_114,Ñoronte,correg_pa_12_7_5,12-7-5-114
poblado_pa_12_7_5_115,Ñurunte,correg_pa_12_7_5,12-7-5-115
poblado_pa_12_7_5_116,Piedra Cruz,correg_pa_12_7_5,12-7-5-116
poblado_pa_12_7_5_117,Piedra Cruz Arriba,correg_pa_12_7_5,12-7-5-117
poblado_pa_12_7_5_118,Quebrada Bambú,correg_pa_12_7_5,12-7-5-118
poblado_pa_12_7_5_119,Queliate,correg_pa_12_7_5,12-7-5-119
poblado_pa_12_7_5_120,Umandu,correg_pa_12_7_5,12-7-5-120
poblado_pa_12_7_5_121,Urabidi,correg_pa_12_7_5,12-7-5-121
poblado_pa_12_7_5_122,Rote,correg_pa_12_7_5,12-7-5-122
poblado_pa_12_7_5_123,Jorotoni,correg_pa_12_7_5,12-7-5-123
poblado_pa_12_7_5_124,Morori,correg_pa_12_7_5,12-7-5-124
poblado_pa_12_7_6_5,Burori,correg_pa_12_7_6,12-7-6-5
poblado_pa_12_7_6_20,Shark Hole,correg_pa_12_7_6,12-7-6-20
poblado_pa_12_7_6_52,Pantan o Boca de Río Caña (P),correg_pa_12_7_6,12-7-6-52
poblado_pa_12_7_6_54,Punta Escondida,correg_pa_12_7_6,12-7-6-54
poblado_pa_12_7_6_55,Punta Fiebre,correg_pa_12_7_6,12-7-6-55
poblado_pa_12_7_6_60,Quebrada Motomba,correg_pa_12_7_6,12-7-6-60
poblado_pa_12_7_6_65,Río Bonito,correg_pa_12_7_6,12-7-6-65
poblado_pa_12_7_6_79,Tobobe,correg_pa_12_7_6,12-7-6-79
poblado_pa_12_7_6_85,Potet,correg_pa_12_7_6,12-7-6-85
poblado_pa_12_7_6_86,Punta Icaco o Punta Coco Plom,correg_pa_12_7_6,12-7-6-86
poblado_pa_12_7_6_87,Playa Roja,correg_pa_12_7_6,12-7-6-87
poblado_pa_12_7_6_88,Old Best o Playa Old Best,correg_pa_12_7_6,12-7-6-88
poblado_pa_12_7_6_94,Pueblo Nuevo No. 1,correg_pa_12_7_6,12-7-6-94
poblado_pa_12_7_6_193,Bahía Escondida,correg_pa_12_7_6,12-7-6-193
poblado_pa_12_7_6_194,Punta Níspero,correg_pa_12_7_6,12-7-6-194
poblado_pa_12_7_6_198,Kuenanigote,correg_pa_12_7_6,12-7-6-198
poblado_pa_12_7_6_200,Quebrada Quenani,correg_pa_12_7_6,12-7-6-200
poblado_pa_12_7_6_204,Damani,correg_pa_12_7_6,12-7-6-204
poblado_pa_12_7_6_205,Mesele,correg_pa_12_7_6,12-7-6-205
poblado_pa_12_7_6_206,Quebrada Yuca,correg_pa_12_7_6,12-7-6-206
poblado_pa_12_7_8_1,Birate,correg_pa_12_7_8,12-7-8-1
poblado_pa_12_7_8_2,Cabecera de Río Chico,correg_pa_12_7_8,12-7-8-2
poblado_pa_12_7_8_3,Cabeza de Toro,correg_pa_12_7_8,12-7-8-3
poblado_pa_12_7_8_4,Cañaveral(P),correg_pa_12_7_8,12-7-8-4
poblado_pa_12_7_8_5,Clerote,correg_pa_12_7_8,12-7-8-5
poblado_pa_12_7_8_6,Cuglugroy,correg_pa_12_7_8,12-7-8-6
poblado_pa_12_7_8_7,Dobori,correg_pa_12_7_8,12-7-8-7
poblado_pa_12_7_8_8,Eimity,correg_pa_12_7_8,12-7-8-8
poblado_pa_12_7_8_9,Essey Arriba,correg_pa_12_7_8,12-7-8-9
poblado_pa_12_7_8_10,Essey Chi,correg_pa_12_7_8,12-7-8-10
poblado_pa_12_7_8_11,Iglete,correg_pa_12_7_8,12-7-8-11
poblado_pa_12_7_8_12,Joglate,correg_pa_12_7_8,12-7-8-12
poblado_pa_12_7_8_13,Kiarri,correg_pa_12_7_8,12-7-8-13
poblado_pa_12_7_8_14,Kleay,correg_pa_12_7_8,12-7-8-14
poblado_pa_12_7_8_15,Kurori,correg_pa_12_7_8,12-7-8-15
poblado_pa_12_7_8_16,Mirari,correg_pa_12_7_8,12-7-8-16
poblado_pa_12_7_8_17,Muate,correg_pa_12_7_8,12-7-8-17
poblado_pa_12_7_8_18,Muribite,correg_pa_12_7_8,12-7-8-18
poblado_pa_12_7_8_19,Murigote,correg_pa_12_7_8,12-7-8-19
poblado_pa_12_7_8_20,Ñoblote,correg_pa_12_7_8,12-7-8-20
poblado_pa_12_7_8_21,Picara,correg_pa_12_7_8,12-7-8-21
poblado_pa_12_7_8_22,Pueblo Nuevo No. 2,correg_pa_12_7_8,12-7-8-22
poblado_pa_12_7_8_23,Quebrada Suegro,correg_pa_12_7_8,12-7-8-23
poblado_pa_12_7_8_24,Rinconte,correg_pa_12_7_8,12-7-8-24
poblado_pa_12_7_8_25,Río Chico,correg_pa_12_7_8,12-7-8-25
poblado_pa_12_7_8_26,Rio Viento,correg_pa_12_7_8,12-7-8-26
poblado_pa_12_7_8_28,Ritti,correg_pa_12_7_8,12-7-8-28
poblado_pa_12_7_8_29,Ruitiubiti,correg_pa_12_7_8,12-7-8-29
poblado_pa_12_7_8_30,Sabiote,correg_pa_12_7_8,12-7-8-30
poblado_pa_12_7_8_31,Sirote (P),correg_pa_12_7_8,12-7-8-31
poblado_pa_12_7_8_32,Tebatus,correg_pa_12_7_8,12-7-8-32
poblado_pa_12_7_8_33,Toronte,correg_pa_12_7_8,12-7-8-33
poblado_pa_12_7_8_34,Uguerigote,correg_pa_12_7_8,12-7-8-34
poblado_pa_12_7_8_35,Visiri,correg_pa_12_7_8,12-7-8-35
poblado_pa_12_7_8_36,Visitubite,correg_pa_12_7_8,12-7-8-36
poblado_pa_12_7_8_37,Jogunte,correg_pa_12_7_8,12-7-8-37
poblado_pa_12_7_8_38,Kigañoy,correg_pa_12_7_8,12-7-8-38
poblado_pa_12_7_8_39,Manigote,correg_pa_12_7_8,12-7-8-39
poblado_pa_12_8_1_1,Alto Pita,correg_pa_12_8_1,12-8-1-1
poblado_pa_12_8_1_2,Alto Tigre,correg_pa_12_8_1,12-8-1-2
poblado_pa_12_8_1_3,Arena (P),correg_pa_12_8_1,12-8-1-3
poblado_pa_12_8_1_4,Cabecera de Almeja,correg_pa_12_8_1,12-8-1-4
poblado_pa_12_8_1_5,Casira,correg_pa_12_8_1,12-8-1-5
poblado_pa_12_8_1_6,Cerro Mono,correg_pa_12_8_1,12-8-1-6
poblado_pa_12_8_1_7,Cerro Penca (P),correg_pa_12_8_1,12-8-1-7
poblado_pa_12_8_1_8,Cerro Tabaco,correg_pa_12_8_1,12-8-1-8
poblado_pa_12_8_1_9,Chivori Grande,correg_pa_12_8_1,12-8-1-9
poblado_pa_12_8_1_10,Coclesito (P),correg_pa_12_8_1,12-8-1-10
poblado_pa_12_8_1_11,Guarumo,correg_pa_12_8_1,12-8-1-11
poblado_pa_12_8_1_12,Llanura,correg_pa_12_8_1,12-8-1-12
poblado_pa_12_8_1_13,Loma Tibiti,correg_pa_12_8_1,12-8-1-13
poblado_pa_12_8_1_14,Palma Bella,correg_pa_12_8_1,12-8-1-14
poblado_pa_12_8_1_15,Punta Sirain,correg_pa_12_8_1,12-8-1-15
poblado_pa_12_8_1_16,Quebrada Almeja,correg_pa_12_8_1,12-8-1-16
poblado_pa_12_8_1_17,Quebrada Buri,correg_pa_12_8_1,12-8-1-17
poblado_pa_12_8_1_18,Quebrada Cayuco Arriba,correg_pa_12_8_1,12-8-1-18
poblado_pa_12_8_1_19,Quebrada Cayuco,correg_pa_12_8_1,12-8-1-19
poblado_pa_12_8_1_20,Quebrada Chogorro,correg_pa_12_8_1,12-8-1-20
poblado_pa_12_8_1_21,Quebrada Cocuyo (P),correg_pa_12_8_1,12-8-1-21
poblado_pa_12_8_1_22,Quebrada Guanábano,correg_pa_12_8_1,12-8-1-22
poblado_pa_12_8_1_23,Quebrada Tucán,correg_pa_12_8_1,12-8-1-23
poblado_pa_12_8_1_24,Quebrada Venado,correg_pa_12_8_1,12-8-1-24
poblado_pa_12_8_1_25,Quebrada Zorra o Mina Zorra,correg_pa_12_8_1,12-8-1-25
poblado_pa_12_8_1_26,Saguite,correg_pa_12_8_1,12-8-1-26
poblado_pa_12_8_1_27,Santa Marta (P),correg_pa_12_8_1,12-8-1-27
poblado_pa_12_8_1_28,Suliari,correg_pa_12_8_1,12-8-1-28
poblado_pa_12_8_1_29,Yolón,correg_pa_12_8_1,12-8-1-29
poblado_pa_12_8_1_31,Niguindubata (P),correg_pa_12_8_1,12-8-1-31
poblado_pa_12_8_1_32,Piña,correg_pa_12_8_1,12-8-1-32
poblado_pa_12_8_2_1,Altos del Valle,correg_pa_12_8_2,12-8-2-1
poblado_pa_12_8_2_2,Barranquilla No. 3 (P),correg_pa_12_8_2,12-8-2-2
poblado_pa_12_8_2_4,Buena Vista,correg_pa_12_8_2,12-8-2-4
poblado_pa_12_8_2_5,La Lomita,correg_pa_12_8_2,12-8-2-5
poblado_pa_12_8_2_6,Caracol,correg_pa_12_8_2,12-8-2-6
poblado_pa_12_8_2_7,El Guabo,correg_pa_12_8_2,12-8-2-7
poblado_pa_12_8_2_8,El Valle,correg_pa_12_8_2,12-8-2-8
poblado_pa_12_8_2_9,Guabito o Palmita Arriba,correg_pa_12_8_2,12-8-2-9
poblado_pa_12_8_2_10,Guarumito (P),correg_pa_12_8_2,12-8-2-10
poblado_pa_12_8_2_11,Guayabal,correg_pa_12_8_2,12-8-2-11
poblado_pa_12_8_2_12,Higuerón (P),correg_pa_12_8_2,12-8-2-12
poblado_pa_12_8_2_13,Higuerón Mellizos Arriba (P),correg_pa_12_8_2,12-8-2-13
poblado_pa_12_8_2_14,La Verrugosa,correg_pa_12_8_2,12-8-2-14
poblado_pa_12_8_2_15,Lajas,correg_pa_12_8_2,12-8-2-15
poblado_pa_12_8_2_16,Mali,correg_pa_12_8_2,12-8-2-16
poblado_pa_12_8_2_17,Mudrigote,correg_pa_12_8_2,12-8-2-17
poblado_pa_12_8_2_18,Oriente,correg_pa_12_8_2,12-8-2-18
poblado_pa_12_8_2_20,Palo Seco,correg_pa_12_8_2,12-8-2-20
poblado_pa_12_8_2_22,Pueblo Nuevo,correg_pa_12_8_2,12-8-2-22
poblado_pa_12_8_2_23,Quebrada de Piedra,correg_pa_12_8_2,12-8-2-23
poblado_pa_12_8_2_24,Tolote,correg_pa_12_8_2,12-8-2-24
poblado_pa_12_8_2_25,Valle Abajo,correg_pa_12_8_2,12-8-2-25
poblado_pa_12_8_2_26,Zuliari,correg_pa_12_8_2,12-8-2-26
poblado_pa_12_8_2_27,Cerro Silencio,correg_pa_12_8_2,12-8-2-27
poblado_pa_12_8_2_28,Gualaquita,correg_pa_12_8_2,12-8-2-28
poblado_pa_12_8_2_29,La Palmita,correg_pa_12_8_2,12-8-2-29
poblado_pa_12_8_2_30,Nueva Estrella Arriba,correg_pa_12_8_2,12-8-2-30
poblado_pa_12_8_2_31,Palmito,correg_pa_12_8_2,12-8-2-31
poblado_pa_12_8_2_32,Cañizo,correg_pa_12_8_2,12-8-2-32
poblado_pa_12_8_2_33,Comunidad de Alto Oriente,correg_pa_12_8_2,12-8-2-33
poblado_pa_12_8_2_34,Medio Oriente,correg_pa_12_8_2,12-8-2-34
poblado_pa_12_8_2_35,Nueva Estrella (P),correg_pa_12_8_2,12-8-2-35
poblado_pa_12_8_2_36,Alto Claro (P),correg_pa_12_8_2,12-8-2-36
poblado_pa_12_8_2_37,Alto Barranquilla,correg_pa_12_8_2,12-8-2-37
poblado_pa_12_8_2_38,La Palmita Arriba,correg_pa_12_8_2,12-8-2-38
poblado_pa_12_8_3_7,Boca de Macho,correg_pa_12_8_3,12-8-3-7
poblado_pa_12_8_3_10,Boca de Quebrada Tigre,correg_pa_12_8_3,12-8-3-10
poblado_pa_12_8_3_11,Boca del Río Guariviara (P),correg_pa_12_8_3,12-8-3-11
poblado_pa_12_8_3_15,Caño Sucio No. 1,correg_pa_12_8_3,12-8-3-15
poblado_pa_12_8_3_20,Cerro Ñeque,correg_pa_12_8_3,12-8-3-20
poblado_pa_12_8_3_21,Cerro Rana o Piedra Roja,correg_pa_12_8_3,12-8-3-21
poblado_pa_12_8_3_23,Coclesito (P),correg_pa_12_8_3,12-8-3-23
poblado_pa_12_8_3_24,Chalite,correg_pa_12_8_3,12-8-3-24
poblado_pa_12_8_3_27,Dudori,correg_pa_12_8_3,12-8-3-27
poblado_pa_12_8_3_31,Jononi (P),correg_pa_12_8_3,12-8-3-31
poblado_pa_12_8_3_35,Loma Feliz,correg_pa_12_8_3,12-8-3-35
poblado_pa_12_8_3_38,Manantí Centro (P),correg_pa_12_8_3,12-8-3-38
poblado_pa_12_8_3_40,Melen,correg_pa_12_8_3,12-8-3-40
poblado_pa_12_8_3_42,Gualaquita,correg_pa_12_8_3,12-8-3-42
poblado_pa_12_8_3_44,Odogari,correg_pa_12_8_3,12-8-3-44
poblado_pa_12_8_3_48,Quebrada Armado,correg_pa_12_8_3,12-8-3-48
poblado_pa_12_8_3_52,Quebrada Camisa,correg_pa_12_8_3,12-8-3-52
poblado_pa_12_8_3_53,Quebrada Caracol,correg_pa_12_8_3,12-8-3-53
poblado_pa_12_8_3_56,Quebrada Cocuyo (P),correg_pa_12_8_3,12-8-3-56
poblado_pa_12_8_3_58,Quebrada Druray,correg_pa_12_8_3,12-8-3-58
poblado_pa_12_8_3_65,Quebrada Picante,correg_pa_12_8_3,12-8-3-65
poblado_pa_12_8_3_66,Boca de Macho No. 2 o Quebrada Piedra Ancha,correg_pa_12_8_3,12-8-3-66
poblado_pa_12_8_3_67,Quebrada Roja,correg_pa_12_8_3,12-8-3-67
poblado_pa_12_8_3_68,Quebrada Sábalo,correg_pa_12_8_3,12-8-3-68
poblado_pa_12_8_3_69,Quebrada Sal,correg_pa_12_8_3,12-8-3-69
poblado_pa_12_8_3_70,Quebrada Tigre Arriba,correg_pa_12_8_3,12-8-3-70
poblado_pa_12_8_3_71,Quebrada Trene,correg_pa_12_8_3,12-8-3-71
poblado_pa_12_8_3_72,Quebrada Tula,correg_pa_12_8_3,12-8-3-72
poblado_pa_12_8_3_75,Río Coy (P),correg_pa_12_8_3,12-8-3-75
poblado_pa_12_8_3_77,Río Sábalo,correg_pa_12_8_3,12-8-3-77
poblado_pa_12_8_3_79,San Félix,correg_pa_12_8_3,12-8-3-79
poblado_pa_12_8_3_80,Santa Marta (P),correg_pa_12_8_3,12-8-3-80
poblado_pa_12_8_3_81,Solaite (P),correg_pa_12_8_3,12-8-3-81
poblado_pa_12_8_3_82,Tula Arriba,correg_pa_12_8_3,12-8-3-82
poblado_pa_12_8_3_84,Cabecera de Quebrada Armado,correg_pa_12_8_3,12-8-3-84
poblado_pa_12_8_3_85,Cerro Paila,correg_pa_12_8_3,12-8-3-85
poblado_pa_12_8_3_88,Muneni,correg_pa_12_8_3,12-8-3-88
poblado_pa_12_8_3_89,Obaotate,correg_pa_12_8_3,12-8-3-89
poblado_pa_12_8_3_91,Quebrada Arena,correg_pa_12_8_3,12-8-3-91
poblado_pa_12_8_3_92,Quebrada Cedro,correg_pa_12_8_3,12-8-3-92
poblado_pa_12_8_3_94,Quebrada Lagari,correg_pa_12_8_3,12-8-3-94
poblado_pa_12_8_3_95,Río Grande (P),correg_pa_12_8_3,12-8-3-95
poblado_pa_12_8_3_96,San Juan,correg_pa_12_8_3,12-8-3-96
poblado_pa_12_8_3_97,Santa Marta Arriba,correg_pa_12_8_3,12-8-3-97
poblado_pa_12_8_3_98,Silencio,correg_pa_12_8_3,12-8-3-98
poblado_pa_12_8_3_100,Tolote,correg_pa_12_8_3,12-8-3-100
poblado_pa_12_8_3_102,Quebrada Armao,correg_pa_12_8_3,12-8-3-102
poblado_pa_12_8_3_104,Alto Cedro,correg_pa_12_8_3,12-8-3-104
poblado_pa_12_8_3_105,Alto Mono,correg_pa_12_8_3,12-8-3-105
poblado_pa_12_8_3_106,Alto Zuto,correg_pa_12_8_3,12-8-3-106
poblado_pa_12_8_3_107,Chacarero,correg_pa_12_8_3,12-8-3-107
poblado_pa_12_8_3_108,Grori,correg_pa_12_8_3,12-8-3-108
poblado_pa_12_8_3_109,Palmira,correg_pa_12_8_3,12-8-3-109
poblado_pa_12_8_3_110,Quebrada Rana,correg_pa_12_8_3,12-8-3-110
poblado_pa_12_8_4_1,Bahía la Ballena,correg_pa_12_8_4,12-8-4-1
poblado_pa_12_8_4_2,Barranquilla No. 1,correg_pa_12_8_4,12-8-4-2
poblado_pa_12_8_4_3,Barranquilla No. 2,correg_pa_12_8_4,12-8-4-3
poblado_pa_12_8_4_7,Boca de Man Creek (P),correg_pa_12_8_4,12-8-4-7
poblado_pa_12_8_4_8,Boca del Río Guariviara (P),correg_pa_12_8_4,12-8-4-8
poblado_pa_12_8_4_10,Cañazas,correg_pa_12_8_4,12-8-4-10
poblado_pa_12_8_4_12,Centro Daira,correg_pa_12_8_4,12-8-4-12
poblado_pa_12_8_4_13,Centro Daira No. 2,correg_pa_12_8_4,12-8-4-13
poblado_pa_12_8_4_15,El Guabal,correg_pa_12_8_4,12-8-4-15
poblado_pa_12_8_4_16,El Limón o Loma Limón,correg_pa_12_8_4,12-8-4-16
poblado_pa_12_8_4_18,Loma Piña,correg_pa_12_8_4,12-8-4-18
poblado_pa_12_8_4_19,Monte Lirio,correg_pa_12_8_4,12-8-4-19
poblado_pa_12_8_4_20,Pueblo Mesa,correg_pa_12_8_4,12-8-4-20
poblado_pa_12_8_4_21,Man Creek,correg_pa_12_8_4,12-8-4-21
poblado_pa_12_8_4_22,Quebrada Buenaventura,correg_pa_12_8_4,12-8-4-22
poblado_pa_12_8_4_23,Quebrada Diablari,correg_pa_12_8_4,12-8-4-23
poblado_pa_12_8_4_25,Quebrada Juri o Quebrada Arena,correg_pa_12_8_4,12-8-4-25
poblado_pa_12_8_4_26,Quebrada Limón (P),correg_pa_12_8_4,12-8-4-26
poblado_pa_12_8_4_27,Quebrada Marcelino,correg_pa_12_8_4,12-8-4-27
poblado_pa_12_8_4_28,Quebrada Pavón,correg_pa_12_8_4,12-8-4-28
poblado_pa_12_8_4_29,Río Guariviara,correg_pa_12_8_4,12-8-4-29
poblado_pa_12_8_4_32,Arena (P),correg_pa_12_8_4,12-8-4-32
poblado_pa_12_8_4_33,Boca del Río Daira (P),correg_pa_12_8_4,12-8-4-33
poblado_pa_12_8_4_34,Cabecera de Río Piedra,correg_pa_12_8_4,12-8-4-34
poblado_pa_12_8_4_36,Caña,correg_pa_12_8_4,12-8-4-36
poblado_pa_12_8_4_37,Cerro Penca (P),correg_pa_12_8_4,12-8-4-37
poblado_pa_12_8_4_38,Chivori Chico,correg_pa_12_8_4,12-8-4-38
poblado_pa_12_8_4_39,Mecari,correg_pa_12_8_4,12-8-4-39
poblado_pa_12_8_4_40,Nueva Esperanza,correg_pa_12_8_4,12-8-4-40
poblado_pa_12_8_4_41,Playa Caimito,correg_pa_12_8_4,12-8-4-41
poblado_pa_12_8_4_42,Quebrada Durari,correg_pa_12_8_4,12-8-4-42
poblado_pa_12_8_4_43,Quebrada Pita,correg_pa_12_8_4,12-8-4-43
poblado_pa_12_8_4_46,Colinas,correg_pa_12_8_4,12-8-4-46
poblado_pa_12_8_4_47,Quebrada Venado,correg_pa_12_8_4,12-8-4-47
poblado_pa_12_8_4_49,Río Daira (P),correg_pa_12_8_4,12-8-4-49
poblado_pa_12_8_4_50,Alto Caña,correg_pa_12_8_4,12-8-4-50
poblado_pa_12_8_4_51,Alto Man Creek,correg_pa_12_8_4,12-8-4-51
poblado_pa_12_8_4_52,Candelilla,correg_pa_12_8_4,12-8-4-52
poblado_pa_12_8_4_53,Niguindubata (P),correg_pa_12_8_4,12-8-4-53
poblado_pa_12_8_4_54,Niguinte,correg_pa_12_8_4,12-8-4-54
poblado_pa_12_8_5_1,La Gloria (P),correg_pa_12_8_5,12-8-5-1
poblado_pa_12_8_5_2,Bajo el Burro,correg_pa_12_8_5,12-8-5-2
poblado_pa_12_8_5_3,Bajo Cedro Arriba,correg_pa_12_8_5,12-8-5-3
poblado_pa_12_8_5_4,Bajo la Estrella o Nueva Estrella,correg_pa_12_8_5,12-8-5-4
poblado_pa_12_8_5_6,Boca de Negrita o la Negrita (P),correg_pa_12_8_5,12-8-5-6
poblado_pa_12_8_5_8,Cabecera de Rita Cuba,correg_pa_12_8_5,12-8-5-8
poblado_pa_12_8_5_9,Caño Clarito,correg_pa_12_8_5,12-8-5-9
poblado_pa_12_8_5_10,Caracol,correg_pa_12_8_5,12-8-5-10
poblado_pa_12_8_5_11,Cilico Creek (P),correg_pa_12_8_5,12-8-5-11
poblado_pa_12_8_5_12,Con Fe,correg_pa_12_8_5,12-8-5-12
poblado_pa_12_8_5_13,Cuiracote,correg_pa_12_8_5,12-8-5-13
poblado_pa_12_8_5_14,Dos Bocas (P),correg_pa_12_8_5,12-8-5-14
poblado_pa_12_8_5_15,Quebrada el Lirio,correg_pa_12_8_5,12-8-5-15
poblado_pa_12_8_5_16,Filo de Cañaza,correg_pa_12_8_5,12-8-5-16
poblado_pa_12_8_5_17,Filo Verde,correg_pa_12_8_5,12-8-5-17
poblado_pa_12_8_5_19,Loma de Agua,correg_pa_12_8_5,12-8-5-19
poblado_pa_12_8_5_20,Los Cedeños (P),correg_pa_12_8_5,12-8-5-20
poblado_pa_12_8_5_21,Los Molejones (P),correg_pa_12_8_5,12-8-5-21
poblado_pa_12_8_5_22,Norteño (P),correg_pa_12_8_5,12-8-5-22
poblado_pa_12_8_5_23,Palma Real (P),correg_pa_12_8_5,12-8-5-23
poblado_pa_12_8_5_24,Quebrada Ardilla,correg_pa_12_8_5,12-8-5-24
poblado_pa_12_8_5_25,Quebrada Arena,correg_pa_12_8_5,12-8-5-25
poblado_pa_12_8_5_26,Quebrada Laurel,correg_pa_12_8_5,12-8-5-26
poblado_pa_12_8_5_27,Quebrada Balso,correg_pa_12_8_5,12-8-5-27
poblado_pa_12_8_5_28,Quebrada Macho,correg_pa_12_8_5,12-8-5-28
poblado_pa_12_8_5_30,Quebrada Naranjos,correg_pa_12_8_5,12-8-5-30
poblado_pa_12_8_5_31,Quebrada Pita,correg_pa_12_8_5,12-8-5-31
poblado_pa_12_8_5_34,Quebrada Vargas,correg_pa_12_8_5,12-8-5-34
poblado_pa_12_8_5_36,Rita Cuba o la Penca,correg_pa_12_8_5,12-8-5-36
poblado_pa_12_8_5_37,Santa Marta o Cabecera de Quebrada Arena,correg_pa_12_8_5,12-8-5-37
poblado_pa_12_8_5_38,Pueblo Santo o Santos,correg_pa_12_8_5,12-8-5-38
poblado_pa_12_8_5_39,Alto Peña,correg_pa_12_8_5,12-8-5-39
poblado_pa_12_8_5_40,Cabecera de Quebrada Arena,correg_pa_12_8_5,12-8-5-40
poblado_pa_12_8_5_41,Coclesito,correg_pa_12_8_5,12-8-5-41
poblado_pa_12_8_5_42,Loma Venado o Palmito (P),correg_pa_12_8_5,12-8-5-42
poblado_pa_12_8_5_43,Quebrada Conejo,correg_pa_12_8_5,12-8-5-43
poblado_pa_12_8_5_44,Alto el Burro,correg_pa_12_8_5,12-8-5-44
poblado_pa_12_8_5_45,Buena Vista,correg_pa_12_8_5,12-8-5-45
poblado_pa_12_8_5_46,La Conga (P),correg_pa_12_8_5,12-8-5-46
poblado_pa_12_8_5_47,La Unión,correg_pa_12_8_5,12-8-5-47
poblado_pa_12_8_5_48,Loma Chaparro,correg_pa_12_8_5,12-8-5-48
poblado_pa_12_8_5_49,Norteño Arriba,correg_pa_12_8_5,12-8-5-49
poblado_pa_12_8_5_51,Las Cañas (P),correg_pa_12_8_5,12-8-5-51
poblado_pa_12_8_5_52,Alto Belén,correg_pa_12_8_5,12-8-5-52
poblado_pa_12_8_5_53,Alto Chorro,correg_pa_12_8_5,12-8-5-53
poblado_pa_12_8_5_54,Alto Chorro Arriba,correg_pa_12_8_5,12-8-5-54
poblado_pa_12_8_5_55,Alto la Gloria,correg_pa_12_8_5,12-8-5-55
poblado_pa_12_8_5_56,Alto Mayo,correg_pa_12_8_5,12-8-5-56
poblado_pa_12_8_5_57,Alto Norteño,correg_pa_12_8_5,12-8-5-57
poblado_pa_12_8_5_58,Alto Tigre,correg_pa_12_8_5,12-8-5-58
poblado_pa_12_8_5_59,Bajo Mono,correg_pa_12_8_5,12-8-5-59
poblado_pa_12_8_5_60,Cerro Pava,correg_pa_12_8_5,12-8-5-60
poblado_pa_12_8_5_61,El Capricho,correg_pa_12_8_5,12-8-5-61
poblado_pa_12_9_1_1,Boca de Aguacate,correg_pa_12_9_1,12-9-1-1
poblado_pa_12_9_1_2,Aguacate,correg_pa_12_9_1,12-9-1-2
poblado_pa_12_9_1_3,Aguacate Arriba,correg_pa_12_9_1,12-9-1-3
poblado_pa_12_9_1_5,Boca Chúcara (P),correg_pa_12_9_1,12-9-1-5
poblado_pa_12_9_1_8,Boca de Chonte,correg_pa_12_9_1,12-9-1-8
poblado_pa_12_9_1_9,Boca de Toncri,correg_pa_12_9_1,12-9-1-9
poblado_pa_12_9_1_11,Cahuita,correg_pa_12_9_1,12-9-1-11
poblado_pa_12_9_1_12,Boca de Caloveborita (P),correg_pa_12_9_1,12-9-1-12
poblado_pa_12_9_1_19,Cerro Marañón,correg_pa_12_9_1,12-9-1-19
poblado_pa_12_9_1_22,Quebrada Caño,correg_pa_12_9_1,12-9-1-22
poblado_pa_12_9_1_29,Chumbulun,correg_pa_12_9_1,12-9-1-29
poblado_pa_12_9_1_30,El Cuay,correg_pa_12_9_1,12-9-1-30
poblado_pa_12_9_1_33,Charco el Lagarto o el Lagarto,correg_pa_12_9_1,12-9-1-33
poblado_pa_12_9_1_37,La Laja,correg_pa_12_9_1,12-9-1-37
poblado_pa_12_9_1_38,Limón,correg_pa_12_9_1,12-9-1-38
poblado_pa_12_9_1_39,Limoncito,correg_pa_12_9_1,12-9-1-39
poblado_pa_12_9_1_48,Quebrada Ahogada,correg_pa_12_9_1,12-9-1-48
poblado_pa_12_9_1_50,Quebrada Cerca,correg_pa_12_9_1,12-9-1-50
poblado_pa_12_9_1_51,Quebrada Flores,correg_pa_12_9_1,12-9-1-51
poblado_pa_12_9_1_60,Raisal (P),correg_pa_12_9_1,12-9-1-60
poblado_pa_12_9_1_63,Río Dajao,correg_pa_12_9_1,12-9-1-63
poblado_pa_12_9_1_68,Santa Catalina o Calovébora,correg_pa_12_9_1,12-9-1-68
poblado_pa_12_9_1_69,Segunda Corriente (P),correg_pa_12_9_1,12-9-1-69
poblado_pa_12_9_1_70,San Soledad,correg_pa_12_9_1,12-9-1-70
poblado_pa_12_9_1_74,Zaragoza,correg_pa_12_9_1,12-9-1-74
poblado_pa_12_9_1_77,Quebrada Sardinilla,correg_pa_12_9_1,12-9-1-77
poblado_pa_12_9_1_78,Loma de Chelele,correg_pa_12_9_1,12-9-1-78
poblado_pa_12_9_1_80,Santa Catalina Arriba o Quebrada Catalina,correg_pa_12_9_1,12-9-1-80
poblado_pa_12_9_1_82,Boca del Caño,correg_pa_12_9_1,12-9-1-82
poblado_pa_12_9_1_83,El Terrón o Terrón,correg_pa_12_9_1,12-9-1-83
poblado_pa_12_9_1_84,Los Cedros,correg_pa_12_9_1,12-9-1-84
poblado_pa_12_9_1_92,La Palizada,correg_pa_12_9_1,12-9-1-92
poblado_pa_12_9_1_93,Remolino,correg_pa_12_9_1,12-9-1-93
poblado_pa_12_9_1_94,Aguacate No. 2,correg_pa_12_9_1,12-9-1-94
poblado_pa_12_9_1_95,Los Primitivos,correg_pa_12_9_1,12-9-1-95
poblado_pa_12_9_1_96,Boca del Mango,correg_pa_12_9_1,12-9-1-96
poblado_pa_12_9_1_100,Punta Santana,correg_pa_12_9_1,12-9-1-100
poblado_pa_12_9_1_101,Quebrada Hacha,correg_pa_12_9_1,12-9-1-101
poblado_pa_12_9_1_103,Loma Pava,correg_pa_12_9_1,12-9-1-103
poblado_pa_12_9_1_108,Boca de Cahuita,correg_pa_12_9_1,12-9-1-108
poblado_pa_12_9_1_114,Pedregoso,correg_pa_12_9_1,12-9-1-114
poblado_pa_12_9_1_123,Llano Piña,correg_pa_12_9_1,12-9-1-123
poblado_pa_12_9_1_133,Cerro Baquenque,correg_pa_12_9_1,12-9-1-133
poblado_pa_12_9_1_141,La Zaragoza,correg_pa_12_9_1,12-9-1-141
poblado_pa_12_9_1_146,Alto Cuay,correg_pa_12_9_1,12-9-1-146
poblado_pa_12_9_1_147,Alto Chonte,correg_pa_12_9_1,12-9-1-147
poblado_pa_12_9_1_148,Alto Piña,correg_pa_12_9_1,12-9-1-148
poblado_pa_12_9_1_149,Boquete,correg_pa_12_9_1,12-9-1-149
poblado_pa_12_9_1_152,Cerro Mono,correg_pa_12_9_1,12-9-1-152
poblado_pa_12_9_1_154,Lavadores,correg_pa_12_9_1,12-9-1-154
poblado_pa_12_9_1_155,Paso Hondo (P),correg_pa_12_9_1,12-9-1-155
poblado_pa_12_9_1_156,Recodo del Mero,correg_pa_12_9_1,12-9-1-156
poblado_pa_12_9_1_158,Boca de Terrón,correg_pa_12_9_1,12-9-1-158
poblado_pa_12_9_1_159,Cahuita Arriba,correg_pa_12_9_1,12-9-1-159
poblado_pa_12_9_1_160,Caño Escondido,correg_pa_12_9_1,12-9-1-160
poblado_pa_12_9_1_161,Casa Grande o Cerro Casa,correg_pa_12_9_1,12-9-1-161
poblado_pa_12_9_1_163,La Pista,correg_pa_12_9_1,12-9-1-163
poblado_pa_12_9_1_164,Quebrada Ahogada No. 2,correg_pa_12_9_1,12-9-1-164
poblado_pa_12_9_1_165,Terrón Arriba,correg_pa_12_9_1,12-9-1-165
poblado_pa_12_9_1_166,Alto Jira,correg_pa_12_9_1,12-9-1-166
poblado_pa_12_9_1_167,Loma Chonte,correg_pa_12_9_1,12-9-1-167
poblado_pa_12_9_1_168,Loma Chonte Abajo,correg_pa_12_9_1,12-9-1-168
poblado_pa_12_9_1_169,Cerro Mango,correg_pa_12_9_1,12-9-1-169
poblado_pa_12_9_1_170,Guagarita,correg_pa_12_9_1,12-9-1-170
poblado_pa_12_9_2_1,Alto Jujuca,correg_pa_12_9_2,12-9-2-1
poblado_pa_12_9_2_2,Boca de Río Grande o Nueva Esperanza (P),correg_pa_12_9_2,12-9-2-2
poblado_pa_12_9_2_3,Cabreño,correg_pa_12_9_2,12-9-2-3
poblado_pa_12_9_2_4,Carricillal o Quebrada Carricillal,correg_pa_12_9_2,12-9-2-4
poblado_pa_12_9_2_5,Quebrada Dajao,correg_pa_12_9_2,12-9-2-5
poblado_pa_12_9_2_6,Guacamaya o Río Guacamaya,correg_pa_12_9_2,12-9-2-6
poblado_pa_12_9_2_7,Palmar o Río Palmar o Quebrada Palmar,correg_pa_12_9_2,12-9-2-7
poblado_pa_12_9_2_8,Paso Gatus (P),correg_pa_12_9_2,12-9-2-8
poblado_pa_12_9_2_9,Río Grande o Pajonal (P),correg_pa_12_9_2,12-9-2-9
poblado_pa_12_9_2_10,Río Luis (P),correg_pa_12_9_2,12-9-2-10
poblado_pa_12_9_2_11,Río Luisito,correg_pa_12_9_2,12-9-2-11
poblado_pa_12_9_2_12,Valle Bonito (P),correg_pa_12_9_2,12-9-2-12
poblado_pa_12_9_2_13,Alto Cedro,correg_pa_12_9_2,12-9-2-13
poblado_pa_12_9_2_14,Bajo Cedro,correg_pa_12_9_2,12-9-2-14
poblado_pa_12_9_2_15,Cerro Pajarito,correg_pa_12_9_2,12-9-2-15
poblado_pa_12_9_2_16,Alto Piña,correg_pa_12_9_2,12-9-2-16
poblado_pa_12_9_2_17,Cabecera de Quebrada Javilla,correg_pa_12_9_2,12-9-2-17
poblado_pa_12_9_2_18,Cerro Cacao,correg_pa_12_9_2,12-9-2-18
poblado_pa_12_9_2_19,Cerro Pájaro,correg_pa_12_9_2,12-9-2-19
poblado_pa_12_9_2_20,Cerro Pita,correg_pa_12_9_2,12-9-2-20
poblado_pa_12_9_2_21,Río Luis Bravo,correg_pa_12_9_2,12-9-2-21
poblado_pa_12_9_3_3,Caracol No. 2,correg_pa_12_9_3,12-9-3-3
poblado_pa_12_9_3_5,Cerro Batea,correg_pa_12_9_3,12-9-3-5
poblado_pa_12_9_3_6,Cerro Caucho,correg_pa_12_9_3,12-9-3-6
poblado_pa_12_9_3_7,Cerro Coco o Cerro Caña Brava,correg_pa_12_9_3,12-9-3-7
poblado_pa_12_9_3_8,Cerro Congo,correg_pa_12_9_3,12-9-3-8
poblado_pa_12_9_3_9,Cerro Gloria,correg_pa_12_9_3,12-9-3-9
poblado_pa_12_9_3_10,Cerro Lucero,correg_pa_12_9_3,12-9-3-10
poblado_pa_12_9_3_11,Cerro Piragual,correg_pa_12_9_3,12-9-3-11
poblado_pa_12_9_3_12,Cerro Tulivieja o Cerro Miel,correg_pa_12_9_3,12-9-3-12
poblado_pa_12_9_3_14,Cerro Cocuyo,correg_pa_12_9_3,12-9-3-14
poblado_pa_12_9_3_15,Charco Humo,correg_pa_12_9_3,12-9-3-15
poblado_pa_12_9_3_17,El Común,correg_pa_12_9_3,12-9-3-17
poblado_pa_12_9_3_18,Jebule,correg_pa_12_9_3,12-9-3-18
poblado_pa_12_9_3_19,Loma Yuca,correg_pa_12_9_3,12-9-3-19
poblado_pa_12_9_3_21,Llano Arena o Llano Arenal,correg_pa_12_9_3,12-9-3-21
poblado_pa_12_9_3_22,Llano Macho o Llano Caño,correg_pa_12_9_3,12-9-3-22
poblado_pa_12_9_3_23,Llano Morales o Llano Mora,correg_pa_12_9_3,12-9-3-23
poblado_pa_12_9_3_24,Llano Piragua,correg_pa_12_9_3,12-9-3-24
poblado_pa_12_9_3_25,Llano Piragual,correg_pa_12_9_3,12-9-3-25
poblado_pa_12_9_3_27,Llano Naranjal o Naranjo,correg_pa_12_9_3,12-9-3-27
poblado_pa_12_9_3_28,Paso de Chonte,correg_pa_12_9_3,12-9-3-28
poblado_pa_12_9_3_29,Llano Piedra o Piedra Fogón,correg_pa_12_9_3,12-9-3-29
poblado_pa_12_9_3_30,Piedra Grande,correg_pa_12_9_3,12-9-3-30
poblado_pa_12_9_3_31,Quebrada Arenal,correg_pa_12_9_3,12-9-3-31
poblado_pa_12_9_3_33,Quebrada Pájaro o Loma Macho,correg_pa_12_9_3,12-9-3-33
poblado_pa_12_9_3_34,Río Corrales o Alto de Corrales,correg_pa_12_9_3,12-9-3-34
poblado_pa_12_9_3_36,Barranco,correg_pa_12_9_3,12-9-3-36
poblado_pa_12_9_3_37,Bella Cruz,correg_pa_12_9_3,12-9-3-37
poblado_pa_12_9_3_38,Boca de Chonte Arriba,correg_pa_12_9_3,12-9-3-38
poblado_pa_12_9_3_39,Llano Bonito,correg_pa_12_9_3,12-9-3-39
poblado_pa_12_9_3_40,Llano Molejones,correg_pa_12_9_3,12-9-3-40
poblado_pa_12_9_3_41,Pensante,correg_pa_12_9_3,12-9-3-41
poblado_pa_12_9_3_42,Quebrada Camarón,correg_pa_12_9_3,12-9-3-42
poblado_pa_12_9_3_44,Quebrada Jujuna,correg_pa_12_9_3,12-9-3-44
poblado_pa_12_9_3_45,Virulí,correg_pa_12_9_3,12-9-3-45
poblado_pa_12_9_4_1,Alto de Caña Blanca,correg_pa_12_9_4,12-9-4-1
poblado_pa_12_9_4_2,Alto Guayabo,correg_pa_12_9_4,12-9-4-2
poblado_pa_12_9_4_3,Alto Pita o Cerro Pita,correg_pa_12_9_4,12-9-4-3
poblado_pa_12_9_4_4,Barrancón,correg_pa_12_9_4,12-9-4-4
poblado_pa_12_9_4_5,Boca Chúcara (P),correg_pa_12_9_4,12-9-4-5
poblado_pa_12_9_4_6,Cabeza de Caño,correg_pa_12_9_4,12-9-4-6
poblado_pa_12_9_4_7,Caña Blanca,correg_pa_12_9_4,12-9-4-7
poblado_pa_12_9_4_8,Caña Visto,correg_pa_12_9_4,12-9-4-8
poblado_pa_12_9_4_9,Caracol No. 1,correg_pa_12_9_4,12-9-4-9
poblado_pa_12_9_4_10,Cerro Loro,correg_pa_12_9_4,12-9-4-10
poblado_pa_12_9_4_11,Cerro Molino,correg_pa_12_9_4,12-9-4-11
poblado_pa_12_9_4_12,Cerro Piña,correg_pa_12_9_4,12-9-4-12
poblado_pa_12_9_4_13,Chelele,correg_pa_12_9_4,12-9-4-13
poblado_pa_12_9_4_14,Chelele Arriba,correg_pa_12_9_4,12-9-4-14
poblado_pa_12_9_4_15,El Guabo,correg_pa_12_9_4,12-9-4-15
poblado_pa_12_9_4_16,Guabo Arriba,correg_pa_12_9_4,12-9-4-16
poblado_pa_12_9_4_17,Llano Gato,correg_pa_12_9_4,12-9-4-17
poblado_pa_12_9_4_18,Loma Chucara,correg_pa_12_9_4,12-9-4-18
poblado_pa_12_9_4_19,Mango,correg_pa_12_9_4,12-9-4-19
poblado_pa_12_9_4_20,Miramar,correg_pa_12_9_4,12-9-4-20
poblado_pa_12_9_4_21,Palo Blanco,correg_pa_12_9_4,12-9-4-21
poblado_pa_12_9_4_22,Playa de San Pedro,correg_pa_12_9_4,12-9-4-22
poblado_pa_12_9_4_23,Quebrada Bonita,correg_pa_12_9_4,12-9-4-23
poblado_pa_12_9_4_24,Quebrada Camarón,correg_pa_12_9_4,12-9-4-24
poblado_pa_12_9_4_25,Quebrada Guabo Arriba,correg_pa_12_9_4,12-9-4-25
poblado_pa_12_9_4_26,Quebrada Mono,correg_pa_12_9_4,12-9-4-26
poblado_pa_12_9_4_27,Quebrada Peña,correg_pa_12_9_4,12-9-4-27
poblado_pa_12_9_4_28,Quimpanpan,correg_pa_12_9_4,12-9-4-28
poblado_pa_12_9_4_29,Raisal (P),correg_pa_12_9_4,12-9-4-29
poblado_pa_12_9_4_30,Ramas del Guabo,correg_pa_12_9_4,12-9-4-30
poblado_pa_12_9_4_31,Río Murciélago,correg_pa_12_9_4,12-9-4-31
poblado_pa_12_9_4_32,San Pedrito Abajo,correg_pa_12_9_4,12-9-4-32
poblado_pa_12_9_4_33,San Pedrito Arriba,correg_pa_12_9_4,12-9-4-33
poblado_pa_12_9_4_34,Segunda Corriente (P),correg_pa_12_9_4,12-9-4-34
poblado_pa_12_9_4_35,Cerro Macho,correg_pa_12_9_4,12-9-4-35
poblado_pa_12_9_4_36,Llano Bonito Arriba,correg_pa_12_9_4,12-9-4-36
poblado_pa_12_9_4_37,Nueva Esperanza,correg_pa_12_9_4,12-9-4-37
poblado_pa_12_9_4_38,Quebrada Guinea,correg_pa_12_9_4,12-9-4-38
poblado_pa_12_9_4_39,Río Piedra (P),correg_pa_12_9_4,12-9-4-39
poblado_pa_12_9_4_40,Vegate,correg_pa_12_9_4,12-9-4-40
poblado_pa_12_9_5_1,Alto Bilingüe,correg_pa_12_9_5,12-9-5-1
poblado_pa_12_9_5_5,Cerro Papayo,correg_pa_12_9_5,12-9-5-5
poblado_pa_12_9_5_7,Cerro Peñón No. 2,correg_pa_12_9_5,12-9-5-7
poblado_pa_12_9_5_10,Doguira,correg_pa_12_9_5,12-9-5-10
poblado_pa_12_9_5_13,Los Azules (P),correg_pa_12_9_5,12-9-5-13
poblado_pa_12_9_5_14,Palma de Hilar,correg_pa_12_9_5,12-9-5-14
poblado_pa_12_9_5_16,Paso Gatus (P),correg_pa_12_9_5,12-9-5-16
poblado_pa_12_9_5_18,Río Chelele,correg_pa_12_9_5,12-9-5-18
poblado_pa_12_9_5_19,Río Chico,correg_pa_12_9_5,12-9-5-19
poblado_pa_12_9_5_20,Río Grande o Pajonal (P),correg_pa_12_9_5,12-9-5-20
poblado_pa_12_9_5_22,Río Piedra o Boca de Río Piedra,correg_pa_12_9_5,12-9-5-22
poblado_pa_12_9_5_23,Río Tallo,correg_pa_12_9_5,12-9-5-23
poblado_pa_12_9_5_24,Valle Bonito (P),correg_pa_12_9_5,12-9-5-24
poblado_pa_12_9_5_27,Chelesito,correg_pa_12_9_5,12-9-5-27
poblado_pa_12_9_5_29,El Guabal (P),correg_pa_12_9_5,12-9-5-29
poblado_pa_12_9_5_30,Paso Vidrio,correg_pa_12_9_5,12-9-5-30
poblado_pa_12_9_5_31,Pata de Loma Grande (P),correg_pa_12_9_5,12-9-5-31
poblado_pa_12_9_5_32,Pedregal,correg_pa_12_9_5,12-9-5-32
poblado_pa_12_9_5_33,Quebrada Blanca,correg_pa_12_9_5,12-9-5-33
poblado_pa_12_9_5_34,Río Camarones,correg_pa_12_9_5,12-9-5-34
poblado_pa_12_9_5_36,Alto Escobillo,correg_pa_12_9_5,12-9-5-36
poblado_pa_12_9_5_37,Cerro Chivo,correg_pa_12_9_5,12-9-5-37
poblado_pa_12_9_5_38,Chelele,correg_pa_12_9_5,12-9-5-38
poblado_pa_12_9_5_39,Jujuca,correg_pa_12_9_5,12-9-5-39
poblado_pa_12_9_5_40,Río Negro,correg_pa_12_9_5,12-9-5-40
poblado_pa_12_9_5_41,Alto Chichica,correg_pa_12_9_5,12-9-5-41
poblado_pa_12_9_5_42,Cabuya,correg_pa_12_9_5,12-9-5-42
poblado_pa_12_9_5_43,Cerro Piña,correg_pa_12_9_5,12-9-5-43
poblado_pa_12_9_5_44,Llano Piedra,correg_pa_12_9_5,12-9-5-44
poblado_pa_12_9_5_45,Quebrada Jujuca,correg_pa_12_9_5,12-9-5-45
poblado_pa_13_1_1_1,Arraiján (P),correg_pa_13_1_1,13-1-1-1
poblado_pa_13_1_1_2,Burunga (P),correg_pa_13_1_1,13-1-1-2
poblado_pa_13_1_1_3,Cáceres (P),correg_pa_13_1_1,13-1-1-3
poblado_pa_13_1_1_4,Cerro Silvestre (P),correg_pa_13_1_1,13-1-1-4
poblado_pa_13_1_1_6,El Llano o 11 de Octubre,correg_pa_13_1_1,13-1-1-6
poblado_pa_13_1_1_9,La Mina (P),correg_pa_13_1_1,13-1-1-9
poblado_pa_13_1_1_30,El Valle de la Mina (P),correg_pa_13_1_1,13-1-1-30
poblado_pa_13_1_1_33,Las Colinas de Cáceres,correg_pa_13_1_1,13-1-1-33
poblado_pa_13_1_1_39,Finca Sangrilla,correg_pa_13_1_1,13-1-1-39
poblado_pa_13_1_1_40,Finca Villa Villa,correg_pa_13_1_1,13-1-1-40
poblado_pa_13_1_1_41,Loma de Piedra,correg_pa_13_1_1,13-1-1-41
poblado_pa_13_1_1_45,Quebrada Rica,correg_pa_13_1_1,13-1-1-45
poblado_pa_13_1_1_49,Cerro Cabra No. 2,correg_pa_13_1_1,13-1-1-49
poblado_pa_13_1_1_50,Rodman,correg_pa_13_1_1,13-1-1-50
poblado_pa_13_1_1_51,Monte Claro (P),correg_pa_13_1_1,13-1-1-51
poblado_pa_13_1_1_52,Vista Al Mar,correg_pa_13_1_1,13-1-1-52
poblado_pa_13_1_2_1,Cerro Tigre (P),correg_pa_13_1_4,13-1-2-1
poblado_pa_13_1_2_2,Chapala,correg_pa_13_1_4,13-1-2-2
poblado_pa_13_1_2_3,San Bernardino,correg_pa_13_1_4,13-1-2-3
poblado_pa_13_1_2_4,Hato Montaña Ciudad,correg_pa_13_1_4,13-1-2-4
poblado_pa_13_1_2_6,Nuevo Arraiján,correg_pa_13_1_4,13-1-2-6
poblado_pa_13_1_2_7,Nuevo Guararé,correg_pa_13_1_4,13-1-2-7
poblado_pa_13_1_2_8,Río Caimito,correg_pa_13_1_4,13-1-2-8
poblado_pa_13_1_2_9,San José,correg_pa_13_1_4,13-1-2-9
poblado_pa_13_1_2_11,El Copé,correg_pa_13_1_4,13-1-2-11
poblado_pa_13_1_2_15,Ciudad del Futuro,correg_pa_13_1_4,13-1-2-15
poblado_pa_13_1_2_16,Juncal (P),correg_pa_13_1_4,13-1-2-16
poblado_pa_13_1_2_19,Residencial Nuevo Arraiján,correg_pa_13_1_4,13-1-2-19
poblado_pa_13_1_2_25,Residencial Lago Emperador (P),correg_pa_13_1_4,13-1-2-25
poblado_pa_13_1_3_2,Ahoga Yegua,correg_pa_13_1_5,13-1-3-2
poblado_pa_13_1_3_3,Bernardino Arriba,correg_pa_13_1_5,13-1-3-3
poblado_pa_13_1_3_9,La Gloria,correg_pa_13_1_5,13-1-3-9
poblado_pa_13_1_3_10,Los Guabitos,correg_pa_13_1_5,13-1-3-10
poblado_pa_13_1_3_12,Nuevo Emperador,correg_pa_13_1_5,13-1-3-12
poblado_pa_13_1_3_14,Sacramento,correg_pa_13_1_5,13-1-3-14
poblado_pa_13_1_3_15,Serrano,correg_pa_13_1_5,13-1-3-15
poblado_pa_13_1_3_16,Santa Clara (P),correg_pa_13_1_5,13-1-3-16
poblado_pa_13_1_3_17,Cabecera de Río Potrero,correg_pa_13_1_5,13-1-3-17
poblado_pa_13_1_3_21,Monte Viejo,correg_pa_13_1_5,13-1-3-21
poblado_pa_13_1_3_22,Moscú (P),correg_pa_13_1_5,13-1-3-22
poblado_pa_13_1_3_27,Residencial Lago Emperador (P),correg_pa_13_1_5,13-1-3-27
poblado_pa_13_1_3_29,Hacienda Nuevo Emperador (P),correg_pa_13_1_5,13-1-3-29
poblado_pa_13_1_3_30,Juncal (P),correg_pa_13_1_5,13-1-3-30
poblado_pa_13_1_4_2,Huile,correg_pa_13_1_6,13-1-4-2
poblado_pa_13_1_4_3,Santa Clara (P),correg_pa_13_1_6,13-1-4-3
poblado_pa_13_1_5_3,Veracruz,correg_pa_13_1_7,13-1-5-3
poblado_pa_13_1_5_12,Cerro Cabra No. 1,correg_pa_13_1_7,13-1-5-12
poblado_pa_13_1_5_17,Howard,correg_pa_13_1_7,13-1-5-17
poblado_pa_13_1_5_18,Cerro Cabra Abajo,correg_pa_13_1_7,13-1-5-18
poblado_pa_13_1_5_22,Altos del Tecal,correg_pa_13_1_7,13-1-5-22
poblado_pa_13_1_5_23,Los Laureles,correg_pa_13_1_7,13-1-5-23
poblado_pa_13_1_5_24,Altos de Howard,correg_pa_13_1_7,13-1-5-24
poblado_pa_13_1_5_25,Panamá Pacífico,correg_pa_13_1_7,13-1-5-25
poblado_pa_13_1_5_26,Playa Bonita,correg_pa_13_1_7,13-1-5-26
poblado_pa_13_1_5_28,Altos de Buena Fe,correg_pa_13_1_7,13-1-5-28
poblado_pa_13_1_6_3,San Vicente de Bique (P),correg_pa_13_1_8,13-1-6-3
poblado_pa_13_1_6_4,Vista Alegre,correg_pa_13_1_8,13-1-6-4
poblado_pa_13_1_6_6,Ciudad Vacamonte (P),correg_pa_13_1_8,13-1-6-6
poblado_pa_13_1_6_10,Residencial Vista Alegre,correg_pa_13_1_8,13-1-6-10
poblado_pa_13_1_6_17,Playa Dorada,correg_pa_13_1_8,13-1-6-17
poblado_pa_13_1_6_19,Altos del Edén,correg_pa_13_1_8,13-1-6-19
poblado_pa_13_1_6_20,Los Uveritos,correg_pa_13_1_8,13-1-6-20
poblado_pa_13_1_6_21,Loma Village,correg_pa_13_1_8,13-1-6-21
poblado_pa_13_1_7_1,Arraiján (P),correg_pa_13_1_2,13-1-7-1
poblado_pa_13_1_7_2,Barriada 2000,correg_pa_13_1_2,13-1-7-2
poblado_pa_13_1_7_4,Barriada Omar Torrijos,correg_pa_13_1_2,13-1-7-4
poblado_pa_13_1_7_5,Burunga (P),correg_pa_13_1_2,13-1-7-5
poblado_pa_13_1_7_8,Palo Diferente,correg_pa_13_1_2,13-1-7-8
poblado_pa_13_1_7_12,Urbanización Colinas del Sol,correg_pa_13_1_2,13-1-7-12
poblado_pa_13_1_7_16,Altos de los Guayacanes,correg_pa_13_1_2,13-1-7-16
poblado_pa_13_1_7_17,Altos de Nueva Luz,correg_pa_13_1_2,13-1-7-17
poblado_pa_13_1_7_18,Carrizal,correg_pa_13_1_2,13-1-7-18
poblado_pa_13_1_7_19,Federico Brittón,correg_pa_13_1_2,13-1-7-19
poblado_pa_13_1_7_20,Nito Cortizo,correg_pa_13_1_2,13-1-7-20
poblado_pa_13_1_7_21,Río de Dios,correg_pa_13_1_2,13-1-7-21
poblado_pa_13_1_7_22,Villa Emanuel,correg_pa_13_1_2,13-1-7-22
poblado_pa_13_1_7_23,Villa Gosén,correg_pa_13_1_2,13-1-7-23
poblado_pa_13_1_7_24,Altos del Milagro,correg_pa_13_1_2,13-1-7-24
poblado_pa_13_1_7_25,Barriada 14 de Marzo,correg_pa_13_1_2,13-1-7-25
poblado_pa_13_1_8_1,Cáceres (P),correg_pa_13_1_3,13-1-8-1
poblado_pa_13_1_8_2,Cerro Tigre (P),correg_pa_13_1_3,13-1-8-2
poblado_pa_13_1_8_3,Cerro Silvestre (P),correg_pa_13_1_3,13-1-8-3
poblado_pa_13_1_8_4,Los Magallones,correg_pa_13_1_3,13-1-8-4
poblado_pa_13_1_8_5,El Valle de la Mina (P),correg_pa_13_1_3,13-1-8-5
poblado_pa_13_1_8_6,La Constancia,correg_pa_13_1_3,13-1-8-6
poblado_pa_13_1_8_7,La Mina (P),correg_pa_13_1_3,13-1-8-7
poblado_pa_13_1_8_8,La Playita de Bique,correg_pa_13_1_3,13-1-8-8
poblado_pa_13_1_8_9,Monte Claro (P),correg_pa_13_1_3,13-1-8-9
poblado_pa_13_1_8_11,Río Potrero,correg_pa_13_1_3,13-1-8-11
poblado_pa_13_1_8_12,San Vicente de Bique (P),correg_pa_13_1_3,13-1-8-12
poblado_pa_13_1_8_13,Urbanización Nuevo Chorrillo,correg_pa_13_1_3,13-1-8-13
poblado_pa_13_1_8_14,La Constancia No. 2,correg_pa_13_1_3,13-1-8-14
poblado_pa_13_1_8_15,Residencial Princesa Mía,correg_pa_13_1_3,13-1-8-15
poblado_pa_13_1_8_16,Luces del Alba,correg_pa_13_1_3,13-1-8-16
poblado_pa_13_1_8_17,La Toscana Real,correg_pa_13_1_3,13-1-8-17
poblado_pa_13_1_8_18,Milagro de Dios,correg_pa_13_1_3,13-1-8-18
poblado_pa_13_1_9_1,Ciudad Vacamonte (P),correg_pa_13_1_9,13-1-9-1
poblado_pa_13_1_9_2,La Hacienda,correg_pa_13_1_9,13-1-9-2
poblado_pa_13_1_9_3,Playa Manzanillo,correg_pa_13_1_9,13-1-9-3
poblado_pa_13_3_1_2,Capira,correg_pa_13_2_1,13-3-1-2
poblado_pa_13_3_1_3,Cerro Cermeño,correg_pa_13_2_1,13-3-1-3
poblado_pa_13_3_1_4,El Alto de Capira,correg_pa_13_2_1,13-3-1-4
poblado_pa_13_3_1_9,El Macano,correg_pa_13_2_1,13-3-1-9
poblado_pa_13_3_1_10,El Palmar o Palmas Bellas (P),correg_pa_13_2_1,13-3-1-10
poblado_pa_13_3_1_11,El Rodeo,correg_pa_13_2_1,13-3-1-11
poblado_pa_13_3_1_13,La Teodora,correg_pa_13_2_1,13-3-1-13
poblado_pa_13_3_1_14,Llano de Santa Rosa,correg_pa_13_2_1,13-3-1-14
poblado_pa_13_3_1_19,El Polanco (P),correg_pa_13_2_1,13-3-1-19
poblado_pa_13_3_1_22,Agua Buena (P),correg_pa_13_2_1,13-3-1-22
poblado_pa_13_3_1_23,Cermeño (P),correg_pa_13_2_1,13-3-1-23
poblado_pa_13_3_1_24,La Coroza o Perequeté,correg_pa_13_2_1,13-3-1-24
poblado_pa_13_3_1_25,El Bajo o Monte Oscuro Abajo,correg_pa_13_2_1,13-3-1-25
poblado_pa_13_3_1_27,El Peñón,correg_pa_13_2_1,13-3-1-27
poblado_pa_13_3_1_28,Finca el Mamey,correg_pa_13_2_1,13-3-1-28
poblado_pa_13_3_1_29,Campana (P),correg_pa_13_2_1,13-3-1-29
poblado_pa_13_3_1_30,San Cristóbal,correg_pa_13_2_1,13-3-1-30
poblado_pa_13_3_1_31,Sardinilla,correg_pa_13_2_1,13-3-1-31
poblado_pa_13_3_1_32,Residencial Villas Monte Rosse,correg_pa_13_2_1,13-3-1-32
poblado_pa_13_3_2_1,Caimito,correg_pa_13_2_2,13-3-2-1
poblado_pa_13_3_2_2,Cañazas (P),correg_pa_13_2_2,13-3-2-2
poblado_pa_13_3_2_4,El Loro,correg_pa_13_2_2,13-3-2-4
poblado_pa_13_3_2_5,Florida Arriba,correg_pa_13_2_2,13-3-2-5
poblado_pa_13_3_2_8,Quebrada Grande (P),correg_pa_13_2_2,13-3-2-8
poblado_pa_13_3_2_9,Cañas Blancas (P),correg_pa_13_2_2,13-3-2-9
poblado_pa_13_3_2_10,La Valdeza,correg_pa_13_2_2,13-3-2-10
poblado_pa_13_3_2_11,Caimito Arriba o el Caraño,correg_pa_13_2_2,13-3-2-11
poblado_pa_13_3_2_13,Caimitillo (P),correg_pa_13_2_2,13-3-2-13
poblado_pa_13_3_2_14,Trinidad de las Minas (P),correg_pa_13_2_2,13-3-2-14
poblado_pa_13_3_2_15,Bajo Cigual (P),correg_pa_13_2_2,13-3-2-15
poblado_pa_13_3_3_1,Alto de Campana,correg_pa_13_2_3,13-3-3-1
poblado_pa_13_3_3_2,Bajada de Campana,correg_pa_13_2_3,13-3-3-2
poblado_pa_13_3_3_6,Campana (P),correg_pa_13_2_3,13-3-3-6
poblado_pa_13_3_3_7,Cerro Campana,correg_pa_13_2_3,13-3-3-7
poblado_pa_13_3_3_10,El Limón,correg_pa_13_2_3,13-3-3-10
poblado_pa_13_3_3_12,La Caja de Agua,correg_pa_13_2_3,13-3-3-12
poblado_pa_13_3_3_13,Los Llanitos,correg_pa_13_2_3,13-3-3-13
poblado_pa_13_3_3_14,Sajalices (P),correg_pa_13_2_3,13-3-3-14
poblado_pa_13_3_3_15,El Cangrejal,correg_pa_13_2_3,13-3-3-15
poblado_pa_13_3_3_17,La Gloria,correg_pa_13_2_3,13-3-3-17
poblado_pa_13_3_4_3,Mandinga,correg_pa_13_2_4,13-3-4-3
poblado_pa_13_3_4_4,Cermeño (P),correg_pa_13_2_4,13-3-4-4
poblado_pa_13_3_4_5,Cruces,correg_pa_13_2_4,13-3-4-5
poblado_pa_13_3_4_7,El Cermeñito,correg_pa_13_2_4,13-3-4-7
poblado_pa_13_3_4_9,Isla Taborcillo,correg_pa_13_2_4,13-3-4-9
poblado_pa_13_3_4_15,Monte Oscuro Arriba o Llano de las Damas,correg_pa_13_2_4,13-3-4-15
poblado_pa_13_3_4_16,Majagual,correg_pa_13_2_4,13-3-4-16
poblado_pa_13_3_4_19,Monte Oscuro,correg_pa_13_2_4,13-3-4-19
poblado_pa_13_3_4_26,Playa el Coco,correg_pa_13_2_4,13-3-4-26
poblado_pa_13_3_4_27,Puerto de Capira,correg_pa_13_2_4,13-3-4-27
poblado_pa_13_3_4_28,Puerto Estacio,correg_pa_13_2_4,13-3-4-28
poblado_pa_13_3_4_29,Quebrada Grande,correg_pa_13_2_4,13-3-4-29
poblado_pa_13_3_4_31,Tembladera,correg_pa_13_2_4,13-3-4-31
poblado_pa_13_3_4_32,La Chapa,correg_pa_13_2_4,13-3-4-32
poblado_pa_13_3_4_34,Chichical,correg_pa_13_2_4,13-3-4-34
poblado_pa_13_3_4_36,Platanares,correg_pa_13_2_4,13-3-4-36
poblado_pa_13_3_5_1,Alto del Naranjo,correg_pa_13_2_5,13-3-5-1
poblado_pa_13_3_5_3,Boca de la Quebrada las Lajas,correg_pa_13_2_5,13-3-5-3
poblado_pa_13_3_5_6,Cerro el Clavo,correg_pa_13_2_5,13-3-5-6
poblado_pa_13_3_5_8,Cirí de los Sotos,correg_pa_13_2_5,13-3-5-8
poblado_pa_13_3_5_10,Dos Aguas,correg_pa_13_2_5,13-3-5-10
poblado_pa_13_3_5_12,Nuevo Paraíso,correg_pa_13_2_5,13-3-5-12
poblado_pa_13_3_5_13,La Bonga o el Cruce,correg_pa_13_2_5,13-3-5-13
poblado_pa_13_3_5_15,La Encantada,correg_pa_13_2_5,13-3-5-15
poblado_pa_13_3_5_16,Las Lajas (P),correg_pa_13_2_5,13-3-5-16
poblado_pa_13_3_5_17,Los Chorros,correg_pa_13_2_5,13-3-5-17
poblado_pa_13_3_5_18,La Hamaca,correg_pa_13_2_5,13-3-5-18
poblado_pa_13_3_5_19,Los Uveros (P),correg_pa_13_2_5,13-3-5-19
poblado_pa_13_3_5_20,Los Uveros Arriba,correg_pa_13_2_5,13-3-5-20
poblado_pa_13_3_5_22,Quebrada el Bateal,correg_pa_13_2_5,13-3-5-22
poblado_pa_13_3_5_23,Quebrada la Candilera,correg_pa_13_2_5,13-3-5-23
poblado_pa_13_3_5_24,Quebrada la Conga Arriba,correg_pa_13_2_5,13-3-5-24
poblado_pa_13_3_5_28,Pueblo Nuevo (P),correg_pa_13_2_5,13-3-5-28
poblado_pa_13_3_5_29,Tres Hermanas,correg_pa_13_2_5,13-3-5-29
poblado_pa_13_3_5_30,Tres Hermanas Arriba,correg_pa_13_2_5,13-3-5-30
poblado_pa_13_3_5_31,Venado,correg_pa_13_2_5,13-3-5-31
poblado_pa_13_3_5_32,El Hinojal Arriba,correg_pa_13_2_5,13-3-5-32
poblado_pa_13_3_5_33,El Saíno,correg_pa_13_2_5,13-3-5-33
poblado_pa_13_3_5_34,Nuevo Progreso,correg_pa_13_2_5,13-3-5-34
poblado_pa_13_3_5_35,Puerto Ciricito,correg_pa_13_2_5,13-3-5-35
poblado_pa_13_3_5_36,Quebrada la Conga Abajo,correg_pa_13_2_5,13-3-5-36
poblado_pa_13_3_5_38,Barriada San Antonio,correg_pa_13_2_5,13-3-5-38
poblado_pa_13_3_6_4,Arenas Blancas (P),correg_pa_13_2_6,13-3-6-4
poblado_pa_13_3_6_6,El Cedro,correg_pa_13_2_6,13-3-6-6
poblado_pa_13_3_6_9,Caracolar,correg_pa_13_2_6,13-3-6-9
poblado_pa_13_3_6_12,Ciricito Arriba,correg_pa_13_2_6,13-3-6-12
poblado_pa_13_3_6_13,Santa Fe,correg_pa_13_2_6,13-3-6-13
poblado_pa_13_3_6_15,Río Indio Centro,correg_pa_13_2_6,13-3-6-15
poblado_pa_13_3_6_20,Gasparillal (P),correg_pa_13_2_6,13-3-6-20
poblado_pa_13_3_6_23,Escobalito,correg_pa_13_2_6,13-3-6-23
poblado_pa_13_3_6_24,Jordanal,correg_pa_13_2_6,13-3-6-24
poblado_pa_13_3_6_26,La Bonga Abajo,correg_pa_13_2_6,13-3-6-26
poblado_pa_13_3_6_27,La Bonga Arriba o los Negros,correg_pa_13_2_6,13-3-6-27
poblado_pa_13_3_6_29,Teria,correg_pa_13_2_6,13-3-6-29
poblado_pa_13_3_6_30,La Gaita Abajo,correg_pa_13_2_6,13-3-6-30
poblado_pa_13_3_6_31,La Gaita Arriba,correg_pa_13_2_6,13-3-6-31
poblado_pa_13_3_6_38,Las Claras Arriba,correg_pa_13_2_6,13-3-6-38
poblado_pa_13_3_6_43,Malganao,correg_pa_13_2_6,13-3-6-43
poblado_pa_13_3_6_45,Membrillar (P),correg_pa_13_2_6,13-3-6-45
poblado_pa_13_3_6_50,Quebrada Escobal,correg_pa_13_2_6,13-3-6-50
poblado_pa_13_3_6_51,Quebrada la Pita (P),correg_pa_13_2_6,13-3-6-51
poblado_pa_13_3_6_60,Río Indio de los Chorros,correg_pa_13_2_6,13-3-6-60
poblado_pa_13_3_6_61,Teria Nacimiento o Teria Arriba (P),correg_pa_13_2_6,13-3-6-61
poblado_pa_13_3_6_65,Bajo Grande,correg_pa_13_2_6,13-3-6-65
poblado_pa_13_3_6_68,La Bonga Centro,correg_pa_13_2_6,13-3-6-68
poblado_pa_13_3_6_71,Río Indio Nacimiento,correg_pa_13_2_6,13-3-6-71
poblado_pa_13_3_6_72,Pacorita,correg_pa_13_2_6,13-3-6-72
poblado_pa_13_3_6_73,Boca de Escobal,correg_pa_13_2_6,13-3-6-73
poblado_pa_13_3_6_74,Cerro San Andrés,correg_pa_13_2_6,13-3-6-74
poblado_pa_13_3_6_75,Arenilla,correg_pa_13_2_6,13-3-6-75
poblado_pa_13_3_6_78,La Conga,correg_pa_13_2_6,13-3-6-78
poblado_pa_13_3_6_79,Cirí Grande (P),correg_pa_13_2_6,13-3-6-79
poblado_pa_13_3_6_81,La Conga Arriba,correg_pa_13_2_6,13-3-6-81
poblado_pa_13_3_6_83,Teriacito,correg_pa_13_2_6,13-3-6-83
poblado_pa_13_3_6_84,La Bonguita,correg_pa_13_2_6,13-3-6-84
poblado_pa_13_3_6_85,El Harino,correg_pa_13_2_6,13-3-6-85
poblado_pa_13_3_6_88,Ciricito Abajo,correg_pa_13_2_6,13-3-6-88
poblado_pa_13_3_6_89,Las Negritas (P),correg_pa_13_2_6,13-3-6-89
poblado_pa_13_3_6_90,Altos del María (P),correg_pa_13_2_6,13-3-6-90
poblado_pa_13_3_7_1,Alto de Cirí,correg_pa_13_2_7,13-3-7-1
poblado_pa_13_3_7_5,Cirí Grande (P),correg_pa_13_2_7,13-3-7-5
poblado_pa_13_3_7_6,El Chileno,correg_pa_13_2_7,13-3-7-6
poblado_pa_13_3_7_7,Aguacate Arriba,correg_pa_13_2_7,13-3-7-7
poblado_pa_13_3_7_8,El Cacao,correg_pa_13_2_7,13-3-7-8
poblado_pa_13_3_7_10,Bajo Bonito,correg_pa_13_2_7,13-3-7-10
poblado_pa_13_3_7_11,El Limón,correg_pa_13_2_7,13-3-7-11
poblado_pa_13_3_7_12,El Jagua,correg_pa_13_2_7,13-3-7-12
poblado_pa_13_3_7_13,Las Tinajas,correg_pa_13_2_7,13-3-7-13
poblado_pa_13_3_7_14,El Cauchal o los Cauchales (P),correg_pa_13_2_7,13-3-7-14
poblado_pa_13_3_7_15,Las Negritas (P),correg_pa_13_2_7,13-3-7-15
poblado_pa_13_3_7_18,Mata Palo o Altamira,correg_pa_13_2_7,13-3-7-18
poblado_pa_13_3_7_20,Piragual,correg_pa_13_2_7,13-3-7-20
poblado_pa_13_3_7_22,Trinidad Arriba,correg_pa_13_2_7,13-3-7-22
poblado_pa_13_3_7_23,Trinidad de las Minas (P),correg_pa_13_2_7,13-3-7-23
poblado_pa_13_3_7_24,Trinidad de los Cerros o el Cruce,correg_pa_13_2_7,13-3-7-24
poblado_pa_13_3_7_27,Vista Alegre,correg_pa_13_2_7,13-3-7-27
poblado_pa_13_3_7_28,Cirí Grande Arriba,correg_pa_13_2_7,13-3-7-28
poblado_pa_13_3_7_31,Los Raudales,correg_pa_13_2_7,13-3-7-31
poblado_pa_13_3_7_32,Ciricito Arriba No. 1,correg_pa_13_2_7,13-3-7-32
poblado_pa_13_3_7_33,Teria Nacimiento o Teria Arriba (P),correg_pa_13_2_7,13-3-7-33
poblado_pa_13_3_7_34,Ciricito Arriba No. 2,correg_pa_13_2_7,13-3-7-34
poblado_pa_13_3_7_35,Quebrada el Nance,correg_pa_13_2_7,13-3-7-35
poblado_pa_13_3_7_36,Peña Blanca,correg_pa_13_2_7,13-3-7-36
poblado_pa_13_3_7_37,La Tambora,correg_pa_13_2_7,13-3-7-37
poblado_pa_13_3_7_38,Cacaito,correg_pa_13_2_7,13-3-7-38
poblado_pa_13_3_7_39,Yerba Buena,correg_pa_13_2_7,13-3-7-39
poblado_pa_13_3_7_40,Arenal,correg_pa_13_2_7,13-3-7-40
poblado_pa_13_3_7_41,El Nazareno o los Rincones,correg_pa_13_2_7,13-3-7-41
poblado_pa_13_3_7_42,La Gloria,correg_pa_13_2_7,13-3-7-42
poblado_pa_13_3_7_43,Nueva Peña Blanca,correg_pa_13_2_7,13-3-7-43
poblado_pa_13_3_7_44,Membrillar (P),correg_pa_13_2_7,13-3-7-44
poblado_pa_13_3_7_46,Los Verdes,correg_pa_13_2_7,13-3-7-46
poblado_pa_13_3_7_47,Valloli (P),correg_pa_13_2_7,13-3-7-47
poblado_pa_13_3_7_48,Altos del María (P),correg_pa_13_2_7,13-3-7-48
poblado_pa_13_3_8_1,Bejuco o las Lajitas,correg_pa_13_2_8,13-3-8-1
poblado_pa_13_3_8_2,El Aguacate,correg_pa_13_2_8,13-3-8-2
poblado_pa_13_3_8_3,El Caraño No. 1,correg_pa_13_2_8,13-3-8-3
poblado_pa_13_3_8_4,El Congal (P),correg_pa_13_2_8,13-3-8-4
poblado_pa_13_3_8_5,Escobal o Escobalito,correg_pa_13_2_8,13-3-8-5
poblado_pa_13_3_8_6,Gasparillal (P),correg_pa_13_2_8,13-3-8-6
poblado_pa_13_3_8_8,La Florida,correg_pa_13_2_8,13-3-8-8
poblado_pa_13_3_8_10,El Límite (P),correg_pa_13_2_8,13-3-8-10
poblado_pa_13_3_8_11,Los Ortigales,correg_pa_13_2_8,13-3-8-11
poblado_pa_13_3_8_12,La Humildad,correg_pa_13_2_8,13-3-8-12
poblado_pa_13_3_8_13,Nueva Arenosa,correg_pa_13_2_8,13-3-8-13
poblado_pa_13_3_8_14,La Pita,correg_pa_13_2_8,13-3-8-14
poblado_pa_13_3_8_15,La Tagua,correg_pa_13_2_8,13-3-8-15
poblado_pa_13_3_8_16,Laja Lisa o el Caraño,correg_pa_13_2_8,13-3-8-16
poblado_pa_13_3_8_17,Los Cañones,correg_pa_13_2_8,13-3-8-17
poblado_pa_13_3_8_19,Los Chorros de Trinidad,correg_pa_13_2_8,13-3-8-19
poblado_pa_13_3_8_20,Pueblecillo,correg_pa_13_2_8,13-3-8-20
poblado_pa_13_3_8_22,Los Faldares,correg_pa_13_2_8,13-3-8-22
poblado_pa_13_3_8_24,La Honda Abajo,correg_pa_13_2_8,13-3-8-24
poblado_pa_13_3_8_25,La Honda Arriba,correg_pa_13_2_8,13-3-8-25
poblado_pa_13_3_8_26,El Mamey,correg_pa_13_2_8,13-3-8-26
poblado_pa_13_3_8_27,Cañazas (P),correg_pa_13_2_8,13-3-8-27
poblado_pa_13_3_8_30,Quebrada Grande (P),correg_pa_13_2_8,13-3-8-30
poblado_pa_13_3_8_31,Pueblo Nuevo o Huesital (P),correg_pa_13_2_8,13-3-8-31
poblado_pa_13_3_9_2,Palo Diferente,correg_pa_13_2_9,13-3-9-2
poblado_pa_13_3_9_3,La Julianita,correg_pa_13_2_9,13-3-9-3
poblado_pa_13_3_9_4,Las Ollas Arriba (P),correg_pa_13_2_9,13-3-9-4
poblado_pa_13_3_9_6,Santa Cruz No. 2 (P),correg_pa_13_2_9,13-3-9-6
poblado_pa_13_3_9_7,Vaca de Monte Abajo,correg_pa_13_2_9,13-3-9-7
poblado_pa_13_3_9_9,Los Molejones,correg_pa_13_2_9,13-3-9-9
poblado_pa_13_3_9_11,Arboleda de Santa Cruz,correg_pa_13_2_9,13-3-9-11
poblado_pa_13_3_10_2,Caimitillo (P),correg_pa_13_2_10,13-3-10-2
poblado_pa_13_3_10_4,Cañas Blancas (P),correg_pa_13_2_10,13-3-10-4
poblado_pa_13_3_10_7,Corocital,correg_pa_13_2_10,13-3-10-7
poblado_pa_13_3_10_9,El Campanillo,correg_pa_13_2_10,13-3-10-9
poblado_pa_13_3_10_11,Las Filipinas,correg_pa_13_2_10,13-3-10-11
poblado_pa_13_3_10_13,La Tablita,correg_pa_13_2_10,13-3-10-13
poblado_pa_13_3_10_14,Lídice,correg_pa_13_2_10,13-3-10-14
poblado_pa_13_3_10_15,Los Duendes,correg_pa_13_2_10,13-3-10-15
poblado_pa_13_3_10_17,Majara,correg_pa_13_2_10,13-3-10-17
poblado_pa_13_3_10_22,Cabecera de Río Caimito,correg_pa_13_2_10,13-3-10-22
poblado_pa_13_3_10_23,Barraza Final,correg_pa_13_2_10,13-3-10-23
poblado_pa_13_3_10_25,Valloli (P),correg_pa_13_2_10,13-3-10-25
poblado_pa_13_3_10_27,Altos de Cerro Trinidad,correg_pa_13_2_10,13-3-10-27
poblado_pa_13_3_10_28,El Cauchal o los Cauchales (P),correg_pa_13_2_10,13-3-10-28
poblado_pa_13_3_10_29,Barraza No. 2,correg_pa_13_2_10,13-3-10-29
poblado_pa_13_3_10_30,Quebrada las Lajas,correg_pa_13_2_10,13-3-10-30
poblado_pa_13_3_10_31,Río Bollito,correg_pa_13_2_10,13-3-10-31
poblado_pa_13_3_10_32,Trinity Hills,correg_pa_13_2_10,13-3-10-32
poblado_pa_13_3_11_2,Villa Carmen,correg_pa_13_2_11,13-3-11-2
poblado_pa_13_3_11_4,Victoriano Lorenzo,correg_pa_13_2_11,13-3-11-4
poblado_pa_13_3_11_5,El Progreso,correg_pa_13_2_11,13-3-11-5
poblado_pa_13_3_11_6,Sotillo,correg_pa_13_2_11,13-3-11-6
poblado_pa_13_3_12_1,Agua Buena (P),correg_pa_13_2_12,13-3-12-1
poblado_pa_13_3_12_2,Agua Rica,correg_pa_13_2_12,13-3-12-2
poblado_pa_13_3_12_3,La Arena,correg_pa_13_2_12,13-3-12-3
poblado_pa_13_3_12_4,La Monita o las Margaritas,correg_pa_13_2_12,13-3-12-4
poblado_pa_13_3_12_5,La Pita,correg_pa_13_2_12,13-3-12-5
poblado_pa_13_3_12_6,Villa Rosario,correg_pa_13_2_12,13-3-12-6
poblado_pa_13_3_12_10,La Gregoria,correg_pa_13_2_12,13-3-12-10
poblado_pa_13_3_12_11,El Palmar o Palmas Bellas (P),correg_pa_13_2_12,13-3-12-11
poblado_pa_13_3_12_12,El Polanco (P),correg_pa_13_2_12,13-3-12-12
poblado_pa_13_3_12_14,Villa Camila,correg_pa_13_2_12,13-3-12-14
poblado_pa_13_3_12_15,Las Palmas de Capira,correg_pa_13_2_12,13-3-12-15
poblado_pa_13_3_12_16,Paseo de los Árboles,correg_pa_13_2_12,13-3-12-16
poblado_pa_13_3_12_17,Los Bosques de la Pita,correg_pa_13_2_12,13-3-12-17
poblado_pa_13_3_12_18,Casa Romana,correg_pa_13_2_12,13-3-12-18
poblado_pa_13_3_12_19,Residencial el Carmen,correg_pa_13_2_12,13-3-12-19
poblado_pa_13_3_12_20,La Pita Village,correg_pa_13_2_12,13-3-12-20
poblado_pa_13_3_13_1,Arenas Blancas (P),correg_pa_13_2_13,13-3-13-1
poblado_pa_13_3_13_2,Bajo Bonito,correg_pa_13_2_13,13-3-13-2
poblado_pa_13_3_13_3,Bella Vista o la Sanguijuela,correg_pa_13_2_13,13-3-13-3
poblado_pa_13_3_13_6,El Ahogado Centro,correg_pa_13_2_13,13-3-13-6
poblado_pa_13_3_13_7,El Cedro,correg_pa_13_2_13,13-3-13-7
poblado_pa_13_3_13_8,La Pita,correg_pa_13_2_13,13-3-13-8
poblado_pa_13_3_13_9,Las Claras Abajo,correg_pa_13_2_13,13-3-13-9
poblado_pa_13_3_13_10,Las Claras Centro,correg_pa_13_2_13,13-3-13-10
poblado_pa_13_3_13_11,Las Lajas (P),correg_pa_13_2_13,13-3-13-11
poblado_pa_13_3_13_12,Las Petras,correg_pa_13_2_13,13-3-13-12
poblado_pa_13_3_13_13,Los Raudales,correg_pa_13_2_13,13-3-13-13
poblado_pa_13_3_13_14,Nuevo Limón o Altos de Nuevo Limón,correg_pa_13_2_13,13-3-13-14
poblado_pa_13_3_13_15,Quebrada Amarilla,correg_pa_13_2_13,13-3-13-15
poblado_pa_13_3_13_16,Quebrada Bejuco,correg_pa_13_2_13,13-3-13-16
poblado_pa_13_3_13_17,Quebrada Bonita,correg_pa_13_2_13,13-3-13-17
poblado_pa_13_3_13_20,Quebrada las Petras,correg_pa_13_2_13,13-3-13-20
poblado_pa_13_3_13_21,Quebrada Limón,correg_pa_13_2_13,13-3-13-21
poblado_pa_13_3_13_22,Riecito Abajo,correg_pa_13_2_13,13-3-13-22
poblado_pa_13_3_13_23,Riecito Arriba,correg_pa_13_2_13,13-3-13-23
poblado_pa_13_3_13_24,San Juan,correg_pa_13_2_13,13-3-13-24
poblado_pa_13_3_13_25,Santa Rosa No. 1,correg_pa_13_2_13,13-3-13-25
poblado_pa_13_3_13_26,Santa Rosa No. 2,correg_pa_13_2_13,13-3-13-26
poblado_pa_13_3_13_27,Los Almendros,correg_pa_13_2_13,13-3-13-27
poblado_pa_13_3_13_28,Pueblo Nuevo (P),correg_pa_13_2_13,13-3-13-28
poblado_pa_13_3_13_29,Quebrada la Pita (P),correg_pa_13_2_13,13-3-13-29
poblado_pa_13_4_1_1,La Porcada,correg_pa_13_3_1,13-4-1-1
poblado_pa_13_4_1_3,Chame,correg_pa_13_3_1,13-4-1-3
poblado_pa_13_4_1_9,El Mangote (P),correg_pa_13_3_1,13-4-1-9
poblado_pa_13_4_1_10,Las Quintas de Chame,correg_pa_13_3_1,13-4-1-10
poblado_pa_13_4_2_2,Bejuco,correg_pa_13_3_2,13-4-2-2
poblado_pa_13_4_2_4,Cerro Mena,correg_pa_13_3_2,13-4-2-4
poblado_pa_13_4_2_5,Corral Viejo,correg_pa_13_3_2,13-4-2-5
poblado_pa_13_4_2_7,El Mangote (P),correg_pa_13_3_2,13-4-2-7
poblado_pa_13_4_2_9,El Rincón,correg_pa_13_3_2,13-4-2-9
poblado_pa_13_4_2_13,La Cantera del Tigre,correg_pa_13_3_2,13-4-2-13
poblado_pa_13_4_2_14,La Cresta,correg_pa_13_3_2,13-4-2-14
poblado_pa_13_4_2_15,Las Lajitas,correg_pa_13_3_2,13-4-2-15
poblado_pa_13_4_2_17,Los Cerritos,correg_pa_13_3_2,13-4-2-17
poblado_pa_13_4_2_19,El Pajonal,correg_pa_13_3_2,13-4-2-19
poblado_pa_13_4_2_22,Santa Cruz,correg_pa_13_3_2,13-4-2-22
poblado_pa_13_4_2_26,Puerto de la Zona,correg_pa_13_3_2,13-4-2-26
poblado_pa_13_4_2_27,La Colonia,correg_pa_13_3_2,13-4-2-27
poblado_pa_13_4_2_28,Villas de la Colonia,correg_pa_13_3_2,13-4-2-28
poblado_pa_13_4_2_29,Santa Lucía,correg_pa_13_3_2,13-4-2-29
poblado_pa_13_4_2_31,Finca el Atardecer,correg_pa_13_3_2,13-4-2-31
poblado_pa_13_4_2_32,Residencial Villas del María (P),correg_pa_13_3_2,13-4-2-32
poblado_pa_13_4_2_33,Dreamed Paradise Village,correg_pa_13_3_2,13-4-2-33
poblado_pa_13_4_3_1,Bajo del Río,correg_pa_13_3_3,13-4-3-1
poblado_pa_13_4_3_3,Buena Vista,correg_pa_13_3_3,13-4-3-3
poblado_pa_13_4_3_4,Buenos Aires,correg_pa_13_3_3,13-4-3-4
poblado_pa_13_4_3_7,El Jobito,correg_pa_13_3_3,13-4-3-7
poblado_pa_13_4_3_8,El Salado,correg_pa_13_3_3,13-4-3-8
poblado_pa_13_4_3_9,San Pedro,correg_pa_13_3_3,13-4-3-9
poblado_pa_13_4_3_11,El Alto del Caimito o San José Arriba,correg_pa_13_3_3,13-4-3-11
poblado_pa_13_4_3_12,La Chepa o San José,correg_pa_13_3_3,13-4-3-12
poblado_pa_13_4_3_14,La Lagunita (P),correg_pa_13_3_3,13-4-3-14
poblado_pa_13_4_3_15,La Loma,correg_pa_13_3_3,13-4-3-15
poblado_pa_13_4_3_18,Llano Grande,correg_pa_13_3_3,13-4-3-18
poblado_pa_13_4_3_19,Malganao (P),correg_pa_13_3_3,13-4-3-19
poblado_pa_13_4_3_21,El Reparadero,correg_pa_13_3_3,13-4-3-21
poblado_pa_13_4_3_22,Residencial Villas del María (P),correg_pa_13_3_3,13-4-3-22
poblado_pa_13_4_4_2,Cabuya,correg_pa_13_3_4,13-4-4-2
poblado_pa_13_4_4_5,El Bajo del Venado,correg_pa_13_3_4,13-4-4-5
poblado_pa_13_4_4_6,El Barrero,correg_pa_13_3_4,13-4-4-6
poblado_pa_13_4_4_7,El Barreto,correg_pa_13_3_4,13-4-4-7
poblado_pa_13_4_4_8,El Calvario,correg_pa_13_3_4,13-4-4-8
poblado_pa_13_4_4_9,Espavecito (P),correg_pa_13_3_4,13-4-4-9
poblado_pa_13_4_4_12,Juan Miguel,correg_pa_13_3_4,13-4-4-12
poblado_pa_13_4_4_13,La Divisa,correg_pa_13_3_4,13-4-4-13
poblado_pa_13_4_4_15,La Loma del Guayabo,correg_pa_13_3_4,13-4-4-15
poblado_pa_13_4_4_16,Los Cerritos,correg_pa_13_3_4,13-4-4-16
poblado_pa_13_4_4_17,Los Limones,correg_pa_13_3_4,13-4-4-17
poblado_pa_13_4_4_18,Los Pozos,correg_pa_13_3_4,13-4-4-18
poblado_pa_13_4_4_20,Mascareña,correg_pa_13_3_4,13-4-4-20
poblado_pa_13_4_4_22,Palo Bobo,correg_pa_13_3_4,13-4-4-22
poblado_pa_13_4_4_24,Lajas Arriba (P),correg_pa_13_3_4,13-4-4-24
poblado_pa_13_4_4_25,Bajo de la Tinaja,correg_pa_13_3_4,13-4-4-25
poblado_pa_13_4_4_26,Trincheras,correg_pa_13_3_4,13-4-4-26
poblado_pa_13_4_4_27,El Cristo,correg_pa_13_3_4,13-4-4-27
poblado_pa_13_4_4_28,Vargas,correg_pa_13_3_4,13-4-4-28
poblado_pa_13_4_4_29,"Villa Campestre ""la Montañeza""",correg_pa_13_3_4,13-4-4-29
poblado_pa_13_4_4_30,El Bajo,correg_pa_13_3_4,13-4-4-30
poblado_pa_13_4_4_31,Bajo del Jobo (P),correg_pa_13_3_4,13-4-4-31
poblado_pa_13_4_4_32,Villa Brisas de las Lajas,correg_pa_13_3_4,13-4-4-32
poblado_pa_13_4_4_33,Hacienda Florenciana,correg_pa_13_3_4,13-4-4-33
poblado_pa_13_4_4_34,Quebradas de Cabuya,correg_pa_13_3_4,13-4-4-34
poblado_pa_13_4_4_35,Quintas de Cabuya,correg_pa_13_3_4,13-4-4-35
poblado_pa_13_4_4_36,Finca el Marañón,correg_pa_13_3_4,13-4-4-36
poblado_pa_13_4_4_37,Las Lajas (P),correg_pa_13_3_4,13-4-4-37
poblado_pa_13_4_4_38,Tinajita,correg_pa_13_3_4,13-4-4-38
poblado_pa_13_4_4_39,Barriada Roberto Morán,correg_pa_13_3_4,13-4-4-39
poblado_pa_13_4_5_1,Bajo Grande,correg_pa_13_3_5,13-4-5-1
poblado_pa_13_4_5_2,Bajo las Matas,correg_pa_13_3_5,13-4-5-2
poblado_pa_13_4_5_3,Boca de Viento,correg_pa_13_3_5,13-4-5-3
poblado_pa_13_4_5_4,Chicá,correg_pa_13_3_5,13-4-5-4
poblado_pa_13_4_5_8,Malganao (P),correg_pa_13_3_5,13-4-5-8
poblado_pa_13_4_5_10,Finca Loma Linda,correg_pa_13_3_5,13-4-5-10
poblado_pa_13_4_5_11,Las Mercedes,correg_pa_13_3_5,13-4-5-11
poblado_pa_13_4_5_12,Campana Villas,correg_pa_13_3_5,13-4-5-12
poblado_pa_13_4_5_13,Villas de Chicá,correg_pa_13_3_5,13-4-5-13
poblado_pa_13_4_6_1,Los Calabazos,correg_pa_13_3_6,13-4-6-1
poblado_pa_13_4_6_2,Corozal o Acua Chame,correg_pa_13_3_6,13-4-6-2
poblado_pa_13_4_6_3,El Líbano,correg_pa_13_3_6,13-4-6-3
poblado_pa_13_4_6_6,El Mangote (P),correg_pa_13_3_6,13-4-6-6
poblado_pa_13_4_7_3,Espavecito (P),correg_pa_13_3_7,13-4-7-3
poblado_pa_13_4_7_4,El Harino,correg_pa_13_3_7,13-4-7-4
poblado_pa_13_4_7_5,Las Lajas (P),correg_pa_13_3_7,13-4-7-5
poblado_pa_13_4_7_7,Coronado (P),correg_pa_13_3_7,13-4-7-7
poblado_pa_13_4_7_8,Lajas Arriba (P),correg_pa_13_3_7,13-4-7-8
poblado_pa_13_4_7_12,Conjunto Residencial la Floresta,correg_pa_13_3_7,13-4-7-12
poblado_pa_13_4_8_2,Nueva Gorgona,correg_pa_13_3_8,13-4-8-2
poblado_pa_13_4_8_3,Coronado (P),correg_pa_13_3_8,13-4-8-3
poblado_pa_13_4_8_7,Finca la Providencia,correg_pa_13_3_8,13-4-8-7
poblado_pa_13_4_8_8,La Faustina,correg_pa_13_3_8,13-4-8-8
poblado_pa_13_4_8_9,La Yeguada,correg_pa_13_3_8,13-4-8-9
poblado_pa_13_4_8_10,Altos de Quebrada Cabuya,correg_pa_13_3_8,13-4-8-10
poblado_pa_13_4_9_1,La Boca de Chame,correg_pa_13_3_9,13-4-9-1
poblado_pa_13_4_9_2,Claridad,correg_pa_13_3_9,13-4-9-2
poblado_pa_13_4_9_4,Punta Chame,correg_pa_13_3_9,13-4-9-4
poblado_pa_13_4_9_6,Playa Caracol,correg_pa_13_3_9,13-4-9-6
poblado_pa_13_4_10_1,El Espavé,correg_pa_13_3_10,13-4-10-1
poblado_pa_13_4_10_2,El Peñón,correg_pa_13_3_10,13-4-10-2
poblado_pa_13_4_10_3,Sajalices (P),correg_pa_13_3_10,13-4-10-3
poblado_pa_13_4_10_4,Cerro Agudo,correg_pa_13_3_10,13-4-10-4
poblado_pa_13_4_10_5,El Progreso,correg_pa_13_3_10,13-4-10-5
poblado_pa_13_4_10_6,Linda Vista Paradise,correg_pa_13_3_10,13-4-10-6
poblado_pa_13_4_11_1,Aromo,correg_pa_13_3_11,13-4-11-1
poblado_pa_13_4_11_3,Bajo del Higo,correg_pa_13_3_11,13-4-11-3
poblado_pa_13_4_11_4,Bajo Verde,correg_pa_13_3_11,13-4-11-4
poblado_pa_13_4_11_5,Barranquilla,correg_pa_13_3_11,13-4-11-5
poblado_pa_13_4_11_6,Las Boquillas,correg_pa_13_3_11,13-4-11-6
poblado_pa_13_4_11_8,Manglarito Chico,correg_pa_13_3_11,13-4-11-8
poblado_pa_13_4_11_9,Cerro Viento,correg_pa_13_3_11,13-4-11-9
poblado_pa_13_4_11_10,La Cortadera,correg_pa_13_3_11,13-4-11-10
poblado_pa_13_4_11_11,Chichibali,correg_pa_13_3_11,13-4-11-11
poblado_pa_13_4_11_12,Peñalosa,correg_pa_13_3_11,13-4-11-12
poblado_pa_13_4_11_13,El Barrial,correg_pa_13_3_11,13-4-11-13
poblado_pa_13_4_11_14,El Calvario,correg_pa_13_3_11,13-4-11-14
poblado_pa_13_4_11_16,El Jobo,correg_pa_13_3_11,13-4-11-16
poblado_pa_13_4_11_17,La Soledad,correg_pa_13_3_11,13-4-11-17
poblado_pa_13_4_11_18,El Zúñiga,correg_pa_13_3_11,13-4-11-18
poblado_pa_13_4_11_20,Filipina,correg_pa_13_3_11,13-4-11-20
poblado_pa_13_4_11_21,La Huaca,correg_pa_13_3_11,13-4-11-21
poblado_pa_13_4_11_22,Loma Larga,correg_pa_13_3_11,13-4-11-22
poblado_pa_13_4_11_25,El Manglarito,correg_pa_13_3_11,13-4-11-25
poblado_pa_13_4_11_27,El Nanzal,correg_pa_13_3_11,13-4-11-27
poblado_pa_13_4_11_28,Naranjal,correg_pa_13_3_11,13-4-11-28
poblado_pa_13_4_11_29,Ojo de Agua,correg_pa_13_3_11,13-4-11-29
poblado_pa_13_4_11_31,Punta Arena,correg_pa_13_3_11,13-4-11-31
poblado_pa_13_4_11_32,Sorá,correg_pa_13_3_11,13-4-11-32
poblado_pa_13_4_11_33,El Tabiral,correg_pa_13_3_11,13-4-11-33
poblado_pa_13_4_11_34,Tosanto,correg_pa_13_3_11,13-4-11-34
poblado_pa_13_4_11_35,Altos del María (P),correg_pa_13_3_11,13-4-11-35
poblado_pa_13_4_11_36,El Nanzal Arriba,correg_pa_13_3_11,13-4-11-36
poblado_pa_13_4_11_37,La Lagunita (P),correg_pa_13_3_11,13-4-11-37
poblado_pa_13_4_11_38,Raya Blanca,correg_pa_13_3_11,13-4-11-38
poblado_pa_13_4_11_40,Hondura,correg_pa_13_3_11,13-4-11-40
poblado_pa_13_4_11_41,La Rioca,correg_pa_13_3_11,13-4-11-41
poblado_pa_13_4_11_43,Sora Highlands Village,correg_pa_13_3_11,13-4-11-43
poblado_pa_13_7_1_1,Barrio Balboa,correg_pa_13_4_1,13-7-1-1
poblado_pa_13_7_2_1,Barrio Colón,correg_pa_13_4_2,13-7-2-1
poblado_pa_13_7_2_2,Ciudad Montelimar,correg_pa_13_4_2,13-7-2-2
poblado_pa_13_7_2_4,El Limón,correg_pa_13_4_2,13-7-2-4
poblado_pa_13_7_2_5,Mastranto,correg_pa_13_4_2,13-7-2-5
poblado_pa_13_7_2_6,Residencial Valle Dorado,correg_pa_13_4_2,13-7-2-6
poblado_pa_13_7_2_7,Urbanización Fuente del Chase,correg_pa_13_4_2,13-7-2-7
poblado_pa_13_7_3_3,Cerro Cama (P),correg_pa_13_4_3,13-7-3-3
poblado_pa_13_7_3_7,Gigante,correg_pa_13_4_3,13-7-3-7
poblado_pa_13_7_3_8,Lagartera,correg_pa_13_4_3,13-7-3-8
poblado_pa_13_7_3_9,Amador o Lagarterita,correg_pa_13_4_3,13-7-3-9
poblado_pa_13_7_3_10,Las Pavas,correg_pa_13_4_3,13-7-3-10
poblado_pa_13_7_3_11,Los Hules Abajo,correg_pa_13_4_3,13-7-3-11
poblado_pa_13_7_3_12,Tinajones Abajo (P),correg_pa_13_4_3,13-7-3-12
poblado_pa_13_7_3_13,Tinajones Arriba,correg_pa_13_4_3,13-7-3-13
poblado_pa_13_7_3_18,Barro Colorado,correg_pa_13_4_3,13-7-3-18
poblado_pa_13_7_3_19,Los Hules Centro,correg_pa_13_4_3,13-7-3-19
poblado_pa_13_7_3_20,Alto de la Bandera,correg_pa_13_4_3,13-7-3-20
poblado_pa_13_7_3_21,Isla Lagarto,correg_pa_13_4_3,13-7-3-21
poblado_pa_13_7_4_1,Arosemena,correg_pa_13_4_4,13-7-4-1
poblado_pa_13_7_4_5,Divisa (P),correg_pa_13_4_4,13-7-4-5
poblado_pa_13_7_4_8,El Cruce de Arosemena,correg_pa_13_4_4,13-7-4-8
poblado_pa_13_7_4_10,Quebrada Grande (P),correg_pa_13_4_4,13-7-4-10
poblado_pa_13_7_4_13,Caño Quebrado,correg_pa_13_4_4,13-7-4-13
poblado_pa_13_7_4_14,Bajito Verde (P),correg_pa_13_4_4,13-7-4-14
poblado_pa_13_7_5_3,El Limón,correg_pa_13_4_5,13-7-5-3
poblado_pa_13_7_5_4,El Lirio,correg_pa_13_4_5,13-7-5-4
poblado_pa_13_7_5_5,La Celestina,correg_pa_13_4_5,13-7-5-5
poblado_pa_13_7_5_6,Loma Alta,correg_pa_13_4_5,13-7-5-6
poblado_pa_13_7_5_7,Moscú (P),correg_pa_13_4_5,13-7-5-7
poblado_pa_13_7_5_8,Naranjal,correg_pa_13_4_5,13-7-5-8
poblado_pa_13_7_5_10,Río Congo,correg_pa_13_4_5,13-7-5-10
poblado_pa_13_7_5_11,Río Congo Abajo o los Monteros,correg_pa_13_4_5,13-7-5-11
poblado_pa_13_7_5_13,Santa Cruz,correg_pa_13_4_5,13-7-5-13
poblado_pa_13_7_5_15,El Cuipal (P),correg_pa_13_4_5,13-7-5-15
poblado_pa_13_7_5_16,Cerro Viejo,correg_pa_13_4_5,13-7-5-16
poblado_pa_13_7_5_18,Urbanización Juan Pablo Ii,correg_pa_13_4_5,13-7-5-18
poblado_pa_13_7_5_19,Mystic City,correg_pa_13_4_5,13-7-5-19
poblado_pa_13_7_5_20,Residencial el Cielo,correg_pa_13_4_5,13-7-5-20
poblado_pa_13_7_5_21,Floresta Park,correg_pa_13_4_5,13-7-5-21
poblado_pa_13_7_5_22,Brisas del Arado,correg_pa_13_4_5,13-7-5-22
poblado_pa_13_7_5_23,Residencial Valentina,correg_pa_13_4_5,13-7-5-23
poblado_pa_13_7_5_24,Salto Miraflor,correg_pa_13_4_5,13-7-5-24
poblado_pa_13_7_5_25,Villas del Arado,correg_pa_13_4_5,13-7-5-25
poblado_pa_13_7_5_26,Hacienda Park,correg_pa_13_4_5,13-7-5-26
poblado_pa_13_7_5_27,Brisas de los Lagos,correg_pa_13_4_5,13-7-5-27
poblado_pa_13_7_5_28,Hacienda Nuevo Emperador (P),correg_pa_13_4_5,13-7-5-28
poblado_pa_13_7_5_29,Horizontes del Oeste,correg_pa_13_4_5,13-7-5-29
poblado_pa_13_7_5_30,Serena Hills,correg_pa_13_4_5,13-7-5-30
poblado_pa_13_7_6_3,El Coco,correg_pa_13_4_6,13-7-6-3
poblado_pa_13_7_6_6,Potrero Grande (P),correg_pa_13_4_6,13-7-6-6
poblado_pa_13_7_6_7,Raudal,correg_pa_13_4_6,13-7-6-7
poblado_pa_13_7_7_1,El Espino,correg_pa_13_4_7,13-7-7-1
poblado_pa_13_7_7_2,Las Lajitas,correg_pa_13_4_7,13-7-7-2
poblado_pa_13_7_7_5,Santa Cruz No. 1 (P),correg_pa_13_4_7,13-7-7-5
poblado_pa_13_7_7_6,La Tulihueca,correg_pa_13_4_7,13-7-7-6
poblado_pa_13_7_7_7,Santa Cruz No. 2 (P),correg_pa_13_4_7,13-7-7-7
poblado_pa_13_7_7_8,Cerro Negro (P),correg_pa_13_4_7,13-7-7-8
poblado_pa_13_7_7_9,Altos del Espino (P),correg_pa_13_4_7,13-7-7-9
poblado_pa_13_7_8_1,Altos del Espino (P),correg_pa_13_4_8,13-7-8-1
poblado_pa_13_7_8_2,Altos de San Francisco o las Cruces,correg_pa_13_4_8,13-7-8-2
poblado_pa_13_7_8_3,Cerro Negro (P),correg_pa_13_4_8,13-7-8-3
poblado_pa_13_7_8_4,Guadalupe o la Laguna,correg_pa_13_4_8,13-7-8-4
poblado_pa_13_7_8_6,La Herradura (P),correg_pa_13_4_8,13-7-8-6
poblado_pa_13_7_8_7,La Valdeza,correg_pa_13_4_8,13-7-8-7
poblado_pa_13_7_8_12,Potrero Grande (P),correg_pa_13_4_8,13-7-8-12
poblado_pa_13_7_8_16,La Pesa,correg_pa_13_4_8,13-7-8-16
poblado_pa_13_7_8_18,Alto Jobo,correg_pa_13_4_8,13-7-8-18
poblado_pa_13_7_8_19,Hacienda los Calderones,correg_pa_13_4_8,13-7-8-19
poblado_pa_13_7_8_20,Urbanización la Valdeza (P),correg_pa_13_4_8,13-7-8-20
poblado_pa_13_7_8_21,Los Piñales,correg_pa_13_4_8,13-7-8-21
poblado_pa_13_7_8_22,Nueva Esperanza,correg_pa_13_4_8,13-7-8-22
poblado_pa_13_7_9_1,Alto de Espavé,correg_pa_13_4_9,13-7-9-1
poblado_pa_13_7_9_3,Caño Quebrado Arriba No. 1,correg_pa_13_4_9,13-7-9-3
poblado_pa_13_7_9_4,Cerro la Silla,correg_pa_13_4_9,13-7-9-4
poblado_pa_13_7_9_5,Espavé,correg_pa_13_4_9,13-7-9-5
poblado_pa_13_7_9_6,Gato de Agua,correg_pa_13_4_9,13-7-9-6
poblado_pa_13_7_9_7,La Cocobola,correg_pa_13_4_9,13-7-9-7
poblado_pa_13_7_9_8,La Loma,correg_pa_13_4_9,13-7-9-8
poblado_pa_13_7_9_9,La Pita,correg_pa_13_4_9,13-7-9-9
poblado_pa_13_7_9_10,Las Piedras,correg_pa_13_4_9,13-7-9-10
poblado_pa_13_7_9_11,Monte Viejo,correg_pa_13_4_9,13-7-9-11
poblado_pa_13_7_9_12,Riecito,correg_pa_13_4_9,13-7-9-12
poblado_pa_13_7_9_13,Trapichito,correg_pa_13_4_9,13-7-9-13
poblado_pa_13_7_9_14,Las Yayas Adentro,correg_pa_13_4_9,13-7-9-14
poblado_pa_13_7_9_15,Las Yayas Afuera,correg_pa_13_4_9,13-7-9-15
poblado_pa_13_7_9_16,Las Zanguengas,correg_pa_13_4_9,13-7-9-16
poblado_pa_13_7_9_17,Quebrada Piedra o las Piedras,correg_pa_13_4_9,13-7-9-17
poblado_pa_13_7_9_18,El Zaíno o Corozales Adentro (P),correg_pa_13_4_9,13-7-9-18
poblado_pa_13_7_9_19,Estancias Mendoza,correg_pa_13_4_9,13-7-9-19
poblado_pa_13_7_9_22,Crystal Park,correg_pa_13_4_9,13-7-9-22
poblado_pa_13_7_9_23,Mendozas Park,correg_pa_13_4_9,13-7-9-23
poblado_pa_13_7_9_24,Prado City,correg_pa_13_4_9,13-7-9-24
poblado_pa_13_7_9_25,Residencial San Juan,correg_pa_13_4_9,13-7-9-25
poblado_pa_13_7_9_26,Green Park,correg_pa_13_4_9,13-7-9-26
poblado_pa_13_7_9_27,Urbanización Mendoza Valley,correg_pa_13_4_9,13-7-9-27
poblado_pa_13_7_9_28,Hacienda los Robles,correg_pa_13_4_9,13-7-9-28
poblado_pa_13_7_9_29,Residencial Campo Verde,correg_pa_13_4_9,13-7-9-29
poblado_pa_13_7_9_30,Residencial la Felicidad,correg_pa_13_4_9,13-7-9-30
poblado_pa_13_7_9_31,Los Arrayanes,correg_pa_13_4_9,13-7-9-31
poblado_pa_13_7_10_4,El Zaíno o Corozales Adentro (P),correg_pa_13_4_10,13-7-10-4
poblado_pa_13_7_10_5,Corozales Afuera,correg_pa_13_4_10,13-7-10-5
poblado_pa_13_7_10_7,Divisa (P),correg_pa_13_4_10,13-7-10-7
poblado_pa_13_7_10_8,La Noneca o Llanito Verde,correg_pa_13_4_10,13-7-10-8
poblado_pa_13_7_10_10,Las Lajas,correg_pa_13_4_10,13-7-10-10
poblado_pa_13_7_10_11,Santa Rita (P),correg_pa_13_4_10,13-7-10-11
poblado_pa_13_7_10_12,Bajo Grande (P),correg_pa_13_4_10,13-7-10-12
poblado_pa_13_7_11_1,Arenosa,correg_pa_13_4_11,13-7-11-1
poblado_pa_13_7_11_3,Caño Quebrado Abajo,correg_pa_13_4_11,13-7-11-3
poblado_pa_13_7_11_4,Coca Cola,correg_pa_13_4_11,13-7-11-4
poblado_pa_13_7_11_5,Cuchirvo,correg_pa_13_4_11,13-7-11-5
poblado_pa_13_7_11_6,Cerro Cama (P),correg_pa_13_4_11,13-7-11-6
poblado_pa_13_7_11_7,La Colorada,correg_pa_13_4_11,13-7-11-7
poblado_pa_13_7_11_8,La Leona,correg_pa_13_4_11,13-7-11-8
poblado_pa_13_7_11_9,Los Hules Arriba,correg_pa_13_4_11,13-7-11-9
poblado_pa_13_7_11_17,El Zaíno o Corozales Adentro (P),correg_pa_13_4_11,13-7-11-17
poblado_pa_13_7_11_19,El Iguano,correg_pa_13_4_11,13-7-11-19
poblado_pa_13_7_11_21,Entrada de Arosemena,correg_pa_13_4_11,13-7-11-21
poblado_pa_13_7_12_1,Altos del Jobo,correg_pa_13_4_12,13-7-12-1
poblado_pa_13_7_12_2,Calabacito,correg_pa_13_4_12,13-7-12-2
poblado_pa_13_7_12_5,El Cañito o Cerro Cañito,correg_pa_13_4_12,13-7-12-5
poblado_pa_13_7_12_7,El Cuipal (P),correg_pa_13_4_12,13-7-12-7
poblado_pa_13_7_12_8,La Laguna,correg_pa_13_4_12,13-7-12-8
poblado_pa_13_7_12_10,Pueblo Nuevo,correg_pa_13_4_12,13-7-12-10
poblado_pa_13_7_12_11,Quebrada Lagarto,correg_pa_13_4_12,13-7-12-11
poblado_pa_13_7_12_13,Río Pescado,correg_pa_13_4_12,13-7-12-13
poblado_pa_13_7_12_14,Finca Cinco Estrellas,correg_pa_13_4_12,13-7-12-14
poblado_pa_13_7_12_15,El Jobo Arriba,correg_pa_13_4_12,13-7-12-15
poblado_pa_13_7_12_16,Península,correg_pa_13_4_12,13-7-12-16
poblado_pa_13_7_13_1,Agua Buena,correg_pa_13_4_13,13-7-13-1
poblado_pa_13_7_13_2,Bajo Cigual (P),correg_pa_13_4_13,13-7-13-2
poblado_pa_13_7_13_3,El Broquel,correg_pa_13_4_13,13-7-13-3
poblado_pa_13_7_13_4,El Cigual,correg_pa_13_4_13,13-7-13-4
poblado_pa_13_7_13_8,Los Mortales,correg_pa_13_4_13,13-7-13-8
poblado_pa_13_7_13_10,Las Ollas Abajo,correg_pa_13_4_13,13-7-13-10
poblado_pa_13_7_13_11,Las Ollas Arriba (P),correg_pa_13_4_13,13-7-13-11
poblado_pa_13_7_14_1,Caño Quebrado Abajo,correg_pa_13_4_14,13-7-14-1
poblado_pa_13_7_14_10,Mendoza,correg_pa_13_4_14,13-7-14-10
poblado_pa_13_7_14_11,Quebrada Chico o el Peligro,correg_pa_13_4_14,13-7-14-11
poblado_pa_13_7_14_12,Río Conguito,correg_pa_13_4_14,13-7-14-12
poblado_pa_13_7_14_14,Tinajones Abajo (P),correg_pa_13_4_14,13-7-14-14
poblado_pa_13_7_14_16,Villa Gloria,correg_pa_13_4_14,13-7-14-16
poblado_pa_13_7_15_1,San Sebastián,correg_pa_13_4_15,13-7-15-1
poblado_pa_13_7_15_3,Cañazas (P),correg_pa_13_4_15,13-7-15-3
poblado_pa_13_7_15_5,Bajito Verde (P),correg_pa_13_4_15,13-7-15-5
poblado_pa_13_7_15_6,Caimitillo Abajo (P),correg_pa_13_4_15,13-7-15-6
poblado_pa_13_7_15_7,Gato de Agua,correg_pa_13_4_15,13-7-15-7
poblado_pa_13_7_15_8,El Límite (P),correg_pa_13_4_15,13-7-15-8
poblado_pa_13_7_15_10,Cañacita,correg_pa_13_4_15,13-7-15-10
poblado_pa_13_7_15_12,El Congal (P),correg_pa_13_4_15,13-7-15-12
poblado_pa_13_7_15_14,Pueblo Nuevo o Huesital (P),correg_pa_13_4_15,13-7-15-14
poblado_pa_13_7_16_2,El Salitral,correg_pa_13_4_16,13-7-16-2
poblado_pa_13_7_16_5,La Mitra,correg_pa_13_4_16,13-7-16-5
poblado_pa_13_7_16_7,Los Hatillos,correg_pa_13_4_16,13-7-16-7
poblado_pa_13_7_16_8,Llano Largo,correg_pa_13_4_16,13-7-16-8
poblado_pa_13_7_16_9,Peñas Blancas,correg_pa_13_4_16,13-7-16-9
poblado_pa_13_7_16_10,Playa Leona,correg_pa_13_4_16,13-7-16-10
poblado_pa_13_7_16_11,La Zapera,correg_pa_13_4_16,13-7-16-11
poblado_pa_13_7_16_12,El Charcón,correg_pa_13_4_16,13-7-16-12
poblado_pa_13_7_16_16,La Pitahaya,correg_pa_13_4_16,13-7-16-16
poblado_pa_13_7_16_18,Playa Albertón,correg_pa_13_4_16,13-7-16-18
poblado_pa_13_7_16_20,Entrada de Playa Chiquita,correg_pa_13_4_16,13-7-16-20
poblado_pa_13_7_16_21,La Mula,correg_pa_13_4_16,13-7-16-21
poblado_pa_13_7_16_22,Los Bajos de Perequeté,correg_pa_13_4_16,13-7-16-22
poblado_pa_13_7_16_23,Playa Chiquita (P),correg_pa_13_4_16,13-7-16-23
poblado_pa_13_7_16_27,La Herradura (P),correg_pa_13_4_16,13-7-16-27
poblado_pa_13_7_16_28,Barriada la Milagrosa,correg_pa_13_4_16,13-7-16-28
poblado_pa_13_7_16_30,La Valdeza,correg_pa_13_4_16,13-7-16-30
poblado_pa_13_7_16_31,Residencial Bosque Dorado,correg_pa_13_4_16,13-7-16-31
poblado_pa_13_7_16_32,Urbanización la Valdeza (P),correg_pa_13_4_16,13-7-16-32
poblado_pa_13_7_17_7,La Grifa,correg_pa_13_4_17,13-7-17-7
poblado_pa_13_7_17_8,Playa Chiquita (P),correg_pa_13_4_17,13-7-17-8
poblado_pa_13_7_17_9,Puerto Caimito,correg_pa_13_4_17,13-7-17-9
poblado_pa_13_7_17_14,Barriada el Progreso,correg_pa_13_4_17,13-7-17-14
poblado_pa_13_7_17_21,Después del Puente o Punta Salazar,correg_pa_13_4_17,13-7-17-21
poblado_pa_13_7_17_23,Isla de Gato,correg_pa_13_4_17,13-7-17-23
poblado_pa_13_7_17_26,San José o Kosovo,correg_pa_13_4_17,13-7-17-26
poblado_pa_13_7_17_27,Costa Verde (P),correg_pa_13_4_17,13-7-17-27
poblado_pa_13_7_17_29,Residencial Colina del Mar,correg_pa_13_4_17,13-7-17-29
poblado_pa_13_7_17_30,Arboledas,correg_pa_13_4_17,13-7-17-30
poblado_pa_13_7_17_31,Residencial Paseo Miramar,correg_pa_13_4_17,13-7-17-31
poblado_pa_13_7_17_32,El Guarumal,correg_pa_13_4_17,13-7-17-32
poblado_pa_13_7_17_33,Costa Oeste,correg_pa_13_4_17,13-7-17-33
poblado_pa_13_7_18_1,Bajo Grande (P),correg_pa_13_4_18,13-7-18-1
poblado_pa_13_7_18_2,Caimitillo Abajo (P),correg_pa_13_4_18,13-7-18-2
poblado_pa_13_7_18_4,El Escobal,correg_pa_13_4_18,13-7-18-4
poblado_pa_13_7_18_5,Santa Rita (P),correg_pa_13_4_18,13-7-18-5
poblado_pa_13_7_18_6,Santa Cruz No. 1 (P),correg_pa_13_4_18,13-7-18-6
poblado_pa_13_7_18_7,Barriada Santa Rita,correg_pa_13_4_18,13-7-18-7
poblado_pa_13_7_18_8,Loma de los Montillas U Otro Lado del Puente,correg_pa_13_4_18,13-7-18-8
poblado_pa_13_9_1_2,Colón,correg_pa_13_5_1,13-9-1-2
poblado_pa_13_9_1_3,El Arenal,correg_pa_13_5_1,13-9-1-3
poblado_pa_13_9_1_4,El Nance,correg_pa_13_5_1,13-9-1-4
poblado_pa_13_9_1_5,Lago Mar,correg_pa_13_5_1,13-9-1-5
poblado_pa_13_9_1_6,Dos Hermanas,correg_pa_13_5_1,13-9-1-6
poblado_pa_13_9_1_7,El Palmar,correg_pa_13_5_1,13-9-1-7
poblado_pa_13_9_1_10,Mata Palo,correg_pa_13_5_1,13-9-1-10
poblado_pa_13_9_1_11,Río Mar,correg_pa_13_5_1,13-9-1-11
poblado_pa_13_9_1_12,San Carlos,correg_pa_13_5_1,13-9-1-12
poblado_pa_13_9_1_13,Santa Teresita,correg_pa_13_5_1,13-9-1-13
poblado_pa_13_9_1_14,Tranquillas (P),correg_pa_13_5_1,13-9-1-14
poblado_pa_13_9_1_15,El Veladero,correg_pa_13_5_1,13-9-1-15
poblado_pa_13_9_1_17,El Rodeo,correg_pa_13_5_1,13-9-1-17
poblado_pa_13_9_1_18,Costa Esmeralda,correg_pa_13_5_1,13-9-1-18
poblado_pa_13_9_1_19,Vista Mar,correg_pa_13_5_1,13-9-1-19
poblado_pa_13_9_1_20,Urbanización Vista Mar,correg_pa_13_5_1,13-9-1-20
poblado_pa_13_9_1_21,Hacienda Pacífica (P),correg_pa_13_5_1,13-9-1-21
poblado_pa_13_9_1_23,The Village Beach Residence,correg_pa_13_5_1,13-9-1-23
poblado_pa_13_9_2_2,Bajo Corozal,correg_pa_13_5_2,13-9-2-2
poblado_pa_13_9_2_3,Bajo de las Bateas (P),correg_pa_13_5_2,13-9-2-3
poblado_pa_13_9_2_6,Cerro Colorado,correg_pa_13_5_2,13-9-2-6
poblado_pa_13_9_2_7,El Copecito,correg_pa_13_5_2,13-9-2-7
poblado_pa_13_9_2_9,Algarrobo,correg_pa_13_5_2,13-9-2-9
poblado_pa_13_9_2_10,Bajo del Infiernillo,correg_pa_13_5_2,13-9-2-10
poblado_pa_13_9_2_12,El Dormidero,correg_pa_13_5_2,13-9-2-12
poblado_pa_13_9_2_13,Espavecito,correg_pa_13_5_2,13-9-2-13
poblado_pa_13_9_2_14,El Espinito,correg_pa_13_5_2,13-9-2-14
poblado_pa_13_9_2_15,El Espino (P),correg_pa_13_5_2,13-9-2-15
poblado_pa_13_9_2_16,El Naranjal,correg_pa_13_5_2,13-9-2-16
poblado_pa_13_9_2_17,La Agustina (P),correg_pa_13_5_2,13-9-2-17
poblado_pa_13_9_2_18,La Centella,correg_pa_13_5_2,13-9-2-18
poblado_pa_13_9_2_19,La Galera,correg_pa_13_5_2,13-9-2-19
poblado_pa_13_9_2_20,La Gloria,correg_pa_13_5_2,13-9-2-20
poblado_pa_13_9_2_23,La Uva,correg_pa_13_5_2,13-9-2-23
poblado_pa_13_9_2_24,La Vara de Juan Sánchez,correg_pa_13_5_2,13-9-2-24
poblado_pa_13_9_2_25,Los Cocobolos,correg_pa_13_5_2,13-9-2-25
poblado_pa_13_9_2_26,Los Pintos,correg_pa_13_5_2,13-9-2-26
poblado_pa_13_9_2_27,Los Pozos,correg_pa_13_5_2,13-9-2-27
poblado_pa_13_9_2_28,Llano Bonito,correg_pa_13_5_2,13-9-2-28
poblado_pa_13_9_2_29,Pedregal,correg_pa_13_5_2,13-9-2-29
poblado_pa_13_9_2_31,Barrio Nuevo,correg_pa_13_5_2,13-9-2-31
poblado_pa_13_9_2_32,La Placita (P),correg_pa_13_5_2,13-9-2-32
poblado_pa_13_9_2_35,Calle Larga (P),correg_pa_13_5_2,13-9-2-35
poblado_pa_13_9_2_36,Hacienda el Valle de Santa Catalina,correg_pa_13_5_2,13-9-2-36
poblado_pa_13_9_2_37,Hacienda la Florencia,correg_pa_13_5_2,13-9-2-37
poblado_pa_13_9_2_38,Hacienda la Uva,correg_pa_13_5_2,13-9-2-38
poblado_pa_13_9_2_39,Centella Heights,correg_pa_13_5_2,13-9-2-39
poblado_pa_13_9_2_40,Proyecto el Nance,correg_pa_13_5_2,13-9-2-40
poblado_pa_13_9_2_41,Quebrada de el Valle,correg_pa_13_5_2,13-9-2-41
poblado_pa_13_9_2_42,Valle Village,correg_pa_13_5_2,13-9-2-42
poblado_pa_13_9_3_2,Bajo de las Bateas (P),correg_pa_13_5_3,13-9-3-2
poblado_pa_13_9_3_3,Bajo del Pueblo,correg_pa_13_5_3,13-9-3-3
poblado_pa_13_9_3_5,El Ciruelito,correg_pa_13_5_3,13-9-3-5
poblado_pa_13_9_3_6,El Comején o San Antonio,correg_pa_13_5_3,13-9-3-6
poblado_pa_13_9_3_7,Corona o Playa Corona,correg_pa_13_5_3,13-9-3-7
poblado_pa_13_9_3_8,El Copé (P),correg_pa_13_5_3,13-9-3-8
poblado_pa_13_9_3_9,El Cortezo,correg_pa_13_5_3,13-9-3-9
poblado_pa_13_9_3_11,El Guayabo,correg_pa_13_5_3,13-9-3-11
poblado_pa_13_9_3_12,El Higo,correg_pa_13_5_3,13-9-3-12
poblado_pa_13_9_3_13,El Jobal,correg_pa_13_5_3,13-9-3-13
poblado_pa_13_9_3_14,El Pastoreo,correg_pa_13_5_3,13-9-3-14
poblado_pa_13_9_3_16,La Chumicosa,correg_pa_13_5_3,13-9-3-16
poblado_pa_13_9_3_17,La Loma,correg_pa_13_5_3,13-9-3-17
poblado_pa_13_9_3_19,Loma Larga,correg_pa_13_5_3,13-9-3-19
poblado_pa_13_9_3_20,Los Palominos,correg_pa_13_5_3,13-9-3-20
poblado_pa_13_9_3_21,Los Pozos,correg_pa_13_5_3,13-9-3-21
poblado_pa_13_9_3_22,Los Samaniegos,correg_pa_13_5_3,13-9-3-22
poblado_pa_13_9_3_23,Llano Redondo,correg_pa_13_5_3,13-9-3-23
poblado_pa_13_9_3_24,María Vicenta,correg_pa_13_5_3,13-9-3-24
poblado_pa_13_9_3_26,Palo Diferente,correg_pa_13_5_3,13-9-3-26
poblado_pa_13_9_3_28,Piedras Gordas,correg_pa_13_5_3,13-9-3-28
poblado_pa_13_9_3_29,Puerto de Tierra,correg_pa_13_5_3,13-9-3-29
poblado_pa_13_9_3_34,Boca de Agallal (P),correg_pa_13_5_3,13-9-3-34
poblado_pa_13_9_3_35,Rodeo del Nance,correg_pa_13_5_3,13-9-3-35
poblado_pa_13_9_3_36,Los Arraíces,correg_pa_13_5_3,13-9-3-36
poblado_pa_13_9_3_38,Piedras Gordas Village,correg_pa_13_5_3,13-9-3-38
poblado_pa_13_9_3_39,Playa del Sol,correg_pa_13_5_3,13-9-3-39
poblado_pa_13_9_3_40,Residencial el Higo,correg_pa_13_5_3,13-9-3-40
poblado_pa_13_9_4_1,Mata Redonda,correg_pa_13_5_4,13-9-4-1
poblado_pa_13_9_4_2,Alto del Río,correg_pa_13_5_4,13-9-4-2
poblado_pa_13_9_4_3,Bajo Teta (P),correg_pa_13_5_4,13-9-4-3
poblado_pa_13_9_4_4,Bajos del Río Teta,correg_pa_13_5_4,13-9-4-4
poblado_pa_13_9_4_5,Cañazas,correg_pa_13_5_4,13-9-4-5
poblado_pa_13_9_4_7,El Alto de la Cruz,correg_pa_13_5_4,13-9-4-7
poblado_pa_13_9_4_8,Guayabito,correg_pa_13_5_4,13-9-4-8
poblado_pa_13_9_4_9,El Higo No. 2,correg_pa_13_5_4,13-9-4-9
poblado_pa_13_9_4_11,El Roble,correg_pa_13_5_4,13-9-4-11
poblado_pa_13_9_4_13,Asiento Viejo,correg_pa_13_5_4,13-9-4-13
poblado_pa_13_9_4_15,La Mesa,correg_pa_13_5_4,13-9-4-15
poblado_pa_13_9_4_16,La Mesita,correg_pa_13_5_4,13-9-4-16
poblado_pa_13_9_4_17,La Peña,correg_pa_13_5_4,13-9-4-17
poblado_pa_13_9_4_18,Las Paredes,correg_pa_13_5_4,13-9-4-18
poblado_pa_13_9_4_21,Loma Larga,correg_pa_13_5_4,13-9-4-21
poblado_pa_13_9_4_23,Llano Grande,correg_pa_13_5_4,13-9-4-23
poblado_pa_13_9_4_24,Tranquillas (P),correg_pa_13_5_4,13-9-4-24
poblado_pa_13_9_4_25,Loma Colorada,correg_pa_13_5_4,13-9-4-25
poblado_pa_13_9_4_26,Llano Bonito,correg_pa_13_5_4,13-9-4-26
poblado_pa_13_9_4_27,Hacienda Pacífica (P),correg_pa_13_5_4,13-9-4-27
poblado_pa_13_9_4_28,La Pedregosa,correg_pa_13_5_4,13-9-4-28
poblado_pa_13_9_4_29,Finca Hermanos Degracia (P),correg_pa_13_5_4,13-9-4-29
poblado_pa_13_9_4_30,La Posita,correg_pa_13_5_4,13-9-4-30
poblado_pa_13_9_5_3,Boca de Agallal ( P ),correg_pa_13_5_5,13-9-5-3
poblado_pa_13_9_5_4,Boca de las Guías,correg_pa_13_5_5,13-9-5-4
poblado_pa_13_9_5_6,Ciruelito,correg_pa_13_5_5,13-9-5-6
poblado_pa_13_9_5_7,El Hato,correg_pa_13_5_5,13-9-5-7
poblado_pa_13_9_5_8,El Higuito,correg_pa_13_5_5,13-9-5-8
poblado_pa_13_9_5_9,El Perico,correg_pa_13_5_5,13-9-5-9
poblado_pa_13_9_5_10,Sainillo,correg_pa_13_5_5,13-9-5-10
poblado_pa_13_9_5_12,La Ermita,correg_pa_13_5_5,13-9-5-12
poblado_pa_13_9_5_13,La Hipólita,correg_pa_13_5_5,13-9-5-13
poblado_pa_13_9_5_14,Loma del Tigre,correg_pa_13_5_5,13-9-5-14
poblado_pa_13_9_5_15,La Loma de Palogavia,correg_pa_13_5_5,13-9-5-15
poblado_pa_13_9_5_16,La Palma,correg_pa_13_5_5,13-9-5-16
poblado_pa_13_9_5_17,La Pita,correg_pa_13_5_5,13-9-5-17
poblado_pa_13_9_5_18,Las Cajas,correg_pa_13_5_5,13-9-5-18
poblado_pa_13_9_5_22,Loma del Agallal,correg_pa_13_5_5,13-9-5-22
poblado_pa_13_9_5_23,Los Arenales,correg_pa_13_5_5,13-9-5-23
poblado_pa_13_9_5_24,Potrerillos,correg_pa_13_5_5,13-9-5-24
poblado_pa_13_9_5_26,Quebrada de Agua,correg_pa_13_5_5,13-9-5-26
poblado_pa_13_9_5_28,El Valle de Corona,correg_pa_13_5_5,13-9-5-28
poblado_pa_13_9_6_1,Alto del Jobo,correg_pa_13_5_6,13-9-6-1
poblado_pa_13_9_6_2,Alto del Mamey,correg_pa_13_5_6,13-9-6-2
poblado_pa_13_9_6_4,Bajo del Jobo (P),correg_pa_13_5_6,13-9-6-4
poblado_pa_13_9_6_5,Bajo del Tigre,correg_pa_13_5_6,13-9-6-5
poblado_pa_13_9_6_8,El Chizna,correg_pa_13_5_6,13-9-6-8
poblado_pa_13_9_6_9,El Guabito,correg_pa_13_5_6,13-9-6-9
poblado_pa_13_9_6_10,La Guacamaya,correg_pa_13_5_6,13-9-6-10
poblado_pa_13_9_6_12,El Nancito,correg_pa_13_5_6,13-9-6-12
poblado_pa_13_9_6_14,El Picacho,correg_pa_13_5_6,13-9-6-14
poblado_pa_13_9_6_15,El Uverito,correg_pa_13_5_6,13-9-6-15
poblado_pa_13_9_6_16,Jobo Dulce,correg_pa_13_5_6,13-9-6-16
poblado_pa_13_9_6_18,La Laguna,correg_pa_13_5_6,13-9-6-18
poblado_pa_13_9_6_19,Alto de los Pinos o la Loma,correg_pa_13_5_6,13-9-6-19
poblado_pa_13_9_6_20,La Mina,correg_pa_13_5_6,13-9-6-20
poblado_pa_13_9_6_22,La Placita,correg_pa_13_5_6,13-9-6-22
poblado_pa_13_9_6_24,Las Ánimas,correg_pa_13_5_6,13-9-6-24
poblado_pa_13_9_6_25,La Solana,correg_pa_13_5_6,13-9-6-25
poblado_pa_13_9_6_28,Bajo Teta (P),correg_pa_13_5_6,13-9-6-28
poblado_pa_13_9_6_29,Río de Jesús (P),correg_pa_13_5_6,13-9-6-29
poblado_pa_13_9_6_30,El Caimito,correg_pa_13_5_6,13-9-6-30
poblado_pa_13_9_6_31,El Aromo,correg_pa_13_5_6,13-9-6-31
poblado_pa_13_9_6_32,Limón Seco,correg_pa_13_5_6,13-9-6-32
poblado_pa_13_9_6_33,El Barrero,correg_pa_13_5_6,13-9-6-33
poblado_pa_13_9_6_34,Bajo Aguacate o Llano Afuera,correg_pa_13_5_6,13-9-6-34
poblado_pa_13_9_6_35,Valle Chiquito,correg_pa_13_5_6,13-9-6-35
poblado_pa_13_9_6_37,Bajo del Pixbae,correg_pa_13_5_6,13-9-6-37
poblado_pa_13_9_6_38,Reparadero,correg_pa_13_5_6,13-9-6-38
poblado_pa_13_9_6_39,Altos del María (P),correg_pa_13_5_6,13-9-6-39
poblado_pa_13_9_6_40,Portalón,correg_pa_13_5_6,13-9-6-40
poblado_pa_13_9_6_41,Rancho Santa Fe,correg_pa_13_5_6,13-9-6-41
poblado_pa_13_9_7_1,Calle Larga (P),correg_pa_13_5_7,13-9-7-1
poblado_pa_13_9_7_2,El Espino (P),correg_pa_13_5_7,13-9-7-2
poblado_pa_13_9_7_3,El Hatillo,correg_pa_13_5_7,13-9-7-3
poblado_pa_13_9_7_4,La Palma,correg_pa_13_5_7,13-9-7-4
poblado_pa_13_9_7_5,La Panchita,correg_pa_13_5_7,13-9-7-5
poblado_pa_13_9_7_6,La Unión,correg_pa_13_5_7,13-9-7-6
poblado_pa_13_9_7_7,Las Uvas,correg_pa_13_5_7,13-9-7-7
poblado_pa_13_9_7_8,Playa Grande,correg_pa_13_5_7,13-9-7-8
poblado_pa_13_9_7_9,Quebrada Grande,correg_pa_13_5_7,13-9-7-9
poblado_pa_13_9_7_10,Playa Panamá,correg_pa_13_5_7,13-9-7-10
poblado_pa_13_9_7_12,El Arcabuz,correg_pa_13_5_7,13-9-7-12
poblado_pa_13_9_7_13,La Agustina (P),correg_pa_13_5_7,13-9-7-13
poblado_pa_13_9_7_14,Casa Mar,correg_pa_13_5_7,13-9-7-14
poblado_pa_13_9_7_15,Valle de los Lirios,correg_pa_13_5_7,13-9-7-15
poblado_pa_13_9_7_16,Refugio del Valle,correg_pa_13_5_7,13-9-7-16
poblado_pa_13_9_7_17,Mata Palo (P),correg_pa_13_5_7,13-9-7-17
poblado_pa_13_9_8_1,Alto de la Poma,correg_pa_13_5_8,13-9-8-1
poblado_pa_13_9_8_2,Las Yayas,correg_pa_13_5_8,13-9-8-2
poblado_pa_13_9_8_3,Bajos del Aguacate,correg_pa_13_5_8,13-9-8-3
poblado_pa_13_9_8_5,Caimitillo,correg_pa_13_5_8,13-9-8-5
poblado_pa_13_9_8_6,El Calabacito,correg_pa_13_5_8,13-9-8-6
poblado_pa_13_9_8_7,Cerro Agudo,correg_pa_13_5_8,13-9-8-7
poblado_pa_13_9_8_8,Cerro Peña,correg_pa_13_5_8,13-9-8-8
poblado_pa_13_9_8_9,Altos de Tagua o Cerro Tagua,correg_pa_13_5_8,13-9-8-9
poblado_pa_13_9_8_11,Chichibali,correg_pa_13_5_8,13-9-8-11
poblado_pa_13_9_8_12,El Ciruelito,correg_pa_13_5_8,13-9-8-12
poblado_pa_13_9_8_13,El Chorro,correg_pa_13_5_8,13-9-8-13
poblado_pa_13_9_8_15,El Espinito,correg_pa_13_5_8,13-9-8-15
poblado_pa_13_9_8_16,La Sabaneta,correg_pa_13_5_8,13-9-8-16
poblado_pa_13_9_8_17,El Limón,correg_pa_13_5_8,13-9-8-17
poblado_pa_13_9_8_18,El Mamey,correg_pa_13_5_8,13-9-8-18
poblado_pa_13_9_8_20,Alto del Cerro el Tigre,correg_pa_13_5_8,13-9-8-20
poblado_pa_13_9_8_22,El Potrero o Potrerito,correg_pa_13_5_8,13-9-8-22
poblado_pa_13_9_8_23,El Roble,correg_pa_13_5_8,13-9-8-23
poblado_pa_13_9_8_24,La Cuesta o Bajo el Suspiro,correg_pa_13_5_8,13-9-8-24
poblado_pa_13_9_8_25,La Ermita,correg_pa_13_5_8,13-9-8-25
poblado_pa_13_9_8_27,La Mesa,correg_pa_13_5_8,13-9-8-27
poblado_pa_13_9_8_28,La Placita (P),correg_pa_13_5_8,13-9-8-28
poblado_pa_13_9_8_29,Bajo el Jobo,correg_pa_13_5_8,13-9-8-29
poblado_pa_13_9_8_31,Las Corrientes,correg_pa_13_5_8,13-9-8-31
poblado_pa_13_9_8_32,Las Margaritas,correg_pa_13_5_8,13-9-8-32
poblado_pa_13_9_8_34,Los Llanitos,correg_pa_13_5_8,13-9-8-34
poblado_pa_13_9_8_35,Los Pintos,correg_pa_13_5_8,13-9-8-35
poblado_pa_13_9_8_36,Los Tornos,correg_pa_13_5_8,13-9-8-36
poblado_pa_13_9_8_37,Los Yerbos,correg_pa_13_5_8,13-9-8-37
poblado_pa_13_9_8_38,Mata Ahogado,correg_pa_13_5_8,13-9-8-38
poblado_pa_13_9_8_39,Miralejos,correg_pa_13_5_8,13-9-8-39
poblado_pa_13_9_8_40,Pedregalito,correg_pa_13_5_8,13-9-8-40
poblado_pa_13_9_8_41,Puerto Frío,correg_pa_13_5_8,13-9-8-41
poblado_pa_13_9_8_42,Río de Jesús (P),correg_pa_13_5_8,13-9-8-42
poblado_pa_13_9_8_43,Los Samaniego,correg_pa_13_5_8,13-9-8-43
poblado_pa_13_9_8_47,Altos del Valle,correg_pa_13_5_8,13-9-8-47
poblado_pa_13_9_8_48,Las Peñitas,correg_pa_13_5_8,13-9-8-48
poblado_pa_13_9_8_49,El Balso o Cerro el Marín,correg_pa_13_5_8,13-9-8-49
poblado_pa_13_9_8_50,El Níspero,correg_pa_13_5_8,13-9-8-50
poblado_pa_13_9_8_51,Capirita,correg_pa_13_5_8,13-9-8-51
poblado_pa_13_9_8_53,Estancia Santerra,correg_pa_13_5_8,13-9-8-53
poblado_pa_13_9_9_1,Punta Barco,correg_pa_13_5_9,13-9-9-1
poblado_pa_13_9_9_2,Cerro Gordo,correg_pa_13_5_9,13-9-9-2
poblado_pa_13_9_9_3,El Creo,correg_pa_13_5_9,13-9-9-3
poblado_pa_13_9_9_4,El Nance,correg_pa_13_5_9,13-9-9-4
poblado_pa_13_9_9_5,El Poro Poro,correg_pa_13_5_9,13-9-9-5
poblado_pa_13_9_9_6,El Guarumito,correg_pa_13_5_9,13-9-9-6
poblado_pa_13_9_9_8,Los Llanitos,correg_pa_13_5_9,13-9-9-8
poblado_pa_13_9_9_9,Llano Largo,correg_pa_13_5_9,13-9-9-9
poblado_pa_13_9_9_10,Rodeo Viejo,correg_pa_13_5_9,13-9-9-10
poblado_pa_13_9_9_11,San José,correg_pa_13_5_9,13-9-9-11
poblado_pa_13_9_9_12,Tetitas,correg_pa_13_5_9,13-9-9-12
poblado_pa_13_9_9_13,Vista Alegre,correg_pa_13_5_9,13-9-9-13
poblado_pa_13_9_9_14,Boca de Lajas,correg_pa_13_5_9,13-9-9-14
poblado_pa_13_9_9_16,Finca los Portales,correg_pa_13_5_9,13-9-9-16
poblado_pa_13_9_9_17,Punta Barco Resort,correg_pa_13_5_9,13-9-9-17
poblado_pa_13_9_9_18,Hacienda las Lagartijas,correg_pa_13_5_9,13-9-9-18
poblado_pa_13_9_9_19,Punta Roca,correg_pa_13_5_9,13-9-9-19
poblado_pa_13_9_9_20,Azura,correg_pa_13_5_9,13-9-9-20
poblado_pa_13_9_9_21,La Mare Punta Barco,correg_pa_13_5_9,13-9-9-21
poblado_pa_13_9_9_22,Las Islas Punta Barco,correg_pa_13_5_9,13-9-9-22
poblado_pa_13_9_9_23,Rodeo Viejo Country,correg_pa_13_5_9,13-9-9-23
poblado_pa_13_9_9_24,Residencial los Solaces,correg_pa_13_5_9,13-9-9-24
poblado_pa_13_9_9_25,Altos de Coronado,correg_pa_13_5_9,13-9-9-25
