"id","name","code","account_type","reconcile","non_trade","name@sk","description","description@sk","tax_ids","depreciation_model_id"
"chart_sk_012000","Activated development costs","012000","asset_fixed","False","False","Aktivované náklady na vývoj","Capitalized costs of internally developed projects, such as R&D, that are expected to bring long-term economic benefit.","Aktivované náklady na interné vývojové projekty, napríklad výskum a vývoj, s dlhodobým ekonomickým prínosom.","","asset_5_year_linear"
"chart_sk_013000","Software","013000","asset_fixed","False","False","Softvér","Acquisition costs of software licenses, ERP/CRM systems, and custom-developed applications used long-term by the business.","Obstarávacie náklady na softvérové licencie, ERP/CRM systémy a zákazkovo vyvinuté aplikácie využívané dlhodobo.","","asset_4_year_linear"
"chart_sk_014000","Appreciable rights","014000","asset_fixed","False","False","Oceniteľné práva","Acquisition costs of patents, trademarks, licenses, and other valuable intangible rights held long-term.","Obstarávacie náklady na patenty, ochranné známky, licencie a iné oceniteľné nehmotné práva držané dlhodobo.","","asset_5_year_linear"
"chart_sk_015000","Goodwill","015000","asset_fixed","False","False","Goodwill","Excess of the purchase price over the fair value of net assets acquired in a business combination.","Rozdiel medzi kúpnou cenou a reálnou hodnotou čistých aktív nadobudnutých pri kúpe podniku.","","asset_5_year_linear"
"chart_sk_019000","Other intangible fixed assets","019000","asset_fixed","False","False","Ostatný dlhodobý nehmotný majetok","Other long-term intangible assets not classified under development costs, software, rights, or goodwill.","Ostatný dlhodobý nehmotný majetok nezaradený medzi vývoj, softvér, práva alebo goodwill.","","asset_5_year_linear"
"chart_sk_021000","Buildings","021000","asset_fixed","False","False","Stavby","Acquisition value of buildings, including construction, renovation, and associated permitting or architect fees.","Obstarávacia hodnota stavieb vrátane výstavby, rekonštrukcie a súvisiacich poplatkov za povolenia či architektov.","","asset_40_year_linear"
"chart_sk_022000","Separate movables and sets of movables","022000","asset_fixed","False","False","Samostatné hnuteľné veci a súbory hnuteľných vecí","Acquisition value of standalone movable assets and sets of movable assets used in operations, such as equipment and machinery.","Obstarávacia hodnota samostatných hnuteľných vecí a ich súborov využívaných v prevádzke, napríklad zariadení a strojov.","","asset_6_year_linear"
"chart_sk_025000","Growing units of permanent crops","025000","asset_fixed","False","False","Pestovateľské celky trvalých porastov","Acquisition value of orchards, vineyards, and other permanent crop plantations with multi-year productive life.","Obstarávacia hodnota sadov, viníc a iných trvalých porastov s viacročnou úžitkovou dobou.","","asset_12_year_linear"
"chart_sk_026000","Basic herd and draft animals","026000","asset_fixed","False","False","Základné stádo a ťažné zvieratá","Acquisition value of breeding stock and draft animals held for long-term productive use.","Obstarávacia hodnota základného stáda a ťažných zvierat držaných na dlhodobé produkčné využitie.","","asset_4_year_linear"
"chart_sk_029000","Other tangible fixed assets","029000","asset_fixed","False","False","Ostatný dlhodobý hmotný majetok","Other long-term tangible fixed assets not classified elsewhere in the tangible asset group.","Ostatný dlhodobý hmotný majetok nezaradený inde v skupine hmotného majetku.","","asset_6_year_linear"
"chart_sk_031000","Land","031000","asset_fixed","False","False","Pozemky","Acquisition value of land held by the company; land is not depreciated.","Obstarávacia hodnota pozemkov vo vlastníctve spoločnosti; pozemky sa neodpisujú.","",""
"chart_sk_032000","Works of art and collections","032000","asset_non_current","False","False","Umelecké diela a zbierky","Acquisition value of works of art, collections, and other non-depreciable cultural assets.","Obstarávacia hodnota umeleckých diel, zbierok a iných neodpisovaných kultúrnych aktív.","",""
"chart_sk_041000","Acquisition of intangible fixed assets","041000","asset_non_current","False","False","Obstaranie dlhodobého nehmotného majetku","Costs accumulated while intangible fixed assets are being acquired but not yet ready for use.","Náklady akumulované počas obstarávania dlhodobého nehmotného majetku, ktorý ešte nie je pripravený na použitie.","",""
"chart_sk_042000","Acquisition of tangible fixed assets","042000","asset_non_current","False","False","Obstaranie dlhodobého hmotného majetku","Costs accumulated while tangible fixed assets are under construction or acquisition and not yet in use.","Náklady akumulované počas výstavby alebo obstarávania dlhodobého hmotného majetku, ktorý ešte nie je uvedený do užívania.","",""
"chart_sk_043000","Acquisition of non-current financial assets","043000","asset_non_current","False","False","Obstaranie dlhodobého finančného majetku","Costs accumulated while non-current financial assets are being acquired but not yet finalized.","Náklady akumulované počas obstarávania dlhodobého finančného majetku, ktoré ešte neboli dokončené.","",""
"chart_sk_051000","Advances made for intangible fixed assets","051000","asset_non_current","False","False","Poskytnuté preddavky na dlhodobý nehmotný majetok","Advance payments made to suppliers for future delivery of intangible fixed assets.","Preddavky poskytnuté dodávateľom na budúce dodanie dlhodobého nehmotného majetku.","",""
"chart_sk_052000","Advances made for tangible fixed assets","052000","asset_non_current","False","False","Poskytnuté preddavky na dlhodobý hmotný majetok","Advance payments made to suppliers for future delivery of tangible fixed assets.","Preddavky poskytnuté dodávateľom na budúce dodanie dlhodobého hmotného majetku.","",""
"chart_sk_053000","Advances provided for financial assets","053000","asset_non_current","False","False","Zálohy poskytnuté na finančné aktíva","Advance payments made for the future acquisition of financial assets.","Zálohy poskytnuté na budúce obstaranie finančného majetku.","",""
"chart_sk_055000","Advances made on non-current financial assets","055000","asset_non_current","False","False","Poskytnuté preddavky na dlhodobý finančný majetok","Advance payments made for the future acquisition of non-current financial assets not covered under account 053000.","Preddavky poskytnuté na budúce obstaranie dlhodobého finančného majetku nezahrnuté v účte 053000.","",""
"chart_sk_061000","Equity securities and interests in a subsidiary","061000","asset_non_current","False","False","Podielové cenné papiere a podiely v dcérskej účtovnej jednotke","Equity investments and ownership interests held in a subsidiary under the company's control.","Podielové cenné papiere a podiely držané v dcérskej účtovnej jednotke pod kontrolou spoločnosti.","",""
"chart_sk_062000","Participating securities and shares in a participating company or cooperative","062000","asset_non_current","False","False","Podielové cenné papiere a podiely v spoločnosti alebo družstve s podielovou účasťou","Equity investments held in companies or cooperatives where the company exercises significant influence.","Podielové cenné papiere a podiely v spoločnosti alebo družstve, kde má spoločnosť podstatný vplyv.","",""
"chart_sk_063000","Available-for-sale securities and shares","063000","asset_non_current","False","False","Realizovateľné cenné papiere a podiely","Long-term securities and equity interests intended to be available for sale rather than held to maturity.","Dlhodobé cenné papiere a podiely určené na predaj, nie na držanie do splatnosti.","",""
"chart_sk_065000","Debt securities held to maturity","065000","asset_non_current","False","False","Dlhové cenné papiere držané do splatnosti","Debt securities that the company intends and is able to hold until their maturity date.","Dlhové cenné papiere, ktoré spoločnosť zamýšľa a je schopná držať do dátumu splatnosti.","",""
"chart_sk_066000","Loans to related entities and participating entities","066000","asset_non_current","False","False","Pôžičky prepojeným účtovným jednotkám a účtovným jednotkám v rámci podielovej účasti","Loans and borrowings granted to related entities and entities under participating interest.","Pôžičky poskytnuté prepojeným účtovným jednotkám a jednotkám v rámci podielovej účasti.","",""
"chart_sk_066100","Loans to related entities (Subsidiaries)","066100","asset_non_current","False","False","Úvery pre pridružené subjekty (dcérske spoločnosti)","Loans granted specifically to subsidiary companies within the group.","Úvery poskytnuté konkrétne dcérskym spoločnostiam v rámci skupiny.","",""
"chart_sk_066200","Loans to participating entities","066200","asset_non_current","False","False","Úvery zúčastneným subjektom","Loans granted to entities in which the company holds a participating interest.","Úvery poskytnuté subjektom, v ktorých má spoločnosť podielovú účasť.","",""
"chart_sk_067000","Other loans","067000","asset_non_current","False","False","Ostatné pôžičky","Long-term loans granted that are not to related or participating entities.","Dlhodobé pôžičky poskytnuté subjektom, ktoré nie sú prepojené ani účastinné.","",""
"chart_sk_068000","Long-term loans maturing within 1 year","068000","asset_non_current","False","False","Dlhodobé úvery so splatnosťou do 1 roka","Portion of long-term loans granted that will mature within the next twelve months.","Časť dlhodobých úverov, ktorá je splatná v priebehu nasledujúcich dvanástich mesiacov.","",""
"chart_sk_069000","Other non-current financial assets","069000","asset_non_current","False","False","Ostatný dlhodobý finančný majetok","Other long-term financial assets not classified under securities, shares, or loans above.","Ostatný dlhodobý finančný majetok nezaradený medzi cenné papiere, podiely alebo úvery vyššie.","",""
"chart_sk_072000","Accumulated amortization of capitalized development costs","072000","asset_non_current","False","False","Oprávky k aktivovaným nákladom na vývoj","Contra-asset account tracking cumulative amortization of capitalized development costs.","Účet oprávok sledujúci kumulovanú amortizáciu aktivovaných nákladov na vývoj.","",""
"chart_sk_073000","Accumulated amortization of software","073000","asset_non_current","False","False","Oprávky k softvéru","Contra-asset account tracking cumulative amortization of software assets.","Účet oprávok sledujúci kumulovanú amortizáciu softvérových aktív.","",""
"chart_sk_074000","Accumulated amortization of valuable rights","074000","asset_non_current","False","False","Oprávky k oceniteľným právam","Contra-asset account tracking cumulative amortization of appreciable/valuable rights.","Účet oprávok sledujúci kumulovanú amortizáciu oceniteľných práv.","",""
"chart_sk_075000","Accumulated amortization of goodwill","075000","asset_non_current","False","False","Oprávky ku goodwilu","Contra-asset account tracking cumulative amortization of goodwill.","Účet oprávok sledujúci kumulovanú amortizáciu goodwillu.","",""
"chart_sk_079000","Accumulated amortization of other intangible fixed assets","079000","asset_non_current","False","False","Opravky k ostatnému dlhodobému nehmotnému majetku","Contra-asset account tracking cumulative amortization of other intangible fixed assets.","Účet oprávok sledujúci kumulovanú amortizáciu ostatného dlhodobého nehmotného majetku.","",""
"chart_sk_081000","Accumulated depreciation of buildings","081000","asset_non_current","False","False","Oprávky k stavbám","Contra-asset account tracking cumulative depreciation of buildings.","Účet oprávok sledujúci kumulované odpisy stavieb.","",""
"chart_sk_082000","Accumulated depreciation of separate movables","082000","asset_non_current","False","False","Oprávky k samostatným hnuteľným veciam a k súboru hnuteľných vecí","Contra-asset account tracking cumulative depreciation of separate movable assets and sets thereof.","Účet oprávok sledujúci kumulované odpisy samostatných hnuteľných vecí a ich súborov.","",""
"chart_sk_085000","Accumulated depreciation of permanent crops","085000","asset_non_current","False","False","Oprávky k pestovateľským celkom trvalých porastov","Contra-asset account tracking cumulative depreciation of permanent crop plantations.","Účet oprávok sledujúci kumulované odpisy pestovateľských celkov trvalých porastov.","",""
"chart_sk_086000","Accumulated depreciation of animals","086000","asset_non_current","False","False","Oprávky k základnému stádu a ťažným zvieratám","Contra-asset account tracking cumulative depreciation of the basic herd and draft animals.","Účet oprávok sledujúci kumulované odpisy základného stáda a ťažných zvierat.","",""
"chart_sk_089000","Allowances for other tangible fixed assets","089000","asset_non_current","False","False","Oprávky k ostatnému dlhodobému hmotnému majetku","Contra-asset account tracking cumulative depreciation of other tangible fixed assets.","Účet oprávok sledujúci kumulované odpisy ostatného dlhodobého hmotného majetku.","",""
"chart_sk_091000","Allowance for intangible fixed assets","091000","asset_non_current","False","False","Opravné položky k dlhodobému nehmotnému majetku","Impairment allowance recognized against long-term intangible fixed assets.","Opravná položka vytvorená k dlhodobému nehmotnému majetku.","",""
"chart_sk_091100","Allowances for capitalised development costs","091100","asset_non_current","False","False","Opravné položky k kapitalizovaným nákladom na vývoj","Impairment allowance recognized against capitalized development costs.","Opravná položka vytvorená k aktivovaným nákladom na vývoj.","",""
"chart_sk_091200","Allowance for software","091200","asset_non_current","False","False","Príspevok na softvér","Impairment allowance recognized against software assets.","Opravná položka vytvorená k softvérovým aktívam.","",""
"chart_sk_091300","Allowance for valuable rights","091300","asset_non_current","False","False","Príspevok na cenné práva","Impairment allowance recognized against valuable/appreciable rights.","Opravná položka vytvorená k oceniteľným právam.","",""
"chart_sk_091400","Allowance for goodwill","091400","asset_non_current","False","False","Opravná položka na goodwill","Impairment allowance recognized against goodwill.","Opravná položka vytvorená ku goodwillu.","",""
"chart_sk_091500","Allowance for other intangibles","091500","asset_non_current","False","False","Opravná položka na ostatný nehmotný majetok","Impairment allowance recognized against other intangible fixed assets.","Opravná položka vytvorená k ostatnému nehmotnému majetku.","",""
"chart_sk_092000","Allowances for property, plant and equipment","092000","asset_non_current","False","False","Príspevok na budovy","Impairment allowance recognized against property, plant and equipment in general.","Opravná položka vytvorená k dlhodobému hmotnému majetku všeobecne.","",""
"chart_sk_092100","Allowance for buildings","092100","asset_non_current","False","False","Opravné položky k dlhodobému hmotnému majetku","Impairment allowance recognized against buildings.","Opravná položka vytvorená k budovám.","",""
"chart_sk_092200","Allowance for separate movables","092200","asset_non_current","False","False","Príspevok na samostatný hnuteľný majetok","Impairment allowance recognized against separate movable assets.","Opravná položka vytvorená k samostatným hnuteľným veciam.","",""
"chart_sk_092300","Allowance for land","092300","asset_non_current","False","False","Príspevok na pozemok","Impairment allowance recognized against land.","Opravná položka vytvorená k pozemkom.","",""
"chart_sk_092320","Allowance for works of art","092320","asset_non_current","False","False","Príspevok na umelecké diela","Impairment allowance recognized against works of art and collections.","Opravná položka vytvorená k umeleckým dielam a zbierkam.","",""
"chart_sk_092500","Allowance for permanent crops","092500","asset_non_current","False","False","Príspevok na trvalé plodiny","Impairment allowance recognized against permanent crop plantations.","Opravná položka vytvorená k trvalým porastom.","",""
"chart_sk_092600","Allowance for animals","092600","asset_non_current","False","False","Príspevok na zvieratá","Impairment allowance recognized against animals.","Opravná položka vytvorená k zvieratám.","",""
"chart_sk_092900","Allowance for other tangible fixed assets","092900","asset_non_current","False","False","Opravná položka k ostatným hmotným dlhodobým majetkom","Impairment allowance recognized against other tangible fixed assets.","Opravná položka vytvorená k ostatnému hmotnému majetku.","",""
"chart_sk_093000","Allowance for intangible fixed assets in progress","093000","asset_non_current","False","False","Opravné položky k nedokončenému dlhodobému nehmotnému majetku","Impairment allowance recognized against intangible fixed assets still under construction/acquisition.","Opravná položka vytvorená k nedokončenému dlhodobému nehmotnému majetku.","",""
"chart_sk_094000","Allowances for tangible fixed assets in progress","094000","asset_non_current","False","False","Opravné položky k nedokončenému dlhodobému hmotnému majetku","Impairment allowance recognized against tangible fixed assets still under construction/acquisition.","Opravná položka vytvorená k nedokončenému dlhodobému hmotnému majetku.","",""
"chart_sk_095000","Allowances for advances on fixed assets","095000","asset_non_current","False","False","Opravné položky k poskytnutým preddavkom na dlhodobý majetok","Impairment allowance recognized against advances paid for fixed assets in general.","Opravná položka vytvorená k poskytnutým preddavkom na dlhodobý majetok.","",""
"chart_sk_095100","Allowance for advances on intangible","095100","asset_non_current","False","False","Opravná položka na zálohy na nehmotný majetok","Impairment allowance recognized against advances paid for intangible fixed assets.","Opravná položka vytvorená k zálohám na nehmotný majetok.","",""
"chart_sk_095200","Allowance for advances on tangible assets","095200","asset_non_current","False","False","Opravná položka na zálohy na hmotný majetok","Impairment allowance recognized against advances paid for tangible fixed assets.","Opravná položka vytvorená k zálohám na hmotný majetok.","",""
"chart_sk_095300","Allowance for advances on financial assets","095300","asset_non_current","False","False","Opravná položka k zálohám na finančné aktíva","Impairment allowance recognized against advances paid for financial assets.","Opravná položka vytvorená k zálohám na finančné aktíva.","",""
"chart_sk_096000","Valuation allowances on non-current financial assets","096000","asset_non_current","False","False","Opravné položky k dlhodobému finančnému majetku","Impairment allowance recognized against non-current financial assets in general.","Opravná položka vytvorená k dlhodobému finančnému majetku všeobecne.","",""
"chart_sk_096043","Allowance for acquisition of financial assets","096043","asset_non_current","False","False","Opravná položka na nadobudnutie finančných aktív","Impairment allowance recognized against financial assets still being acquired.","Opravná položka vytvorená k obstarávanému finančnému majetku.","",""
"chart_sk_096100","Allowance for equity in subsidiaries","096100","asset_non_current","False","False","Opravná položka na vlastný kapitál v dcérskych spoločnostiach","Impairment allowance recognized against equity interests in subsidiaries.","Opravná položka vytvorená k podielom v dcérskych spoločnostiach.","",""
"chart_sk_096200","Allowance for participating securities","096200","asset_non_current","False","False","Príspevok na účastnícke cenné papiere","Impairment allowance recognized against participating securities and shares.","Opravná položka vytvorená k účastinným cenným papierom a podielom.","",""
"chart_sk_096300","Allowance for available-for-sale securities","096300","asset_non_current","False","False","Opravná položka k cenným papierom k dispozícii na predaj","Impairment allowance recognized against available-for-sale securities.","Opravná položka vytvorená k realizovateľným cenným papierom.","",""
"chart_sk_096500","Allowance for debt securities","096500","asset_non_current","False","False","Opravná položka k dlhopisom","Impairment allowance recognized against debt securities held to maturity.","Opravná položka vytvorená k dlhovým cenným papierom držaným do splatnosti.","",""
"chart_sk_096610","Allowance for loans to related entities","096610","asset_non_current","False","False","Opravná položka k úverom poskytnutým prepojeným subjektom","Impairment allowance recognized against loans granted to related entities.","Opravná položka vytvorená k úverom poskytnutým prepojeným subjektom.","",""
"chart_sk_096620","Allowance for loans to participating entities","096620","asset_non_current","False","False","Príspevok na úvery pre zúčastnené subjekty","Impairment allowance recognized against loans granted to participating entities.","Opravná položka vytvorená k úverom poskytnutým účastinným subjektom.","",""
"chart_sk_096700","Allowance for other loans","096700","asset_non_current","False","False","Opravná položka na ostatné úvery","Impairment allowance recognized against other loans granted.","Opravná položka vytvorená k ostatným poskytnutým úverom.","",""
"chart_sk_096800","Allowance for LT loans maturing < 1 year","096800","asset_non_current","False","False","Príspevok na dlhodobé úvery so splatnosťou < 1 rok","Impairment allowance recognized against long-term loans maturing within one year.","Opravná položka vytvorená k dlhodobým úverom so splatnosťou do jedného roka.","",""
"chart_sk_096900","Allowance for other non-current financial assets","096900","asset_non_current","False","False","Opravná položka k ostatným dlhodobým finančným aktívam","Impairment allowance recognized against other non-current financial assets.","Opravná položka vytvorená k ostatnému dlhodobému finančnému majetku.","",""
"chart_sk_097000","Adjustments to acquired assets","097000","asset_non_current","False","False","Opravné položky k nadobudnutému majetku","Valuation difference between the purchase price and fair value of net assets acquired.","Oceňovací rozdiel medzi kúpnou cenou a reálnou hodnotou nadobudnutých čistých aktív.","",""
"chart_sk_098000","Correction of adjustment to acquired assets","098000","asset_non_current","False","False","Oprávky k opravnej položke k nadobudnutému majetku","Cumulative amortization of the valuation difference recognized on acquired assets.","Kumulovaná amortizácia oceňovacieho rozdielu k nadobudnutému majetku.","",""
"chart_sk_111000","Procurement of material","111000","asset_current","True","False","Obstaranie materiálu","Costs accumulated while raw materials and supplies are being procured but not yet received into stock.","Náklady akumulované počas obstarávania materiálu, ktorý ešte nebol prijatý na sklad.","",""
"chart_sk_112000","Material in stock","112000","asset_current","False","False","Materiál na sklade","Value of raw materials and supplies held in the company's warehouse.","Hodnota materiálu evidovaného na sklade spoločnosti.","",""
"chart_sk_119000","Material on the way","119000","asset_current","False","False","Materiál na ceste","Value of materials purchased but still in transit and not yet received into the warehouse.","Hodnota nakúpeného materiálu, ktorý je ešte na ceste a nebol prijatý na sklad.","",""
"chart_sk_121000","Unfinished production","121000","asset_current","False","False","Nedokončená výroba","Value of work in progress: partially completed production not yet ready for sale.","Hodnota nedokončenej výroby, ktorá ešte nie je pripravená na predaj.","",""
"chart_sk_122000","Semi-finished products of own production","122000","asset_current","False","False","Polotovary vlastnej výroby","Value of semi-finished goods manufactured internally, requiring further processing before sale.","Hodnota polotovarov vlastnej výroby, ktoré si vyžadujú ďalšie spracovanie pred predajom.","",""
"chart_sk_123000","Finished products","123000","asset_current","False","False","Výrobky","Value of finished goods manufactured by the company and ready for sale.","Hodnota hotových výrobkov vyrobených spoločnosťou, pripravených na predaj.","",""
"chart_sk_124000","Animals","124000","asset_current","False","False","Zvieratá","Value of young and other animals held as current (non-breeding) assets.","Hodnota mladých a ostatných zvierat evidovaných ako obežný majetok.","",""
"chart_sk_131000","Procurement of goods","131000","asset_current","True","False","Obstaranie tovaru","Costs accumulated while goods for resale are being procured but not yet received into stock.","Náklady akumulované počas obstarávania tovaru, ktorý ešte nebol prijatý na sklad.","",""
"chart_sk_132000","Goods in stock and in stores","132000","asset_current","False","False","Tovar na sklade a v predajniach","Value of goods for resale held in the warehouse or in stores.","Hodnota tovaru na sklade a v predajniach určeného na ďalší predaj.","",""
"chart_sk_133000","Property for sale","133000","asset_current","False","False","Nehnuteľnosť na predaj","Value of real estate property held for resale.","Hodnota nehnuteľností držaných na účely predaja.","",""
"chart_sk_139000","Goods in transit","139000","asset_current","False","False","Tovar na ceste","Value of goods purchased for resale that are still in transit.","Hodnota nakúpeného tovaru na ďalší predaj, ktorý je ešte na ceste.","",""
"chart_sk_191000","Allowances for material","191000","asset_current","False","False","Opravné položky k materiálu","Impairment allowance recognized against raw materials and supplies in stock.","Opravná položka vytvorená k materiálu na sklade.","",""
"chart_sk_192000","Provisions for work in progress","192000","asset_current","False","False","Opravné položky k nedokončenej výrobe","Impairment allowance recognized against work in progress.","Opravná položka vytvorená k nedokončenej výrobe.","",""
"chart_sk_193000","Provisions for own-produced semi-finished goods","193000","asset_current","False","False","Opravné položky k polotovarom vlastnej výroby","Impairment allowance recognized against own-produced semi-finished goods.","Opravná položka vytvorená k polotovarom vlastnej výroby.","",""
"chart_sk_194000","Allowances for finished products","194000","asset_current","False","False","Opravné položky k výrobkom","Impairment allowance recognized against finished products.","Opravná položka vytvorená k výrobkom.","",""
"chart_sk_195000","Allowances for animals","195000","asset_current","False","False","Opravné položky k zvieratám","Impairment allowance recognized against animals held in current assets.","Opravná položka vytvorená k zvieratám evidovaným v obežnom majetku.","",""
"chart_sk_196000","Allowances for goods","196000","asset_current","False","False","Opravné položky k tovaru","Impairment allowance recognized against goods held for resale.","Opravná položka vytvorená k tovaru na sklade.","",""
"chart_sk_211000","Treasury","211000","asset_cash","False","False","Pokladnica","Cash held in the company's physical cash register.","Hotovosť evidovaná v pokladnici spoločnosti.","",""
"chart_sk_213000","Valuables (Vouchers/Stamps)","213000","asset_cash","False","False","Ceniny","Value of stamps, vouchers, and other tradable value documents held by the company.","Hodnota ceninových poukazov, kolkov a iných hodnotových dokladov v držbe spoločnosti.","",""
"chart_sk_221000","Bank accounts","221000","asset_cash","False","False","Bankové účty","Funds held in the company's operating bank accounts.","Prostriedky vedené na bežných bankových účtoch spoločnosti.","",""
"chart_sk_221100","Blocked bank accounts (> 1 year)","221100","asset_cash","False","False","Zablokované bankové účty (> 1 rok)","Funds held in bank accounts that are contractually blocked for more than one year.","Prostriedky na bankových účtoch, ktoré sú zmluvne blokované na obdobie dlhšie ako jeden rok.","",""
"chart_sk_221900","Bank Overdraft (Liabilities)","221900","liability_current","True","False","Bankový prečerpanie (záväzky)","Negative bank balance representing short-term borrowing drawn through an overdraft facility.","Záporný zostatok na bankovom účte predstavujúci krátkodobé čerpanie kontokorentného úveru.","",""
"chart_sk_231000","Short-term bank loans","231000","asset_cash","False","False","Krátkodobé bankové úvery","Short-term loans drawn from banks to finance operating needs.","Krátkodobé úvery čerpané od bánk na financovanie prevádzkových potrieb.","",""
"chart_sk_232000","Discount loans","232000","asset_cash","False","False","Eskontné úvery","Short-term financing obtained through discounting of bills of exchange.","Krátkodobé financovanie získané eskontovaním zmeniek.","",""
"chart_sk_241000","Short-term bonds issued","241000","asset_cash","False","False","Vydané krátkodobé dlhopisy","Short-term bonds issued by the company to raise financing.","Krátkodobé dlhopisy vydané spoločnosťou na získanie financovania.","",""
"chart_sk_249000","Other short-term financial assistance","249000","asset_cash","False","False","Ostatné krátkodobé finančné výpomoci","Other short-term financial assistance received that is not a standard bank loan.","Ostatná krátkodobá finančná výpomoc, ktorá nie je štandardným bankovým úverom.","",""
"chart_sk_251000","ST Equity Securities (Trading)","251000","asset_cash","False","False","Majetkové cenné papiere na obchodovanie","Equity securities acquired with the intent of short-term trading.","Majetkové cenné papiere nadobudnuté s úmyslom krátkodobého obchodovania.","",""
"chart_sk_251100","Short Term Equity Securities - Related Parties","251100","asset_current","False","False","Krátkodobé majetkové cenné papiere - prepojené osoby","Short-term equity securities held in relation to related parties.","Krátkodobé majetkové cenné papiere držané vo vzťahu k prepojeným osobám.","",""
"chart_sk_252000","Own shares and treasury shares","252000","asset_cash","False","False","Vlastné akcie a vlastné obchodné podiely","Company's own shares and ownership interests reacquired and held in treasury.","Vlastné akcie a obchodné podiely spoločnosti spätne nadobudnuté a držané vo vlastníctve.","",""
"chart_sk_253000","Debt securities for trading","253000","asset_cash","False","False","Dlhové cenné papiere na obchodovanie","Debt securities acquired with the intent of short-term trading.","Dlhové cenné papiere nadobudnuté s úmyslom krátkodobého obchodovania.","",""
"chart_sk_253100","Short Term Debt Securities - Related Parties","253100","asset_cash","False","False","Krátkodobé dlhové cenné papiere - prepojené osoby","Short-term debt securities held in relation to related parties.","Krátkodobé dlhové cenné papiere držané vo vzťahu k prepojeným osobám.","",""
"chart_sk_255000","Own bonds","255000","asset_cash","False","False","Vlastné dlhopisy","Company's own bonds reacquired and held.","Vlastné dlhopisy spoločnosti spätne nadobudnuté a držané.","",""
"chart_sk_255100","Own bonds held (Contra)","255100","liability_current","True","False","Vlastné držané dlhopisy (kontra)","Contra account offsetting the company's own bonds held in the liability account.","Kontraúčet znižujúci hodnotu vlastných dlhopisov evidovaných v účte záväzkov.","",""
"chart_sk_256000","Debt securities with a maturity of one year or less held to maturity","256000","asset_cash","False","False","Dlhové cenné papiere so splatnosťou do jedného roka držané do splatnosti","Debt securities with remaining maturity of one year or less, held to maturity.","Dlhové cenné papiere so zostatkovou splatnosťou do jedného roka, držané do splatnosti.","",""
"chart_sk_257000","Other available-for-sale securities","257000","asset_cash","False","False","Ostatné realizovateľné cenné papiere","Other short-term available-for-sale securities not classified elsewhere.","Ostatné krátkodobé realizovateľné cenné papiere nezaradené inde.","",""
"chart_sk_259000","Acquisition of short-term financial assets","259000","asset_cash","False","False","Obstaranie krátkodobého finančného majetku","Costs accumulated while short-term financial assets are being acquired but not yet settled.","Náklady akumulované počas obstarávania krátkodobého finančného majetku, ktoré ešte neboli vysporiadané.","",""
"chart_sk_261000","Money in transit","261000","asset_current","False","False","Peniaze na ceste","Cash transferred between the cash register and bank accounts that is still in transit.","Hotovosť prevádzaná medzi pokladnicou a bankovými účtami, ktorá je ešte na ceste.","",""
"chart_sk_291100","Allowance for current financial assets","291000","asset_current","False","False","Opravné položky ku krátkodobému finančnému majetku","Impairment allowance recognized against short-term financial assets in general.","Opravná položka vytvorená ku krátkodobému finančnému majetku všeobecne.","",""
"chart_sk_291200","Allowance for short term Financial Assets (Related)","291100","asset_current","False","False","Opravná položka k krátkodobým finančným aktívam (súvisiace)","Impairment allowance recognized against short-term financial assets related to affiliated parties.","Opravná položka vytvorená ku krátkodobému finančnému majetku voči prepojeným osobám.","",""
"chart_sk_291000","Allowance for acquisition of fin. assets","291200","asset_cash","False","False","Príspevok na nadobudnutie finančných aktív","Impairment allowance recognized against financial assets still being acquired short-term.","Opravná položka vytvorená ku krátkodobo obstarávanému finančnému majetku.","",""
"chart_sk_311000","Receivables","311000","asset_receivable","True","False","Odberatelia","Amounts owed to the company by customers for goods or services delivered on credit.","Sumy, ktoré dlžia odberatelia spoločnosti za dodaný tovar alebo služby na úver.","",""
"chart_sk_311100","LT Trade Receivables (Third Party)","311100","asset_non_current","False","False","Dlhodobé pohľadávky z obchodného styku (tretie strany)","Long-term trade receivables owed by third-party customers.","Dlhodobé pohľadávky z obchodného styku voči tretím stranám.","",""
"chart_sk_311110","LT receivables - Related parties","311110","asset_non_current","False","False","Dlhodobé pohľadávky - Prepojené osoby","Long-term trade receivables owed by related parties.","Dlhodobé pohľadávky z obchodného styku voči prepojeným osobám.","",""
"chart_sk_311120","LT Receivables - Participating Interests","311120","asset_non_current","False","False","Dlhodobé pohľadávky - Podielové účasti","Long-term trade receivables owed by entities under participating interest.","Dlhodobé pohľadávky z obchodného styku voči účtovným jednotkám s podielovou účasťou.","",""
"chart_sk_311200","Short term Receivables - Related Parties","311200","asset_current","False","False","Krátkodobé pohľadávky - Prepojené osoby","Short-term trade receivables owed by related parties.","Krátkodobé pohľadávky z obchodného styku voči prepojeným osobám.","",""
"chart_sk_311300","ST Trade Rec. - Participating Interests","311300","asset_current","False","False","Krátkodobé obchodné odporúčanie - Podielové záujmy","Short-term trade receivables owed by entities under participating interest.","Krátkodobé pohľadávky z obchodného styku voči účtovným jednotkám s podielovou účasťou.","",""
"chart_sk_312000","Bills of exchange to be collected","312000","asset_receivable","True","False","Zmenky na inkaso","Bills of exchange received from customers that are awaiting collection.","Zmenky prijaté od odberateľov, ktoré čakajú na inkaso.","",""
"chart_sk_313000","Receivables for discounted securities","313000","asset_receivable","True","False","Pohľadávky za eskontované cenné papiere","Receivables held against securities that have been discounted with a bank.","Pohľadávky voči cenným papierom, ktoré boli eskontované u banky.","",""
"chart_sk_314000","Advances granted","314000","asset_receivable","True","False","Poskytnuté preddavky","Advance payments made to suppliers ahead of future delivery of goods or services.","Preddavky poskytnuté dodávateľom pred budúcim dodaním tovaru alebo služieb.","",""
"chart_sk_314100","Advances granted for inventory","314100","asset_receivable","True","False","Zálohy poskytnuté na zásoby","Advance payments made specifically for future inventory deliveries.","Zálohy poskytnuté konkrétne na budúce dodanie zásob.","",""
"chart_sk_314200","Advances for financial assets","314200","asset_current","True","False","Zálohy na finančné aktíva","Advance payments made for the future acquisition of financial assets.","Zálohy poskytnuté na budúce obstaranie finančných aktív.","",""
"chart_sk_315000","Other receivables","315000","asset_receivable","True","False","Iné pohľadávky","Other receivables not classified as trade, employee, or shareholder receivables.","Ostatné pohľadávky nezaradené medzi obchodné, zamestnanecké alebo spoločnícke pohľadávky.","",""
"chart_sk_316000","Net contract value","316000","asset_receivable","True","False","Čistá hodnota zákazky","Net contractual asset representing amounts earned on contracts but not yet invoiced.","Čistá zmluvná hodnota predstavujúca sumy zarobené na zákazkách, ktoré ešte neboli vyfakturované.","",""
"chart_sk_316100","Net contract value (Long-term)","316100","asset_non_current","False","False","Čistá hodnota zmluvy (dlhodobá)","Long-term portion of the net contract asset described in account 316000.","Dlhodobá časť čistej zmluvnej hodnoty popísanej v účte 316000.","",""
"chart_sk_321000","Suppliers","321000","liability_payable","True","False","Dodávatelia","Amounts owed by the company to suppliers for goods or services received on credit.","Sumy, ktoré spoločnosť dlží dodávateľom za prijatý tovar alebo služby na úver.","",""
"chart_sk_321200","Suppliers (Long term)","321200","liability_payable","True","False","Dodávatelia (dlhodobí)","Trade payables owed to suppliers with settlement due beyond one year.","Záväzky voči dodávateľom so splatnosťou dlhšou ako jeden rok.","",""
"chart_sk_321300","Suppliers (Group - Short-term)","321300","liability_payable","True","False","Dodávatelia (skupina – krátkodobí)","Short-term trade payables owed to group companies.","Krátkodobé záväzky voči dodávateľom v rámci skupiny.","",""
"chart_sk_321400","Suppliers (Interco - LT)","321400","liability_payable","True","False","Dodávatelia (Interco - dlhodobí)","Long-term trade payables owed to intercompany suppliers.","Dlhodobé záväzky voči dodávateľom v rámci skupiny (interco).","",""
"chart_sk_321500","Suppliers (Assoc. - Short-term)","321500","liability_payable","True","False","Dodávatelia (asociovaní - krátkodobí)","Short-term trade payables owed to associated companies.","Krátkodobé záväzky voči pridruženým spoločnostiam.","",""
"chart_sk_321600","Suppliers (Associate - LT)","321600","liability_payable","True","False","Dodávatelia (spoločník - dlhodobí)","Long-term trade payables owed to associated companies.","Dlhodobé záväzky voči pridruženým spoločnostiam.","",""
"chart_sk_322000","Bills of exchange","322000","liability_current","False","False","Zmenky na úhradu","Bills of exchange issued by the company that are payable to suppliers.","Zmenky vystavené spoločnosťou, ktoré sú splatné dodávateľom.","",""
"chart_sk_322100","Bills of Exchange (interco)","322100","liability_current","False","False","Zmenky (interco)","Bills of exchange payable to intercompany counterparties.","Zmenky splatné voči prepojeným spoločnostiam v rámci skupiny.","",""
"chart_sk_322200","Bills of Exchange (Associates)","322200","liability_current","False","False","Zmenky (spoločníci)","Bills of exchange payable to associated companies.","Zmenky splatné voči pridruženým spoločnostiam.","",""
"chart_sk_323000","Short-term reserves","323000","liability_current","False","False","Krátkodobé rezervy","Short-term provisions recognized for anticipated obligations or risks.","Krátkodobé rezervy vytvorené na predpokladané záväzky alebo riziká.","",""
"chart_sk_324000","Advances received","324000","liability_current","False","False","Prijaté preddavky","Advance payments received from customers ahead of delivering goods or services.","Preddavky prijaté od odberateľov pred dodaním tovaru alebo služieb.","",""
"chart_sk_324300","Advances Received (interco)","324300","liability_current","False","False","Prijaté zálohy (medzipodnikové)","Advance payments received from intercompany customers.","Preddavky prijaté od odberateľov v rámci skupiny.","",""
"chart_sk_324500","Advances Received (Associates)","324500","liability_current","False","False","Prijaté zálohy (spoločníci)","Advance payments received from associated companies.","Preddavky prijaté od pridružených spoločností.","",""
"chart_sk_325000","Other liabilities","325000","liability_current","False","False","Iné záväzky","Other payables not classified as trade, employee, or tax liabilities.","Ostatné záväzky nezaradené medzi obchodné, zamestnanecké alebo daňové záväzky.","",""
"chart_sk_326000","Uninvoiced deliveries","326000","liability_current","False","False","Nevyfakturované dodávky","Liabilities for goods or services received but not yet formally invoiced by the supplier.","Záväzky za prijatý tovar alebo služby, ktoré ešte neboli formálne vyfakturované dodávateľom.","",""
"chart_sk_331000","Employees (net wages)","331000","liability_current","False","False","Zamestnanci","Net wages and salaries owed to employees for work performed.","Čisté mzdy a platy dlžné zamestnancom za vykonanú prácu.","",""
"chart_sk_333000","Other payables to employees","333000","liability_current","False","False","Ostatné záväzky voči zamestnancom","Other amounts owed to employees beyond standard net wages, such as reimbursements.","Ostatné sumy dlžné zamestnancom nad rámec štandardnej čistej mzdy, napríklad refundácie.","",""
"chart_sk_335000","Claims on employees","335000","asset_current","False","False","Pohľadávky voči zamestnancom","Amounts owed by employees to the company, such as travel advance settlements.","Sumy, ktoré dlžia zamestnanci spoločnosti, napríklad vyúčtovanie cestovných preddavkov.","",""
"chart_sk_336000","Settlement with social security and health insurance bodies","336000","liability_current","False","False","Zúčtovanie s orgánmi sociálneho zabezpečenia a zdravotného poistenia","Amounts due to or from social security and health insurance authorities.","Sumy dlžné voči orgánom sociálneho zabezpečenia a zdravotného poistenia alebo od nich.","",""
"chart_sk_341000","Income tax","341000","liability_current","False","False","Daň z príjmov","Corporate income tax liability owed to the tax authorities.","Záväzok z dane z príjmov voči daňovému úradu.","",""
"chart_sk_342000","Other direct taxes","342000","liability_current","False","False","Ostatné priame dane","Other direct taxes owed by the company beyond corporate income tax.","Ostatné priame dane, ktoré spoločnosť dlží nad rámec dane z príjmov.","",""
"chart_sk_343000","Value added tax","343000","liability_current","False","False","Daň z pridanej hodnoty","Value added tax position with the tax authorities before splitting into rate-specific sub-accounts.","Pozícia dane z pridanej hodnoty voči daňovému úradu pred rozdelením na účty podľa sadzby.","",""
"chart_sk_343110","VAT lower purchase rate","343110","asset_current","False","False","DPH nižšia sadzba vstup","Input VAT charged on purchases subject to the reduced VAT rate.","Vstupná DPH účtovaná na nákupy podliehajúce zníženej sadzbe DPH.","",""
"chart_sk_343120","VAT base purchase rate","343120","asset_current","False","False","DPH základná sadzba vstup","Input VAT charged on purchases subject to the standard VAT rate.","Vstupná DPH účtovaná na nákupy podliehajúce základnej sadzbe DPH.","",""
"chart_sk_343210","VAT lower sales rate","343210","liability_current","False","False","DPH nižšia sadzba výstup","Output VAT charged on sales subject to the reduced VAT rate.","Výstupná DPH účtovaná na tržby podliehajúce zníženej sadzbe DPH.","",""
"chart_sk_343220","VAT base sales rate","343220","liability_current","False","False","DPH základná sadzba výstup","Output VAT charged on sales subject to the standard VAT rate.","Výstupná DPH účtovaná na tržby podliehajúce základnej sadzbe DPH.","",""
"chart_sk_343900","VAT Payable current account","343900","liability_payable","True","True","Bežný účet splatný DPH","Current VAT payable position summarizing the net amount owed to the tax authorities.","Bežná splatná pozícia DPH sumarizujúca čistú sumu dlžnú daňovému úradu.","",""
"chart_sk_343910","Vat Receivable current account","343910","asset_receivable","True","True","Bežný účet s pohľadávkou DPH","Current VAT receivable position summarizing the net amount reclaimable from the tax authorities.","Bežná pohľadávková pozícia DPH sumarizujúca čistú sumu nárokovateľnú od daňového úradu.","",""
"chart_sk_345000","Other taxes and charges","345000","liability_current","False","False","Ostatné dane a poplatky","Other taxes and administrative charges owed by the company besides income tax and VAT.","Ostatné dane a poplatky, ktoré spoločnosť dlží mimo dane z príjmov a DPH.","",""
"chart_sk_346000","Subsidies from the state budget","346000","liability_current","False","False","Dotácie zo štatneho rozpočtu","Subsidies and grants received or receivable from the state budget.","Dotácie a granty prijaté alebo nárokovateľné zo štátneho rozpočtu.","",""
"chart_sk_347000","Other deliveries","347000","liability_current","False","False","Ostatné dodácie","Other deliveries and related liabilities not classified as standard trade payables.","Ostatné dodávky a súvisiace záväzky nezaradené medzi štandardné obchodné záväzky.","",""
"chart_sk_351000","Amounts due from related entities and participating entities","351000","asset_current","False","False","Pohľadávky voči prepojeným účtovným jednotkám a účtovným jednotkám v rámci podielovej účasti","Receivables owed to the company by related entities and entities under participating interest.","Pohľadávky voči prepojeným účtovným jednotkám a jednotkám s podielovou účasťou.","",""
"chart_sk_351100","Other LT receivables - Related Parties","351100","asset_non_current","False","False","Ostatné pohľadávky LT - prepojené osoby","Other long-term receivables owed by related parties.","Ostatné dlhodobé pohľadávky voči prepojeným osobám.","",""
"chart_sk_351200","Other LT receivables - Participating Interests","351200","asset_non_current","False","False","Ostatné dlhodobé pohľadávky - podielové účasti","Other long-term receivables owed by entities under participating interest.","Ostatné dlhodobé pohľadávky voči účtovným jednotkám s podielovou účasťou.","",""
"chart_sk_351300","Other ST receivables - Related Parties","351300","asset_current","False","False","Ostatné krátkodobé pohľadávky - prepojené osoby","Other short-term receivables owed by related parties.","Ostatné krátkodobé pohľadávky voči prepojeným osobám.","",""
"chart_sk_351400","Other ST receivables - Participating Interests","351400","asset_current","False","False","Ostatné krátkodobé pohľadávky - podielové účasti","Other short-term receivables owed by entities under participating interest.","Ostatné krátkodobé pohľadávky voči účtovným jednotkám s podielovou účasťou.","",""
"chart_sk_353000","Receivables for subscribed equity","353000","equity","False","False","Pohľadávky za upísané vlastné imanie","Receivables for share capital that has been subscribed but not yet paid in by shareholders.","Pohľadávky za upísané základné imanie, ktoré ešte nebolo splatené spoločníkmi.","",""
"chart_sk_354000","Claims on shareholders and members in settlement of losses","354000","asset_current","False","False","Pohľadávky voči spoločníkom a členom pri úhrade straty","Amounts owed by shareholders or members to cover a settled loss.","Sumy dlžné spoločníkmi alebo členmi na úhradu vysporiadanej straty.","",""
"chart_sk_355000","Other receivables from shareholders and members","355000","asset_current","False","False","Ostatné pohľadávky voči spoločníkom a členom","Other receivables owed by shareholders and members not classified elsewhere.","Ostatné pohľadávky voči spoločníkom a členom nezaradené inde.","",""
"chart_sk_355100","LT Receivables from partners & members","355100","asset_non_current","False","False","Dlhodobé pohľadávky od partnerov a členov","Long-term receivables owed by partners and members.","Dlhodobé pohľadávky voči partnerom a členom.","",""
"chart_sk_358000","Claims on participants in the association","358000","asset_current","False","False","Pohľadávky voči účastníkom združenia","Receivables owed by participants in an association or joint venture.","Pohľadávky voči účastníkom združenia.","",""
"chart_sk_361000","Liabilities within the consolidated entity","361000","liability_current","False","False","Záväzky v rámci konsolidovaného celku","Liabilities owed within the group to entities under common control.","Záväzky v rámci skupiny voči jednotkám pod spoločnou kontrolou.","",""
"chart_sk_361100","Liabilities to group (Short-term)","361100","liability_current","False","False","Záväzky voči skupine (krátkodobé)","Short-term liabilities owed to other group companies.","Krátkodobé záväzky voči ostatným spoločnostiam v skupine.","",""
"chart_sk_361200","Liabilities to Associates (ST)","361200","liability_current","False","False","Záväzky voči pridruženým spoločnostiam (krátkodobé)","Short-term liabilities owed to associated companies.","Krátkodobé záväzky voči pridruženým spoločnostiam.","",""
"chart_sk_364000","Liabilities to shareholders and members on distribution of profits","364000","liability_current","False","False","Záväzky voči spoločníkom a členom pri rozdeľovaní zisku","Liabilities owed to shareholders and members for profit distributions declared but not yet paid.","Záväzky voči spoločníkom a členom za deklarované, no ešte nevyplatené rozdelenie zisku.","",""
"chart_sk_365000","Other liabilities to shareholders and members","365000","liability_current","False","False","Ostatné záväzky voči spoločníkom a členom","Other liabilities owed to shareholders and members not classified as profit distribution.","Ostatné záväzky voči spoločníkom a členom nezaradené ako rozdelenie zisku.","",""
"chart_sk_366000","Liabilities to partners and members from dependent activities","366000","liability_current","False","False","Záväzky voči spoločníkom a členom zo závislej činnosti","Liabilities owed to partners and members arising from dependent (employment-like) activities.","Záväzky voči spoločníkom a členom vyplývajúce zo závislej činnosti.","",""
"chart_sk_367000","Liabilities arising from subscriptions for outstanding securities and deposits","367000","liability_current","False","False","Záväzky z upísaných nesplatených cenných papierov a vkladov","Liabilities arising from subscribed but not yet paid-up securities and capital deposits.","Záväzky z upísaných, no ešte nesplatených cenných papierov a kapitálových vkladov.","",""
"chart_sk_368000","Liabilities to participants in the association","368000","liability_current","False","False","Záväzky voči účastníkom združenia","Liabilities owed to participants in an association or joint venture.","Záväzky voči účastníkom združenia.","",""
"chart_sk_371000","Receivables from the sale of a business","371000","asset_current","False","False","Pohľadávky z predaja podniku","Receivables arising from the sale of a business or part of a business.","Pohľadávky vzniknuté z predaja podniku alebo jeho časti.","",""
"chart_sk_372000","Liabilities from acquisition (ST)","372000","liability_current","False","False","Záväzky z akvizície (krátkodobé)","Short-term liabilities arising from the acquisition of a business.","Krátkodobé záväzky vzniknuté z akvizície podniku.","",""
"chart_sk_372200","Liabilities from acquisition (LT)","372200","liability_non_current","False","False","Záväzky z akvizície (dlhodobé)","Long-term liabilities arising from the acquisition of a business.","Dlhodobé záväzky vzniknuté z akvizície podniku.","",""
"chart_sk_373000","Fixed-term receivables and payables","373000","asset_current","False","False","Pohľadávky a záväzky z pevných termínových operácií","Receivables and payables arising from fixed-term (forward) financial operations.","Pohľadávky a záväzky vzniknuté z pevných termínových operácií.","",""
"chart_sk_373100","Receivables from derivative operations","373100","asset_non_current","False","False","Pohľadávky z derivátových operácií","Receivables arising from derivative financial operations.","Pohľadávky vzniknuté z derivátových operácií.","",""
"chart_sk_373200","Receivables from derivative operations (Long-term)","373200","asset_non_current","False","False","Pohľadávky z derivátových operácií (dlhodobé)","Long-term receivables arising from derivative financial operations.","Dlhodobé pohľadávky vzniknuté z derivátových operácií.","",""
"chart_sk_374000","Lease receivables","374000","asset_current","False","False","Pohľadávky z nájmu","Receivables owed to the company under lease arrangements.","Pohľadávky voči nájomcom vyplývajúce z nájomných zmlúv.","",""
"chart_sk_375000","Receivables from bonds issued","375000","asset_current","False","False","Pohľadávky z vydaných dlhopisov","Receivables related to bonds issued by the company.","Pohľadávky súvisiace s dlhopismi vydanými spoločnosťou.","",""
"chart_sk_376000","Purchased options","376000","asset_current","False","False","Nakúpené opcie","Value of financial options purchased by the company.","Hodnota finančných opcií nakúpených spoločnosťou.","",""
"chart_sk_377000","Options sold","377000","liability_current","False","False","Predané opcie","Value of financial options written (sold) by the company.","Hodnota finančných opcií vypísaných (predaných) spoločnosťou.","",""
"chart_sk_378000","Other receivables","378000","asset_receivable","True","False","Iné pohľadávky","Other receivables not classified under the standard receivable categories.","Ostatné pohľadávky nezaradené v štandardných kategóriách pohľadávok.","",""
"chart_sk_378100","Other long-term receivables","378100","asset_non_current","False","False","Ostatné dlhodobé pohľadávky","Other long-term receivables not classified elsewhere.","Ostatné dlhodobé pohľadávky nezaradené inde.","",""
"chart_sk_379000","Other liabilities","379000","liability_current","False","False","Iné záväzky","Other liabilities not classified under the standard payable categories.","Ostatné záväzky nezaradené v štandardných kategóriách záväzkov.","",""
"chart_sk_381000","Deferred charges (Short-term)","381000","asset_current","False","False","Náklady budúcich období","Prepaid expenses relating to future periods, expected to reverse within one year.","Náklady budúcich období očakávané na zúčtovanie do jedného roka.","",""
"chart_sk_381100","Deferred charges (Long-term)","381100","asset_non_current","False","False","Odložené náklady (dlhodobé)","Prepaid expenses relating to future periods beyond one year.","Náklady budúcich období očakávané na zúčtovanie po viac ako jednom roku.","",""
"chart_sk_382000","Comprehensive deferred charges (Short-term)","382000","asset_current","False","False","Komplexné náklady budúcich období","Comprehensive multi-period deferred charges expected to reverse within one year.","Komplexné náklady budúcich období očakávané na zúčtovanie do jedného roka.","",""
"chart_sk_382100","Comprehensive deferred charges (LT)","382100","asset_non_current","False","False","Komplexné odložené náklady (dlhodobé)","Comprehensive multi-period deferred charges expected to reverse beyond one year.","Komplexné náklady budúcich období očakávané na zúčtovanie po viac ako jednom roku.","",""
"chart_sk_383000","Deferred expenses","383000","liability_current","False","False","Výdaje budúcich období","Accrued expenses relating to costs incurred but not yet invoiced.","Výdavky budúcich období vzťahujúce sa na vzniknuté, no ešte nevyfakturované náklady.","",""
"chart_sk_383100","Accrued expenses (Short-term)","383100","liability_current","False","False","Výdaje budúcich období","Short-term accrued expenses expected to be settled within one year.","Krátkodobé výdavky budúcich období, ktoré sa očakávajú vysporiadať do jedného roka.","",""
"chart_sk_383200","Accrued expenses (Long-term)","383200","liability_non_current","False","False","Výdaje budúcich období","Long-term accrued expenses expected to be settled beyond one year.","Dlhodobé výdavky budúcich období, ktoré sa očakávajú vysporiadať po viac ako jednom roku.","",""
"chart_sk_384000","Deferred revenue","384000","liability_current","False","False","Výnosy budúcich období","Revenue received or invoiced in advance of the period to which it relates.","Výnosy prijaté alebo vyfakturované vopred pred obdobím, ktorého sa týkajú.","",""
"chart_sk_384100","Deferred income (Short-term)","384100","liability_current","False","False","Odložené príjmy (krátkodobé)","Short-term deferred income expected to be recognized within one year.","Krátkodobé výnosy budúcich období očakávané na zaúčtovanie do jedného roka.","",""
"chart_sk_384200","Deferred income (Long-term)","384200","liability_non_current","False","False","Odložené príjmy (dlhodobé)","Long-term deferred income expected to be recognized beyond one year.","Dlhodobé výnosy budúcich období očakávané na zaúčtovanie po viac ako jednom roku.","",""
"chart_sk_385000","Accrued income (Short-term)","385000","asset_current","False","False","Náklady budúcich období (krátkodobé)","Income earned but not yet invoiced, expected to be collected within one year.","Príjmy zarobené, no ešte nevyfakturované, očakávané na inkaso do jedného roka.","",""
"chart_sk_385100","Accrued income (Long-term)","385100","asset_non_current","False","False","Náklady budúcich období (dlhodobé)","Income earned but not yet invoiced, expected to be collected beyond one year.","Príjmy zarobené, no ešte nevyfakturované, očakávané na inkaso po viac ako jednom roku.","",""
"chart_sk_391000","Allowance for trade receivables","391000","asset_current","False","False","Opravná položka k pohľadávkam","Impairment allowance recognized against trade receivables.","Opravná položka vytvorená k pohľadávkam z obchodného styku.","",""
"chart_sk_391100","Allowance for LT trade receivables","391100","asset_non_current","False","False","Opravná položka k dlhodobým pohľadávkam z obchodného styku","Impairment allowance recognized against long-term trade receivables.","Opravná položka vytvorená k dlhodobým pohľadávkam z obchodného styku.","",""
"chart_sk_391110","Allowance for trade receivables","391110","asset_non_current","False","False","Opravná položka k pohľadávkam z dlhodobého majetku (prepojené strany)","Impairment allowance recognized against long-term trade receivables from related parties.","Opravná položka vytvorená k dlhodobým pohľadávkam voči prepojeným osobám.","",""
"chart_sk_391120","Allowance for LT receivables (Participating)","391120","asset_non_current","False","False","Opravná položka k pohľadávkam z dlhodobých pohľadávok (účastnícka)","Impairment allowance recognized against long-term receivables from entities under participating interest.","Opravná položka vytvorená k dlhodobým pohľadávkam voči jednotkám s podielovou účasťou.","",""
"chart_sk_391200","Allowance for ST related parties","391200","asset_current","False","False","Opravná položka pre krátkodobé záväzky voči spriazneným stranám","Impairment allowance recognized against short-term receivables from related parties.","Opravná položka vytvorená ku krátkodobým pohľadávkam voči prepojeným osobám.","",""
"chart_sk_391300","Allowance for ST participating","391300","asset_current","False","False","Príspevok na krátkodobú účasť","Impairment allowance recognized against short-term receivables from entities under participating interest.","Opravná položka vytvorená ku krátkodobým pohľadávkam voči jednotkám s podielovou účasťou.","",""
"chart_sk_391336","Allowance for social security claims","391336","asset_current","False","False","Príspevok na sociálne zabezpečenie","Impairment allowance recognized against social security related claims.","Opravná položka vytvorená k pohľadávkam voči sociálnemu zabezpečeniu.","",""
"chart_sk_391340","Allowance for tax & subsidies","391340","asset_current","False","False","Daňové úľavy a dotácie","Impairment allowance recognized against tax refunds and subsidy claims.","Opravná položka vytvorená k daňovým a dotačným pohľadávkam.","",""
"chart_sk_391341","Allowance for inventory advances","391341","asset_non_current","False","False","Opravná položka na zásoby","Impairment allowance recognized against advances paid for inventory.","Opravná položka vytvorená k poskytnutým zálohám na zásoby.","",""
"chart_sk_391500","Allowance for ST partners & members","391500","asset_current","False","False","Príspevok pre partnerov a členov (krátkodobé)","Impairment allowance recognized against short-term receivables from partners and members.","Opravná položka vytvorená ku krátkodobým pohľadávkam voči partnerom a členom.","",""
"chart_sk_391510","Allowance for other LT receivables (Related)","391510","asset_non_current","False","False","Opravná položka k ostatným dlhodobým pohľadávkam (súvisiace)","Impairment allowance recognized against other long-term receivables from related parties.","Opravná položka vytvorená k ostatným dlhodobým pohľadávkam voči prepojeným osobám.","",""
"chart_sk_391520","Allowance for other LT rec. (Participation)","391520","asset_non_current","False","False","Príspevok na ostatné dlhodobé záznamy (účasť)","Impairment allowance recognized against other long-term receivables from participating entities.","Opravná položka vytvorená k ostatným dlhodobým pohľadávkam voči účastinným jednotkám.","",""
"chart_sk_391530","Allowance for other ST rec. (Related)","391530","asset_current","False","False","Opravná položka na ostatné krátkodobé pohľadávky (súvisiace)","Impairment allowance recognized against other short-term receivables from related parties.","Opravná položka vytvorená k ostatným krátkodobým pohľadávkam voči prepojeným osobám.","",""
"chart_sk_391540","Allowance for other ST rec. (Participation)","391540","asset_current","False","False","Príspevok na ostatné krátkodobé výdavky (účasť)","Impairment allowance recognized against other short-term receivables from participating entities.","Opravná položka vytvorená k ostatným krátkodobým pohľadávkam voči účastinným jednotkám.","",""
"chart_sk_391550","Allowance for LT partners & members","391550","asset_non_current","False","False","Príspevok pre partnerov a členov (dlhodobé)","Impairment allowance recognized against long-term receivables from partners and members.","Opravná položka vytvorená k dlhodobým pohľadávkam voči partnerom a členom.","",""
"chart_sk_391600","Adjustment to net contract value","391600","asset_current","False","False","Úprava čistej hodnoty zmluvy","Valuation adjustment reducing the recognized net contract asset value.","Oceňovacia úprava znižujúca vykázanú čistú hodnotu zmluvy.","",""
"chart_sk_391700","Allowance for other LT receivables (Related)","391700","asset_non_current","False","False","Opravná položka k ostatným dlhodobým pohľadávkam (súvisiace)","Impairment allowance recognized against other long-term receivables from related parties.","Opravná položka vytvorená k ostatným dlhodobým pohľadávkam voči prepojeným osobám.","",""
"chart_sk_391730","Valuation adjustment for derivatives","391730","asset_non_current","False","False","Úprava ocenenia derivátov","Valuation adjustment recognized against outstanding derivative positions.","Oceňovacia úprava vytvorená k otvoreným derivátovým pozíciám.","",""
"chart_sk_391800","Allowance for other ST receivables","391800","asset_current","False","False","Opravná položka k ostatným pohľadávkam z krátkodobého majetku","Impairment allowance recognized against other short-term receivables.","Opravná položka vytvorená k ostatným krátkodobým pohľadávkam.","",""
"chart_sk_395000","Internal settlement","395000","liability_current","False","False","Vnútorné zúčtovanie","Internal clearing account used to settle transactions between company divisions or branches.","Interný zúčtovací účet používaný na vysporiadanie transakcií medzi divíziami alebo pobočkami spoločnosti.","",""
"chart_sk_398000","Connection account with the association (Liability)","398000","liability_current","False","False","Pripojenie účtu s asociáciou (zodpovednosť)","Liability side of the settlement account maintained with an association or joint venture.","Záväzková strana zúčtovacieho účtu vedeného so združením.","",""
"chart_sk_398100","Connection account with the association (Receivable)","398100","asset_current","False","False","Pripojenie účtu s asociáciou (Pohľadávka)","Receivable side of the settlement account maintained with an association or joint venture.","Pohľadávková strana zúčtovacieho účtu vedeného so združením.","",""
"chart_sk_411000","Capital","411000","equity","False","False","Základné imanie","Registered share capital contributed by the company's owners.","Základné imanie vložené vlastníkmi spoločnosti.","",""
"chart_sk_412000","Share premium","412000","equity","False","False","Emisné ážio","Premium paid by investors above the nominal value of shares issued.","Ážio zaplatené investormi nad nominálnu hodnotu vydaných akcií.","",""
"chart_sk_413000","Other capital funds","413000","equity","False","False","Ostatné kapitalové fondy","Other capital funds contributed by owners beyond registered capital and share premium.","Ostatné kapitálové fondy vložené vlastníkmi nad rámec základného imania a emisného ážia.","",""
"chart_sk_414000","Valuation differences on revaluation of assets and liabilities","414000","equity","False","False","Oceňovacie rozdiely z precenenia majetku a záväzkov","Valuation differences arising from the revaluation of assets and liabilities directly in equity.","Oceňovacie rozdiely vzniknuté z precenenia majetku a záväzkov priamo vo vlastnom imaní.","",""
"chart_sk_415000","Valuation differences on equity participations","415000","equity","False","False","Oceňovacie rozdiely z kapitálových účastín","Valuation differences arising from the revaluation of equity participations.","Oceňovacie rozdiely vzniknuté z precenenia kapitálových účastí.","",""
"chart_sk_416000","Revaluation differences on mergers and divisions","416000","equity","False","False","Oceňovacie rozdiely z precenenia pri zlúčení, splynutí a rozdelení","Revaluation differences arising from mergers, consolidations, and demergers.","Oceňovacie rozdiely vzniknuté z precenenia pri zlúčení, splynutí a rozdelení.","",""
"chart_sk_417000","Statutory reserve fund from capital contributions","417000","equity","False","False","Zákonný rezervný fond z kapitálových vkladov","Statutory reserve fund created from contributions of capital.","Zákonný rezervný fond vytvorený z kapitálových vkladov.","",""
"chart_sk_417100","Reserve fund for own shares (Capital)","417100","equity","False","False","Rezervný fond na vlastné akcie (Kapitál)","Reserve fund set aside specifically to cover the company's own shares.","Rezervný fond vyčlenený konkrétne na krytie vlastných akcií spoločnosti.","",""
"chart_sk_418000","Non-divisible fund from capital deposits","418000","equity","False","False","Nedeliteľný fond z kapitálových vkladov","Non-divisible fund created from capital deposits, that cannot be distributed to owners.","Nedeliteľný fond vytvorený z kapitálových vkladov, ktorý nemožno rozdeliť vlastníkom.","",""
"chart_sk_419000","Changes in share capital","419000","equity","False","False","Zmeny základného imania","Movements recognized during changes to the company's registered share capital.","Pohyby zaznamenané pri zmenách základného imania spoločnosti.","",""
"chart_sk_421000","Legal reserve fund","421000","equity","False","False","Zakonný rezervný fond","Legal reserve fund required by law, typically funded from retained profits.","Zákonný rezervný fond vyžadovaný zákonom, zvyčajne tvorený z nerozdeleného zisku.","",""
"chart_sk_421100","Reserve fund for own shares (Profit)","421100","equity","False","False","Rezervný fond na vlastné akcie (zisk)","Reserve fund funded from profit and set aside to cover the company's own shares.","Rezervný fond tvorený zo zisku, vyčlenený na krytie vlastných akcií spoločnosti.","",""
"chart_sk_422000","The indivisible fund","422000","equity","False","False","Nedeliteľný fond","Non-divisible fund that cannot be distributed among the company's owners.","Nedeliteľný fond, ktorý nemožno rozdeliť medzi vlastníkov spoločnosti.","",""
"chart_sk_423000","Statutory funds","423000","equity","False","False","Štatutárne fondy","Funds created under the company's statutes or articles of association.","Fondy vytvorené na základe stanov alebo spoločenskej zmluvy spoločnosti.","",""
"chart_sk_427000","Other funds","427000","equity","False","False","Ostatné fondy","Other equity funds not classified under legal, statutory, or capital reserve categories.","Ostatné vlastné fondy nezaradené medzi zákonné, štatutárne alebo kapitálové rezervy.","",""
"chart_sk_428000","Retained earnings of previous years","428000","equity","False","False","Nerozdelený zisk minulých rokov","Cumulative retained profits carried forward from previous accounting periods.","Kumulovaný nerozdelený zisk prenesený z predchádzajúcich účtovných období.","",""
"chart_sk_429000","Unreimbursed loss of previous years","429000","equity","False","False","Neuhradená strata minulých rokov","Cumulative losses from previous periods that have not yet been covered.","Kumulovaná strata z predchádzajúcich období, ktorá ešte nebola uhradená.","",""
"chart_sk_431000","Economic result under approval","431000","equity_unaffected","False","False","Výsledok hospodárenia v schvaľovaní","Current-period profit or loss awaiting formal approval by shareholders.","Výsledok hospodárenia bežného obdobia čakajúci na formálne schválenie spoločníkmi.","",""
"chart_sk_451000","Legal reserves","451000","equity","False","False","Rezervy zákonné","Provisions required by law to cover anticipated future obligations.","Zákonné rezervy vytvorené na krytie predpokladaných budúcich záväzkov.","",""
"chart_sk_451200","Statutory reserves (Long-term)","451200","equity","False","False","Zákonné rezervy (dlhodobé)","Long-term portion of legal provisions required by law.","Dlhodobá časť zákonných rezerv vyžadovaných zákonom.","",""
"chart_sk_459000","Other reserves","459000","equity","False","False","Ostatné rezervy","Other short-term provisions created at management's discretion for anticipated risks.","Ostatné krátkodobé rezervy vytvorené podľa uváženia manažmentu na predpokladané riziká.","",""
"chart_sk_459200","Other reserves (Long-term)","459200","equity","False","False","Ostatné rezervy (dlhodobé)","Long-term portion of other provisions created at management's discretion.","Dlhodobá časť ostatných rezerv vytvorených podľa uváženia manažmentu.","",""
"chart_sk_461000","Bank loans","461000","equity","False","False","Bankové úvery","Bank loans drawn by the company to finance its operations or investments.","Bankové úvery čerpané spoločnosťou na financovanie prevádzky alebo investícií.","",""
"chart_sk_461100","Bank loans (Long-term Principal)","461100","liability_non_current","False","False","Bankové úvery (dlhodobá istina)","Principal amount of long-term bank loans due beyond one year.","Istina dlhodobých bankových úverov splatná po viac ako jednom roku.","",""
"chart_sk_461200","Bank loans (Current Portion)","461200","liability_current","True","False","Bankové úvery (bežná časť)","Portion of bank loans, including long-term ones, due for repayment within the next year.","Časť bankových úverov, vrátane dlhodobých, splatná v priebehu nasledujúceho roka.","",""
"chart_sk_471000","Non-current liabilities to related entities and participating entities","471000","liability_non_current","False","False","Dlhodobé záväzky voči prepojeným účtovným jednotkám a účtovným jednotkám v rámci podielovej účasti","Long-term liabilities owed to related entities and entities under participating interest.","Dlhodobé záväzky voči prepojeným účtovným jednotkám a jednotkám s podielovou účasťou.","",""
"chart_sk_471100","Long-term loans from Group (interco)","471100","liability_non_current","False","False","Dlhodobé úvery od skupiny (vzájomné)","Long-term loans received from other companies within the group.","Dlhodobé úvery prijaté od ostatných spoločností v rámci skupiny.","",""
"chart_sk_471200","Long-term loans from Associates","471200","liability_non_current","False","False","Dlhodobé úvery od pridružených spoločností","Long-term loans received from associated companies.","Dlhodobé úvery prijaté od pridružených spoločností.","",""
"chart_sk_472000","Liabilities from the Social Fund","472000","liability_current","False","False","Záväzky zo sociálneho fondu","Liabilities owed to employees arising from the company's statutory social fund.","Záväzky voči zamestnancom vyplývajúce zo sociálneho fondu spoločnosti.","",""
"chart_sk_473000","Bonds issued","473000","liability_non_current","False","False","Vydané dlhopisy","Bonds issued by the company as a long-term source of financing.","Dlhopisy vydané spoločnosťou ako dlhodobý zdroj financovania.","",""
"chart_sk_473100","Issued bonds (Long-term)","473100","liability_non_current","False","False","Vydané dlhopisy (dlhodobé)","Long-term portion of bonds issued by the company.","Dlhodobá časť dlhopisov vydaných spoločnosťou.","",""
"chart_sk_474000","Lease commitments","474000","liability_current","False","False","Záväzky z nájmu","Liabilities owed by the company under lease agreements.","Záväzky spoločnosti vyplývajúce z nájomných zmlúv.","",""
"chart_sk_474100","Leasing (Current portion)","474100","liability_current","False","False","Lízing (bežná časť)","Portion of lease liabilities due for payment within the next year.","Časť nájomných záväzkov splatná v priebehu nasledujúceho roka.","",""
"chart_sk_475000","Long-term advances received","475000","liability_non_current","False","False","Dlhodobé prijaté preddavky","Advance payments received from customers with settlement due beyond one year.","Preddavky prijaté od odberateľov so splatnosťou dlhšou ako jeden rok.","",""
"chart_sk_475200","Advances Received (External - LT)","475200","liability_non_current","False","False","Prijaté zálohy (externé - dlhodobé)","Long-term advances received from external (non-group) customers.","Dlhodobé preddavky prijaté od externých (mimoskupinových) odberateľov.","",""
"chart_sk_475300","LT Advances received (Interco)","475300","liability_non_current","False","False","Dlhodobé zálohy prijaté (medzipodnikové)","Long-term advances received from intercompany customers.","Dlhodobé preddavky prijaté od odberateľov v rámci skupiny.","",""
"chart_sk_475600","Advances Received (interco - LT)","475600","liability_non_current","False","False","Prijaté zálohy (interco - dlhodobé)","Long-term advances received from intercompany customers, recorded separately from account 475300.","Dlhodobé preddavky prijaté od odberateľov v rámci skupiny, evidované oddelene od účtu 475300.","",""
"chart_sk_476000","Long-term trade payables ","476000","liability_non_current","False","False","Dlhodobé nevyfakturované dodávky","Long-term liabilities for goods or services received but not yet formally invoiced.","Dlhodobé záväzky za prijatý tovar alebo služby, ktoré ešte neboli formálne vyfakturované.","",""
"chart_sk_476100","LT Trade Payables (Interco) ","476100","liability_non_current","False","False","Dlhodobé záväzky z obchodného styku (medzipodnikové)","Long-term uninvoiced trade payables owed to intercompany suppliers.","Dlhodobé nevyfakturované záväzky voči dodávateľom v rámci skupiny.","",""
"chart_sk_476200","LT Trade Payables (Assoc.)","476200","liability_non_current","False","False","Dlhodobé záväzky z obchodného styku (pridružené spoločnosti)","Long-term uninvoiced trade payables owed to associated companies.","Dlhodobé nevyfakturované záväzky voči pridruženým spoločnostiam.","",""
"chart_sk_478000","Long-term notes for payment","478000","liability_non_current","False","False","Dlhodobé zmenky na úhradu","Long-term bills of exchange issued by the company that are payable to suppliers.","Dlhodobé zmenky vystavené spoločnosťou, ktoré sú splatné dodávateľom.","",""
"chart_sk_479000","Other non-current liabilities","479000","liability_non_current","False","False","Ostatné dlhodobé záväzky","Other long-term liabilities not classified under the standard non-current payable categories.","Ostatné dlhodobé záväzky nezaradené v štandardných kategóriách dlhodobých záväzkov.","",""
"chart_sk_479100","Other long-term liabilities","479100","liability_non_current","False","False","Ostatné dlhodobé záväzky","Other long-term liabilities recorded separately from account 479000.","Ostatné dlhodobé záväzky evidované oddelene od účtu 479000.","",""
"chart_sk_481000","Deferred tax liability and deferred tax asset","481000","liability_non_current","False","False","Odložený daňový záväzok a odložená daňová pohľadávka","Net deferred tax position representing temporary differences between accounting and tax values.","Čistá pozícia odloženej dane predstavujúca dočasné rozdiely medzi účtovnou a daňovou hodnotou.","",""
"chart_sk_491000","Equity of a natural person - entrepreneur","491000","equity","False","False","Vlastné imanie fyzickej osoby - podnikateľa","Owner's equity of a self-employed natural person operating as an entrepreneur.","Vlastné imanie fyzickej osoby podnikajúcej ako živnostník.","",""
"chart_sk_501000","Material consumption","501000","expense","False","False","Spotreba materiálu","Direct operational cost of raw materials and supplies consumed in the business.","Priame prevádzkové náklady na materiál a suroviny spotrebované v podniku.","",""
"chart_sk_502000","Energy consumption","502000","expense","False","False","Spotreba energie","Cost of electricity, gas, water, and other energy sources consumed by the business.","Náklady na elektrinu, plyn, vodu a ostatné energie spotrebované podnikom.","",""
"chart_sk_503000","Consumption of other non-stackable supplies","503000","expense","False","False","Spotreba ostatných neskladovateľných dodávok","Cost of consumed supplies that cannot be held in inventory, such as utilities metered by usage.","Náklady na spotrebu dodávok, ktoré nemožno skladovať, napríklad médiá merané podľa spotreby.","",""
"chart_sk_504000","Goods sold","504000","expense","False","False","Predaný tovar","Cost of goods that have been sold to customers.","Náklady na tovar predaný odberateľom.","",""
"chart_sk_505000","Establishment and settlement of inventory valuation allowances","505000","expense","False","False","Tvorba a zúčtovanie opravných položiek k zásobám","Cost of creating and releasing impairment allowances against inventory.","Náklady na tvorbu a zúčtovanie opravných položiek k zásobám.","",""
"chart_sk_507000","Sold property","507000","expense","False","False","Predaná nehnuteľnosť","Book value of real estate property sold by the company.","Účtovná hodnota nehnuteľnosti predanej spoločnosťou.","",""
"chart_sk_511000","Repair and maintenance","511000","expense","False","False","Opravy a udržiavanie","Cost of repairing and maintaining company assets in operating condition.","Náklady na opravu a udržiavanie majetku spoločnosti v prevádzkyschopnom stave.","",""
"chart_sk_512000","Travel","512000","expense","False","False","Cestovné","Cost of employee travel undertaken for business purposes.","Náklady na pracovné cesty zamestnancov.","",""
"chart_sk_513000","Representation costs","513000","expense","False","False","Náklady na reprezentáciu","Cost of client entertainment and business representation activities.","Náklady na reprezentáciu a pohostenie klientov.","",""
"chart_sk_518000","Other services","518000","expense","False","False","Ostatné služby","Cost of miscellaneous purchased services not classified under a more specific category.","Náklady na rôzne nakúpené služby nezaradené do konkrétnejšej kategórie.","",""
"chart_sk_521000","Labour costs","521000","expense","False","False","Mzdové náklady","Gross wage and salary costs owed to employees for work performed.","Hrubé mzdové náklady dlžné zamestnancom za vykonanú prácu.","",""
"chart_sk_522000","Income of associates and members from dependent activities","522000","expense","False","False","Príjmy spoločníkov a členov zo závislej činnosti","Income paid to associates and members for work performed in a dependent (employment-like) capacity.","Príjmy vyplatené spoločníkom a členom za prácu vykonanú v rámci závislej činnosti.","",""
"chart_sk_523000","Remuneration to members of company and cooperative bodies","523000","expense","False","False","Odmeny členom orgánov spoločnosti a družstva","Remuneration paid to members of the company's or cooperative's statutory bodies.","Odmeny vyplatené členom štatutárnych orgánov spoločnosti alebo družstva.","",""
"chart_sk_524000","Statutory social insurance","524000","expense","False","False","Zákonné sociálne poistenie","Employer's statutory social and health insurance contributions on employee wages.","Zákonné odvody zamestnávateľa na sociálne a zdravotné poistenie z miezd zamestnancov.","",""
"chart_sk_525000","Other social security","525000","expense","False","False","Ostatné sociálne zabezpečenie","Other social security contributions not classified as statutory insurance.","Ostatné odvody na sociálne zabezpečenie nezaradené ako zákonné poistenie.","",""
"chart_sk_526000","Social costs of a natural person - entrepreneur","526000","expense","False","False","Sociálne náklady fyzickej osoby - podnikateľa","Social costs borne by a self-employed natural person operating as an entrepreneur.","Sociálne náklady fyzickej osoby podnikajúcej ako živnostník.","",""
"chart_sk_527000","Statutory social costs","527000","expense","False","False","Zákonné sociálne náklady","Social costs the company is legally required to provide to employees, such as meal contributions.","Sociálne náklady, ktoré je spoločnosť zo zákona povinná poskytovať zamestnancom, napríklad príspevok na stravu.","",""
"chart_sk_528000","Other social costs","528000","expense","False","False","Ostatné sociálne náklady","Other voluntary social costs provided to employees beyond statutory requirements.","Ostatné dobrovoľné sociálne náklady poskytované zamestnancom nad rámec zákonných povinností.","",""
"chart_sk_531000","Motor vehicle tax","531000","expense","False","False","Daň z motorových vozidiel","Motor vehicle tax owed on company-owned or leased vehicles.","Daň z motorových vozidiel vo vlastníctve alebo nájme spoločnosti.","",""
"chart_sk_532000","Real estate tax","532000","expense","False","False","Daň z nehnuteľností","Real estate tax owed on land and buildings owned by the company.","Daň z nehnuteľností vo vlastníctve spoločnosti.","",""
"chart_sk_538000","Other taxes and charges","538000","expense","False","False","Ostatné dane a poplatky","Other taxes and administrative charges classified as an operating expense.","Ostatné dane a poplatky klasifikované ako prevádzkový náklad.","",""
"chart_sk_541000","Residual value of intangible fixed assets and tangible fixed assets sold","541000","expense","False","False","Zostatková cena predaného dlhodobého nehmotného majetku a dlhodobého hmotného majetku","Net book value of intangible and tangible fixed assets that have been sold.","Zostatková cena predaného dlhodobého nehmotného a hmotného majetku.","",""
"chart_sk_542000","Material sold","542000","expense","False","False","Predaný materiál","Book value of raw materials that have been sold rather than consumed in production.","Účtovná hodnota materiálu predaného namiesto spotrebovania vo výrobe.","",""
"chart_sk_543000","Donations","543000","expense","False","False","Dary","Value of monetary or in-kind donations made by the company.","Hodnota peňažných alebo vecných darov poskytnutých spoločnosťou.","",""
"chart_sk_544000","Contractual fines, penalties and interest for late payment","544000","expense","False","False","Zmluvné pokuty, penále a úroky z omeškania","Contractual fines, penalties, and late-payment interest owed by the company under agreements.","Zmluvné pokuty, penále a úroky z omeškania, ktoré spoločnosť dlží na základe zmlúv.","",""
"chart_sk_545000","Other fines, penalties and default interest","545000","expense","False","False","Ostatné pokuty, penále a úroky z omeškania","Other fines, penalties, and default interest owed that are not contractually agreed.","Ostatné pokuty, penále a úroky z omeškania, ktoré nie sú dohodnuté zmluvne.","",""
"chart_sk_546000","Write-off of receivables","546000","expense","False","False","Odpis pohľadávky","Value of receivables written off as uncollectible.","Hodnota pohľadávok odpísaných ako nevymožiteľné.","",""
"chart_sk_547000","Establishment and settlement of allowances for receivables","547000","expense","False","False","Tvorba a zúčtovanie opravných položiek k pohľadávkam","Cost of creating and releasing impairment allowances against receivables.","Náklady na tvorbu a zúčtovanie opravných položiek k pohľadávkam.","",""
"chart_sk_548000","Other costs of economic activity","548000","expense","False","False","Ostatné náklady na hospodársku činnosť","Other operating costs of the business's economic activity not classified elsewhere.","Ostatné náklady na hospodársku činnosť podniku nezaradené inde.","",""
"chart_sk_549000","Deficits and damages","549000","expense","False","False","Manká a škody","Cost of inventory shortages and damages identified during operations.","Náklady na manká a škody zistené počas prevádzky.","",""
"chart_sk_551000","Depreciation of intangible fixed assets and tangible fixed assets","551000","expense_depreciation","False","False","Odpisy dlhodobého mehmotného majetku a dlhodobého hmotného majetku","Periodic depreciation and amortization expense for intangible and tangible fixed assets.","Pravidelné odpisy dlhodobého nehmotného a hmotného majetku.","",""
"chart_sk_553000","Formation and settlement of valuation allowances on fixed assets","553000","expense_depreciation","False","False","Tvorba a zúčtovanie opravných položiek k dlhodobému majetku","Cost of creating and releasing impairment allowances against fixed assets.","Náklady na tvorbu a zúčtovanie opravných položiek k dlhodobému majetku.","",""
"chart_sk_555000","Accounting for complex deferred charges","555000","expense","False","False","Zúčtovanie komplexných nákladov budúcich období","Amortization expense recognized on comprehensive deferred charges.","Náklady na zúčtovanie komplexných nákladov budúcich období.","",""
"chart_sk_557000","Recognition of an adjustment to the valuation allowance on acquired assets","557000","expense","False","False","Zúčtovanie oprávky k opravnej položke k nadobudnutému majetku","Amortization expense recognized on the valuation difference of acquired assets.","Náklady na zúčtovanie oprávky k oceňovaciemu rozdielu k nadobudnutému majetku.","",""
"chart_sk_561000","Securities and shares sold","561000","expense","False","False","Predané cenné papiere a podiely","Book value of securities and equity interests that have been sold.","Účtovná hodnota predaných cenných papierov a podielov.","",""
"chart_sk_562000","Interest","562000","expense","False","False","Úroky","Interest expense incurred on loans, bonds, and other borrowings.","Úrokové náklady vzniknuté z úverov, dlhopisov a iných pôžičiek.","",""
"chart_sk_563000","Exchange rate losses","563000","expense","False","False","Kurzové straty","Losses arising from foreign currency exchange rate movements.","Straty vzniknuté z pohybu kurzov cudzích mien.","",""
"chart_sk_564000","Securities revaluation costs","564000","expense","False","False","Náklady na precenenie cenných papierov","Costs arising from the revaluation of securities to fair value.","Náklady vzniknuté z precenenia cenných papierov na reálnu hodnotu.","",""
"chart_sk_565000","Establishment and settlement of valuation allowances on financial assets","565000","expense","False","False","Tvorba a zúčtovanie opravných položiek k finančnému majetku","Cost of creating and releasing impairment allowances against financial assets.","Náklady na tvorbu a zúčtovanie opravných položiek k finančnému majetku.","",""
"chart_sk_566000","Cost of short-term financial assets","566000","expense","False","False","Náklady na krátkodobý finančný majetok","Costs directly attributable to holding or trading short-term financial assets.","Náklady priamo súvisiace s držaním alebo obchodovaním krátkodobého finančného majetku.","",""
"chart_sk_567000","Cost of derivative operations","567000","expense","False","False","Náklady na derivátové operácie","Costs directly attributable to derivative financial operations.","Náklady priamo súvisiace s derivátovými operáciami.","",""
"chart_sk_568000","Other financial costs","568000","expense","False","False","Ostatné finančné náklady","Other financial costs not classified under interest, exchange losses, or securities costs.","Ostatné finančné náklady nezaradené medzi úroky, kurzové straty alebo náklady na cenné papiere.","",""
"chart_sk_569000","Losses and damage to financial assets","569000","expense","False","False","Manká a škody na finančnom majetku","Losses and damages relating to financial assets held by the company.","Manká a škody na finančnom majetku spoločnosti.","",""
"chart_sk_591000","Income tax payable","591000","expense","False","False","Splatná daň z príjmov","Current corporate income tax expense payable for the period.","Náklad na splatnú daň z príjmov za bežné obdobie.","",""
"chart_sk_592000","Deferred income tax","592000","expense","False","False","Odložená daň z príjmov","Deferred income tax expense arising from temporary accounting/tax differences.","Náklad na odloženú daň z príjmov vyplývajúci z dočasných rozdielov.","",""
"chart_sk_595000","Additional income tax levies","595000","expense","False","False","Dodatočné odvody dane z príjmov","Additional income tax assessments or levies charged for prior periods.","Dodatočné odvody dane z príjmov za predchádzajúce obdobia.","",""
"chart_sk_596000","Transfer of shares in profit or loss to shareholders","596000","expense","False","False","Prevod podielov na výsledku hospodárenia spoločníkom","Portion of the profit or loss transferred to shareholders under a profit-transfer agreement.","Časť výsledku hospodárenia prevedená spoločníkom na základe zmluvy o prevode zisku.","",""
"chart_sk_601000","Sales of own products","601000","income","False","False","Tržby za vlastné výrobky","Revenue earned from the sale of the company's own manufactured products.","Tržby z predaja vlastných výrobkov spoločnosti.","",""
"chart_sk_602000","Revenue from the sale of services","602000","income","False","False","Tržby z predaja služieb","Revenue earned from providing services to customers.","Tržby z predaja služieb odberateľom.","",""
"chart_sk_604000","Sales of goods","604000","income","False","False","Tržby za tovar","Revenue earned from the sale of purchased goods for resale.","Tržby z predaja nakúpeného tovaru.","",""
"chart_sk_606000","Income from contracts","606000","income","False","False","Výnosy za zákazky","Revenue recognized on long-term contracts as work is performed.","Výnosy z dlhodobých zákaziek uznávané podľa postupu prác.","",""
"chart_sk_607000","Income from non-real estate for sale","607000","income","False","False","Výnosy z nehnuťelnosti na predaj","Revenue earned from the sale of real estate held for resale.","Výnosy z predaja nehnuteľností určených na predaj.","",""
"chart_sk_611000","Change in work in progress","611000","income","False","False","Zmena stavu nedokončenej výroby","Change in the value of work in progress between accounting periods.","Zmena hodnoty nedokončenej výroby medzi účtovnými obdobiami.","",""
"chart_sk_612000","Change in condition of semi-finished products","612000","income","False","False","Zmena stavu polotovarov","Change in the value of semi-finished goods between accounting periods.","Zmena hodnoty polotovarov medzi účtovnými obdobiami.","",""
"chart_sk_613000","Change in product status","613000","income","False","False","Zmena stavu výrobkov","Change in the value of finished products between accounting periods.","Zmena hodnoty výrobkov medzi účtovnými obdobiami.","",""
"chart_sk_614000","Change in animal status","614000","income","False","False","Zmena stavu zvierat","Change in the value of animals held as current assets between accounting periods.","Zmena hodnoty zvierat evidovaných v obežnom majetku medzi účtovnými obdobiami.","",""
"chart_sk_621000","Activation of materials and goods","621000","income","False","False","Aktivácia materiálu a tovaru","Value of internally produced materials and goods capitalized for own use.","Hodnota interne vyrobeného materiálu a tovaru aktivovaného na vlastnú spotrebu.","",""
"chart_sk_622000","Activation of intra-organisational services","622000","income","False","False","Aktivácia vnútroorganizačných služieb","Value of services provided internally between departments and capitalized as own output.","Hodnota služieb poskytnutých interne medzi útvarmi a aktivovaných ako vlastný výkon.","",""
"chart_sk_623000","Activation of intangible fixed assets","623000","income","False","False","Aktivácia dlhodobého nehmotného majetku","Value of internally developed intangible fixed assets capitalized by the company.","Hodnota interne vyvinutého dlhodobého nehmotného majetku aktivovaného spoločnosťou.","",""
"chart_sk_624000","Activation of tangible fixed assets","624000","income","False","False","Aktivácia dlhodobého hmotného majetku","Value of internally constructed tangible fixed assets capitalized by the company.","Hodnota interne vytvoreného dlhodobého hmotného majetku aktivovaného spoločnosťou.","",""
"chart_sk_641000","Proceeds from the sale of intangible fixed assets and tangible fixed assets","641000","income","False","False","Tržby z predaja dlhodobého nehmotného majetku a dlhodobého hmotného majetku","Revenue earned from the sale of intangible and tangible fixed assets.","Tržby z predaja dlhodobého nehmotného a hmotného majetku.","",""
"chart_sk_642000","Revenue from the sale of materials","642000","income","False","False","Tržby z predaja materiálu","Revenue earned from the sale of raw materials rather than consuming them in production.","Tržby z predaja materiálu namiesto jeho spotrebovania vo výrobe.","",""
"chart_sk_644000","Contractual fines, penalties and interest for late payment","644000","income_other","False","False","Zmluvné pokuty, penále a úroky z omeškania","Contractual fines, penalties, and late-payment interest earned by the company under agreements.","Zmluvné pokuty, penále a úroky z omeškania, ktoré spoločnosť inkasuje na základe zmlúv.","",""
"chart_sk_645000","Other fines, penalties and default interest","645000","income_other","False","False","Ostatné pokuty, penále a úroky z omeškania","Other fines, penalties, and default interest earned that are not contractually agreed.","Ostatné pokuty, penále a úroky z omeškania, ktoré nie sú dohodnuté zmluvne.","",""
"chart_sk_646000","Proceeds from written-off receivables","646000","income_other","False","False","Výnosy z odpísaných pohľadávok","Recovery of amounts previously written off as uncollectible receivables.","Výnosy z pohľadávok, ktoré boli predtým odpísané ako nevymožiteľné.","",""
"chart_sk_648000","Other income from economic activities","648000","income_other","False","False","Ostatné výnosy z hospodárskej činnosti","Other income earned from the company's economic activities not classified elsewhere.","Ostatné výnosy z hospodárskej činnosti spoločnosti nezaradené inde.","",""
"chart_sk_655000","Accounting for complex deferred charges","655000","income_other","False","False","Zúčtovanie komplexných nákladov budúcich období","Income recognized from the release of comprehensive deferred charges.","Výnosy zo zúčtovania komplexných nákladov budúcich období.","",""
"chart_sk_657000","Recognition of a valuation allowance against an acquired asset","657000","income_other","False","False","Zúčtovanie oprávky opravnej položke k nadobudnutému majetku","Income recognized from the release of the valuation allowance on an acquired asset.","Výnosy zo zúčtovania opravnej položky k nadobudnutému majetku.","",""
"chart_sk_661000","Proceeds from the sale of securities and shares","661000","income","False","False","Tržby z predaja cenných papierov a podielov","Revenue earned from the sale of securities and equity interests.","Tržby z predaja cenných papierov a podielov.","",""
"chart_sk_662000","Interest","662000","income_other","False","False","Úroky","Interest income earned on loans, deposits, and other financial assets.","Úrokové výnosy z úverov, vkladov a iného finančného majetku.","",""
"chart_sk_663000","Exchange rate gains","663000","income_other","False","False","Kurzové zisky","Gains arising from foreign currency exchange rate movements.","Zisky vzniknuté z pohybu kurzov cudzích mien.","",""
"chart_sk_664000","Gains on revaluation of securities","664000","income_other","False","False","Výnosy z precenenia cenných papierov","Gains arising from the revaluation of securities to fair value.","Zisky vzniknuté z precenenia cenných papierov na reálnu hodnotu.","",""
"chart_sk_665000","Income from non-current financial assets","665000","income_other","False","False","Výnosy z dlhodobého finančného majetku","Income earned on non-current financial assets, such as dividends.","Výnosy z dlhodobého finančného majetku, napríklad dividendy.","",""
"chart_sk_666000","Proceeds from short-term financial assets","666000","income_other","False","False","Výnosy z krátkodobého finančného majetku","Income earned on short-term financial assets held for trading.","Výnosy z krátkodobého finančného majetku držaného na obchodovanie.","",""
"chart_sk_667000","Proceeds from derivative transactions","667000","income_other","False","False","Výnosy z derivátových operácií","Income earned from derivative financial operations.","Výnosy z derivátových operácií.","",""
"chart_sk_668000","Other financial income","668000","income_other","False","False","Ostatné finančné výnosy","Other financial income not classified under interest, exchange gains, or securities income.","Ostatné finančné výnosy nezaradené medzi úroky, kurzové zisky alebo výnosy z cenných papierov.","",""
"chart_sk_701000","Opening balance sheet account","701000","off_balance","False","False","Začiatočný účet súvahový","Off-balance-sheet account used to record the opening balance sheet position for the period.","Podsúvahový účet slúžiaci na zaznamenanie začiatočnej súvahovej pozície za obdobie.","",""
"chart_sk_702000","Final balance sheet account","702000","off_balance","False","False","Konečný účet súvahový","Off-balance-sheet account used to record the closing balance sheet position for the period.","Podsúvahový účet slúžiaci na zaznamenanie konečnej súvahovej pozície za obdobie.","",""
"chart_sk_710000","Profit and loss account","710000","off_balance","False","False","Účet ziskov a strát","Off-balance-sheet account summarizing the profit and loss result for the period.","Podsúvahový účet sumarizujúci výsledok hospodárenia za obdobie.","",""
"chart_sk_711000","Opening cost and revenue account","711000","off_balance","False","False","Začiatočný účet nákladov a výnosov","Off-balance-sheet account used to record the opening position of cost and revenue accounts.","Podsúvahový účet slúžiaci na zaznamenanie začiatočnej pozície nákladových a výnosových účtov.","",""
"chart_sk_022100","Technology","022100","asset_fixed","False","False","Technológie","High-value IT infrastructure, servers, networking hardware, and computer systems used in operations.","Drahá IT infraštruktúra, servery, sieťový hardvér a počítačové systémy využívané v prevádzke.","vs_tuz_23","asset_4_year_linear"
"chart_sk_022200","Installations","022200","asset_fixed","False","False","Inštalácie","Long-term building installations such as HVAC systems, solar panels, and fixed security systems.","Dlhodobé inštalácie v budovách, ako sú klimatizačné systémy, solárne panely a pevné bezpečnostné systémy.","vs_tuz_23","asset_12_year_linear"
"chart_sk_022300","Machines & tools","022300","asset_fixed","False","False","Stroje a nástroje","Industrial equipment, production machines, forklifts, and heavy tools used directly in operations.","Priemyselné zariadenia, výrobné stroje, vysokozdvižné vozíky a ťažké nástroje priamo súvisiace s prevádzkou.","vs_tuz_23","asset_6_year_linear"
"chart_sk_022400","Furniture & material","022400","asset_fixed","False","False","Nábytok a vybavenie","Office desks, chairs, conference tables, and other long-term workplace furnishings.","Kancelárske stoly, stoličky, konferenčné stoly a ďalšie dlhodobé vybavenie pracoviska.","vs_tuz_23","asset_6_year_linear"
"chart_sk_022500","Vehicle","022500","asset_fixed","False","False","Vozidlo","Acquisition value of company cars, vans, and trucks used for business travel or delivery.","Obstarávacia hodnota firemných osobných automobilov, dodávok a nákladných vozidiel na pracovné cesty alebo rozvoz.","vs_tuz_23","asset_6_year_linear"
"chart_sk_022510","Vehicle accessories","022510","asset_fixed","False","False","Príslušenstvo k vozidlám","High-value aftermarket vehicle additions such as roof racks, tow bars, or custom fittings.","Drahé doplnky k vozidlám, napríklad strešné nosiče, ťažné zariadenia alebo zákazkové úpravy.","vs_tuz_23","asset_4_year_linear"
"chart_sk_022900","Other property","022900","asset_fixed","False","False","Ostatný majetok","Long-term physical assets used in operations that do not fit another tangible asset category.","Dlhodobý hmotný majetok využívaný v prevádzke, ktorý nepatrí do inej kategórie hmotného majetku.","vs_tuz_23","asset_6_year_linear"
"chart_sk_082100","Accumulated depreciation - Technology","082100","asset_non_current","False","False","Oprávky - Technológie","Contra-asset account tracking cumulative depreciation of technology fixed assets.","Účet oprávok sledujúci kumulované odpisy technologického majetku.","",""
"chart_sk_082200","Accumulated depreciation - Installations","082200","asset_non_current","False","False","Oprávky - Inštalácie","Contra-asset account tracking cumulative depreciation of building installations.","Účet oprávok sledujúci kumulované odpisy inštalácií v budovách.","",""
"chart_sk_082300","Accumulated depreciation - Machines & tools","082300","asset_non_current","False","False","Oprávky - Stroje a nástroje","Contra-asset account tracking cumulative depreciation of machines and tools.","Účet oprávok sledujúci kumulované odpisy strojov a nástrojov.","",""
"chart_sk_082400","Accumulated depreciation - Furniture & material","082400","asset_non_current","False","False","Oprávky - Nábytok a vybavenie","Contra-asset account tracking cumulative depreciation of furniture and workplace equipment.","Účet oprávok sledujúci kumulované odpisy nábytku a vybavenia pracoviska.","",""
"chart_sk_082500","Accumulated depreciation - Vehicle","082500","asset_non_current","False","False","Oprávky - Vozidlo","Contra-asset account tracking cumulative depreciation of company vehicles.","Účet oprávok sledujúci kumulované odpisy firemných vozidiel.","",""
"chart_sk_082510","Accumulated depreciation - Vehicle accessories","082510","asset_non_current","False","False","Oprávky - Príslušenstvo k vozidlám","Contra-asset account tracking cumulative depreciation of vehicle accessories.","Účet oprávok sledujúci kumulované odpisy príslušenstva k vozidlám.","",""
"chart_sk_082900","Accumulated depreciation - Other property","082900","asset_non_current","False","False","Oprávky - Ostatný majetok","Contra-asset account tracking cumulative depreciation of other tangible fixed assets.","Účet oprávok sledujúci kumulované odpisy ostatného hmotného majetku.","",""
"chart_sk_501100","Raw materials","501100","expense","False","False","Suroviny","Direct raw materials and components purchased to be manufactured or transformed into finished products.","Priame suroviny a komponenty nakúpené na výrobu alebo spracovanie na hotové výrobky.","vs_tuz_23",""
"chart_sk_501200","Consumables","501200","expense","False","False","Spotrebný materiál","Packaging, safety equipment, small tools, and disposable items consumed during standard operations.","Obaly, ochranné pomôcky, drobné náradie a jednorazové predmety spotrebované pri bežnej prevádzke.","vs_tuz_23",""
"chart_sk_501300","Office supplies","501300","expense","False","False","Kancelárske potreby","Everyday workplace supplies such as printer ink, paper, pens, and small desk accessories.","Každodenné kancelárske potreby, napríklad náplne do tlačiarne, papier, perá a drobné doplnky.","vs_tuz_23",""
"chart_sk_501400","Fuel","501400","expense","False","False","Pohonné hmoty","Gasoline, diesel, and electric charging costs for company-owned or leased vehicles.","Náklady na benzín, naftu a nabíjanie firemných alebo prenajatých vozidiel.","vs_tuz_23",""
"chart_sk_511100","Office Maintenance","511100","expense","False","False","Údržba kancelárie","Cleaning services, minor repairs, and general upkeep of the company's office premises.","Upratovacie služby, drobné opravy a bežná údržba kancelárskych priestorov spoločnosti.","vs_tuz_23",""
"chart_sk_511200","Vehicle maintenance","511200","expense","False","False","Údržba vozidla","Routine servicing, tire changes, and repairs performed on the company's vehicle fleet.","Bežný servis, výmena pneumatík a opravy firemného vozového parku.","vs_tuz_23",""
"chart_sk_512100","Flights","512100","expense","False","False","Lety","Airfare and baggage fees incurred by employees during domestic or international business trips.","Letenky a poplatky za batožinu zamestnancov počas tuzemských alebo zahraničných pracovných ciest.","",""
"chart_sk_512200","Hotels","512200","expense","False","False","Hotely","Accommodation expenses incurred by employees while traveling for business.","Náklady na ubytovanie zamestnancov počas pracovných ciest.","vs_tuz_5",""
"chart_sk_512300","Public Transportation","512300","expense","False","False","Verejná doprava","Train, bus, and other public transport tickets used by staff during business travel or commuting.","Cestovné lístky na vlak, autobus a inú verejnú dopravu využívané zamestnancami počas pracovných ciest.","",""
"chart_sk_512400","Other travel costs","512400","expense","False","False","Ostatné cestovné výdavky","Highway tolls, road vignettes, and taxi rides related to company business trips.","Diaľničné mýto, diaľničné známky a jazdy taxíkom súvisiace s firemnými pracovnými cestami.","vs_tuz_23",""
"chart_sk_513100","Business gift","513100","expense","False","False","Obchodné dary","Gifts and branded promotional items given to clients or partners to build business relationships.","Dary a značkové propagačné predmety darované klientom alebo partnerom na budovanie obchodných vzťahov.","vs_tuz_23",""
"chart_sk_513200","Bar & Restaurant","513200","expense","False","False","Bar a reštaurácia","Meals and drinks consumed at restaurants while entertaining clients or during team events.","Jedlá a nápoje konzumované v reštauráciách pri pohostení klientov alebo na tímových akciách.","vs_tuz_5",""
"chart_sk_513300","Food: Reception/deliv.","513300","expense","False","False","Jedlo: Recepcia a rozvoz","Catering, food delivery, and refreshments ordered to the office for meetings or employees.","Catering, rozvoz jedla a občerstvenie objednané do kancelárie na stretnutia alebo pre zamestnancov.","vs_tuz_5",""
"chart_sk_518100","Studies & works","518100","expense","False","False","Štúdie a práce","Fees for specialized market research, technical studies, or feasibility assessments.","Poplatky za špecializovaný prieskum trhu, technické štúdie alebo posúdenia realizovateľnosti.","vs_tuz_23",""
"chart_sk_518200","General subcontracting","518200","expense","False","False","Všeobecné subdodávky","Invoices from freelancers, consultants, and external agencies contracted to perform project work.","Faktúry od nezávislých pracovníkov, konzultantov a externých agentúr najatých na realizáciu projektov.","vs_tuz_23",""
"chart_sk_518300","Office Rent","518300","expense","False","False","Nájom kancelárie","Monthly lease payments and related charges for renting office space or headquarters.","Mesačné nájomné a súvisiace poplatky za prenájom kancelárskych priestorov alebo sídla spoločnosti.","vs_tuz_23",""
"chart_sk_518400","Vehicle rent","518400","expense","False","False","Prenájom vozidla","Short-term car rentals used for business purposes, excluding long-term operational leasing.","Krátkodobé prenájmy áut využívané na pracovné účely, s výnimkou dlhodobého operatívneho lízingu.","vs_tuz_23",""
"chart_sk_518500","Office services","518500","expense","False","False","Kancelárske služby","Document shredding, archiving, water delivery, and other intangible office support services.","Skartovanie dokumentov, archivácia, dodávka pitnej vody a ďalšie nehmotné podporné služby kancelárie.","vs_tuz_23",""
"chart_sk_518600","Accounting","518600","expense","False","False","Účtovníctvo","Fees paid to external bookkeeping firms, tax advisors, and accountants.","Odmeny platené externým účtovným firmám, daňovým poradcom a účtovníkom.","vs_tuz_23",""
"chart_sk_518700","Legal expenses","518700","expense","False","False","Právne výdavky","Invoices from law firms, notaries, trademark registrations, and court fees.","Faktúry od advokátskych kancelárií, notárov, registrácie ochranných známok a súdne poplatky.","vs_tuz_23",""
"chart_sk_518900","Administration fees","518900","expense","False","False","Správne poplatky","Municipal fees, trade licence renewals, and other administrative charges required to operate.","Komunálne poplatky, obnova živnostenských oprávnení a ostatné správne poplatky nutné na prevádzku.","vs_tuz_23",""
"chart_sk_518910","Phone & internet","518910","expense","False","False","Telefón a internet","Monthly telecommunication bills, internet connections, and corporate mobile phone plans.","Mesačné účty za telekomunikácie, internetové pripojenie a firemné mobilné tarify.","vs_tuz_23",""
"chart_sk_518920","Advertising","518920","expense","False","False","Reklama","Digital ad spend, billboard placements, print media, and general marketing campaigns.","Výdavky na digitálnu reklamu, billboardy, tlačené médiá a všeobecné marketingové kampane.","vs_tuz_23",""
"chart_sk_518930","Training and doc.","518930","expense","False","False","Školenia a dokumentácia","Employee seminars, professional certifications, online courses, and technical manuals.","Semináre pre zamestnancov, profesijné certifikácie, online kurzy a technické príručky.","vs_tuz_23",""
"chart_sk_518940","Import fees","518940","expense","False","False","Dovozné poplatky","Customs duties, tariffs, and brokerage fees incurred when importing goods from outside the EU.","Clo, tarify a poplatky colným deklarantom vzniknuté pri dovoze tovaru zo štátov mimo EÚ.","vs_tuz_23",""
"chart_sk_548100","Membership fees","548100","expense","False","False","Členské príspevky","Dues paid to industry associations, chambers of commerce, and professional bodies.","Príspevky platené priemyselným združeniam, obchodným komorám a profesijným organizáciám.","",""
"chart_sk_548200","Fire insurance","548200","expense","False","False","Poistenie proti požiaru","Premiums paid to protect company property, warehouses, and inventory against fire or natural disasters.","Poistné platené na ochranu firemného majetku, skladov a zásob proti požiaru alebo živelným pohromám.","",""
"chart_sk_548300","Professional insurance","548300","expense","False","False","Profesijné poistenie","Premiums for general liability, legal protection, and business interruption insurance policies.","Poistné za všeobecné poistenie zodpovednosti, právnej ochrany a prerušenia prevádzky.","",""
"chart_sk_548400","Legal protection ins.","548400","expense","False","False","Poistenie právnej ochrany","Insurance covering legal costs, lawyer fees, and court expenses in case of business disputes.","Poistenie kryjúce právne náklady, odmeny advokátov a súdne výdavky v prípade obchodných sporov.","",""
"chart_sk_548500","Prof. Liability Ins.","548500","expense","False","False","Poistenie profesijnej zodpovednosti","Insurance protecting the company against damage claims made by third parties.","Poistenie chrániace spoločnosť pred nárokmi na náhradu škody uplatnenými tretími stranami.","",""
