"id","name","description","invoice_label","type_tax_use","l10n_in_tax_type","amount_type","amount","tax_scope","active","tax_group_id","is_base_affected","include_base_amount","children_tax_ids","formula","sequence","l10n_in_reverse_charge","repartition_line_ids/factor_percent","repartition_line_ids/repartition_type","repartition_line_ids/document_type","repartition_line_ids/account_id","repartition_line_ids/tag_ids","fiscal_position_ids","original_tax_ids","l10n_in_is_lut","is_withholding_tax"
"sgst_sale_2_5","2.5% SGST S","SGST","SGST 2.5%","none","gst","percent","2.5","","False","sgst_group","False","True","","","","","","base","invoice","","l10n_in.tax_tag_base_sgst","","","",""
"","","","","","","","","","","","","","","","","","","tax","invoice","p11232","l10n_in.tax_tag_sgst","","","",""
"","","","","","","","","","","","","","","","","","","base","refund","","l10n_in.tax_tag_base_sgst","","","",""
"","","","","","","","","","","","","","","","","","","tax","refund","p11232","l10n_in.tax_tag_sgst","","","",""
"cgst_sale_2_5","2.5% CGST S","CGST","CGST 2.5%","none","gst","percent","2.5","","False","cgst_group","False","True","","","","","","base","invoice","","l10n_in.tax_tag_base_cgst","","","",""
"","","","","","","","","","","","","","","","","","","tax","invoice","p11233","l10n_in.tax_tag_cgst","","","",""
"","","","","","","","","","","","","","","","","","","base","refund","","l10n_in.tax_tag_base_cgst","","","",""
"","","","","","","","","","","","","","","","","","","tax","refund","p11233","l10n_in.tax_tag_cgst","","","",""
"sgst_sale_5","5% GST S","GST","GST 5%","sale","","group","5.0","","False","gst_group","","","sgst_sale_2_5,cgst_sale_2_5","","","","","","","","","","","",""
"sgst_sale_9","9% SGST S","SGST","SGST 9%","none","gst","percent","9.0","","False","sgst_group","False","True","","","","","","base","invoice","","l10n_in.tax_tag_base_sgst","","","",""
"","","","","","","","","","","","","","","","","","","tax","invoice","p11232","l10n_in.tax_tag_sgst","","","",""
"","","","","","","","","","","","","","","","","","","base","refund","","l10n_in.tax_tag_base_sgst","","","",""
"","","","","","","","","","","","","","","","","","","tax","refund","p11232","l10n_in.tax_tag_sgst","","","",""
"cgst_sale_9","9% CGST S","CGST","CGST 9%","none","gst","percent","9.0","","False","cgst_group","False","True","","","","","","base","invoice","","l10n_in.tax_tag_base_cgst","","","",""
"","","","","","","","","","","","","","","","","","","tax","invoice","p11233","l10n_in.tax_tag_cgst","","","",""
"","","","","","","","","","","","","","","","","","","base","refund","","l10n_in.tax_tag_base_cgst","","","",""
"","","","","","","","","","","","","","","","","","","tax","refund","p11233","l10n_in.tax_tag_cgst","","","",""
"sgst_sale_18","18% GST S","GST","GST 18%","sale","","group","18.0","","False","gst_group","","","sgst_sale_9,cgst_sale_9","","","","","","","","","","","",""
"sgst_sale_20","20% SGST S","SGST","SGST 20%","none","gst","percent","20.0","","False","sgst_group","False","True","","","","","","base","invoice","","l10n_in.tax_tag_base_sgst","","","",""
"","","","","","","","","","","","","","","","","","","tax","invoice","p11232","l10n_in.tax_tag_sgst","","","",""
"","","","","","","","","","","","","","","","","","","base","refund","","l10n_in.tax_tag_base_sgst","","","",""
"","","","","","","","","","","","","","","","","","","tax","refund","p11232","l10n_in.tax_tag_sgst","","","",""
"cgst_sale_20","20% CGST S","CGST","CGST 20%","none","gst","percent","20.0","","False","cgst_group","False","True","","","","","","base","invoice","","l10n_in.tax_tag_base_cgst","","","",""
"","","","","","","","","","","","","","","","","","","tax","invoice","p11233","l10n_in.tax_tag_cgst","","","",""
"","","","","","","","","","","","","","","","","","","base","refund","","l10n_in.tax_tag_base_cgst","","","",""
"","","","","","","","","","","","","","","","","","","tax","refund","p11233","l10n_in.tax_tag_cgst","","","",""
"sgst_sale_40","40% GST S","GST","GST 40%","sale","","group","40.0","","False","gst_group","","","sgst_sale_20,cgst_sale_20","","","","","","","","","","","",""
"sgst_purchase_2_5","2.5% SGST P","SGST","SGST 2.5%","none","gst","percent","2.5","","False","sgst_group","","","","","","","","base","invoice","","l10n_in.tax_tag_base_sgst","","","",""
"","","","","","","","","","","","","","","","","","","tax","invoice","p10051","l10n_in.tax_tag_sgst","","","",""
"","","","","","","","","","","","","","","","","","","base","refund","","l10n_in.tax_tag_base_sgst","","","",""
"","","","","","","","","","","","","","","","","","","tax","refund","p10051","l10n_in.tax_tag_sgst","","","",""
"cgst_purchase_2_5","2.5% CGST P","CGST","CGST 2.5%","none","gst","percent","2.5","","False","cgst_group","","","","","","","","base","invoice","","l10n_in.tax_tag_base_cgst","","","",""
"","","","","","","","","","","","","","","","","","","tax","invoice","p10052","l10n_in.tax_tag_cgst","","","",""
"","","","","","","","","","","","","","","","","","","base","refund","","l10n_in.tax_tag_base_cgst","","","",""
"","","","","","","","","","","","","","","","","","","tax","refund","p10052","l10n_in.tax_tag_cgst","","","",""
"sgst_purchase_5","5% GST P","GST","GST 5%","purchase","","group","5.0","","False","gst_group","","","sgst_purchase_2_5,cgst_purchase_2_5","","","","","","","","","","","",""
"sgst_purchase_9","9% SGST P","SGST","SGST 9%","none","gst","percent","9.0","","False","sgst_group","","","","","","","","base","invoice","","l10n_in.tax_tag_base_sgst","","","",""
"","","","","","","","","","","","","","","","","","","tax","invoice","p10051","l10n_in.tax_tag_sgst","","","",""
"","","","","","","","","","","","","","","","","","","base","refund","","l10n_in.tax_tag_base_sgst","","","",""
"","","","","","","","","","","","","","","","","","","tax","refund","p10051","l10n_in.tax_tag_sgst","","","",""
"cgst_purchase_9","9% CGST P","CGST","CGST 9%","none","gst","percent","9.0","","False","cgst_group","","","","","","","","base","invoice","","l10n_in.tax_tag_base_cgst","","","",""
"","","","","","","","","","","","","","","","","","","tax","invoice","p10052","l10n_in.tax_tag_cgst","","","",""
"","","","","","","","","","","","","","","","","","","base","refund","","l10n_in.tax_tag_base_cgst","","","",""
"","","","","","","","","","","","","","","","","","","tax","refund","p10052","l10n_in.tax_tag_cgst","","","",""
"sgst_purchase_18","18% GST P","GST","GST 18%","purchase","","group","18.0","","False","gst_group","","","sgst_purchase_9,cgst_purchase_9","","","","","","","","","","","",""
"sgst_purchase_20","20% SGST P","SGST","SGST 20%","none","gst","percent","20","","False","sgst_group","","","","","","","","base","invoice","","l10n_in.tax_tag_base_sgst","","","",""
"","","","","","","","","","","","","","","","","","","tax","invoice","p10051","l10n_in.tax_tag_sgst","","","",""
"","","","","","","","","","","","","","","","","","","base","refund","","l10n_in.tax_tag_base_sgst","","","",""
"","","","","","","","","","","","","","","","","","","tax","refund","p10051","l10n_in.tax_tag_sgst","","","",""
"cgst_purchase_20","20% CGST P","CGST","CGST 20%","none","gst","percent","20","","False","cgst_group","","","","","","","","base","invoice","","l10n_in.tax_tag_base_cgst","","","",""
"","","","","","","","","","","","","","","","","","","tax","invoice","p10052","l10n_in.tax_tag_cgst","","","",""
"","","","","","","","","","","","","","","","","","","base","refund","","l10n_in.tax_tag_base_cgst","","","",""
"","","","","","","","","","","","","","","","","","","tax","refund","p10052","l10n_in.tax_tag_cgst","","","",""
"sgst_purchase_40","40% GST P","GST","GST 40%","purchase","","group","40.0","","False","gst_group","","","sgst_purchase_20,cgst_purchase_20","","","","","","","","","","","",""
"igst_sale_5","5% IGST S","IGST","IGST 5%","sale","gst","percent","5.0","","False","igst_group","False","True","","","","","","base","invoice","","l10n_in.tax_tag_base_igst","","sgst_sale_5","",""
"","","","","","","","","","","","","","","","","","","tax","invoice","p11234","l10n_in.tax_tag_igst","","","",""
"","","","","","","","","","","","","","","","","","","base","refund","","l10n_in.tax_tag_base_igst","","","",""
"","","","","","","","","","","","","","","","","","","tax","refund","p11234","l10n_in.tax_tag_igst","","","",""
"igst_sale_18","18% IGST S","IGST","IGST 18%","sale","gst","percent","18.0","","False","igst_group","False","True","","","","","","base","invoice","","l10n_in.tax_tag_base_igst","","sgst_sale_18","",""
"","","","","","","","","","","","","","","","","","","tax","invoice","p11234","l10n_in.tax_tag_igst","","","",""
"","","","","","","","","","","","","","","","","","","base","refund","","l10n_in.tax_tag_base_igst","","","",""
"","","","","","","","","","","","","","","","","","","tax","refund","p11234","l10n_in.tax_tag_igst","","","",""
"igst_sale_40","40% IGST S","IGST","IGST 40%","sale","gst","percent","40.0","","False","igst_group","False","True","","","","","","base","invoice","","l10n_in.tax_tag_base_igst","","sgst_sale_40","",""
"","","","","","","","","","","","","","","","","","","tax","invoice","p11234","l10n_in.tax_tag_igst","","","",""
"","","","","","","","","","","","","","","","","","","base","refund","","l10n_in.tax_tag_base_igst","","","",""
"","","","","","","","","","","","","","","","","","","tax","refund","p11234","l10n_in.tax_tag_igst","","","",""
"igst_purchase_5","5% IGST P","IGST","IGST 5%","purchase","gst","percent","5.0","","False","igst_group","","","","","","","","base","invoice","","l10n_in.tax_tag_base_igst","","sgst_purchase_5","",""
"","","","","","","","","","","","","","","","","","","tax","invoice","p10053","l10n_in.tax_tag_igst","","","",""
"","","","","","","","","","","","","","","","","","","base","refund","","l10n_in.tax_tag_base_igst","","","",""
"","","","","","","","","","","","","","","","","","","tax","refund","p10053","l10n_in.tax_tag_igst","","","",""
"igst_purchase_18","18% IGST P","IGST","IGST 18%","purchase","gst","percent","18.0","","False","igst_group","","","","","","","","base","invoice","","l10n_in.tax_tag_base_igst","","sgst_purchase_18","",""
"","","","","","","","","","","","","","","","","","","tax","invoice","p10053","l10n_in.tax_tag_igst","","","",""
"","","","","","","","","","","","","","","","","","","base","refund","","l10n_in.tax_tag_base_igst","","","",""
"","","","","","","","","","","","","","","","","","","tax","refund","p10053","l10n_in.tax_tag_igst","","","",""
"igst_purchase_40","40% IGST P","IGST","IGST 40%","purchase","gst","percent","40.0","","False","igst_group","","","","","","","","base","invoice","","l10n_in.tax_tag_base_igst","","sgst_purchase_40","",""
"","","","","","","","","","","","","","","","","","","tax","invoice","p10053","l10n_in.tax_tag_igst","","","",""
"","","","","","","","","","","","","","","","","","","base","refund","","l10n_in.tax_tag_base_igst","","","",""
"","","","","","","","","","","","","","","","","","","tax","refund","p10053","l10n_in.tax_tag_igst","","","",""
"exempt_sale","0% Exempt","Exempt","Exempt","sale","exempt","percent","0.0","","False","exempt_group","","","","","","","","base","invoice","","","","","",""
"","","","","","","","","","","","","","","","","","","tax","invoice","","","","","",""
"","","","","","","","","","","","","","","","","","","base","refund","","","","","",""
"","","","","","","","","","","","","","","","","","","tax","refund","","","","","",""
"nil_rated_sale","Nil Rated","","Nil Rated","sale","nil_rated","percent","0.0","","False","nil_rated_group","","","","","","","","base","invoice","","","","","",""
"","","","","","","","","","","","","","","","","","","tax","invoice","","","","","",""
"","","","","","","","","","","","","","","","","","","base","refund","","","","","",""
"","","","","","","","","","","","","","","","","","","tax","refund","","","","","",""
"non_gst_supplies_sale","0% NGST","Non GST Supplies","Non GST Supplies","sale","non_gst","percent","0.0","","False","non_gst_supplies_group","","","","","","","","base","invoice","","","","","",""
"","","","","","","","","","","","","","","","","","","tax","invoice","","","","","",""
"","","","","","","","","","","","","","","","","","","base","refund","","","","","",""
"","","","","","","","","","","","","","","","","","","tax","refund","","","","","",""
"exempt_purchase","0% Exempt","Exempt","Exempt","purchase","exempt","percent","0.0","","False","exempt_group","","","","","","","","base","invoice","","","","","",""
"","","","","","","","","","","","","","","","","","","tax","invoice","","","","","",""
"","","","","","","","","","","","","","","","","","","base","refund","","","","","",""
"","","","","","","","","","","","","","","","","","","tax","refund","","","","","",""
"nil_rated_purchase","Nil Rated","","Nil Rated","purchase","nil_rated","percent","0.0","","False","nil_rated_group","","","","","","","","base","invoice","","","","","",""
"","","","","","","","","","","","","","","","","","","tax","invoice","","","","","",""
"","","","","","","","","","","","","","","","","","","base","refund","","","","","",""
"","","","","","","","","","","","","","","","","","","tax","refund","","","","","",""
"non_gst_supplies_purchase","0% NGST P","Non GST Supplies","Non GST Supplies","purchase","non_gst","percent","0.0","","False","non_gst_supplies_group","","","","","","","","base","invoice","","","","","",""
"","","","","","","","","","","","","","","","","","","tax","invoice","","","","","",""
"","","","","","","","","","","","","","","","","","","base","refund","","","","","",""
"","","","","","","","","","","","","","","","","","","tax","refund","","","","","",""
"sgst_sale_0_5","0.5% SGST S","SGST","SGST 0.5%","none","gst","percent","0.5","","False","sgst_group","False","True","","","","","","base","invoice","","l10n_in.tax_tag_base_sgst","","","",""
"","","","","","","","","","","","","","","","","","","tax","invoice","p11232","l10n_in.tax_tag_sgst","","","",""
"","","","","","","","","","","","","","","","","","","base","refund","","l10n_in.tax_tag_base_sgst","","","",""
"","","","","","","","","","","","","","","","","","","tax","refund","p11232","l10n_in.tax_tag_sgst","","","",""
"cgst_sale_0_5","0.5% CGST S","CGST","CGST 0.5%","none","gst","percent","0.5","","False","cgst_group","False","True","","","","","","base","invoice","","l10n_in.tax_tag_base_cgst","","","",""
"","","","","","","","","","","","","","","","","","","tax","invoice","p11233","l10n_in.tax_tag_cgst","","","",""
"","","","","","","","","","","","","","","","","","","base","refund","","l10n_in.tax_tag_base_cgst","","","",""
"","","","","","","","","","","","","","","","","","","tax","refund","p11233","l10n_in.tax_tag_cgst","","","",""
"sgst_sale_1","1% GST S","GST","GST 1%","sale","","group","1.0","","False","gst_group","","","sgst_sale_0_5,cgst_sale_0_5","","","","","","","","","","","",""
"sgst_sale_1_2","1% SGST S","SGST ","SGST 1%","none","gst","percent","1.0","","False","sgst_group","False","True","","","","","","base","invoice","","l10n_in.tax_tag_base_sgst","","","",""
"","","","","","","","","","","","","","","","","","","tax","invoice","p11232","l10n_in.tax_tag_sgst","","","",""
"","","","","","","","","","","","","","","","","","","base","refund","","l10n_in.tax_tag_base_sgst","","","",""
"","","","","","","","","","","","","","","","","","","tax","refund","p11232","l10n_in.tax_tag_sgst","","","",""
"cgst_sale_1_2","1% CGST S","","CGST 1%","none","gst","percent","1.0","","False","cgst_group","False","True","","","","","","base","invoice","","l10n_in.tax_tag_base_cgst","","","",""
"","","","","","","","","","","","","","","","","","","tax","invoice","p11233","l10n_in.tax_tag_cgst","","","",""
"","","","","","","","","","","","","","","","","","","base","refund","","l10n_in.tax_tag_base_cgst","","","",""
"","","","","","","","","","","","","","","","","","","tax","refund","p11233","l10n_in.tax_tag_cgst","","","",""
"sgst_sale_2","2% GST S","GST","GST 2%","sale","","group","2.0","","False","gst_group","","","sgst_sale_1_2,cgst_sale_1_2","","","","","","","","","","","",""
"sgst_sale_14","14% GST S","SGST","SGST 14%","none","gst","percent","14.0","","False","sgst_group","False","True","","","","","","base","invoice","","l10n_in.tax_tag_base_sgst","","","",""
"","","","","","","","","","","","","","","","","","","tax","invoice","p11232","l10n_in.tax_tag_sgst","","","",""
"","","","","","","","","","","","","","","","","","","base","refund","","l10n_in.tax_tag_base_sgst","","","",""
"","","","","","","","","","","","","","","","","","","tax","refund","p11232","l10n_in.tax_tag_sgst","","","",""
"cgst_sale_14","14% CGST S","CGST","CGST 14%","none","gst","percent","14.0","","False","cgst_group","False","True","","","","","","base","invoice","","l10n_in.tax_tag_base_cgst","","","",""
"","","","","","","","","","","","","","","","","","","tax","invoice","p11233","l10n_in.tax_tag_cgst","","","",""
"","","","","","","","","","","","","","","","","","","base","refund","","l10n_in.tax_tag_base_cgst","","","",""
"","","","","","","","","","","","","","","","","","","tax","refund","p11233","l10n_in.tax_tag_cgst","","","",""
"sgst_sale_28","28% GST S","GST","GST 28%","sale","","group","28.0","","False","gst_group","","","sgst_sale_14,cgst_sale_14","","","","","","","","","","","",""
"sgst_sale_6","6% SGST S","SGST","SGST 6%","none","gst","percent","6.0","","False","sgst_group","False","True","","","","","","base","invoice","","l10n_in.tax_tag_base_sgst","","","",""
"","","","","","","","","","","","","","","","","","","tax","invoice","p11232","l10n_in.tax_tag_sgst","","","",""
"","","","","","","","","","","","","","","","","","","base","refund","","l10n_in.tax_tag_base_sgst","","","",""
"","","","","","","","","","","","","","","","","","","tax","refund","p11232","l10n_in.tax_tag_sgst","","","",""
"cgst_sale_6","6% CGST S","CGST","CGST 6%","none","gst","percent","6.0","","False","cgst_group","False","True","","","","","","base","invoice","","l10n_in.tax_tag_base_cgst","","","",""
"","","","","","","","","","","","","","","","","","","tax","invoice","p11233","l10n_in.tax_tag_cgst","","","",""
"","","","","","","","","","","","","","","","","","","base","refund","","l10n_in.tax_tag_base_cgst","","","",""
"","","","","","","","","","","","","","","","","","","tax","refund","p11233","l10n_in.tax_tag_cgst","","","",""
"sgst_sale_12","12% GST S","GST","GST 12%","sale","","group","12.0","","False","gst_group","","","sgst_sale_6,cgst_sale_6","","","","","","","","","","","",""
"igst_sale_1","1% IGST S","IGST","IGST 1%","sale","gst","percent","1.0","","False","igst_group","False","True","","","","","","base","invoice","","l10n_in.tax_tag_base_igst","","sgst_sale_1","",""
"","","","","","","","","","","","","","","","","","","tax","invoice","p11234","l10n_in.tax_tag_igst","","","",""
"","","","","","","","","","","","","","","","","","","base","refund","","l10n_in.tax_tag_base_igst","","","",""
"","","","","","","","","","","","","","","","","","","tax","refund","p11234","l10n_in.tax_tag_igst","","","",""
"igst_sale_2","2% IGST S","IGST","IGST 2%","sale","gst","percent","2.0","","False","igst_group","False","True","","","","","","base","invoice","","l10n_in.tax_tag_base_igst","","sgst_sale_2","",""
"","","","","","","","","","","","","","","","","","","tax","invoice","p11234","l10n_in.tax_tag_igst","","","",""
"","","","","","","","","","","","","","","","","","","base","refund","","l10n_in.tax_tag_base_igst","","","",""
"","","","","","","","","","","","","","","","","","","tax","refund","p11234","l10n_in.tax_tag_igst","","","",""
"igst_sale_28","28% IGST S","IGST","IGST 28%","sale","gst","percent","28.0","","False","igst_group","False","True","","","","","","base","invoice","","l10n_in.tax_tag_base_igst","","sgst_sale_28","",""
"","","","","","","","","","","","","","","","","","","tax","invoice","p11234","l10n_in.tax_tag_igst","","","",""
"","","","","","","","","","","","","","","","","","","base","refund","","l10n_in.tax_tag_base_igst","","","",""
"","","","","","","","","","","","","","","","","","","tax","refund","p11234","l10n_in.tax_tag_igst","","","",""
"igst_sale_12","12% IGST S","IGST","IGST 12%","sale","gst","percent","12.0","","False","igst_group","False","True","","","","","","base","invoice","","l10n_in.tax_tag_base_igst","","sgst_sale_12","",""
"","","","","","","","","","","","","","","","","","","tax","invoice","p11234","l10n_in.tax_tag_igst","","","",""
"","","","","","","","","","","","","","","","","","","base","refund","","l10n_in.tax_tag_base_igst","","","",""
"","","","","","","","","","","","","","","","","","","tax","refund","p11234","l10n_in.tax_tag_igst","","","",""
"sgst_purchase_0_5","0.5% SGST P","SGST","SGST 0.5%","none","gst","percent","0.5","","False","sgst_group","","","","","","","","base","invoice","","l10n_in.tax_tag_base_sgst","","","",""
"","","","","","","","","","","","","","","","","","","tax","invoice","p10051","l10n_in.tax_tag_sgst","","","",""
"","","","","","","","","","","","","","","","","","","base","refund","","l10n_in.tax_tag_base_sgst","","","",""
"","","","","","","","","","","","","","","","","","","tax","refund","p10051","l10n_in.tax_tag_sgst","","","",""
"cgst_purchase_0_5","0.5% CGST P","CGST","CGST 0.5%","none","gst","percent","0.5","","False","cgst_group","","","","","","","","base","invoice","","l10n_in.tax_tag_base_cgst","","","",""
"","","","","","","","","","","","","","","","","","","tax","invoice","p10052","l10n_in.tax_tag_cgst","","","",""
"","","","","","","","","","","","","","","","","","","base","refund","","l10n_in.tax_tag_base_cgst","","","",""
"","","","","","","","","","","","","","","","","","","tax","refund","p10052","l10n_in.tax_tag_cgst","","","",""
"sgst_purchase_1","1% GST P","GST","GST 1%","purchase","","group","1.0","","False","gst_group","","","sgst_purchase_0_5,cgst_purchase_0_5","","","","","","","","","","","",""
"sgst_purchase_1_2","1% SGST P","SGST","SGST 1%","none","gst","percent","1.0","","False","sgst_group","","","","","","","","base","invoice","","l10n_in.tax_tag_base_sgst","","","",""
"","","","","","","","","","","","","","","","","","","tax","invoice","p10051","l10n_in.tax_tag_sgst","","","",""
"","","","","","","","","","","","","","","","","","","base","refund","","l10n_in.tax_tag_base_sgst","","","",""
"","","","","","","","","","","","","","","","","","","tax","refund","p10051","l10n_in.tax_tag_sgst","","","",""
"cgst_purchase_1_2","1% CGST P","CGST","CGST 1%","none","gst","percent","1.0","","False","cgst_group","","","","","","","","base","invoice","","l10n_in.tax_tag_base_cgst","","","",""
"","","","","","","","","","","","","","","","","","","tax","invoice","p10052","l10n_in.tax_tag_cgst","","","",""
"","","","","","","","","","","","","","","","","","","base","refund","","l10n_in.tax_tag_base_cgst","","","",""
"","","","","","","","","","","","","","","","","","","tax","refund","p10052","l10n_in.tax_tag_cgst","","","",""
"sgst_purchase_2","2% GST P","GST","GST 2%","purchase","","group","2.0","","False","gst_group","","","sgst_purchase_1_2,cgst_purchase_1_2","","","","","","","","","","","",""
"sgst_purchase_14","14% SGST P","SGST","SGST 14%","none","gst","percent","14.0","","False","sgst_group","","","","","","","","base","invoice","","l10n_in.tax_tag_base_sgst","","","",""
"","","","","","","","","","","","","","","","","","","tax","invoice","p10051","l10n_in.tax_tag_sgst","","","",""
"","","","","","","","","","","","","","","","","","","base","refund","","l10n_in.tax_tag_base_sgst","","","",""
"","","","","","","","","","","","","","","","","","","tax","refund","p10051","l10n_in.tax_tag_sgst","","","",""
"cgst_purchase_14","14% CGST P","CGST","CGST 14%","none","gst","percent","14.0","","False","cgst_group","","","","","","","","base","invoice","","l10n_in.tax_tag_base_cgst","","","",""
"","","","","","","","","","","","","","","","","","","tax","invoice","p10052","l10n_in.tax_tag_cgst","","","",""
"","","","","","","","","","","","","","","","","","","base","refund","","l10n_in.tax_tag_base_cgst","","","",""
"","","","","","","","","","","","","","","","","","","tax","refund","p10052","l10n_in.tax_tag_cgst","","","",""
"sgst_purchase_28","28% GST P","GST","GST 28%","purchase","","group","28.0","","False","gst_group","","","sgst_purchase_14,cgst_purchase_14","","","","","","","","","","","",""
"sgst_purchase_6","6% SGST P","SGST","SGST 6%","none","gst","percent","6.0","","False","sgst_group","","","","","","","","base","invoice","","l10n_in.tax_tag_base_sgst","","","",""
"","","","","","","","","","","","","","","","","","","tax","invoice","p10051","l10n_in.tax_tag_sgst","","","",""
"","","","","","","","","","","","","","","","","","","base","refund","","l10n_in.tax_tag_base_sgst","","","",""
"","","","","","","","","","","","","","","","","","","tax","refund","p10051","l10n_in.tax_tag_sgst","","","",""
"cgst_purchase_6","6% CGST P","","CGST 6%","none","gst","percent","6.0","","False","cgst_group","","","","","","","","base","invoice","","l10n_in.tax_tag_base_cgst","","","",""
"","","","","","","","","","","","","","","","","","","tax","invoice","p10052","l10n_in.tax_tag_cgst","","","",""
"","","","","","","","","","","","","","","","","","","base","refund","","l10n_in.tax_tag_base_cgst","","","",""
"","","","","","","","","","","","","","","","","","","tax","refund","p10052","l10n_in.tax_tag_cgst","","","",""
"sgst_purchase_12","12% GST P","GST","GST 12%","purchase","","group","12.0","","False","gst_group","","","sgst_purchase_6,cgst_purchase_6","","","","","","","","","","","",""
"igst_purchase_1","1% IGST P","IGST","IGST 1%","purchase","gst","percent","1.0","","False","igst_group","","","","","","","","base","invoice","","l10n_in.tax_tag_base_igst","","sgst_purchase_1","",""
"","","","","","","","","","","","","","","","","","","tax","invoice","p10053","l10n_in.tax_tag_igst","","","",""
"","","","","","","","","","","","","","","","","","","base","refund","","l10n_in.tax_tag_base_igst","","","",""
"","","","","","","","","","","","","","","","","","","tax","refund","p10053","l10n_in.tax_tag_igst","","","",""
"igst_purchase_2","2% IGST P","IGST","IGST 2%","purchase","gst","percent","2.0","","False","igst_group","","","","","","","","base","invoice","","l10n_in.tax_tag_base_igst","","sgst_purchase_2","",""
"","","","","","","","","","","","","","","","","","","tax","invoice","p10053","l10n_in.tax_tag_igst","","","",""
"","","","","","","","","","","","","","","","","","","base","refund","","l10n_in.tax_tag_base_igst","","","",""
"","","","","","","","","","","","","","","","","","","tax","refund","p10053","l10n_in.tax_tag_igst","","","",""
"igst_purchase_28","28% IGST P","IGST","IGST 28%","purchase","gst","percent","28.0","","False","igst_group","","","","","","","","base","invoice","","l10n_in.tax_tag_base_igst","","sgst_purchase_28","",""
"","","","","","","","","","","","","","","","","","","tax","invoice","p10053","l10n_in.tax_tag_igst","","","",""
"","","","","","","","","","","","","","","","","","","base","refund","","l10n_in.tax_tag_base_igst","","","",""
"","","","","","","","","","","","","","","","","","","tax","refund","p10053","l10n_in.tax_tag_igst","","","",""
"igst_purchase_12","12% IGST P","IGST","IGST 12%","purchase","gst","percent","12.0","","False","igst_group","","","","","","","","base","invoice","","l10n_in.tax_tag_base_igst","","sgst_purchase_12","",""
"","","","","","","","","","","","","","","","","","","tax","invoice","p10053","l10n_in.tax_tag_igst","","","",""
"","","","","","","","","","","","","","","","","","","base","refund","","l10n_in.tax_tag_base_igst","","","",""
"","","","","","","","","","","","","","","","","","","tax","refund","p10053","l10n_in.tax_tag_igst","","","",""
"cess_sale_5","5% CESS S","CESS 5%","CESS 5%","none","gst","percent","5.0","","False","cess_group","False","True","","","","","","base","invoice","","l10n_in.tax_tag_base_cess","","","",""
"","","","","","","","","","","","","","","","","","","tax","invoice","p11235","l10n_in.tax_tag_cess","","","",""
"","","","","","","","","","","","","","","","","","","base","refund","","l10n_in.tax_tag_base_cess","","","",""
"","","","","","","","","","","","","","","","","","","tax","refund","p11235","l10n_in.tax_tag_cess","","","",""
"cess_sale_1591","1.591% CESS S","","1591 PER THOUSAND","none","gst","fixed","1.591","","False","cess_group","False","True","","","","","","base","invoice","","l10n_in.tax_tag_base_cess","","","",""
"","","","","","","","","","","","","","","","","","","tax","invoice","p11235","l10n_in.tax_tag_cess","","","",""
"","","","","","","","","","","","","","","","","","","base","refund","","l10n_in.tax_tag_base_cess","","","",""
"","","","","","","","","","","","","","","","","","","tax","refund","p11235","l10n_in.tax_tag_cess","","","",""
"cess_5_plus_1591_sale","5%+1.591 CESS S","CESS 5%+1.591","CESS 5%+1.591","sale","","group","0.0","","False","cess_group","","","cess_sale_5,cess_sale_1591","","","","","","","","","","","",""
"cess_21_4170_higer_sale","21% or 4.170 CESS S","CESS 21% or 4.170","CESS 21% or 4.170","sale","gst","code","0.0","","False","cess_group","","","","max(quantity * price_unit * 0.21, quantity * 4.17)","","","","base","invoice","","l10n_in.tax_tag_base_cess","","","",""
"","","","","","","","","","","","","","","","","","","tax","invoice","p11235","l10n_in.tax_tag_cess","","","",""
"","","","","","","","","","","","","","","","","","","base","refund","","l10n_in.tax_tag_base_cess","","","",""
"","","","","","","","","","","","","","","","","","","tax","refund","p11235","l10n_in.tax_tag_cess","","","",""
"cess_purchase_5","5% CESS P","CESS","CESS 5%","none","gst","percent","5.0","","False","cess_group","","","","","","","","base","invoice","","l10n_in.tax_tag_base_cess","","","",""
"","","","","","","","","","","","","","","","","","","tax","invoice","p10055","l10n_in.tax_tag_cess","","","",""
"","","","","","","","","","","","","","","","","","","base","refund","","l10n_in.tax_tag_base_cess","","","",""
"","","","","","","","","","","","","","","","","","","tax","refund","p10055","l10n_in.tax_tag_cess","","","",""
"cess_purchase_1591","1.591% CESS P","","1591 PER THOUSAND","none","gst","fixed","1.591","","False","cess_group","","","","","","","","base","invoice","","l10n_in.tax_tag_base_cess","","","",""
"","","","","","","","","","","","","","","","","","","tax","invoice","p10055","l10n_in.tax_tag_cess","","","",""
"","","","","","","","","","","","","","","","","","","base","refund","","l10n_in.tax_tag_base_cess","","","",""
"","","","","","","","","","","","","","","","","","","tax","refund","p10055","l10n_in.tax_tag_cess","","","",""
"cess_5_plus_1591_purchase","5%+1.591 CESS P","CESS 5%+1.591","CESS 5%+1.591","purchase","","group","0.0","","False","cess_group","","","cess_purchase_5,cess_purchase_1591","","","","","","","","","","","",""
"cess_21_4170_higer_purchase","21% or 4.170 CESS P","CESS 21% or 4.170","CESS 21% or 4.170","purchase","gst","code","0.0","","False","cess_group","","","","max(quantity * price_unit * 0.21, quantity * 4.17)","","","","base","invoice","","l10n_in.tax_tag_base_cess","","","",""
"","","","","","","","","","","","","","","","","","","tax","invoice","p10055","l10n_in.tax_tag_cess","","","",""
"","","","","","","","","","","","","","","","","","","base","refund","","l10n_in.tax_tag_base_cess","","","",""
"","","","","","","","","","","","","","","","","","","tax","refund","p10055","l10n_in.tax_tag_cess","","","",""
"cess_purchase_5_rc","5% CESS RC","CESS","CESS 5% RC","none","gst","percent","5.0","","False","cess_group","","","","","","True","","base","invoice","","l10n_in.tax_tag_base_cess","fiscal_position_in_reverse_charge_intra","cess_purchase_5","",""
"","","","","","","","","","","","","","","","","","","tax","invoice","p10057","","","","",""
"","","","","","","","","","","","","","","","","","-100","tax","invoice","p11235","l10n_in.tax_tag_cess","","","",""
"","","","","","","","","","","","","","","","","","","base","refund","","l10n_in.tax_tag_base_cess","","","",""
"","","","","","","","","","","","","","","","","","","tax","refund","p10057","","","","",""
"","","","","","","","","","","","","","","","","","-100","tax","refund","p11235","l10n_in.tax_tag_cess","","","",""
"cess_purchase_1591_rc","1.591% CESS RC","","1591 PER THOUSAND","none","gst","fixed","1.591","","False","cess_group","","","","","","True","","base","invoice","","l10n_in.tax_tag_base_cess","fiscal_position_in_reverse_charge_intra","cess_purchase_1591","",""
"","","","","","","","","","","","","","","","","","","tax","invoice","p10057","","","","",""
"","","","","","","","","","","","","","","","","","-100","tax","invoice","p11235","l10n_in.tax_tag_cess","","","",""
"","","","","","","","","","","","","","","","","","","base","refund","","l10n_in.tax_tag_base_cess","","","",""
"","","","","","","","","","","","","","","","","","","tax","refund","p10057","","","","",""
"","","","","","","","","","","","","","","","","","-100","tax","refund","p11235","l10n_in.tax_tag_cess","","","",""
"cess_5_plus_1591_purchase_rc","5%+1.591 CESS RC","CESS 5%+1.591","CESS 5%+1.591","purchase","","group","0.0","","False","cess_group","","","cess_purchase_5_rc,cess_purchase_1591_rc","","","True","","","","","","fiscal_position_in_reverse_charge_inter,fiscal_position_in_reverse_charge_intra","cess_5_plus_1591_purchase","",""
"cess_21_4170_higer_purchase_rc","21% or 4.170 CESS RC","CESS 21% or 4.170","CESS 21% or 4.170","purchase","gst","code","0.0","","False","cess_group","","","","max(quantity * price_unit * 0.21, quantity * 4.17)","","True","","base","invoice","","l10n_in.tax_tag_base_cess","fiscal_position_in_reverse_charge_inter,fiscal_position_in_reverse_charge_intra","cess_21_4170_higer_purchase","",""
"","","","","","","","","","","","","","","","","","","tax","invoice","p10057","","","","",""
"","","","","","","","","","","","","","","","","","-100","tax","invoice","p11235","l10n_in.tax_tag_cess","","","",""
"","","","","","","","","","","","","","","","","","","base","refund","","l10n_in.tax_tag_base_cess","","","",""
"","","","","","","","","","","","","","","","","","","tax","refund","p10057","","","","",""
"","","","","","","","","","","","","","","","","","-100","tax","refund","p11235","l10n_in.tax_tag_cess","","","",""
"igst_purchase_1_rc","1% IGST RC","IGST (RC)","IGST 1%","purchase","gst","percent","1.0","","False","igst_group","","","","","","True","","base","invoice","","l10n_in.tax_tag_base_igst","fiscal_position_in_reverse_charge_inter","sgst_purchase_1","",""
"","","","","","","","","","","","","","","","","","","tax","invoice","p10057","","","","",""
"","","","","","","","","","","","","","","","","","-100","tax","invoice","p11234","l10n_in.tax_tag_igst","","","",""
"","","","","","","","","","","","","","","","","","","base","refund","","l10n_in.tax_tag_base_igst","","","",""
"","","","","","","","","","","","","","","","","","","tax","refund","p10057","","","","",""
"","","","","","","","","","","","","","","","","","-100","tax","refund","p11234","l10n_in.tax_tag_igst","","","",""
"igst_purchase_2_rc","2% IGST RC","IGST (RC)","IGST 2%","purchase","gst","percent","2.0","","False","igst_group","","","","","","True","","base","invoice","","l10n_in.tax_tag_base_igst","fiscal_position_in_reverse_charge_inter","sgst_purchase_2","",""
"","","","","","","","","","","","","","","","","","","tax","invoice","p10057","","","","",""
"","","","","","","","","","","","","","","","","","-100","tax","invoice","p11234","l10n_in.tax_tag_igst","","","",""
"","","","","","","","","","","","","","","","","","","base","refund","","l10n_in.tax_tag_base_igst","","","",""
"","","","","","","","","","","","","","","","","","","tax","refund","p10057","","","","",""
"","","","","","","","","","","","","","","","","","-100","tax","refund","p11234","l10n_in.tax_tag_igst","","","",""
"igst_purchase_28_rc","28% IGST RC","IGST (RC)","IGST 28%","purchase","gst","percent","28.0","","False","igst_group","","","","","","True","","base","invoice","","l10n_in.tax_tag_base_igst","fiscal_position_in_reverse_charge_inter","sgst_purchase_28","",""
"","","","","","","","","","","","","","","","","","","tax","invoice","p10057","","","","",""
"","","","","","","","","","","","","","","","","","-100","tax","invoice","p11234","l10n_in.tax_tag_igst","","","",""
"","","","","","","","","","","","","","","","","","","base","refund","","l10n_in.tax_tag_base_igst","","","",""
"","","","","","","","","","","","","","","","","","","tax","refund","p10057","","","","",""
"","","","","","","","","","","","","","","","","","-100","tax","refund","p11234","l10n_in.tax_tag_igst","","","",""
"igst_purchase_18_rc","18% IGST RC","IGST (RC)","IGST 18%","purchase","gst","percent","18.0","","False","igst_group","","","","","","True","","base","invoice","","l10n_in.tax_tag_base_igst","fiscal_position_in_reverse_charge_inter","sgst_purchase_18","",""
"","","","","","","","","","","","","","","","","","","tax","invoice","p10057","","","","",""
"","","","","","","","","","","","","","","","","","-100","tax","invoice","p11234","l10n_in.tax_tag_igst","","","",""
"","","","","","","","","","","","","","","","","","","base","refund","","l10n_in.tax_tag_base_igst","","","",""
"","","","","","","","","","","","","","","","","","","tax","refund","p10057","","","","",""
"","","","","","","","","","","","","","","","","","-100","tax","refund","p11234","l10n_in.tax_tag_igst","","","",""
"igst_purchase_12_rc","12% IGST RC","IGST (RC)","IGST 12%","purchase","gst","percent","12.0","","False","igst_group","","","","","","True","","base","invoice","","l10n_in.tax_tag_base_igst","fiscal_position_in_reverse_charge_inter","sgst_purchase_12","",""
"","","","","","","","","","","","","","","","","","","tax","invoice","p10057","","","","",""
"","","","","","","","","","","","","","","","","","-100","tax","invoice","p11234","l10n_in.tax_tag_igst","","","",""
"","","","","","","","","","","","","","","","","","","base","refund","","l10n_in.tax_tag_base_igst","","","",""
"","","","","","","","","","","","","","","","","","","tax","refund","p10057","","","","",""
"","","","","","","","","","","","","","","","","","-100","tax","refund","p11234","l10n_in.tax_tag_igst","","","",""
"igst_purchase_5_rc","5% IGST RC","IGST (RC)","IGST 5%","purchase","gst","percent","5.0","","False","igst_group","","","","","","True","","base","invoice","","l10n_in.tax_tag_base_igst","fiscal_position_in_reverse_charge_inter","sgst_purchase_5","",""
"","","","","","","","","","","","","","","","","","","tax","invoice","p10057","","","","",""
"","","","","","","","","","","","","","","","","","-100","tax","invoice","p11234","l10n_in.tax_tag_igst","","","",""
"","","","","","","","","","","","","","","","","","","base","refund","","l10n_in.tax_tag_base_igst","","","",""
"","","","","","","","","","","","","","","","","","","tax","refund","p10057","","","","",""
"","","","","","","","","","","","","","","","","","-100","tax","refund","p11234","l10n_in.tax_tag_igst","","","",""
"igst_purchase_18_service_rc","18% IGST (IMP-Service)","18% IGST (IMP-Service)","IGST 18%","purchase","gst","percent","18.0","service","False","igst_group","","","","","","True","","base","invoice","","l10n_in.tax_tag_base_igst","","","",""
"","","","","","","","","","","","","","","","","","","tax","invoice","p10057","","","","",""
"","","","","","","","","","","","","","","","","","-100","tax","invoice","p10057","l10n_in.tax_tag_igst","","","",""
"","","","","","","","","","","","","","","","","","","base","refund","","l10n_in.tax_tag_base_igst","","","",""
"","","","","","","","","","","","","","","","","","","tax","refund","p10057","","","","",""
"","","","","","","","","","","","","","","","","","-100","tax","refund","p10057","l10n_in.tax_tag_igst","","","",""
"sgst_purchase_0_5_rc","0.5% SGST RC","SGST (RC)","SGST 0.5%","none","gst","percent","0.5","","False","sgst_group","","","","","","True","","base","invoice","","l10n_in.tax_tag_base_sgst","fiscal_position_in_reverse_charge_intra","","",""
"","","","","","","","","","","","","","","","","","","tax","invoice","p10057","","","","",""
"","","","","","","","","","","","","","","","","","-100","tax","invoice","p11232","l10n_in.tax_tag_sgst","","","",""
"","","","","","","","","","","","","","","","","","","base","refund","","l10n_in.tax_tag_base_sgst","","","",""
"","","","","","","","","","","","","","","","","","","tax","refund","p10057","","","","",""
"","","","","","","","","","","","","","","","","","-100","tax","refund","p11232","l10n_in.tax_tag_sgst","","","",""
"cgst_purchase_0_5_rc","0.5% CGST RC","CGST (RC)","CGST 0.5%","none","gst","percent","0.5","","False","cgst_group","","","","","","True","","base","invoice","","l10n_in.tax_tag_base_cgst","fiscal_position_in_reverse_charge_intra","","",""
"","","","","","","","","","","","","","","","","","","tax","invoice","p10057","","","","",""
"","","","","","","","","","","","","","","","","","-100","tax","invoice","p11233","l10n_in.tax_tag_cgst","","","",""
"","","","","","","","","","","","","","","","","","","base","refund","","l10n_in.tax_tag_base_cgst","","","",""
"","","","","","","","","","","","","","","","","","","tax","refund","p10057","","","","",""
"","","","","","","","","","","","","","","","","","-100","tax","refund","p11233","l10n_in.tax_tag_cgst","","","",""
"sgst_purchase_1_rc","1% GST RC","GST (RC)","GST 1%","purchase","","group","1.0","","False","gst_group","","","sgst_purchase_0_5_rc,cgst_purchase_0_5_rc","","","True","","","","","","fiscal_position_in_reverse_charge_intra","sgst_purchase_1","",""
"sgst_purchase_1_2_rc","1% SGST RC","SGST (RC)","SGST 1%","none","gst","percent","1.0","","False","sgst_group","","","","","","True","","base","invoice","","l10n_in.tax_tag_base_sgst","fiscal_position_in_reverse_charge_intra","","",""
"","","","","","","","","","","","","","","","","","","tax","invoice","p10057","","","","",""
"","","","","","","","","","","","","","","","","","-100","tax","invoice","p11232","l10n_in.tax_tag_sgst","","","",""
"","","","","","","","","","","","","","","","","","","base","refund","","l10n_in.tax_tag_base_sgst","","","",""
"","","","","","","","","","","","","","","","","","","tax","refund","p10057","","","","",""
"","","","","","","","","","","","","","","","","","-100","tax","refund","p11232","l10n_in.tax_tag_sgst","","","",""
"cgst_purchase_1_2_rc","1% CGST RC","CGST (RC)","CGST 1%","none","gst","percent","1.0","","False","cgst_group","","","","","","True","","base","invoice","","l10n_in.tax_tag_base_cgst","fiscal_position_in_reverse_charge_intra","","",""
"","","","","","","","","","","","","","","","","","","tax","invoice","p10057","","","","",""
"","","","","","","","","","","","","","","","","","-100","tax","invoice","p11233","l10n_in.tax_tag_cgst","","","",""
"","","","","","","","","","","","","","","","","","","base","refund","","l10n_in.tax_tag_base_cgst","","","",""
"","","","","","","","","","","","","","","","","","","tax","refund","p10057","","","","",""
"","","","","","","","","","","","","","","","","","-100","tax","refund","p11233","l10n_in.tax_tag_cgst","","","",""
"sgst_purchase_2_rc","2% GST RC","GST (RC)","GST 2%","purchase","","group","2.0","","False","gst_group","","","sgst_purchase_1_2_rc,cgst_purchase_1_2_rc","","","True","","","","","","fiscal_position_in_reverse_charge_intra","sgst_purchase_2","",""
"sgst_purchase_14_rc","14% SGST RC","SGST (RC)","SGST 14%","none","gst","percent","14.0","","False","sgst_group","","","","","","True","","base","invoice","","l10n_in.tax_tag_base_sgst","fiscal_position_in_reverse_charge_intra","","",""
"","","","","","","","","","","","","","","","","","","tax","invoice","p10057","","","","",""
"","","","","","","","","","","","","","","","","","-100","tax","invoice","p11232","l10n_in.tax_tag_sgst","","","",""
"","","","","","","","","","","","","","","","","","","base","refund","","l10n_in.tax_tag_base_sgst","","","",""
"","","","","","","","","","","","","","","","","","","tax","refund","p10057","","","","",""
"","","","","","","","","","","","","","","","","","-100","tax","refund","p11232","l10n_in.tax_tag_sgst","","","",""
"cgst_purchase_14_rc","14% CGST RC","CGST (RC)","CGST 14%","none","gst","percent","14.0","","False","cgst_group","","","","","","True","","base","invoice","","l10n_in.tax_tag_base_cgst","fiscal_position_in_reverse_charge_intra","","",""
"","","","","","","","","","","","","","","","","","","tax","invoice","p10057","","","","",""
"","","","","","","","","","","","","","","","","","-100","tax","invoice","p11233","l10n_in.tax_tag_cgst","","","",""
"","","","","","","","","","","","","","","","","","","base","refund","","l10n_in.tax_tag_base_cgst","","","",""
"","","","","","","","","","","","","","","","","","","tax","refund","p10057","","","","",""
"","","","","","","","","","","","","","","","","","-100","tax","refund","p11233","l10n_in.tax_tag_cgst","","","",""
"sgst_purchase_28_rc","28% GST RC","GST (RC)","GST 28%","purchase","","group","28.0","","False","gst_group","","","sgst_purchase_14_rc,cgst_purchase_14_rc","","","True","","","","","","fiscal_position_in_reverse_charge_intra","sgst_purchase_28","",""
"sgst_purchase_9_rc","9% SGST RC","SGST (RC)","SGST 9%","none","gst","percent","9.0","","False","sgst_group","","","","","","True","","base","invoice","","l10n_in.tax_tag_base_sgst","fiscal_position_in_reverse_charge_intra","","",""
"","","","","","","","","","","","","","","","","","","tax","invoice","p10057","","","","",""
"","","","","","","","","","","","","","","","","","-100","tax","invoice","p11232","l10n_in.tax_tag_sgst","","","",""
"","","","","","","","","","","","","","","","","","","base","refund","","l10n_in.tax_tag_base_sgst","","","",""
"","","","","","","","","","","","","","","","","","","tax","refund","p10057","","","","",""
"","","","","","","","","","","","","","","","","","-100","tax","refund","p11232","l10n_in.tax_tag_sgst","","","",""
"cgst_purchase_9_rc","9% CGST RC","CGST (RC)","CGST 9%","none","gst","percent","9.0","","False","cgst_group","","","","","","True","","base","invoice","","l10n_in.tax_tag_base_cgst","fiscal_position_in_reverse_charge_intra","","",""
"","","","","","","","","","","","","","","","","","","tax","invoice","p10057","","","","",""
"","","","","","","","","","","","","","","","","","-100","tax","invoice","p11233","l10n_in.tax_tag_cgst","","","",""
"","","","","","","","","","","","","","","","","","","base","refund","","l10n_in.tax_tag_base_cgst","","","",""
"","","","","","","","","","","","","","","","","","","tax","refund","p10057","","","","",""
"","","","","","","","","","","","","","","","","","-100","tax","refund","p11233","l10n_in.tax_tag_cgst","","","",""
"sgst_purchase_18_rc","18% GST RC","GST (RC)","GST 18%","purchase","","group","18.0","","False","gst_group","","","sgst_purchase_9_rc,cgst_purchase_9_rc","","","True","","","","","","fiscal_position_in_reverse_charge_intra","sgst_purchase_18","",""
"sgst_purchase_6_rc","6% SGST RC","SGST (RC)","SGST 6%","none","gst","percent","6.0","","False","sgst_group","","","","","","True","","base","invoice","","l10n_in.tax_tag_base_sgst","fiscal_position_in_reverse_charge_intra","","",""
"","","","","","","","","","","","","","","","","","","tax","invoice","p10057","","","","",""
"","","","","","","","","","","","","","","","","","-100","tax","invoice","p11232","l10n_in.tax_tag_sgst","","","",""
"","","","","","","","","","","","","","","","","","","base","refund","","l10n_in.tax_tag_base_sgst","","","",""
"","","","","","","","","","","","","","","","","","","tax","refund","p10057","","","","",""
"","","","","","","","","","","","","","","","","","-100","tax","refund","p11232","l10n_in.tax_tag_sgst","","","",""
"cgst_purchase_6_rc","6% CGST RC","CGST (RC)","CGST 6%","none","gst","percent","6.0","","False","cgst_group","","","","","","True","","base","invoice","","l10n_in.tax_tag_base_cgst","fiscal_position_in_reverse_charge_intra","","",""
"","","","","","","","","","","","","","","","","","","tax","invoice","p10057","","","","",""
"","","","","","","","","","","","","","","","","","-100","tax","invoice","p11233","l10n_in.tax_tag_cgst","","","",""
"","","","","","","","","","","","","","","","","","","base","refund","","l10n_in.tax_tag_base_cgst","","","",""
"","","","","","","","","","","","","","","","","","","tax","refund","p10057","","","","",""
"","","","","","","","","","","","","","","","","","-100","tax","refund","p11233","l10n_in.tax_tag_cgst","","","",""
"sgst_purchase_12_rc","12% GST RC","GST (RC)","GST 12%","purchase","","group","12.0","","False","gst_group","","","sgst_purchase_6_rc,cgst_purchase_6_rc","","","True","","","","","","fiscal_position_in_reverse_charge_intra","sgst_purchase_12","",""
"sgst_purchase_2_5_rc","2.5% SGST RC","SGST (RC)","SGST 2.5%","none","gst","percent","2.5","","False","sgst_group","","","","","","True","","base","invoice","","l10n_in.tax_tag_base_sgst","fiscal_position_in_reverse_charge_intra","","",""
"","","","","","","","","","","","","","","","","","","tax","invoice","p10057","","","","",""
"","","","","","","","","","","","","","","","","","-100","tax","invoice","p11232","l10n_in.tax_tag_sgst","","","",""
"","","","","","","","","","","","","","","","","","","base","refund","","l10n_in.tax_tag_base_sgst","","","",""
"","","","","","","","","","","","","","","","","","","tax","refund","p10057","","","","",""
"","","","","","","","","","","","","","","","","","-100","tax","refund","p11232","l10n_in.tax_tag_sgst","","","",""
"cgst_purchase_2_5_rc","2.5% CGST RC","CGST (RC)","CGST 2.5%","none","gst","percent","2.5","","False","cgst_group","","","","","","True","","base","invoice","","l10n_in.tax_tag_base_cgst","fiscal_position_in_reverse_charge_intra","","",""
"","","","","","","","","","","","","","","","","","","tax","invoice","p10057","","","","",""
"","","","","","","","","","","","","","","","","","-100","tax","invoice","p11233","l10n_in.tax_tag_cgst","","","",""
"","","","","","","","","","","","","","","","","","","base","refund","","l10n_in.tax_tag_base_cgst","","","",""
"","","","","","","","","","","","","","","","","","","tax","refund","p10057","","","","",""
"","","","","","","","","","","","","","","","","","-100","tax","refund","p11233","l10n_in.tax_tag_cgst","","","",""
"sgst_purchase_5_rc","5% GST RC","GST (RC)","GST 5%","purchase","","group","5.0","","False","gst_group","","","sgst_purchase_2_5_rc,cgst_purchase_2_5_rc","","","True","","","","","","fiscal_position_in_reverse_charge_intra","sgst_purchase_5","",""
"igst_sale_0_exp","0% IGST S (EXP)","IGST (EXPORT)","IGST (EXPORT) 0%","sale","gst","percent","0.0","","False","igst_group","False","True","","","","","","base","invoice","","l10n_in.tax_tag_base_igst","","exempt_sale,nil_rated_sale,non_gst_supplies_sale","",""
"","","","","","","","","","","","","","","","","","","tax","invoice","p112342","l10n_in.tax_tag_igst","","","",""
"","","","","","","","","","","","","","","","","","-100","tax","invoice","p100531","","","","",""
"","","","","","","","","","","","","","","","","","","base","refund","","l10n_in.tax_tag_base_igst","","","",""
"","","","","","","","","","","","","","","","","","","tax","refund","p112342","l10n_in.tax_tag_igst","","","",""
"","","","","","","","","","","","","","","","","","-100","tax","refund","p100531","","","","",""
"igst_sale_1_exp","1% IGST S (EXP)","IGST (EXPORT)","IGST (EXPORT) 1%","sale","gst","percent","1.0","","False","igst_group","False","True","","","","","","base","invoice","","l10n_in.tax_tag_base_igst","","sgst_sale_1","",""
"","","","","","","","","","","","","","","","","","","tax","invoice","p112342","l10n_in.tax_tag_igst","","","",""
"","","","","","","","","","","","","","","","","","-100","tax","invoice","p100531","","","","",""
"","","","","","","","","","","","","","","","","","","base","refund","","l10n_in.tax_tag_base_igst","","","",""
"","","","","","","","","","","","","","","","","","","tax","refund","p112342","l10n_in.tax_tag_igst","","","",""
"","","","","","","","","","","","","","","","","","-100","tax","refund","p100531","","","","",""
"igst_sale_2_exp","2% IGST S (EXP)","IGST (EXPORT)","IGST (EXPORT) 2%","sale","gst","percent","2.0","","False","igst_group","False","True","","","","","","base","invoice","","l10n_in.tax_tag_base_igst","","sgst_sale_2","",""
"","","","","","","","","","","","","","","","","","","tax","invoice","p112342","l10n_in.tax_tag_igst","","","",""
"","","","","","","","","","","","","","","","","","-100","tax","invoice","p100531","","","","",""
"","","","","","","","","","","","","","","","","","","base","refund","","l10n_in.tax_tag_base_igst","","","",""
"","","","","","","","","","","","","","","","","","","tax","refund","p112342","l10n_in.tax_tag_igst","","","",""
"","","","","","","","","","","","","","","","","","-100","tax","refund","p100531","","","","",""
"igst_sale_28_exp","28% IGST S (EXP)","IGST (EXPORT)","IGST (EXPORT) 28%","sale","gst","percent","28.0","","False","igst_group","False","True","","","","","","base","invoice","","l10n_in.tax_tag_base_igst","","sgst_sale_28","",""
"","","","","","","","","","","","","","","","","","","tax","invoice","p112342","l10n_in.tax_tag_igst","","","",""
"","","","","","","","","","","","","","","","","","-100","tax","invoice","p100531","","","","",""
"","","","","","","","","","","","","","","","","","","base","refund","","l10n_in.tax_tag_base_igst","","","",""
"","","","","","","","","","","","","","","","","","","tax","refund","p112342","l10n_in.tax_tag_igst","","","",""
"","","","","","","","","","","","","","","","","","-100","tax","refund","p100531","","","","",""
"igst_sale_18_exp","18% IGST S (EXP)","IGST (EXPORT)","IGST (EXPORT) 18%","sale","gst","percent","18.0","","False","igst_group","False","True","","","","","","base","invoice","","l10n_in.tax_tag_base_igst","","sgst_sale_18","",""
"","","","","","","","","","","","","","","","","","","tax","invoice","p112342","l10n_in.tax_tag_igst","","","",""
"","","","","","","","","","","","","","","","","","-100","tax","invoice","p100531","","","","",""
"","","","","","","","","","","","","","","","","","","base","refund","","l10n_in.tax_tag_base_igst","","","",""
"","","","","","","","","","","","","","","","","","","tax","refund","p112342","l10n_in.tax_tag_igst","","","",""
"","","","","","","","","","","","","","","","","","-100","tax","refund","p100531","","","","",""
"igst_sale_12_exp","12% IGST S (EXP)","IGST (EXPORT)","IGST (EXPORT) 12%","sale","gst","percent","12.0","","False","igst_group","False","True","","","","","","base","invoice","","l10n_in.tax_tag_base_igst","","sgst_sale_12","",""
"","","","","","","","","","","","","","","","","","","tax","invoice","p112342","l10n_in.tax_tag_igst","","","",""
"","","","","","","","","","","","","","","","","","-100","tax","invoice","p100531","","","","",""
"","","","","","","","","","","","","","","","","","","base","refund","","l10n_in.tax_tag_base_igst","","","",""
"","","","","","","","","","","","","","","","","","","tax","refund","p112342","l10n_in.tax_tag_igst","","","",""
"","","","","","","","","","","","","","","","","","-100","tax","refund","p100531","","","","",""
"igst_sale_5_exp","5% IGST S (EXP)","IGST (EXPORT)","IGST (EXPORT) 5%","sale","gst","percent","5.0","","False","igst_group","False","True","","","","","","base","invoice","","l10n_in.tax_tag_base_igst","","sgst_sale_5","",""
"","","","","","","","","","","","","","","","","","","tax","invoice","p112342","l10n_in.tax_tag_igst","","","",""
"","","","","","","","","","","","","","","","","","-100","tax","invoice","p100531","","","","",""
"","","","","","","","","","","","","","","","","","","base","refund","","l10n_in.tax_tag_base_igst","","","",""
"","","","","","","","","","","","","","","","","","","tax","refund","p112342","l10n_in.tax_tag_igst","","","",""
"","","","","","","","","","","","","","","","","","-100","tax","refund","p100531","","","","",""
"igst_sale_40_exp","40% IGST S (EXP)","IGST (EXPORT)","IGST (EXPORT) 40%","sale","gst","percent","40.0","","False","igst_group","False","True","","","","","","base","invoice","","l10n_in.tax_tag_base_igst","","sgst_sale_40","",""
"","","","","","","","","","","","","","","","","","","tax","invoice","p112342","l10n_in.tax_tag_igst","","","",""
"","","","","","","","","","","","","","","","","","-100","tax","invoice","p100531","","","","",""
"","","","","","","","","","","","","","","","","","","base","refund","","l10n_in.tax_tag_base_igst","","","",""
"","","","","","","","","","","","","","","","","","","tax","refund","p112342","l10n_in.tax_tag_igst","","","",""
"","","","","","","","","","","","","","","","","","-100","tax","refund","p100531","","","","",""
"igst_sale_0_exp_lut","0% IGST S (EXP-LUT)","IGST (Export under LUT)","IGST (EXPORT-LUT) 0%","sale","gst","percent","0.0","","False","igst_group","","","","","","","","base","invoice","","l10n_in.tax_tag_base_igst","","exempt_sale,nil_rated_sale,non_gst_supplies_sale","True",""
"","","","","","","","","","","","","","","","","","","tax","invoice","p112341","l10n_in.tax_tag_igst","","","",""
"","","","","","","","","","","","","","","","","","-100","tax","invoice","p112341","l10n_in.tax_tag_igst","","","",""
"","","","","","","","","","","","","","","","","","","base","refund","","l10n_in.tax_tag_base_igst","","","",""
"","","","","","","","","","","","","","","","","","","tax","refund","p112341","l10n_in.tax_tag_igst","","","",""
"","","","","","","","","","","","","","","","","","-100","tax","refund","p112341","l10n_in.tax_tag_igst","","","",""
"igst_sale_1_exp_lut","1% IGST S (EXP-LUT)","IGST (Export under LUT)","IGST (EXPORT-LUT) 1%","sale","gst","percent","1.0","","False","igst_group","False","True","","","","","","base","invoice","","l10n_in.tax_tag_base_igst","","sgst_sale_1","True",""
"","","","","","","","","","","","","","","","","","","tax","invoice","p112341","l10n_in.tax_tag_igst","","","",""
"","","","","","","","","","","","","","","","","","-100","tax","invoice","p112341","l10n_in.tax_tag_igst","","","",""
"","","","","","","","","","","","","","","","","","","base","refund","","l10n_in.tax_tag_base_igst","","","",""
"","","","","","","","","","","","","","","","","","","tax","refund","p112341","l10n_in.tax_tag_igst","","","",""
"","","","","","","","","","","","","","","","","","-100","tax","refund","p112341","l10n_in.tax_tag_igst","","","",""
"igst_sale_2_exp_lut","2% IGST S (EXP-LUT)","IGST (Export under LUT)","IGST (EXPORT-LUT) 2%","sale","gst","percent","2.0","","False","igst_group","False","True","","","","","","base","invoice","","l10n_in.tax_tag_base_igst","","sgst_sale_2","True",""
"","","","","","","","","","","","","","","","","","","tax","invoice","p112341","l10n_in.tax_tag_igst","","","",""
"","","","","","","","","","","","","","","","","","-100","tax","invoice","p112341","l10n_in.tax_tag_igst","","","",""
"","","","","","","","","","","","","","","","","","","base","refund","","l10n_in.tax_tag_base_igst","","","",""
"","","","","","","","","","","","","","","","","","","tax","refund","p112341","l10n_in.tax_tag_igst","","","",""
"","","","","","","","","","","","","","","","","","-100","tax","refund","p112341","l10n_in.tax_tag_igst","","","",""
"igst_sale_28_exp_lut","28% IGST S (EXP-LUT)","IGST (Export under LUT)","IGST (EXPORT-LUT) 28%","sale","gst","percent","28.0","","False","igst_group","False","True","","","","","","base","invoice","","l10n_in.tax_tag_base_igst","","sgst_sale_28","True",""
"","","","","","","","","","","","","","","","","","","tax","invoice","p112341","l10n_in.tax_tag_igst","","","",""
"","","","","","","","","","","","","","","","","","-100","tax","invoice","p112341","l10n_in.tax_tag_igst","","","",""
"","","","","","","","","","","","","","","","","","","base","refund","","l10n_in.tax_tag_base_igst","","","",""
"","","","","","","","","","","","","","","","","","","tax","refund","p112341","l10n_in.tax_tag_igst","","","",""
"","","","","","","","","","","","","","","","","","-100","tax","refund","p112341","l10n_in.tax_tag_igst","","","",""
"igst_sale_18_exp_lut","18% IGST S (EXP-LUT)","IGST (Export under LUT)","IGST (EXPORT-LUT) 18%","sale","gst","percent","18.0","","False","igst_group","False","True","","","","","","base","invoice","","l10n_in.tax_tag_base_igst","","sgst_sale_18","True",""
"","","","","","","","","","","","","","","","","","","tax","invoice","p112341","l10n_in.tax_tag_igst","","","",""
"","","","","","","","","","","","","","","","","","-100","tax","invoice","p112341","l10n_in.tax_tag_igst","","","",""
"","","","","","","","","","","","","","","","","","","base","refund","","l10n_in.tax_tag_base_igst","","","",""
"","","","","","","","","","","","","","","","","","","tax","refund","p112341","l10n_in.tax_tag_igst","","","",""
"","","","","","","","","","","","","","","","","","-100","tax","refund","p112341","l10n_in.tax_tag_igst","","","",""
"igst_sale_12_exp_lut","12% IGST S (EXP-LUT)","IGST (Export under LUT)","IGST (EXPORT-LUT) 12%","sale","gst","percent","12.0","","False","igst_group","False","True","","","","","","base","invoice","","l10n_in.tax_tag_base_igst","","sgst_sale_12","True",""
"","","","","","","","","","","","","","","","","","","tax","invoice","p112341","l10n_in.tax_tag_igst","","","",""
"","","","","","","","","","","","","","","","","","-100","tax","invoice","p112341","l10n_in.tax_tag_igst","","","",""
"","","","","","","","","","","","","","","","","","","base","refund","","l10n_in.tax_tag_base_igst","","","",""
"","","","","","","","","","","","","","","","","","","tax","refund","p112341","l10n_in.tax_tag_igst","","","",""
"","","","","","","","","","","","","","","","","","-100","tax","refund","p112341","l10n_in.tax_tag_igst","","","",""
"igst_sale_5_exp_lut","5% IGST S (EXP-LUT)","IGST (Export under LUT)","IGST (EXPORT-LUT) 5%","sale","gst","percent","5.0","","False","igst_group","False","True","","","","","","base","invoice","","l10n_in.tax_tag_base_igst","","sgst_sale_5","True",""
"","","","","","","","","","","","","","","","","","","tax","invoice","p112341","l10n_in.tax_tag_igst","","","",""
"","","","","","","","","","","","","","","","","","-100","tax","invoice","p112341","l10n_in.tax_tag_igst","","","",""
"","","","","","","","","","","","","","","","","","","base","refund","","l10n_in.tax_tag_base_igst","","","",""
"","","","","","","","","","","","","","","","","","","tax","refund","p112341","l10n_in.tax_tag_igst","","","",""
"","","","","","","","","","","","","","","","","","-100","tax","refund","p112341","l10n_in.tax_tag_igst","","","",""
"igst_sale_40_exp_lut","40% IGST S (EXP-LUT)","IGST (Export under LUT)","IGST (EXPORT-LUT) 40%","sale","gst","percent","40.0","","False","igst_group","False","True","","","","","","base","invoice","","l10n_in.tax_tag_base_igst","","sgst_sale_40","True",""
"","","","","","","","","","","","","","","","","","","tax","invoice","p112341","l10n_in.tax_tag_igst","","","",""
"","","","","","","","","","","","","","","","","","-100","tax","invoice","p112341","l10n_in.tax_tag_igst","","","",""
"","","","","","","","","","","","","","","","","","","base","refund","","l10n_in.tax_tag_base_igst","","","",""
"","","","","","","","","","","","","","","","","","","tax","refund","p112341","l10n_in.tax_tag_igst","","","",""
"","","","","","","","","","","","","","","","","","-100","tax","refund","p112341","l10n_in.tax_tag_igst","","","",""
"igst_sale_0_sez_lut","0% IGST S (SEZ-LUT)","IGST (Special Economic Zone under LUT)","IGST (SEZ-LUT)  0%","sale","gst","percent","0.0","","False","igst_group","","","","","","","","base","invoice","","l10n_in.tax_tag_base_igst","","exempt_sale,nil_rated_sale,non_gst_supplies_sale","True",""
"","","","","","","","","","","","","","","","","","","tax","invoice","p112341","l10n_in.tax_tag_igst","","","",""
"","","","","","","","","","","","","","","","","","-100","tax","invoice","p112341","l10n_in.tax_tag_igst","","","",""
"","","","","","","","","","","","","","","","","","","base","refund","","l10n_in.tax_tag_base_igst","","","",""
"","","","","","","","","","","","","","","","","","","tax","refund","p112341","l10n_in.tax_tag_igst","","","",""
"","","","","","","","","","","","","","","","","","-100","tax","refund","p112341","l10n_in.tax_tag_igst","","","",""
"igst_sale_1_sez_lut","1% IGST S (SEZ-LUT)","IGST (Special Economic Zone under LUT)","IGST (SEZ-LUT)  1%","sale","gst","percent","1.0","","False","igst_group","False","True","","","","","","base","invoice","","l10n_in.tax_tag_base_igst","","sgst_sale_1","True",""
"","","","","","","","","","","","","","","","","","","tax","invoice","p112341","l10n_in.tax_tag_igst","","","",""
"","","","","","","","","","","","","","","","","","-100","tax","invoice","p112341","l10n_in.tax_tag_igst","","","",""
"","","","","","","","","","","","","","","","","","","base","refund","","l10n_in.tax_tag_base_igst","","","",""
"","","","","","","","","","","","","","","","","","","tax","refund","p112341","l10n_in.tax_tag_igst","","","",""
"","","","","","","","","","","","","","","","","","-100","tax","refund","p112341","l10n_in.tax_tag_igst","","","",""
"igst_sale_2_sez_lut","2% IGST S (SEZ-LUT)","IGST (Special Economic Zone under LUT)","IGST (SEZ-LUT)  2%","sale","gst","percent","2.0","","False","igst_group","False","True","","","","","","base","invoice","","l10n_in.tax_tag_base_igst","","sgst_sale_2","True",""
"","","","","","","","","","","","","","","","","","","tax","invoice","p112341","l10n_in.tax_tag_igst","","","",""
"","","","","","","","","","","","","","","","","","-100","tax","invoice","p112341","l10n_in.tax_tag_igst","","","",""
"","","","","","","","","","","","","","","","","","","base","refund","","l10n_in.tax_tag_base_igst","","","",""
"","","","","","","","","","","","","","","","","","","tax","refund","p112341","l10n_in.tax_tag_igst","","","",""
"","","","","","","","","","","","","","","","","","-100","tax","refund","p112341","l10n_in.tax_tag_igst","","","",""
"igst_sale_28_sez_lut","28% IGST S (SEZ-LUT)","IGST (Special Economic Zone under LUT)","IGST (SEZ-LUT)  28%","sale","gst","percent","28.0","","False","igst_group","False","True","","","","","","base","invoice","","l10n_in.tax_tag_base_igst","","sgst_sale_28","True",""
"","","","","","","","","","","","","","","","","","","tax","invoice","p112341","l10n_in.tax_tag_igst","","","",""
"","","","","","","","","","","","","","","","","","-100","tax","invoice","p112341","l10n_in.tax_tag_igst","","","",""
"","","","","","","","","","","","","","","","","","","base","refund","","l10n_in.tax_tag_base_igst","","","",""
"","","","","","","","","","","","","","","","","","","tax","refund","p112341","l10n_in.tax_tag_igst","","","",""
"","","","","","","","","","","","","","","","","","-100","tax","refund","p112341","l10n_in.tax_tag_igst","","","",""
"igst_sale_18_sez_lut","18% IGST S (SEZ-LUT)","IGST (Special Economic Zone under LUT)","IGST (SEZ-LUT)  18%","sale","gst","percent","18.0","","False","igst_group","False","True","","","","","","base","invoice","","l10n_in.tax_tag_base_igst","","sgst_sale_18","True",""
"","","","","","","","","","","","","","","","","","","tax","invoice","p112341","l10n_in.tax_tag_igst","","","",""
"","","","","","","","","","","","","","","","","","-100","tax","invoice","p112341","l10n_in.tax_tag_igst","","","",""
"","","","","","","","","","","","","","","","","","","base","refund","","l10n_in.tax_tag_base_igst","","","",""
"","","","","","","","","","","","","","","","","","","tax","refund","p112341","l10n_in.tax_tag_igst","","","",""
"","","","","","","","","","","","","","","","","","-100","tax","refund","p112341","l10n_in.tax_tag_igst","","","",""
"igst_sale_12_sez_lut","12% IGST S (SEZ-LUT)","IGST (Special Economic Zone under LUT)","IGST (SEZ-LUT)  12%","sale","gst","percent","12.0","","False","igst_group","False","True","","","","","","base","invoice","","l10n_in.tax_tag_base_igst","","sgst_sale_12","True",""
"","","","","","","","","","","","","","","","","","","tax","invoice","p112341","l10n_in.tax_tag_igst","","","",""
"","","","","","","","","","","","","","","","","","-100","tax","invoice","p112341","l10n_in.tax_tag_igst","","","",""
"","","","","","","","","","","","","","","","","","","base","refund","","l10n_in.tax_tag_base_igst","","","",""
"","","","","","","","","","","","","","","","","","","tax","refund","p112341","l10n_in.tax_tag_igst","","","",""
"","","","","","","","","","","","","","","","","","-100","tax","refund","p112341","l10n_in.tax_tag_igst","","","",""
"igst_sale_5_sez_lut","5% IGST S (SEZ-LUT)","IGST (Special Economic Zone under LUT)","IGST (SEZ-LUT)  5%","sale","gst","percent","5.0","","False","igst_group","False","True","","","","","","base","invoice","","l10n_in.tax_tag_base_igst","","sgst_sale_5","True",""
"","","","","","","","","","","","","","","","","","","tax","invoice","p112341","l10n_in.tax_tag_igst","","","",""
"","","","","","","","","","","","","","","","","","-100","tax","invoice","p112341","l10n_in.tax_tag_igst","","","",""
"","","","","","","","","","","","","","","","","","","base","refund","","l10n_in.tax_tag_base_igst","","","",""
"","","","","","","","","","","","","","","","","","","tax","refund","p112341","l10n_in.tax_tag_igst","","","",""
"","","","","","","","","","","","","","","","","","-100","tax","refund","p112341","l10n_in.tax_tag_igst","","","",""
"igst_sale_40_sez_lut","40% IGST S (SEZ-LUT)","IGST (Special Economic Zone under LUT)","IGST (SEZ-LUT) 40%","sale","gst","percent","40.0","","False","igst_group","False","True","","","","","","base","invoice","","l10n_in.tax_tag_base_igst","","sgst_sale_40","True",""
"","","","","","","","","","","","","","","","","","","tax","invoice","p112341","l10n_in.tax_tag_igst","","","",""
"","","","","","","","","","","","","","","","","","-100","tax","invoice","p112341","l10n_in.tax_tag_igst","","","",""
"","","","","","","","","","","","","","","","","","","base","refund","","l10n_in.tax_tag_base_igst","","","",""
"","","","","","","","","","","","","","","","","","","tax","refund","p112341","l10n_in.tax_tag_igst","","","",""
"","","","","","","","","","","","","","","","","","-100","tax","refund","p112341","l10n_in.tax_tag_igst","","","",""
"igst_sale_18_rc","18% IGST RC","IGST (RC)","IGST 18%","sale","gst","percent","18.0","","False","igst_group","","","","","","True","","base","invoice","","l10n_in.tax_tag_base_igst","fiscal_position_in_reverse_charge_inter","sgst_sale_18","",""
"","","","","","","","","","","","","","","","","","","tax","invoice","p11237","l10n_in.tax_tag_igst","","","",""
"","","","","","","","","","","","","","","","","","-100","tax","invoice","p11237","","","","",""
"","","","","","","","","","","","","","","","","","","base","refund","","l10n_in.tax_tag_base_igst","","","",""
"","","","","","","","","","","","","","","","","","","tax","refund","p11237","l10n_in.tax_tag_igst","","","",""
"","","","","","","","","","","","","","","","","","-100","tax","refund","p11237","","","","",""
"sgst_sale_9_rc","9% SGST RC","SGST (RC)","SGST 9%","none","gst","percent","9.0","","False","sgst_group","","","","","","True","","base","invoice","","l10n_in.tax_tag_base_sgst","fiscal_position_in_reverse_charge_intra","","",""
"","","","","","","","","","","","","","","","","","","tax","invoice","p11237","l10n_in.tax_tag_sgst","","","",""
"","","","","","","","","","","","","","","","","","-100","tax","invoice","p11237","","","","",""
"","","","","","","","","","","","","","","","","","","base","refund","","l10n_in.tax_tag_base_sgst","","","",""
"","","","","","","","","","","","","","","","","","","tax","refund","p11237","l10n_in.tax_tag_sgst","","","",""
"","","","","","","","","","","","","","","","","","-100","tax","refund","p11237","","","","",""
"cgst_sale_9_rc","9% CGST RC","CGST (RC)","CGST 9%","none","gst","percent","9.0","","False","cgst_group","","","","","","True","","base","invoice","","l10n_in.tax_tag_base_cgst","fiscal_position_in_reverse_charge_intra","","",""
"","","","","","","","","","","","","","","","","","","tax","invoice","p11237","l10n_in.tax_tag_cgst","","","",""
"","","","","","","","","","","","","","","","","","-100","tax","invoice","p11237","","","","",""
"","","","","","","","","","","","","","","","","","","base","refund","","l10n_in.tax_tag_base_cgst","","","",""
"","","","","","","","","","","","","","","","","","","tax","refund","p11237","l10n_in.tax_tag_cgst","","","",""
"","","","","","","","","","","","","","","","","","-100","tax","refund","p11237","","","","",""
"sgst_sale_18_rc","18% GST RC","GST (RC)","GST 18%","sale","","group","18.0","","False","gst_group","","","sgst_sale_9_rc,cgst_sale_9_rc","","","True","","","","","","fiscal_position_in_reverse_charge_intra","sgst_sale_18","",""
"igst_sale_5_rc","5% IGST RC","IGST (RC)","IGST 5%","sale","gst","percent","5.0","","False","igst_group","","","","","","True","","base","invoice","","l10n_in.tax_tag_base_igst","fiscal_position_in_reverse_charge_inter","sgst_sale_5","",""
"","","","","","","","","","","","","","","","","","","tax","invoice","p11237","l10n_in.tax_tag_igst","","","",""
"","","","","","","","","","","","","","","","","","-100","tax","invoice","p11237","","","","",""
"","","","","","","","","","","","","","","","","","","base","refund","","l10n_in.tax_tag_base_igst","","","",""
"","","","","","","","","","","","","","","","","","","tax","refund","p11237","l10n_in.tax_tag_igst","","","",""
"","","","","","","","","","","","","","","","","","-100","tax","refund","p11237","","","","",""
"sgst_sale_2_5_rc","2.5% SGST RC","SGST (RC)","SGST 2.5%","none","gst","percent","2.5","","False","sgst_group","","","","","","True","","base","invoice","","l10n_in.tax_tag_base_sgst","fiscal_position_in_reverse_charge_intra","","",""
"","","","","","","","","","","","","","","","","","","tax","invoice","p11237","l10n_in.tax_tag_sgst","","","",""
"","","","","","","","","","","","","","","","","","-100","tax","invoice","p11237","","","","",""
"","","","","","","","","","","","","","","","","","","base","refund","","l10n_in.tax_tag_base_sgst","","","",""
"","","","","","","","","","","","","","","","","","","tax","refund","p11237","l10n_in.tax_tag_sgst","","","",""
"","","","","","","","","","","","","","","","","","-100","tax","refund","p11237","","","","",""
"cgst_sale_2_5_rc","2.5% CGST RC","CGST (RC)","CGST 2.5%","none","gst","percent","2.5","","False","cgst_group","","","","","","True","","base","invoice","","l10n_in.tax_tag_base_cgst","fiscal_position_in_reverse_charge_intra","","",""
"","","","","","","","","","","","","","","","","","","tax","invoice","p11237","l10n_in.tax_tag_cgst","","","",""
"","","","","","","","","","","","","","","","","","-100","tax","invoice","p11237","","","","",""
"","","","","","","","","","","","","","","","","","","base","refund","","l10n_in.tax_tag_base_cgst","","","",""
"","","","","","","","","","","","","","","","","","","tax","refund","p11237","l10n_in.tax_tag_cgst","","","",""
"","","","","","","","","","","","","","","","","","-100","tax","refund","p11237","","","","",""
"sgst_sale_5_rc","5% GST RC","GST (RC)","GST 5%","sale","","group","5.0","","False","gst_group","","","sgst_sale_2_5_rc,cgst_sale_2_5_rc","","","True","","","","","","fiscal_position_in_reverse_charge_intra","sgst_sale_5","",""
"sgst_purchase_2_5_composition","2.5% SGST P (No ITC)","SGST P","SGST 2.5%","none","gst","percent","2.5","","False","sgst_group","","","","","","False","","base","invoice","","l10n_in.tax_tag_base_sgst","fiscal_position_in_intra_state","","",""
"","","","","","","","","","","","","","","","","","","tax","invoice","","l10n_in.tax_tag_sgst","","","",""
"","","","","","","","","","","","","","","","","","","base","refund","","l10n_in.tax_tag_base_sgst","","","",""
"","","","","","","","","","","","","","","","","","","tax","refund","","l10n_in.tax_tag_sgst","","","",""
"cgst_purchase_2_5_composition","2.5% CGST P (No ITC)","CGST P","CGST 2.5%","none","gst","percent","2.5","","False","cgst_group","","","","","","False","","base","invoice","","l10n_in.tax_tag_base_cgst","fiscal_position_in_intra_state","","",""
"","","","","","","","","","","","","","","","","","","tax","invoice","","l10n_in.tax_tag_cgst","","","",""
"","","","","","","","","","","","","","","","","","","base","refund","","l10n_in.tax_tag_base_cgst","","","",""
"","","","","","","","","","","","","","","","","","","tax","refund","","l10n_in.tax_tag_cgst","","","",""
"sgst_purchase_5_composition","5% GST P (No ITC)","GST P","GST 5%","purchase","","group","5.0","","False","gst_group","","","sgst_purchase_2_5_composition,cgst_purchase_2_5_composition","","","False","","","","","","fiscal_position_in_intra_state","","",""
"sgst_purchase_9_composition","9% SGST P (No ITC)","SGST P","SGST 9%","none","gst","percent","9.0","","False","sgst_group","","","","","","False","","base","invoice","","l10n_in.tax_tag_base_sgst","fiscal_position_in_intra_state","","",""
"","","","","","","","","","","","","","","","","","","tax","invoice","","l10n_in.tax_tag_sgst","","","",""
"","","","","","","","","","","","","","","","","","","base","refund","","l10n_in.tax_tag_base_sgst","","","",""
"","","","","","","","","","","","","","","","","","","tax","refund","","l10n_in.tax_tag_sgst","","","",""
"cgst_purchase_9_composition","9% CGST P (No ITC)","CGST P","CGST 9%","none","gst","percent","9.0","","False","cgst_group","","","","","","False","","base","invoice","","l10n_in.tax_tag_base_cgst","fiscal_position_in_intra_state","","",""
"","","","","","","","","","","","","","","","","","","tax","invoice","","l10n_in.tax_tag_cgst","","","",""
"","","","","","","","","","","","","","","","","","","base","refund","","l10n_in.tax_tag_base_cgst","","","",""
"","","","","","","","","","","","","","","","","","","tax","refund","","l10n_in.tax_tag_cgst","","","",""
"sgst_purchase_18_composition","18% GST P (No ITC)","GST P","GST 18%","purchase","","group","18.0","","False","gst_group","","","sgst_purchase_9_composition,cgst_purchase_9_composition","","","False","","","","","","fiscal_position_in_intra_state","","",""
"sgst_purchase_20_composition","20% SGST P (No ITC)","SGST P","SGST 20%","none","gst","percent","20.0","","False","sgst_group","","","","","","False","","base","invoice","","l10n_in.tax_tag_base_sgst","fiscal_position_in_intra_state","","",""
"","","","","","","","","","","","","","","","","","","tax","invoice","","l10n_in.tax_tag_sgst","","","",""
"","","","","","","","","","","","","","","","","","","base","refund","","l10n_in.tax_tag_base_sgst","","","",""
"","","","","","","","","","","","","","","","","","","tax","refund","","l10n_in.tax_tag_sgst","","","",""
"cgst_purchase_20_composition","20% CGST P (No ITC)","CGST P","CGST 20%","none","gst","percent","20.0","","False","cgst_group","","","","","","False","","base","invoice","","l10n_in.tax_tag_base_cgst","fiscal_position_in_intra_state","","",""
"","","","","","","","","","","","","","","","","","","tax","invoice","","l10n_in.tax_tag_cgst","","","",""
"","","","","","","","","","","","","","","","","","","base","refund","","l10n_in.tax_tag_base_cgst","","","",""
"","","","","","","","","","","","","","","","","","","tax","refund","","l10n_in.tax_tag_cgst","","","",""
"sgst_purchase_40_composition","40% GST P (No ITC)","GST P","GST 40%","purchase","","group","40.0","","False","gst_group","","","sgst_purchase_20_composition,cgst_purchase_20_composition","","","False","","","","","","fiscal_position_in_intra_state","","",""
"igst_purchase_5_composition","5% IGST P (No ITC)","IGST P","IGST 5%","purchase","gst","percent","5.0","","False","igst_group","","","","","","False","","base","invoice","","l10n_in.tax_tag_base_igst","fiscal_position_in_inter_state","sgst_purchase_5_composition","",""
"","","","","","","","","","","","","","","","","","","tax","invoice","","l10n_in.tax_tag_igst","","","",""
"","","","","","","","","","","","","","","","","","","base","refund","","l10n_in.tax_tag_base_igst","","","",""
"","","","","","","","","","","","","","","","","","","tax","refund","","l10n_in.tax_tag_igst","","","",""
"igst_purchase_18_composition","18% IGST P (No ITC)","IGST P","IGST 18%","purchase","gst","percent","18.0","","False","igst_group","","","","","","False","","base","invoice","","l10n_in.tax_tag_base_igst","fiscal_position_in_inter_state","sgst_purchase_18_composition","",""
"","","","","","","","","","","","","","","","","","","tax","invoice","","l10n_in.tax_tag_igst","","","",""
"","","","","","","","","","","","","","","","","","","base","refund","","l10n_in.tax_tag_base_igst","","","",""
"","","","","","","","","","","","","","","","","","","tax","refund","","l10n_in.tax_tag_igst","","","",""
"igst_purchase_40_composition","40% IGST P (No ITC)","IGST P","IGST 40%","purchase","gst","percent","40.0","","False","igst_group","","","","","","False","","base","invoice","","l10n_in.tax_tag_base_igst","fiscal_position_in_inter_state","sgst_purchase_40_composition","",""
"","","","","","","","","","","","","","","","","","","tax","invoice","","l10n_in.tax_tag_igst","","","",""
"","","","","","","","","","","","","","","","","","","base","refund","","l10n_in.tax_tag_base_igst","","","",""
"","","","","","","","","","","","","","","","","","","tax","refund","","l10n_in.tax_tag_igst","","","",""
"tds_sale_5_us_392_1","5% TDS 392(1) SALARY S","TDS @5% on Salary","TDS @5% u/s 392(1)","sale","tds","percent","-5","","False","tds_it_act_25_group","False","","","","","","100","base","invoice","","","","","","True"
"","","","","","","","","","","","","","","","","","100","tax","invoice","p10058","","","","",""
"","","","","","","","","","","","","","","","","","100","base","refund","","","","","",""
"","","","","","","","","","","","","","","","","","100","tax","refund","p10058","","","","",""
"tds_sale_2_us_393_1_1_i","2% TDS 393(1) SI.1(i) INSU COMM S","TDS @2% on Insurance Commission - Person other than Company","TDS @2% u/s 393(1) SI.1(i)","sale","tds","percent","-2","","False","tds_it_act_25_group","False","","","","","","100","base","invoice","","","","","","True"
"","","","","","","","","","","","","","","","","","100","tax","invoice","p10058","","","","",""
"","","","","","","","","","","","","","","","","","100","base","refund","","","","","",""
"","","","","","","","","","","","","","","","","","100","tax","refund","p10058","","","","",""
"tds_sale_10_us_393_1_1_i","10% TDS 393(1) SI.1(i) INSU COMM S","TDS @10% on Insurance Commission - Domestic Company","TDS @10% u/s 393(1) SI.1(i)","sale","tds","percent","-10","","False","tds_it_act_25_group","False","","","","","","100","base","invoice","","","","","","True"
"","","","","","","","","","","","","","","","","","100","tax","invoice","p10058","","","","",""
"","","","","","","","","","","","","","","","","","100","base","refund","","","","","",""
"","","","","","","","","","","","","","","","","","100","tax","refund","p10058","","","","",""
"tds_sale_2_us_393_1_1_ii","2% TDS 393(1) SI.1(ii) COMM/BROK S","TDS @2% on commission/brokerage (other than insurance)","TDS @2% u/s 393(1) SI.1(ii)","sale","tds","percent","-2","","False","tds_it_act_25_group","False","","","","","","100","base","invoice","","","","","","True"
"","","","","","","","","","","","","","","","","","100","tax","invoice","p10058","","","","",""
"","","","","","","","","","","","","","","","","","100","base","refund","","","","","",""
"","","","","","","","","","","","","","","","","","100","tax","refund","p10058","","","","",""
"tds_sale_2_us_393_1_2_i","2% TDS 393(1) SI.2(i) RENT S","TDS @2% on rent paid by non-specified person","TDS @2% u/s 393(1) SI.2(i)","sale","tds","percent","-2","","False","tds_it_act_25_group","False","","","","","","100","base","invoice","","","","","","True"
"","","","","","","","","","","","","","","","","","100","tax","invoice","p10058","","","","",""
"","","","","","","","","","","","","","","","","","100","base","refund","","","","","",""
"","","","","","","","","","","","","","","","","","100","tax","refund","p10058","","","","",""
"tds_sale_2_us_393_1_2_ii_a","2% TDS 393(1) SI.2(ii) D(a) RENT MACH S","TDS @2% on rent of machinery/plant/equipment (specified person)","TDS @2% u/s 393(1) SI.2(ii) D(a)","sale","tds","percent","-2","","False","tds_it_act_25_group","False","","","","","","100","base","invoice","","","","","","True"
"","","","","","","","","","","","","","","","","","100","tax","invoice","p10058","","","","",""
"","","","","","","","","","","","","","","","","","100","base","refund","","","","","",""
"","","","","","","","","","","","","","","","","","100","tax","refund","p10058","","","","",""
"tds_sale_10_us_393_1_2_ii_b","10% TDS 393(1) SI.2(ii) D(b) RENT LAND S","TDS @10% on rent of land/building/furniture/fittings (specified person)","TDS @10% u/s 393(1) SI.2(ii) D(b)","sale","tds","percent","-10","","False","tds_it_act_25_group","False","","","","","","100","base","invoice","","","","","","True"
"","","","","","","","","","","","","","","","","","100","tax","invoice","p10058","","","","",""
"","","","","","","","","","","","","","","","","","100","base","refund","","","","","",""
"","","","","","","","","","","","","","","","","","100","tax","refund","p10058","","","","",""
"tds_sale_1_us_393_1_3_i","1% TDS 393(1) SI.3(i) IMM PROP S","TDS @1% on consideration for immovable property transfer (higher of consideration or stamp duty value)","TDS @1% u/s 393(1) SI.3(i)","sale","tds","percent","-1","","False","tds_it_act_25_group","False","","","","","","100","base","invoice","","","","","","True"
"","","","","","","","","","","","","","","","","","100","tax","invoice","p10058","","","","",""
"","","","","","","","","","","","","","","","","","100","base","refund","","","","","",""
"","","","","","","","","","","","","","","","","","100","tax","refund","p10058","","","","",""
"tds_sale_10_us_393_1_3_ii","10% TDS 393(1) SI.3(ii) PROP 67(14) S","TDS @10% on consideration for property transfer under section 67(14) agreement","TDS @10% u/s 393(1) SI.3(ii)","sale","tds","percent","-10","","False","tds_it_act_25_group","False","","","","","","100","base","invoice","","","","","","True"
"","","","","","","","","","","","","","","","","","100","tax","invoice","p10058","","","","",""
"","","","","","","","","","","","","","","","","","100","base","refund","","","","","",""
"","","","","","","","","","","","","","","","","","100","tax","refund","p10058","","","","",""
"tds_sale_10_us_393_1_3_iii","10% TDS 393(1) SI.3(iii) COMP ACQ S","TDS @10% on compensation/consideration for compulsory acquisition of immovable property","TDS @10% u/s 393(1) SI.3(iii)","sale","tds","percent","-10","","False","tds_it_act_25_group","False","","","","","","100","base","invoice","","","","","","True"
"","","","","","","","","","","","","","","","","","100","tax","invoice","p10058","","","","",""
"","","","","","","","","","","","","","","","","","100","base","refund","","","","","",""
"","","","","","","","","","","","","","","","","","100","tax","refund","p10058","","","","",""
"tds_sale_10_us_393_1_4_i","10% TDS 393(1) SI.4(i) MF UNITS S","TDS @10% on income from Mutual Fund units / specified undertaking / specified company","TDS @10% u/s 393(1) SI.4(i)","sale","tds","percent","-10","","False","tds_it_act_25_group","False","","","","","","100","base","invoice","","","","","","True"
"","","","","","","","","","","","","","","","","","100","tax","invoice","p10058","","","","",""
"","","","","","","","","","","","","","","","","","100","base","refund","","","","","",""
"","","","","","","","","","","","","","","","","","100","tax","refund","p10058","","","","",""
"tds_sale_10_us_393_1_4_ii","10% TDS 393(1) SI.4(ii) BT DIST S","TDS @10% on distributed income payable by Business Trust to unitholders (Sch V SI. 3 & 4)","TDS @10% u/s 393(1) SI.4(ii)","sale","tds","percent","-10","","False","tds_it_act_25_group","False","","","","","","100","base","invoice","","","","","","True"
"","","","","","","","","","","","","","","","","","100","tax","invoice","p10058","","","","",""
"","","","","","","","","","","","","","","","","","100","base","refund","","","","","",""
"","","","","","","","","","","","","","","","","","100","tax","refund","p10058","","","","",""
"tds_sale_10_us_393_1_4_iii","10% TDS 393(1) SI.4(iii) INV FUND S","TDS @10% on income from Investment Fund units (other than exempt portion)","TDS @10% u/s 393(1) SI.4(iii)","sale","tds","percent","-10","","False","tds_it_act_25_group","False","","","","","","100","base","invoice","","","","","","True"
"","","","","","","","","","","","","","","","","","100","tax","invoice","p10058","","","","",""
"","","","","","","","","","","","","","","","","","100","base","refund","","","","","",""
"","","","","","","","","","","","","","","","","","100","tax","refund","p10058","","","","",""
"tds_sale_10_us_393_1_4_iv","10% TDS 393(1) SI.4(iv) SEC TRUST S","TDS @10% on income from investment in Securitisation Trust","TDS @10% u/s 393(1) SI.4(iv)","sale","tds","percent","-10","","False","tds_it_act_25_group","False","","","","","","100","base","invoice","","","","","","True"
"","","","","","","","","","","","","","","","","","100","tax","invoice","p10058","","","","",""
"","","","","","","","","","","","","","","","","","100","base","refund","","","","","",""
"","","","","","","","","","","","","","","","","","100","tax","refund","p10058","","","","",""
"tds_sale_10_us_393_1_5_i","10% TDS 393(1) SI.5(i) INT SEC S","TDS @10% on income by way of interest on securities","TDS @10% u/s 393(1) SI.5(i)","sale","tds","percent","-10","","False","tds_it_act_25_group","False","","","","","","100","base","invoice","","","","","","True"
"","","","","","","","","","","","","","","","","","100","tax","invoice","p10058","","","","",""
"","","","","","","","","","","","","","","","","","100","base","refund","","","","","",""
"","","","","","","","","","","","","","","","","","100","tax","refund","p10058","","","","",""
"tds_sale_10_us_393_1_5_ii_a","10% TDS 393(1) SI.5(ii) D(a) INT BANK SR CI S","TDS @10% on interest other than securities paid by banking company/co-operative society/post office to a senior citizen","TDS @10% u/s 393(1) SI.5(ii) D(a)","sale","tds","percent","-10","","False","tds_it_act_25_group","False","","","","","","100","base","invoice","","","","","","True"
"","","","","","","","","","","","","","","","","","100","tax","invoice","p10058","","","","",""
"","","","","","","","","","","","","","","","","","100","base","refund","","","","","",""
"","","","","","","","","","","","","","","","","","100","tax","refund","p10058","","","","",""
"tds_sale_10_us_393_1_5_ii_b","10% TDS 393(1) SI.5(ii) D(b) INT BANK OTH S","TDS @10% on interest other than securities paid by banking company/co-operative society/post office to a person other than senior citizen","TDS @10% u/s 393(1) SI.5(ii) D(b)","sale","tds","percent","-10","","False","tds_it_act_25_group","False","","","","","","100","base","invoice","","","","","","True"
"","","","","","","","","","","","","","","","","","100","tax","invoice","p10058","","","","",""
"","","","","","","","","","","","","","","","","","100","base","refund","","","","","",""
"","","","","","","","","","","","","","","","","","100","tax","refund","p10058","","","","",""
"tds_sale_10_us_393_1_5_iii","10% TDS 393(1) SI.5(iii) INT SPEC S","TDS @10% on interest other securities by specified person [other than banking company/co-operative society/post office]","TDS @10% u/s 393(1) SI.5(iii)","sale","tds","percent","-10","","False","tds_it_act_25_group","False","","","","","","100","base","invoice","","","","","","True"
"","","","","","","","","","","","","","","","","","100","tax","invoice","p10058","","","","",""
"","","","","","","","","","","","","","","","","","100","base","refund","","","","","",""
"","","","","","","","","","","","","","","","","","100","tax","refund","p10058","","","","",""
"tds_sale_1_us_393_1_6_i_a","1% TDS 393(1) SI.6(i) D(a) CONT IND S","TDS @1% on contract payments to Individual/HUF contractor (designated person)","TDS @1% u/s 393(1) SI.6(i) D(a)","sale","tds","percent","-1","","False","tds_it_act_25_group","False","","","","","","100","base","invoice","","","","","","True"
"","","","","","","","","","","","","","","","","","100","tax","invoice","p10058","","","","",""
"","","","","","","","","","","","","","","","","","100","base","refund","","","","","",""
"","","","","","","","","","","","","","","","","","100","tax","refund","p10058","","","","",""
"tds_sale_2_us_393_1_6_i_b","2% TDS 393(1) SI.6(i) D(b) CONT OTH S","TDS @2% on contract payments to non-individual/HUF contractor (designated person)","TDS @2% u/s 393(1) SI.6(i) D(b)","sale","tds","percent","-2","","False","tds_it_act_25_group","False","","","","","","100","base","invoice","","","","","","True"
"","","","","","","","","","","","","","","","","","100","tax","invoice","p10058","","","","",""
"","","","","","","","","","","","","","","","","","100","base","refund","","","","","",""
"","","","","","","","","","","","","","","","","","100","tax","refund","p10058","","","","",""
"tds_sale_2_us_393_1_6_ii","2% TDS 393(1) SI.6(ii) CONT IND S","TDS @2% on contract/professional services/commission by Individual/HUF (non-designated)","TDS @2% u/s 393(1) SI.6(ii)","sale","tds","percent","-2","","False","tds_it_act_25_group","False","","","","","","100","base","invoice","","","","","","True"
"","","","","","","","","","","","","","","","","","100","tax","invoice","p10058","","","","",""
"","","","","","","","","","","","","","","","","","100","base","refund","","","","","",""
"","","","","","","","","","","","","","","","","","100","tax","refund","p10058","","","","",""
"tds_sale_2_us_393_1_6_iii_a","2% TDS 393(1) SI.6(iii) D(a) TECH S","TDS @2% on technical services (non-professional) / royalty for films / call centre operation","TDS @2% u/s 393(1) SI.6(iii) D(a)","sale","tds","percent","-2","","False","tds_it_act_25_group","False","","","","","","100","base","invoice","","","","","","True"
"","","","","","","","","","","","","","","","","","100","tax","invoice","p10058","","","","",""
"","","","","","","","","","","","","","","","","","100","base","refund","","","","","",""
"","","","","","","","","","","","","","","","","","100","tax","refund","p10058","","","","",""
"tds_sale_10_us_393_1_6_iii_b","10% TDS 393(1) SI.6(iii) D(b) PROF S","TDS @10% on professional services / royalty / Sec 26(2)(h) sum","TDS @10% u/s 393(1) SI.6(iii) D(b)","sale","tds","percent","-10","","False","tds_it_act_25_group","False","","","","","","100","base","invoice","","","","","","True"
"","","","","","","","","","","","","","","","","","100","tax","invoice","p10058","","","","",""
"","","","","","","","","","","","","","","","","","100","base","refund","","","","","",""
"","","","","","","","","","","","","","","","","","100","tax","refund","p10058","","","","",""
"tds_sale_10_us_393_1_7","10% TDS 393(1) SI.7 DIV S","TDS @10% on dividend (including preference shares) declared by domestic company","TDS @10% u/s 393(1) SI.7","sale","tds","percent","-10","","False","tds_it_act_25_group","False","","","","","","100","base","invoice","","","","","","True"
"","","","","","","","","","","","","","","","","","100","tax","invoice","p10058","","","","",""
"","","","","","","","","","","","","","","","","","100","base","refund","","","","","",""
"","","","","","","","","","","","","","","","","","100","tax","refund","p10058","","","","",""
"tds_sale_2_us_393_1_8_i","2% TDS 393(1) SI.8(i) LIC S","TDS @2% on income component of life insurance policy sum (including bonus)","TDS @2% u/s 393(1) SI.8(i)","sale","tds","percent","-2","","False","tds_it_act_25_group","False","","","","","","100","base","invoice","","","","","","True"
"","","","","","","","","","","","","","","","","","100","tax","invoice","p10058","","","","",""
"","","","","","","","","","","","","","","","","","100","base","refund","","","","","",""
"","","","","","","","","","","","","","","","","","100","tax","refund","p10058","","","","",""
"tds_sale_0_1_us_393_1_8_ii","0.1% TDS 393(1) SI.8(ii) GOODS S","TDS @0.1% on purchase of goods exceeding ₹50 lakh (on amount above ₹50L)","TDS @0.1% u/s 393(1) SI.8(ii)","sale","tds","percent","-0.1","","False","tds_it_act_25_group","False","","","","","","100","base","invoice","","","","","","True"
"","","","","","","","","","","","","","","","","","100","tax","invoice","p10058","","","","",""
"","","","","","","","","","","","","","","","","","100","base","refund","","","","","",""
"","","","","","","","","","","","","","","","","","100","tax","refund","p10058","","","","",""
"tds_sale_10_us_393_1_8_iii","10% TDS 393(1) SI.8(iii) SR CITIZEN S","TDS @10% on Total Income of a Specified Senior Citizen","TDS @10% u/s 393(1) SI.8(iii)","sale","tds","percent","-10","","False","tds_it_act_25_group","False","","","","","","100","base","invoice","","","","","","True"
"","","","","","","","","","","","","","","","","","100","tax","invoice","p10058","","","","",""
"","","","","","","","","","","","","","","","","","100","base","refund","","","","","",""
"","","","","","","","","","","","","","","","","","100","tax","refund","p10058","","","","",""
"tds_sale_10_us_393_1_8_iv","10% TDS 393(1) SI.8(iv) PERQ S","TDS @10% on benefit or perquisite (cash/kind) arising from business/profession to resident","TDS @10% u/s 393(1) SI.8(iv)","sale","tds","percent","-10","","False","tds_it_act_25_group","False","","","","","","100","base","invoice","","","","","","True"
"","","","","","","","","","","","","","","","","","100","tax","invoice","p10058","","","","",""
"","","","","","","","","","","","","","","","","","100","base","refund","","","","","",""
"","","","","","","","","","","","","","","","","","100","tax","refund","p10058","","","","",""
"tds_sale_0_1_us_393_1_8_v","0.1% TDS 393(1) SI.8(v) ECOMM S","TDS @0.1% on gross sale/services amount by e-commerce operator to e-commerce participant","TDS @0.1% u/s 393(1) SI.8(v)","sale","tds","percent","-0.1","","False","tds_it_act_25_group","False","","","","","","100","base","invoice","","","","","","True"
"","","","","","","","","","","","","","","","","","100","tax","invoice","p10058","","","","",""
"","","","","","","","","","","","","","","","","","100","base","refund","","","","","",""
"","","","","","","","","","","","","","","","","","100","tax","refund","p10058","","","","",""
"tds_sale_1_us_393_1_8_vi","1% TDS 393(1) SI.8(vi) VDA S","TDS @1% on consideration for transfer of Virtual Digital Asset","TDS @1% u/s 393(1) SI.8(vi)","sale","tds","percent","-1","","False","tds_it_act_25_group","False","","","","","","100","base","invoice","","","","","","True"
"","","","","","","","","","","","","","","","","","100","tax","invoice","p10058","","","","",""
"","","","","","","","","","","","","","","","","","100","base","refund","","","","","",""
"","","","","","","","","","","","","","","","","","100","tax","refund","p10058","","","","",""
"tds_sale_20_us_393_2_1","20% TDS 393(2) SI.1 SPORT NR S","TDS @20% on Non-Resident Sportsman / Entertainer","TDS @20% u/s 393(2) SI.1","sale","tds","percent","-20","","False","tds_it_act_25_group","False","","","","","","100","base","invoice","","","","","","True"
"","","","","","","","","","","","","","","","","","100","tax","invoice","p10058","","","","",""
"","","","","","","","","","","","","","","","","","100","base","refund","","","","","",""
"","","","","","","","","","","","","","","","","","100","tax","refund","p10058","","","","",""
"tds_sale_5_us_393_2_2","5% TDS 393(2) SI.2 FOREX LOAN S","TDS @5% on Interest – Foreign Currency Loan / LT Infra Bond","TDS @5% u/s 393(2) SI.2","sale","tds","percent","-5","","False","tds_it_act_25_group","False","","","","","","100","base","invoice","","","","","","True"
"","","","","","","","","","","","","","","","","","100","tax","invoice","p10058","","","","",""
"","","","","","","","","","","","","","","","","","100","base","refund","","","","","",""
"","","","","","","","","","","","","","","","","","100","tax","refund","p10058","","","","",""
"tds_sale_5_us_393_2_3","5% TDS 393(2) SI.3 INT RUPEE BOND S","TDS @5% on Interest – Rupee Denominated Bond","TDS @5% u/s 393(2) SI.3","sale","tds","percent","-5","","False","tds_it_act_25_group","False","","","","","","100","base","invoice","","","","","","True"
"","","","","","","","","","","","","","","","","","100","tax","invoice","p10058","","","","",""
"","","","","","","","","","","","","","","","","","100","base","refund","","","","","",""
"","","","","","","","","","","","","","","","","","100","tax","refund","p10058","","","","",""
"tds_sale_4_us_393_2_4_a","4% TDS 393(2) SI.4 E(a) INT IFSC BOND S","TDS @4% on Interest – IFSC Listed LT Bond (Pre 1 Jul 2023)","TDS @4% u/s 393(2) SI.4","sale","tds","percent","-4","","False","tds_it_act_25_group","False","","","","","","100","base","invoice","","","","","","True"
"","","","","","","","","","","","","","","","","","100","tax","invoice","p10058","","","","",""
"","","","","","","","","","","","","","","","","","100","base","refund","","","","","",""
"","","","","","","","","","","","","","","","","","100","tax","refund","p10058","","","","",""
"tds_sale_9_us_393_2_4_b","9% TDS 393(2) SI.4 E(b) INT IFSC BOND S","TDS @9% on Interest – IFSC Listed LT Bond (Pre 1 Jul 2023)","TDS @9% u/s 393(2) SI.4","sale","tds","percent","-9","","False","tds_it_act_25_group","False","","","","","","100","base","invoice","","","","","","True"
"","","","","","","","","","","","","","","","","","100","tax","invoice","p10058","","","","",""
"","","","","","","","","","","","","","","","","","100","base","refund","","","","","",""
"","","","","","","","","","","","","","","","","","100","tax","refund","p10058","","","","",""
"tds_sale_5_us_393_2_5","5% TDS 393(2) SI.5 INT INFRA DEBT S","TDS @5% on Interest from Infrastructure Debt Fund","TDS @5% u/s 393(2) SI.5","sale","tds","percent","-5","","False","tds_it_act_25_group","False","","","","","","100","base","invoice","","","","","","True"
"","","","","","","","","","","","","","","","","","100","tax","invoice","p10058","","","","",""
"","","","","","","","","","","","","","","","","","100","base","refund","","","","","",""
"","","","","","","","","","","","","","","","","","100","tax","refund","p10058","","","","",""
"tds_sale_5_us_393_2_6_a","5% TDS 393(2) SI.6 E(a) DIST INCOME 223 S","TDS @5% on Distributed Income – Business Trust [Sch V SI.3.B(a)]","TDS @5% u/s 393(2) SI.6","sale","tds","percent","-5","","False","tds_it_act_25_group","False","","","","","","100","base","invoice","","","","","","True"
"","","","","","","","","","","","","","","","","","100","tax","invoice","p10058","","","","",""
"","","","","","","","","","","","","","","","","","100","base","refund","","","","","",""
"","","","","","","","","","","","","","","","","","100","tax","refund","p10058","","","","",""
"tds_sale_10_us_393_2_6_b","10% TDS 393(2) SI.6 E(b) DIST INCOME 223 S","TDS @10% on Distributed Income – Business Trust [Sch V SI.3.B(b)]","TDS @10% u/s 393(2) SI.6","sale","tds","percent","-10","","False","tds_it_act_25_group","False","","","","","","100","base","invoice","","","","","","True"
"","","","","","","","","","","","","","","","","","100","tax","invoice","p10058","","","","",""
"","","","","","","","","","","","","","","","","","100","base","refund","","","","","",""
"","","","","","","","","","","","","","","","","","100","tax","refund","p10058","","","","",""
"tds_sale_10_us_393_2_7","10% TDS 393(2) SI.7 DIST INCOME S","TDS @10% – Distributed Income Business Trust [Sch V SI.4]","TDS @10% u/s 393(2) SI.7","sale","tds","percent","-10","","False","tds_it_act_25_group","False","","","","","","100","base","invoice","","","","","","True"
"","","","","","","","","","","","","","","","","","100","tax","invoice","p10058","","","","",""
"","","","","","","","","","","","","","","","","","100","base","refund","","","","","",""
"","","","","","","","","","","","","","","","","","100","tax","refund","p10058","","","","",""
"tds_sale_10_us_393_2_8","10% TDS 393(2) SI.8 INVE FUND S","TDS @10% – Investment Fund Income","TDS @10% u/s 393(2) SI.8","sale","tds","percent","-10","","False","tds_it_act_25_group","False","","","","","","100","base","invoice","","","","","","True"
"","","","","","","","","","","","","","","","","","100","tax","invoice","p10058","","","","",""
"","","","","","","","","","","","","","","","","","100","base","refund","","","","","",""
"","","","","","","","","","","","","","","","","","100","tax","refund","p10058","","","","",""
"tds_sale_10_us_393_2_9","10% TDS 393(2) SI.9 SEC TRUST S","TDS @10% – Securitisation Trust Income","TDS @10% u/s 393(2) SI.9","sale","tds","percent","-10","","False","tds_it_act_25_group","False","","","","","","100","base","invoice","","","","","","True"
"","","","","","","","","","","","","","","","","","100","tax","invoice","p10058","","","","",""
"","","","","","","","","","","","","","","","","","100","base","refund","","","","","",""
"","","","","","","","","","","","","","","","","","100","tax","refund","p10058","","","","",""
"tds_sale_20_us_393_2_10","20% TDS 393(2) SI.10 MF UNITS NR S","TDS @20% on Mutual Fund Income","TDS @20% u/s 393(2) SI.10","sale","tds","percent","-20","","False","tds_it_act_25_group","False","","","","","","100","base","invoice","","","","","","True"
"","","","","","","","","","","","","","","","","","100","tax","invoice","p10058","","","","",""
"","","","","","","","","","","","","","","","","","100","base","refund","","","","","",""
"","","","","","","","","","","","","","","","","","100","tax","refund","p10058","","","","",""
"tds_sale_10_us_393_2_11","10% TDS 393(2) SI.11 OFFSHORE UNITS S","TDS @10% on Income – Offshore Fund Units (Section 208)","TDS @10% u/s 393(2) SI.11","sale","tds","percent","-10","","False","tds_it_act_25_group","False","","","","","","100","base","invoice","","","","","","True"
"","","","","","","","","","","","","","","","","","100","tax","invoice","p10058","","","","",""
"","","","","","","","","","","","","","","","","","100","base","refund","","","","","",""
"","","","","","","","","","","","","","","","","","100","tax","refund","p10058","","","","",""
"tds_sale_12_5_us_393_2_12","12.5% TDS 393(2) SI.12 OFFSHORE LTCG S","TDS @12.5% on LTCG – Offshore Fund Units (Section 208)","TDS @12.5% u/s 393(2) SI.12","sale","tds","percent","-12.5","","False","tds_it_act_25_group","False","","","","","","100","base","invoice","","","","","","True"
"","","","","","","","","","","","","","","","","","100","tax","invoice","p10058","","","","",""
"","","","","","","","","","","","","","","","","","100","base","refund","","","","","",""
"","","","","","","","","","","","","","","","","","100","tax","refund","p10058","","","","",""
"tds_sale_10_us_393_2_13","10% TDS 393(2) SI.13 GDR INT DIV S","TDS @10% on Interest / Dividend – GDR / Bonds (Section 209)","TDS @10% u/s 393(2) SI.13","sale","tds","percent","-10","","False","tds_it_act_25_group","False","","","","","","100","base","invoice","","","","","","True"
"","","","","","","","","","","","","","","","","","100","tax","invoice","p10058","","","","",""
"","","","","","","","","","","","","","","","","","100","base","refund","","","","","",""
"","","","","","","","","","","","","","","","","","100","tax","refund","p10058","","","","",""
"tds_sale_12_5_us_393_2_14","12.5% TDS 393(2) SI.14 GDR LTCG S","TDS @12.5% on LTCG – GDR / Bonds (Section 209)","TDS @12.5% u/s 393(2) SI.14","sale","tds","percent","-12.5","","False","tds_it_act_25_group","False","","","","","","100","base","invoice","","","","","","True"
"","","","","","","","","","","","","","","","","","100","tax","invoice","p10058","","","","",""
"","","","","","","","","","","","","","","","","","100","base","refund","","","","","",""
"","","","","","","","","","","","","","","","","","100","tax","refund","p10058","","","","",""
"tds_sale_20_us_393_2_15","20% TDS 393(2) SI.15 FII SEC S","TDS @20% on Securities Income – Foreign Institutional Investor","TDS @20% u/s 393(2) SI.15","sale","tds","percent","-20","","False","tds_it_act_25_group","False","","","","","","100","base","invoice","","","","","","True"
"","","","","","","","","","","","","","","","","","100","tax","invoice","p10058","","","","",""
"","","","","","","","","","","","","","","","","","100","base","refund","","","","","",""
"","","","","","","","","","","","","","","","","","100","tax","refund","p10058","","","","",""
"tds_sale_10_us_393_2_16","10% TDS 393(2) SI.16 SPEC FUND SEC S","TDS @10% on Securities Income – Specified Fund","TDS @10% u/s 393(2) SI.16","sale","tds","percent","-10","","False","tds_it_act_25_group","False","","","","","","100","base","invoice","","","","","","True"
"","","","","","","","","","","","","","","","","","100","tax","invoice","p10058","","","","",""
"","","","","","","","","","","","","","","","","","100","base","refund","","","","","",""
"","","","","","","","","","","","","","","","","","100","tax","refund","p10058","","","","",""
"tds_sale_10_us_393_2_17","10% TDS 393(2) SI.17 NR INT OTH S","TDS @10% – Other Interest / Sum","TDS @10% u/s 393(2) SI.17","sale","tds","percent","-10","","False","tds_it_act_25_group","False","","","","","","100","base","invoice","","","","","","True"
"","","","","","","","","","","","","","","","","","100","tax","invoice","p10058","","","","",""
"","","","","","","","","","","","","","","","","","100","base","refund","","","","","",""
"","","","","","","","","","","","","","","","","","100","tax","refund","p10058","","","","",""
"tds_sale_10_us_393_3_1_a","10% TDS 393(3) SI.1 (a) LOTTERY S","TDS @10% on Lottery","TDS @10% u/s 393(3) SI.1","sale","tds","percent","-10","","False","tds_it_act_25_group","False","","","","","","100","base","invoice","","","","","","True"
"","","","","","","","","","","","","","","","","","100","tax","invoice","p10058","","","","",""
"","","","","","","","","","","","","","","","","","100","base","refund","","","","","",""
"","","","","","","","","","","","","","","","","","100","tax","refund","p10058","","","","",""
"tds_sale_10_us_393_3_1_b","10% TDS 393(3) SI.1 (b) CROSS PUZZLE S","TDS @10% on Crossword Puzzle","TDS @10% u/s 393(3) SI.1","sale","tds","percent","-10","","False","tds_it_act_25_group","False","","","","","","100","base","invoice","","","","","","True"
"","","","","","","","","","","","","","","","","","100","tax","invoice","p10058","","","","",""
"","","","","","","","","","","","","","","","","","100","base","refund","","","","","",""
"","","","","","","","","","","","","","","","","","100","tax","refund","p10058","","","","",""
"tds_sale_10_us_393_3_1_c","10% TDS 393(3) SI.1 (c) CARD GAME S","TDS @10% on Card Game","TDS @10% u/s 393(3) SI.1","sale","tds","percent","-10","","False","tds_it_act_25_group","False","","","","","","100","base","invoice","","","","","","True"
"","","","","","","","","","","","","","","","","","100","tax","invoice","p10058","","","","",""
"","","","","","","","","","","","","","","","","","100","base","refund","","","","","",""
"","","","","","","","","","","","","","","","","","100","tax","refund","p10058","","","","",""
"tds_sale_10_us_393_3_1_d","10% TDS 393(3) SI.1 (d) GAMBLING S","TDS @10% on Gambling","TDS @10% u/s 393(3) SI.1","sale","tds","percent","-10","","False","tds_it_act_25_group","False","","","","","","100","base","invoice","","","","","","True"
"","","","","","","","","","","","","","","","","","100","tax","invoice","p10058","","","","",""
"","","","","","","","","","","","","","","","","","100","base","refund","","","","","",""
"","","","","","","","","","","","","","","","","","100","tax","refund","p10058","","","","",""
"tds_sale_10_us_393_3_2","10% TDS 393(3) SI.2 ONLINE GAME S","TDS @10% on Online Game","TDS @10% u/s 393(3) SI.2","sale","tds","percent","-10","","False","tds_it_act_25_group","False","","","","","","100","base","invoice","","","","","","True"
"","","","","","","","","","","","","","","","","","100","tax","invoice","p10058","","","","",""
"","","","","","","","","","","","","","","","","","100","base","refund","","","","","",""
"","","","","","","","","","","","","","","","","","100","tax","refund","p10058","","","","",""
"tds_sale_10_us_393_3_3","10% TDS 393(3) SI.3 HORSE RACE S","TDS @10% on Horse Race","TDS @10% u/s 393(3) SI.3","sale","tds","percent","-10","","False","tds_it_act_25_group","False","","","","","","100","base","invoice","","","","","","True"
"","","","","","","","","","","","","","","","","","100","tax","invoice","p10058","","","","",""
"","","","","","","","","","","","","","","","","","100","base","refund","","","","","",""
"","","","","","","","","","","","","","","","","","100","tax","refund","p10058","","","","",""
"tds_sale_2_us_393_3_4","2% TDS 393(3) SI.4 LOTTERY COMM S","TDS @2% on Lottery Commission","TDS @2% u/s 393(3) SI.4","sale","tds","percent","-2","","False","tds_it_act_25_group","False","","","","","","100","base","invoice","","","","","","True"
"","","","","","","","","","","","","","","","","","100","tax","invoice","p10058","","","","",""
"","","","","","","","","","","","","","","","","","100","base","refund","","","","","",""
"","","","","","","","","","","","","","","","","","100","tax","refund","p10058","","","","",""
"tds_sale_2_us_393_3_5_a","2% TDS 393(3) SI.5 D(a) CASH COOP S","TDS @2% on Cash Withdrawal - Co-operative Society","TDS @2% u/s 393(3) SI.5","sale","tds","percent","-2","","False","tds_it_act_25_group","False","","","","","","100","base","invoice","","","","","","True"
"","","","","","","","","","","","","","","","","","100","tax","invoice","p10058","","","","",""
"","","","","","","","","","","","","","","","","","100","base","refund","","","","","",""
"","","","","","","","","","","","","","","","","","100","tax","refund","p10058","","","","",""
"tds_sale_2_us_393_3_5_b","2% TDS 393(3) SI.5 D(b) CASH OTH S","TDS @2% on Cash Withdrawal - Others","TDS @2% u/s 393(3) SI.5","sale","tds","percent","-2","","False","tds_it_act_25_group","False","","","","","","100","base","invoice","","","","","","True"
"","","","","","","","","","","","","","","","","","100","tax","invoice","p10058","","","","",""
"","","","","","","","","","","","","","","","","","100","base","refund","","","","","",""
"","","","","","","","","","","","","","","","","","100","tax","refund","p10058","","","","",""
"tds_sale_10_us_393_3_6","10% TDS 393(3) SI.6 NSS DEP S","TDS @10% on NSS Deposit","TDS @10% u/s 393(3) SI.6","sale","tds","percent","-10","","False","tds_it_act_25_group","False","","","","","","100","base","invoice","","","","","","True"
"","","","","","","","","","","","","","","","","","100","tax","invoice","p10058","","","","",""
"","","","","","","","","","","","","","","","","","100","base","refund","","","","","",""
"","","","","","","","","","","","","","","","","","100","tax","refund","p10058","","","","",""
"tds_sale_10_us_393_3_7","10% TDS 393(3) SI.7 PARTNER S","TDS @10% on Partner","TDS @10% u/s 393(3) SI.7","sale","tds","percent","-10","","False","tds_it_act_25_group","False","","","","","","100","base","invoice","","","","","","True"
"","","","","","","","","","","","","","","","","","100","tax","invoice","p10058","","","","",""
"","","","","","","","","","","","","","","","","","100","base","refund","","","","","",""
"","","","","","","","","","","","","","","","","","100","tax","refund","p10058","","","","",""
"tds_5_us_392_1","5% TDS 392(1) SALARY P","TDS @5% on Salary","TDS @5% u/s 392(1)","purchase","tds","percent","-5","","False","tds_it_act_25_group","False","","","","","","100","base","invoice","","","","","","True"
"","","","","","","","","","","","","","","","","","100","tax","invoice","p11244","392(1)","","","",""
"","","","","","","","","","","","","","","","","","100","base","refund","","","","","",""
"","","","","","","","","","","","","","","","","","100","tax","refund","p11244","392(1)","","","",""
"tds_2_us_393_1_1_i","2% TDS 393(1) SI.1(i) INSU COMM P","TDS @2% on Insurance Commission - Person other than Company","TDS @2% u/s 393(1) SI.1(i)","purchase","tds","percent","-2","","False","tds_it_act_25_group","False","","","","","","100","base","invoice","","","","","","True"
"","","","","","","","","","","","","","","","","","100","tax","invoice","p11244","393(1) SI.1(i)","","","",""
"","","","","","","","","","","","","","","","","","100","base","refund","","","","","",""
"","","","","","","","","","","","","","","","","","100","tax","refund","p11244","393(1) SI.1(i)","","","",""
"tds_10_us_393_1_1_i","10% TDS 393(1) SI.1(i) INSU COMM P","TDS @10% on Insurance Commission - Domestic Company","TDS @10% u/s 393(1) SI.1(i)","purchase","tds","percent","-10","","False","tds_it_act_25_group","False","","","","","","100","base","invoice","","","","","","True"
"","","","","","","","","","","","","","","","","","100","tax","invoice","p11244","393(1) SI.1(i)","","","",""
"","","","","","","","","","","","","","","","","","100","base","refund","","","","","",""
"","","","","","","","","","","","","","","","","","100","tax","refund","p11244","393(1) SI.1(i)","","","",""
"tds_2_us_393_1_1_ii","2% TDS 393(1) SI.1(ii) COMM/BROK P","TDS @2% on commission/brokerage (other than insurance)","TDS @2% u/s 393(1) SI.1(ii)","purchase","tds","percent","-2","","False","tds_it_act_25_group","False","","","","","","100","base","invoice","","","","","","True"
"","","","","","","","","","","","","","","","","","100","tax","invoice","p11244","393(1) SI.1(ii)","","","",""
"","","","","","","","","","","","","","","","","","100","base","refund","","","","","",""
"","","","","","","","","","","","","","","","","","100","tax","refund","p11244","393(1) SI.1(ii)","","","",""
"tds_2_us_393_1_2_i","2% TDS 393(1) SI.2(i) RENT P","TDS @2% on rent paid by non-specified person","TDS @2% u/s 393(1) SI.2(i)","purchase","tds","percent","-2","","False","tds_it_act_25_group","False","","","","","","100","base","invoice","","","","","","True"
"","","","","","","","","","","","","","","","","","100","tax","invoice","p11244","393(1) SI.2(i)","","","",""
"","","","","","","","","","","","","","","","","","100","base","refund","","","","","",""
"","","","","","","","","","","","","","","","","","100","tax","refund","p11244","393(1) SI.2(i)","","","",""
"tds_2_us_393_1_2_ii_a","2% TDS SI.2(ii) D(a) RENT MACH P","TDS @2% on rent of machinery/plant/equipment (specified person)","TDS @2% u/s SI.2(ii) D(a)","purchase","tds","percent","-2","","False","tds_it_act_25_group","False","","","","","","100","base","invoice","","","","","","True"
"","","","","","","","","","","","","","","","","","100","tax","invoice","p11244","393(1) SI.2(ii) D(a)","","","",""
"","","","","","","","","","","","","","","","","","100","base","refund","","","","","",""
"","","","","","","","","","","","","","","","","","100","tax","refund","p11244","393(1) SI.2(ii) D(a)","","","",""
"tds_10_us_393_1_2_ii_b","10% TDS SI.2(ii) D(b) RENT LAND P","TDS @10% on rent of land/building/furniture/fittings (specified person)","TDS @10% u/s SI.2(ii) D(b)","purchase","tds","percent","-10","","False","tds_it_act_25_group","False","","","","","","100","base","invoice","","","","","","True"
"","","","","","","","","","","","","","","","","","100","tax","invoice","p11244","393(1) SI.2(ii) D(b)","","","",""
"","","","","","","","","","","","","","","","","","100","base","refund","","","","","",""
"","","","","","","","","","","","","","","","","","100","tax","refund","p11244","393(1) SI.2(ii) D(b)","","","",""
"tds_1_us_393_1_3_i","1% TDS 393(1) SI.3(i) IMM PROP P","TDS @1% on consideration for immovable property transfer (higher of consideration or stamp duty value)","TDS @1% u/s 393(1) SI.3(i)","purchase","tds","percent","-1","","False","tds_it_act_25_group","False","","","","","","100","base","invoice","","","","","","True"
"","","","","","","","","","","","","","","","","","100","tax","invoice","p11244","393(1) SI.3(i)","","","",""
"","","","","","","","","","","","","","","","","","100","base","refund","","","","","",""
"","","","","","","","","","","","","","","","","","100","tax","refund","p11244","393(1) SI.3(i)","","","",""
"tds_10_us_393_1_3_ii","10% TDS 393(1) SI.3(ii) PROP 67(14) P","TDS @10% on consideration for property transfer under section 67(14) agreement","TDS @10% u/s 393(1) SI.3(ii)","purchase","tds","percent","-10","","False","tds_it_act_25_group","False","","","","","","100","base","invoice","","","","","","True"
"","","","","","","","","","","","","","","","","","100","tax","invoice","p11244","393(1) SI.3(ii)","","","",""
"","","","","","","","","","","","","","","","","","100","base","refund","","","","","",""
"","","","","","","","","","","","","","","","","","100","tax","refund","p11244","393(1) SI.3(ii)","","","",""
"tds_10_us_393_1_3_iii","10% TDS 393(1) SI.3(iii) COMP ACQ P","TDS @10% on compensation/consideration for compulsory acquisition of immovable property","TDS @10% u/s 393(1) SI.3(iii)","purchase","tds","percent","-10","","False","tds_it_act_25_group","False","","","","","","100","base","invoice","","","","","","True"
"","","","","","","","","","","","","","","","","","100","tax","invoice","p11244","393(1) SI.3(iii)","","","",""
"","","","","","","","","","","","","","","","","","100","base","refund","","","","","",""
"","","","","","","","","","","","","","","","","","100","tax","refund","p11244","393(1) SI.3(iii)","","","",""
"tds_10_us_393_1_4_i","10% TDS 393(1) SI.4(i) MF UNITS P","TDS @10% on income from Mutual Fund units / specified undertaking / specified company","TDS @10% u/s 393(1) SI.4(i)","purchase","tds","percent","-10","","False","tds_it_act_25_group","False","","","","","","100","base","invoice","","","","","","True"
"","","","","","","","","","","","","","","","","","100","tax","invoice","p11244","393(1) SI.4(i)","","","",""
"","","","","","","","","","","","","","","","","","100","base","refund","","","","","",""
"","","","","","","","","","","","","","","","","","100","tax","refund","p11244","393(1) SI.4(i)","","","",""
"tds_10_us_393_1_4_ii","10% TDS 393(1) SI.4(ii) BT DIST P","TDS @10% on distributed income payable by Business Trust to unitholders (Sch V SI. 3 & 4)","TDS @10% u/s 393(1) SI.4(ii)","purchase","tds","percent","-10","","False","tds_it_act_25_group","False","","","","","","100","base","invoice","","","","","","True"
"","","","","","","","","","","","","","","","","","100","tax","invoice","p11244","393(1) SI.4(ii)","","","",""
"","","","","","","","","","","","","","","","","","100","base","refund","","","","","",""
"","","","","","","","","","","","","","","","","","100","tax","refund","p11244","393(1) SI.4(ii)","","","",""
"tds_10_us_393_1_4_iii","10% TDS 393(1) SI.4(iii) INV FUND P","TDS @10% on income from Investment Fund units (other than exempt portion)","TDS @10% u/s 393(1) SI.4(iii)","purchase","tds","percent","-10","","False","tds_it_act_25_group","False","","","","","","100","base","invoice","","","","","","True"
"","","","","","","","","","","","","","","","","","100","tax","invoice","p11244","393(1) SI.4(iii)","","","",""
"","","","","","","","","","","","","","","","","","100","base","refund","","","","","",""
"","","","","","","","","","","","","","","","","","100","tax","refund","p11244","393(1) SI.4(iii)","","","",""
"tds_10_us_393_1_4_iv","10% TDS 393(1) SI.4(iv) SEC TRUST P","TDS @10% on income from investment in Securitisation Trust","TDS @10% u/s 393(1) SI.4(iv)","purchase","tds","percent","-10","","False","tds_it_act_25_group","False","","","","","","100","base","invoice","","","","","","True"
"","","","","","","","","","","","","","","","","","100","tax","invoice","p11244","393(1) SI.4(iv)","","","",""
"","","","","","","","","","","","","","","","","","100","base","refund","","","","","",""
"","","","","","","","","","","","","","","","","","100","tax","refund","p11244","393(1) SI.4(iv)","","","",""
"tds_10_us_393_1_5_i","10% TDS 393(1) SI.5(i) INT SEC P","TDS @10% on income by way of interest on securities (e.g. debentures/bonds)","TDS @10% u/s 393(1) SI.5(i)","purchase","tds","percent","-10","","False","tds_it_act_25_group","False","","","","","","100","base","invoice","","","","","","True"
"","","","","","","","","","","","","","","","","","100","tax","invoice","p11244","393(1) SI.5(i)","","","",""
"","","","","","","","","","","","","","","","","","100","base","refund","","","","","",""
"","","","","","","","","","","","","","","","","","100","tax","refund","p11244","393(1) SI.5(i)","","","",""
"tds_10_us_393_1_5_ii_a","10% TDS 393(1) SI.5(ii) D(a) INT BANK SR CI P","TDS @10% on interest other than securities paid by banking company/co-operative society/post office to a senior citizen","TDS @10% u/s 393(1) SI.5(ii) D(a)","purchase","tds","percent","-10","","False","tds_it_act_25_group","False","","","","","","100","base","invoice","","","","","","True"
"","","","","","","","","","","","","","","","","","100","tax","invoice","p11244","393(1) SI.5(ii) D(a)","","","",""
"","","","","","","","","","","","","","","","","","100","base","refund","","","","","",""
"","","","","","","","","","","","","","","","","","100","tax","refund","p11244","393(1) SI.5(ii) D(a)","","","",""
"tds_10_us_393_1_5_ii_b","10% TDS 393(1) SI.5(ii) D(b) INT BANK OTH P","TDS @10% on interest other than securities paid by banking company/co-operative society/post office to a person other than senior citizen","TDS @10% u/s 393(1) SI.5(ii) D(b)","purchase","tds","percent","-10","","False","tds_it_act_25_group","False","","","","","","100","base","invoice","","","","","","True"
"","","","","","","","","","","","","","","","","","100","tax","invoice","p11244","393(1) SI.5(ii) D(b)","","","",""
"","","","","","","","","","","","","","","","","","100","base","refund","","","","","",""
"","","","","","","","","","","","","","","","","","100","tax","refund","p11244","393(1) SI.5(ii) D(b)","","","",""
"tds_10_us_393_1_5_iii","10% TDS 393(1) SI.5(iii) INT SPEC P","TDS @10% on interest other securities by specified person [other than banking company/co-operative society/post office]","TDS @10% u/s 393(1) SI.5(iii)","purchase","tds","percent","-10","","False","tds_it_act_25_group","False","","","","","","100","base","invoice","","","","","","True"
"","","","","","","","","","","","","","","","","","100","tax","invoice","p11244","393(1) SI.5(iii)","","","",""
"","","","","","","","","","","","","","","","","","100","base","refund","","","","","",""
"","","","","","","","","","","","","","","","","","100","tax","refund","p11244","393(1) SI.5(iii)","","","",""
"tds_1_us_393_1_6_i_a","1% TDS 393(1) SI.6(i) D(a) CONT IND P","TDS @1% on contract payments to Individual/HUF contractor (designated person)","TDS @1% u/s 393(1) SI.6(i) D(a)","purchase","tds","percent","-1","","False","tds_it_act_25_group","False","","","","","","100","base","invoice","","","","","","True"
"","","","","","","","","","","","","","","","","","100","tax","invoice","p11244","393(1) SI.6(i) D(a)","","","",""
"","","","","","","","","","","","","","","","","","100","base","refund","","","","","",""
"","","","","","","","","","","","","","","","","","100","tax","refund","p11244","393(1) SI.6(i) D(a)","","","",""
"tds_2_us_393_1_6_i_b","2% TDS 393(1) SI.6(i) D(b) CONT OTH P","TDS @2% on contract payments to non-individual/HUF contractor (designated person)","TDS @2% u/s 393(1) SI.6(i) D(b)","purchase","tds","percent","-2","","False","tds_it_act_25_group","False","","","","","","100","base","invoice","","","","","","True"
"","","","","","","","","","","","","","","","","","100","tax","invoice","p11244","393(1) SI.6(i) D(b)","","","",""
"","","","","","","","","","","","","","","","","","100","base","refund","","","","","",""
"","","","","","","","","","","","","","","","","","100","tax","refund","p11244","393(1) SI.6(i) D(b)","","","",""
"tds_2_us_393_1_6_ii","2% TDS 393(1) SI.6(ii) CONT IND P","TDS @2% on contract/professional services/commission by Individual/HUF (non-designated)","TDS @2% u/s 393(1) SI.6(ii)","purchase","tds","percent","-2","","False","tds_it_act_25_group","False","","","","","","100","base","invoice","","","","","","True"
"","","","","","","","","","","","","","","","","","100","tax","invoice","p11244","393(1) SI.6(ii)","","","",""
"","","","","","","","","","","","","","","","","","100","base","refund","","","","","",""
"","","","","","","","","","","","","","","","","","100","tax","refund","p11244","393(1) SI.6(ii)","","","",""
"tds_2_us_393_1_6_iii_a","2% TDS 393(1) SI.6(iii) D(a) TECH P","TDS @2% on technical services (non-professional) / royalty for films / call centre operation","TDS @2% u/s 393(1) SI.6(iii) D(a)","purchase","tds","percent","-2","","False","tds_it_act_25_group","False","","","","","","100","base","invoice","","","","","","True"
"","","","","","","","","","","","","","","","","","100","tax","invoice","p11244","393(1) SI.6(iii) D(a)","","","",""
"","","","","","","","","","","","","","","","","","100","base","refund","","","","","",""
"","","","","","","","","","","","","","","","","","100","tax","refund","p11244","393(1) SI.6(iii) D(a)","","","",""
"tds_10_us_393_1_6_iii_b","10% TDS 393(1) SI.6(iii) D(b) PROF P","TDS @10% on professional services / royalty / Sec 26(2)(h) sum","TDS @10% u/s 393(1) SI.6(iii) D(b)","purchase","tds","percent","-10","","False","tds_it_act_25_group","False","","","","","","100","base","invoice","","","","","","True"
"","","","","","","","","","","","","","","","","","100","tax","invoice","p11244","393(1) SI.6(iii) D(b)","","","",""
"","","","","","","","","","","","","","","","","","100","base","refund","","","","","",""
"","","","","","","","","","","","","","","","","","100","tax","refund","p11244","393(1) SI.6(iii) D(b)","","","",""
"tds_10_us_393_1_7","10% TDS 393(1) SI.7 DIV P","TDS @10% on dividend (including preference shares) declared by domestic company","TDS @10% u/s 393(1) SI.7","purchase","tds","percent","-10","","False","tds_it_act_25_group","False","","","","","","100","base","invoice","","","","","","True"
"","","","","","","","","","","","","","","","","","100","tax","invoice","p11244","393(1) SI.7","","","",""
"","","","","","","","","","","","","","","","","","100","base","refund","","","","","",""
"","","","","","","","","","","","","","","","","","100","tax","refund","p11244","393(1) SI.7","","","",""
"tds_2_us_393_1_8_i","2% TDS 393(1) SI.8(i) LIC P","TDS @2% on income component of life insurance policy sum (including bonus)","TDS @2% u/s 393(1) SI.8(i)","purchase","tds","percent","-2","","False","tds_it_act_25_group","False","","","","","","100","base","invoice","","","","","","True"
"","","","","","","","","","","","","","","","","","100","tax","invoice","p11244","393(1) SI.8(i)","","","",""
"","","","","","","","","","","","","","","","","","100","base","refund","","","","","",""
"","","","","","","","","","","","","","","","","","100","tax","refund","p11244","393(1) SI.8(i)","","","",""
"tds_0_1_us_393_1_8_ii","0.1% TDS 393(1) SI.8(ii) GOODS P","TDS @0.1% on purchase of goods exceeding ₹50 lakh (on amount above ₹50L)","TDS @0.1% u/s 393(1) SI.8(ii)","purchase","tds","percent","-0.1","","False","tds_it_act_25_group","False","","","","","","100","base","invoice","","","","","","True"
"","","","","","","","","","","","","","","","","","100","tax","invoice","p11244","393(1) SI.8(ii)","","","",""
"","","","","","","","","","","","","","","","","","100","base","refund","","","","","",""
"","","","","","","","","","","","","","","","","","100","tax","refund","p11244","393(1) SI.8(ii)","","","",""
"tds_10_us_393_1_8_iii","10% TDS 393(1) SI.8(iii) SR CITIZEN P","TDS @10% on total income (after deductions u/Ch VIII and rebate u/s 156) of a specified senior citizen, deducted by specified bank","TDS @10% u/s 393(1) SI.8(iii)","purchase","tds","percent","-10","","False","tds_it_act_25_group","False","","","","","","100","base","invoice","","","","","","True"
"","","","","","","","","","","","","","","","","","100","tax","invoice","p11244","393(1) SI.8(iii)","","","",""
"","","","","","","","","","","","","","","","","","100","base","refund","","","","","",""
"","","","","","","","","","","","","","","","","","100","tax","refund","p11244","393(1) SI.8(iii)","","","",""
"tds_10_us_393_1_8_iv","10% TDS 393(1) SI.8(iv) PERQ P","TDS @10% on benefit or perquisite (cash/kind) arising from business/profession to resident","TDS @10% u/s 393(1) SI.8(iv)","purchase","tds","percent","-10","","False","tds_it_act_25_group","False","","","","","","100","base","invoice","","","","","","True"
"","","","","","","","","","","","","","","","","","100","tax","invoice","p11244","393(1) SI.8(iv)","","","",""
"","","","","","","","","","","","","","","","","","100","base","refund","","","","","",""
"","","","","","","","","","","","","","","","","","100","tax","refund","p11244","393(1) SI.8(iv)","","","",""
"tds_0_1_us_393_1_8_v","0.1% TDS 393(1) SI.8(v) ECOMM P","TDS @0.1% on gross sale/services amount by e-commerce operator to e-commerce participant","TDS @0.1% u/s 393(1) SI.8(v)","purchase","tds","percent","-0.1","","False","tds_it_act_25_group","False","","","","","","100","base","invoice","","","","","","True"
"","","","","","","","","","","","","","","","","","100","tax","invoice","p11244","393(1) SI.8(v)","","","",""
"","","","","","","","","","","","","","","","","","100","base","refund","","","","","",""
"","","","","","","","","","","","","","","","","","100","tax","refund","p11244","393(1) SI.8(v)","","","",""
"tds_1_us_393_1_8_vi","1% TDS 393(1) SI.8(vi) VDA P","TDS @1% on consideration for transfer of Virtual Digital Asset","TDS @1% u/s 393(1) SI.8(vi)","purchase","tds","percent","-1","","False","tds_it_act_25_group","False","","","","","","100","base","invoice","","","","","","True"
"","","","","","","","","","","","","","","","","","100","tax","invoice","p11244","393(1) SI.8(vi)","","","",""
"","","","","","","","","","","","","","","","","","100","base","refund","","","","","",""
"","","","","","","","","","","","","","","","","","100","tax","refund","p11244","393(1) SI.8(vi)","","","",""
"tds_20_us_393_2_1","20% TDS 393(2) SI.1 SPORT NR P","TDS @20% on Non-Resident Sportsman / Entertainer","TDS @20% u/s 393(2) SI.1","purchase","tds","percent","-20","","False","tds_it_act_25_group","False","","","","","","100","base","invoice","","","","","","True"
"","","","","","","","","","","","","","","","","","100","tax","invoice","p11244","393(2) SI.1","","","",""
"","","","","","","","","","","","","","","","","","100","base","refund","","","","","",""
"","","","","","","","","","","","","","","","","","100","tax","refund","p11244","393(2) SI.1","","","",""
"tds_5_us_393_2_2","5% TDS 393(2) SI.2 FOREX LOAN P","TDS @5% on Interest – Foreign Currency Loan / LT Infra Bond","TDS @5% u/s 393(2) SI.2","purchase","tds","percent","-5","","False","tds_it_act_25_group","False","","","","","","100","base","invoice","","","","","","True"
"","","","","","","","","","","","","","","","","","100","tax","invoice","p11244","393(2) SI.2","","","",""
"","","","","","","","","","","","","","","","","","100","base","refund","","","","","",""
"","","","","","","","","","","","","","","","","","100","tax","refund","p11244","393(2) SI.2","","","",""
"tds_5_us_393_2_3","5% TDS 393(2) SI.3 INT RUPEE BOND P","TDS @5% on Interest – Rupee Denominated Bond","TDS @5% u/s 393(2) SI.3","purchase","tds","percent","-5","","False","tds_it_act_25_group","False","","","","","","100","base","invoice","","","","","","True"
"","","","","","","","","","","","","","","","","","100","tax","invoice","p11244","393(2) SI.3","","","",""
"","","","","","","","","","","","","","","","","","100","base","refund","","","","","",""
"","","","","","","","","","","","","","","","","","100","tax","refund","p11244","393(2) SI.3","","","",""
"tds_4_us_393_2_4_a","4% TDS 393(2) SI.4 E(a) INT IFSC BOND P","TDS @4% on Interest – IFSC Listed LT Bond (Pre 1 Jul 2023)","TDS @4% u/s 393(2) SI.4 E(a)","purchase","tds","percent","-4","","False","tds_it_act_25_group","False","","","","","","100","base","invoice","","","","","","True"
"","","","","","","","","","","","","","","","","","100","tax","invoice","p11244","393(2) SI.4 E(a)","","","",""
"","","","","","","","","","","","","","","","","","100","base","refund","","","","","",""
"","","","","","","","","","","","","","","","","","100","tax","refund","p11244","393(2) SI.4 E(a)","","","",""
"tds_9_us_393_2_4_b","9% TDS 393(2) SI.4 E(b) INT IFSC BOND P","TDS @9% on Interest – IFSC Listed LT Bond (post 1 Jul 2023)","TDS @9% u/s 393(2) SI.4 E(b)","purchase","tds","percent","-9","","False","tds_it_act_25_group","False","","","","","","100","base","invoice","","","","","","True"
"","","","","","","","","","","","","","","","","","100","tax","invoice","p11244","393(2) SI.4 E(b)","","","",""
"","","","","","","","","","","","","","","","","","100","base","refund","","","","","",""
"","","","","","","","","","","","","","","","","","100","tax","refund","p11244","393(2) SI.4 E(b)","","","",""
"tds_5_us_393_2_5","5% TDS 393(2) SI.5 INT INFRA DEBT P","TDS @5% on Interest from Infrastructure Debt Fund","TDS @5% u/s 393(2) SI.5","purchase","tds","percent","-5","","False","tds_it_act_25_group","False","","","","","","100","base","invoice","","","","","","True"
"","","","","","","","","","","","","","","","","","100","tax","invoice","p11244","393(2) SI.5","","","",""
"","","","","","","","","","","","","","","","","","100","base","refund","","","","","",""
"","","","","","","","","","","","","","","","","","100","tax","refund","p11244","393(2) SI.5","","","",""
"tds_5_us_393_2_6_a","5% TDS 393(2) SI.6 E(a) DIST INCOME 223 P","TDS @5% on Distributed Income – Business Trust [Sch V SI.3.B(a)]","TDS @5% u/s 393(2) SI.6 E(a)","purchase","tds","percent","-5","","False","tds_it_act_25_group","False","","","","","","100","base","invoice","","","","","","True"
"","","","","","","","","","","","","","","","","","100","tax","invoice","p11244","393(2) SI.6 E(a)","","","",""
"","","","","","","","","","","","","","","","","","100","base","refund","","","","","",""
"","","","","","","","","","","","","","","","","","100","tax","refund","p11244","393(2) SI.6 E(a)","","","",""
"tds_10_us_393_2_6_b","10% TDS 393(2) SI.6 E(b) DIST INCOME 223 P","TDS @10% on Distributed Income – Business Trust [Sch V SI.3.B(b)]","TDS @10% u/s 393(2) SI.6 E(b)","purchase","tds","percent","-10","","False","tds_it_act_25_group","False","","","","","","100","base","invoice","","","","","","True"
"","","","","","","","","","","","","","","","","","100","tax","invoice","p11244","393(2) SI.6 E(b)","","","",""
"","","","","","","","","","","","","","","","","","100","base","refund","","","","","",""
"","","","","","","","","","","","","","","","","","100","tax","refund","p11244","393(2) SI.6 E(b)","","","",""
"tds_10_us_393_2_7","10% TDS 393(2) SI.7 DIST INCOME P","TDS @10% – Distributed Income Business Trust [Sch V SI.4]","TDS @10% u/s 393(2) SI.7","purchase","tds","percent","-10","","False","tds_it_act_25_group","False","","","","","","100","base","invoice","","","","","","True"
"","","","","","","","","","","","","","","","","","100","tax","invoice","p11244","393(2) SI.7","","","",""
"","","","","","","","","","","","","","","","","","100","base","refund","","","","","",""
"","","","","","","","","","","","","","","","","","100","tax","refund","p11244","393(2) SI.7","","","",""
"tds_10_us_393_2_8","10% TDS 393(2) SI.8 INVE FUND P","TDS @10% – Investment Fund Income","TDS @10% u/s 393(2) SI.8","purchase","tds","percent","-10","","False","tds_it_act_25_group","False","","","","","","100","base","invoice","","","","","","True"
"","","","","","","","","","","","","","","","","","100","tax","invoice","p11244","393(2) SI.8","","","",""
"","","","","","","","","","","","","","","","","","100","base","refund","","","","","",""
"","","","","","","","","","","","","","","","","","100","tax","refund","p11244","393(2) SI.8","","","",""
"tds_10_us_393_2_9","10% TDS 393(2) SI.9 SEC TRUST P","TDS @10% – Securitisation Trust Income","TDS @10% u/s 393(2) SI.9","purchase","tds","percent","-10","","False","tds_it_act_25_group","False","","","","","","100","base","invoice","","","","","","True"
"","","","","","","","","","","","","","","","","","100","tax","invoice","p11244","393(2) SI.9","","","",""
"","","","","","","","","","","","","","","","","","100","base","refund","","","","","",""
"","","","","","","","","","","","","","","","","","100","tax","refund","p11244","393(2) SI.9","","","",""
"tds_20_us_393_2_10","20% TDS 393(2) SI.10 MF UNITS NR P","TDS @20% on Mutual Fund Income","TDS @20% u/s 393(2) SI.10","purchase","tds","percent","-20","","False","tds_it_act_25_group","False","","","","","","100","base","invoice","","","","","","True"
"","","","","","","","","","","","","","","","","","100","tax","invoice","p11244","393(2) SI.10","","","",""
"","","","","","","","","","","","","","","","","","100","base","refund","","","","","",""
"","","","","","","","","","","","","","","","","","100","tax","refund","p11244","393(2) SI.10","","","",""
"tds_10_us_393_2_11","10% TDS 393(2) SI.11 OFFSHORE UNITS P","TDS @10% on Income – Offshore Fund Units (Section 208)","TDS @10% u/s 393(2) SI.11","purchase","tds","percent","-10","","False","tds_it_act_25_group","False","","","","","","100","base","invoice","","","","","","True"
"","","","","","","","","","","","","","","","","","100","tax","invoice","p11244","393(2) SI.11","","","",""
"","","","","","","","","","","","","","","","","","100","base","refund","","","","","",""
"","","","","","","","","","","","","","","","","","100","tax","refund","p11244","393(2) SI.11","","","",""
"tds_12_5_us_393_2_12","12.5% TDS 393(2) SI.12 OFFSHORE LTCG P","TDS @12.5% on LTCG – Offshore Fund Units (Section 208)","TDS @12.5% u/s 393(2) SI.12","purchase","tds","percent","-12.5","","False","tds_it_act_25_group","False","","","","","","100","base","invoice","","","","","","True"
"","","","","","","","","","","","","","","","","","100","tax","invoice","p11244","393(2) SI.12","","","",""
"","","","","","","","","","","","","","","","","","100","base","refund","","","","","",""
"","","","","","","","","","","","","","","","","","100","tax","refund","p11244","393(2) SI.12","","","",""
"tds_10_us_393_2_13","10% TDS 393(2) SI.13 GDR INT DIV P","TDS @10% on Interest / Dividend – GDR / Bonds (Section 209)","TDS @10% u/s 393(2) SI.13","purchase","tds","percent","-10","","False","tds_it_act_25_group","False","","","","","","100","base","invoice","","","","","","True"
"","","","","","","","","","","","","","","","","","100","tax","invoice","p11244","393(2) SI.13","","","",""
"","","","","","","","","","","","","","","","","","100","base","refund","","","","","",""
"","","","","","","","","","","","","","","","","","100","tax","refund","p11244","393(2) SI.13","","","",""
"tds_12_5_us_393_2_14","12.5% TDS 393(2) SI.14 GDR LTCG P","TDS @12.5% on LTCG – GDR / Bonds (Section 209)","TDS @12.5% u/s 393(2) SI.14","purchase","tds","percent","-12.5","","False","tds_it_act_25_group","False","","","","","","100","base","invoice","","","","","","True"
"","","","","","","","","","","","","","","","","","100","tax","invoice","p11244","393(2) SI.14","","","",""
"","","","","","","","","","","","","","","","","","100","base","refund","","","","","",""
"","","","","","","","","","","","","","","","","","100","tax","refund","p11244","393(2) SI.14","","","",""
"tds_20_us_393_2_15","20% TDS 393(2) SI.15 FII SEC P","TDS @20% on Securities Income – Foreign Institutional Investor","TDS @20% u/s 393(2) SI.15","purchase","tds","percent","-20","","False","tds_it_act_25_group","False","","","","","","100","base","invoice","","","","","","True"
"","","","","","","","","","","","","","","","","","100","tax","invoice","p11244","393(2) SI.15","","","",""
"","","","","","","","","","","","","","","","","","100","base","refund","","","","","",""
"","","","","","","","","","","","","","","","","","100","tax","refund","p11244","393(2) SI.15","","","",""
"tds_10_us_393_2_16","10% TDS 393(2) SI.16 SPEC FUND SEC P","TDS @10% on Securities Income – Specified Fund","TDS @10% u/s 393(2) SI.16","purchase","tds","percent","-10","","False","tds_it_act_25_group","False","","","","","","100","base","invoice","","","","","","True"
"","","","","","","","","","","","","","","","","","100","tax","invoice","p11244","393(2) SI.16","","","",""
"","","","","","","","","","","","","","","","","","100","base","refund","","","","","",""
"","","","","","","","","","","","","","","","","","100","tax","refund","p11244","393(2) SI.16","","","",""
"tds_10_us_393_2_17","10% TDS 393(2) SI.17 NR INT OTH P","TDS @10% – Other Interest / Sum","TDS @10% u/s 393(2) SI.17","purchase","tds","percent","-10","","False","tds_it_act_25_group","False","","","","","","100","base","invoice","","","","","","True"
"","","","","","","","","","","","","","","","","","100","tax","invoice","p11244","393(2) SI.17","","","",""
"","","","","","","","","","","","","","","","","","100","base","refund","","","","","",""
"","","","","","","","","","","","","","","","","","100","tax","refund","p11244","393(2) SI.17","","","",""
"tds_10_us_393_3_1_a","10% TDS 393(3) SI.1 (a) LOTTERY P","TDS @10% on Lottery","TDS @10% u/s 393(3) SI.1","purchase","tds","percent","-10","","False","tds_it_act_25_group","False","","","","","","100","base","invoice","","","","","","True"
"","","","","","","","","","","","","","","","","","100","tax","invoice","p11244","393(3) SI.1","","","",""
"","","","","","","","","","","","","","","","","","100","base","refund","","","","","",""
"","","","","","","","","","","","","","","","","","100","tax","refund","p11244","393(3) SI.1","","","",""
"tds_10_us_393_3_1_b","10% TDS 393(3) SI.1 (b) CROSS PUZZLE P","TDS @10% on Crossword Puzzle","TDS @10% u/s 393(3) SI.1","purchase","tds","percent","-10","","False","tds_it_act_25_group","False","","","","","","100","base","invoice","","","","","","True"
"","","","","","","","","","","","","","","","","","100","tax","invoice","p11244","393(3) SI.1","","","",""
"","","","","","","","","","","","","","","","","","100","base","refund","","","","","",""
"","","","","","","","","","","","","","","","","","100","tax","refund","p11244","393(3) SI.1","","","",""
"tds_10_us_393_3_1_c","10% TDS 393(3) SI.1 (c) CARD GAME P","TDS @10% on Card Game","TDS @10% u/s 393(3) SI.1","purchase","tds","percent","-10","","False","tds_it_act_25_group","False","","","","","","100","base","invoice","","","","","","True"
"","","","","","","","","","","","","","","","","","100","tax","invoice","p11244","393(3) SI.1","","","",""
"","","","","","","","","","","","","","","","","","100","base","refund","","","","","",""
"","","","","","","","","","","","","","","","","","100","tax","refund","p11244","393(3) SI.1","","","",""
"tds_10_us_393_3_1_d","10% TDS 393(3) SI.1 (d) GAMBLING P","TDS @10% on Gambling","TDS @10% u/s 393(3) SI.1","purchase","tds","percent","-10","","False","tds_it_act_25_group","False","","","","","","100","base","invoice","","","","","","True"
"","","","","","","","","","","","","","","","","","100","tax","invoice","p11244","393(3) SI.1","","","",""
"","","","","","","","","","","","","","","","","","100","base","refund","","","","","",""
"","","","","","","","","","","","","","","","","","100","tax","refund","p11244","393(3) SI.1","","","",""
"tds_10_us_393_3_2","10% TDS 393(3) SI.2 ONLINE GAME P","TDS @10% on Online Game","TDS @10% u/s 393(3) SI.2","purchase","tds","percent","-10","","False","tds_it_act_25_group","False","","","","","","100","base","invoice","","","","","","True"
"","","","","","","","","","","","","","","","","","100","tax","invoice","p11244","393(3) SI.2","","","",""
"","","","","","","","","","","","","","","","","","100","base","refund","","","","","",""
"","","","","","","","","","","","","","","","","","100","tax","refund","p11244","393(3) SI.2","","","",""
"tds_10_us_393_3_3","10% TDS 393(3) SI.3 HORSE RACE P","TDS @10% on Horse Race","TDS @10% u/s 393(3) SI.3","purchase","tds","percent","-10","","False","tds_it_act_25_group","False","","","","","","100","base","invoice","","","","","","True"
"","","","","","","","","","","","","","","","","","100","tax","invoice","p11244","393(3) SI.3","","","",""
"","","","","","","","","","","","","","","","","","100","base","refund","","","","","",""
"","","","","","","","","","","","","","","","","","100","tax","refund","p11244","393(3) SI.3","","","",""
"tds_2_us_393_3_4","2% TDS 393(3) SI.4 LOTTERY COMM P","TDS @2% on Lottery Commission","TDS @2% u/s 393(3) SI.4","purchase","tds","percent","-2","","False","tds_it_act_25_group","False","","","","","","100","base","invoice","","","","","","True"
"","","","","","","","","","","","","","","","","","100","tax","invoice","p11244","393(3) SI.4","","","",""
"","","","","","","","","","","","","","","","","","100","base","refund","","","","","",""
"","","","","","","","","","","","","","","","","","100","tax","refund","p11244","393(3) SI.4","","","",""
"tds_2_us_393_3_5_a","2% TDS 393(3) SI.5 D(a) CASH COOP P","TDS @2% on Cash Withdrawal - Co-operative Society","TDS @2% u/s 393(3) SI.5 D(a)","purchase","tds","percent","-2","","False","tds_it_act_25_group","False","","","","","","100","base","invoice","","","","","","True"
"","","","","","","","","","","","","","","","","","100","tax","invoice","p11244","393(3) SI.5 D(a)","","","",""
"","","","","","","","","","","","","","","","","","100","base","refund","","","","","",""
"","","","","","","","","","","","","","","","","","100","tax","refund","p11244","393(3) SI.5 D(a)","","","",""
"tds_2_us_393_3_5_b","2% TDS 393(3) SI.5 D(b) CASH OTH P","TDS @2% on Cash Withdrawal - Others","TDS @2% u/s 393(3) SI.5 D(b)","purchase","tds","percent","-2","","False","tds_it_act_25_group","False","","","","","","100","base","invoice","","","","","","True"
"","","","","","","","","","","","","","","","","","100","tax","invoice","p11244","393(3) SI.5 D(b)","","","",""
"","","","","","","","","","","","","","","","","","100","base","refund","","","","","",""
"","","","","","","","","","","","","","","","","","100","tax","refund","p11244","393(3) SI.5 D(b)","","","",""
"tds_10_us_393_3_6","10% TDS 393(3) SI.6 NSS DEP P","TDS @10% on NSS Deposit","TDS @10% u/s 393(3) SI.6","purchase","tds","percent","-10","","False","tds_it_act_25_group","False","","","","","","100","base","invoice","","","","","","True"
"","","","","","","","","","","","","","","","","","100","tax","invoice","p11244","393(3) SI.6","","","",""
"","","","","","","","","","","","","","","","","","100","base","refund","","","","","",""
"","","","","","","","","","","","","","","","","","100","tax","refund","p11244","393(3) SI.6","","","",""
"tds_10_us_393_3_7","10% TDS 393(3) SI.7 PARTNER P","TDS @10% on Partner","TDS @10% u/s 393(3) SI.7","purchase","tds","percent","-10","","False","tds_it_act_25_group","False","","","","","","100","base","invoice","","","","","","True"
"","","","","","","","","","","","","","","","","","100","tax","invoice","p11244","393(3) SI.7","","","",""
"","","","","","","","","","","","","","","","","","100","base","refund","","","","","",""
"","","","","","","","","","","","","","","","","","100","tax","refund","p11244","393(3) SI.7","","","",""
"tcs_1_us_394_1_1_liq","1% TCS 394(1) SI.1 LIQ","TCS @1% on sale of alcoholic liquor for human consumption","TCS @1% u/s 394(1) SI.1","sale","tcs","percent","1.0","consu","False","tcs_it_act_25_group","","","","","","","100","base","invoice","","","","","",""
"","","","","","","","","","","","","","","","","","100","tax","invoice","p11245","394(1) SI.1","","","",""
"","","","","","","","","","","","","","","","","","100","base","refund","","","","","",""
"","","","","","","","","","","","","","","","","","100","tax","refund","p11245","394(1) SI.1","","","",""
"tcs_2_us_394_1_1_liq","2% TCS 394(1) SI.1 ALCO LIQU","TCS @2% on sale of alcoholic liquor for human consumption","TCS @2% u/s 394(1) SI.1","sale","tcs","percent","2.0","consu","False","tcs_it_act_25_group","","","","","","","100","base","invoice","","","","","",""
"","","","","","","","","","","","","","","","","","100","tax","invoice","p11245","394(1) SI.1","","","",""
"","","","","","","","","","","","","","","","","","100","base","refund","","","","","",""
"","","","","","","","","","","","","","","","","","100","tax","refund","p11245","394(1) SI.1","","","",""
"tcs_2_us_394_1_2_tendu","2% TCS 394(1) SI.2 TENDU LEAVES","TCS @2% on sale of tendu leaves","TCS @2% u/s 394(1) SI.2","sale","tcs","percent","2.0","consu","False","tcs_it_act_25_group","","","","","","","100","base","invoice","","","","","",""
"","","","","","","","","","","","","","","","","","100","tax","invoice","p11245","394(1) SI.2","","","",""
"","","","","","","","","","","","","","","","","","100","base","refund","","","","","",""
"","","","","","","","","","","","","","","","","","100","tax","refund","p11245","394(1) SI.2","","","",""
"tcs_5_us_394_1_2_tendu","5% TCS 394(1) SI.2 TENDU LEAVES","TCS @5% on sale of tendu leaves","TCS @5% u/s 394(1) SI.2","sale","tcs","percent","5.0","consu","False","tcs_it_act_25_group","","","","","","","100","base","invoice","","","","","",""
"","","","","","","","","","","","","","","","","","100","tax","invoice","p11245","394(1) SI.2","","","",""
"","","","","","","","","","","","","","","","","","100","base","refund","","","","","",""
"","","","","","","","","","","","","","","","","","100","tax","refund","p11245","394(1) SI.2","","","",""
"tcs_2_us_394_1_3_timber","2% TCS 394(1) SI.3 TIMBER","TCS @2% on Sale of Timber","TCS @2% u/s 394(1) SI.3","sale","tcs","percent","2.0","consu","False","tcs_it_act_25_group","","","","","","","100","base","invoice","","","","","",""
"","","","","","","","","","","","","","","","","","100","tax","invoice","p11245","394(1) SI.3","","","",""
"","","","","","","","","","","","","","","","","","100","base","refund","","","","","",""
"","","","","","","","","","","","","","","","","","100","tax","refund","p11245","394(1) SI.3","","","",""
"tcs_1_us_394_1_4_scrap","1% TCS 394(1) SI.4 SCRAP","TCS @1% on sale of scrap","TCS @1% u/s 394(1) SI.4","sale","tcs","percent","1.0","consu","False","tcs_it_act_25_group","","","","","","","100","base","invoice","","","","","",""
"","","","","","","","","","","","","","","","","","100","tax","invoice","p11245","394(1) SI.4","","","",""
"","","","","","","","","","","","","","","","","","100","base","refund","","","","","",""
"","","","","","","","","","","","","","","","","","100","tax","refund","p11245","394(1) SI.4","","","",""
"tcs_2_us_394_1_4_scrap","2% TCS 394(1) SI.4 SCRAP","TCS @2% on sale of scrap","TCS @2% u/s 394(1) SI.4","sale","tcs","percent","2.0","consu","False","tcs_it_act_25_group","","","","","","","100","base","invoice","","","","","",""
"","","","","","","","","","","","","","","","","","100","tax","invoice","p11245","394(1) SI.4","","","",""
"","","","","","","","","","","","","","","","","","100","base","refund","","","","","",""
"","","","","","","","","","","","","","","","","","100","tax","refund","p11245","394(1) SI.4","","","",""
"tcs_1_us_394_1_5_minerals","1% TCS 394(1) SI.5 MINR COAL IRON","TCS @1% on sale of minerals – coal, lignite, or iron ore","TCS @1% u/s 394(1) SI.5","sale","tcs","percent","1.0","consu","False","tcs_it_act_25_group","","","","","","","100","base","invoice","","","","","",""
"","","","","","","","","","","","","","","","","","100","tax","invoice","p11245","394(1) SI.5","","","",""
"","","","","","","","","","","","","","","","","","100","base","refund","","","","","",""
"","","","","","","","","","","","","","","","","","100","tax","refund","p11245","394(1) SI.5","","","",""
"tcs_2_us_394_1_5_minerals","2% TCS 394(1) SI.5 MINR COAL IRON","TCS @2% on Sale of Minerals","TCS @2% u/s 394(1) SI.5","sale","tcs","percent","2.0","consu","False","tcs_it_act_25_group","","","","","","","100","base","invoice","","","","","",""
"","","","","","","","","","","","","","","","","","100","tax","invoice","p11245","394(1) SI.5","","","",""
"","","","","","","","","","","","","","","","","","100","base","refund","","","","","",""
"","","","","","","","","","","","","","","","","","100","tax","refund","p11245","394(1) SI.5","","","",""
"tcs_1_us_394_1_6_a_mv","1% TCS 394(1) SI.6(a) MOTOR VEHI","TCS @1% on Sale of Motor Vehicle","TCS @1% u/s 394(1) SI.6(a)","sale","tcs","percent","1.0","consu","False","tcs_it_act_25_group","","","","","","","100","base","invoice","","","","","",""
"","","","","","","","","","","","","","","","","","100","tax","invoice","p11245","394(1) SI.6(a)","","","",""
"","","","","","","","","","","","","","","","","","100","base","refund","","","","","",""
"","","","","","","","","","","","","","","","","","100","tax","refund","p11245","394(1) SI.6(a)","","","",""
"tcs_1_us_394_1_6_b_ng","1% TCS 394(1) SI.6(b) NOTIF GOOD","TCS @1% on sale of notified goods","TCS @1% u/s 394(1) SI.6(b)","sale","tcs","percent","1.0","consu","False","tcs_it_act_25_group","","","","","","","100","base","invoice","","","","","",""
"","","","","","","","","","","","","","","","","","100","tax","invoice","p11245","394(1) SI.6(b)","","","",""
"","","","","","","","","","","","","","","","","","100","base","refund","","","","","",""
"","","","","","","","","","","","","","","","","","100","tax","refund","p11245","394(1) SI.6(b)","","","",""
"tcs_2_us_394_1_7_a_lrs_edu","2% TCS 394(1) SI.7 D(a) LRS EDU MEDI","TCS @2% on remittance under LRS for education or medical treatment","TCS @2% u/s 394(1) SI.7 D(a)","sale","tcs","percent","2.0","consu","False","tcs_it_act_25_group","","","","","","","100","base","invoice","","","","","",""
"","","","","","","","","","","","","","","","","","100","tax","invoice","p11245","394(1) SI.7 D(a)","","","",""
"","","","","","","","","","","","","","","","","","100","base","refund","","","","","",""
"","","","","","","","","","","","","","","","","","100","tax","refund","p11245","394(1) SI.7 D(a)","","","",""
"tcs_5_us_394_1_7_a_lrs_edu","5% TCS 394(1) SI.7 D(a) LRS EDU","TCS @5% on remittance under LRS for education or medical treatment","TCS @5% u/s 394(1) SI.7 D(a)","sale","tcs","percent","5.0","consu","False","tcs_it_act_25_group","","","","","","","100","base","invoice","","","","","",""
"","","","","","","","","","","","","","","","","","100","tax","invoice","p11245","394(1) SI.7 D(a)","","","",""
"","","","","","","","","","","","","","","","","","100","base","refund","","","","","",""
"","","","","","","","","","","","","","","","","","100","tax","refund","p11245","394(1) SI.7 D(a)","","","",""
"tcs_20_us_394_1_7_b_lrs_oth","20% TCS 394(1) SI.7 D(b) LRS OTH","TCS @20% on remittance under LRS for purposes other than education or medical","TCS @20% u/s 394(1) SI.7 D(b)","sale","tcs","percent","20.0","consu","False","tcs_it_act_25_group","","","","","","","100","base","invoice","","","","","",""
"","","","","","","","","","","","","","","","","","100","tax","invoice","p11245","394(1) SI.7 D(b)","","","",""
"","","","","","","","","","","","","","","","","","100","base","refund","","","","","",""
"","","","","","","","","","","","","","","","","","100","tax","refund","p11245","394(1) SI.7 D(b)","","","",""
"tcs_2_us_394_1_8_overseas","2% TCS 394(1) SI.8 OVER TOUR","TCS @2% on Sale of Overseas Tour Programme Package","TCS @2% u/s 394(1) SI.8","sale","tcs","percent","2.0","consu","False","tcs_it_act_25_group","","","","","","","100","base","invoice","","","","","",""
"","","","","","","","","","","","","","","","","","100","tax","invoice","p11245","394(1) SI.8","","","",""
"","","","","","","","","","","","","","","","","","100","base","refund","","","","","",""
"","","","","","","","","","","","","","","","","","100","tax","refund","p11245","394(1) SI.8","","","",""
"tcs_2_us_394_1_9_parking","2% TCS 394(1) SI.9 PARKING","TCS @2% on use of parking lot / toll plaza / mine / quarry (excluding mineral oil mining)","TCS @2% u/s 394(1)9","sale","tcs","percent","2.0","consu","False","tcs_it_act_25_group","","","","","","","100","base","invoice","","","","","",""
"","","","","","","","","","","","","","","","","","100","tax","invoice","p11245","394(1) SI.9","","","",""
"","","","","","","","","","","","","","","","","","100","base","refund","","","","","",""
"","","","","","","","","","","","","","","","","","100","tax","refund","p11245","394(1) SI.9","","","",""
