id,name,state_id:id
county_us_01001,Autauga,base.state_us_1
county_us_01003,Baldwin,base.state_us_1
county_us_01005,Barbour,base.state_us_1
county_us_01007,Bibb,base.state_us_1
county_us_01009,Blount,base.state_us_1
county_us_01011,Bullock,base.state_us_1
county_us_01013,Butler,base.state_us_1
county_us_01015,Calhoun,base.state_us_1
county_us_01017,Chambers,base.state_us_1
county_us_01019,Cherokee,base.state_us_1
county_us_01021,Chilton,base.state_us_1
county_us_01023,Choctaw,base.state_us_1
county_us_01025,Clarke,base.state_us_1
county_us_01027,Clay,base.state_us_1
county_us_01029,Cleburne,base.state_us_1
county_us_01031,Coffee,base.state_us_1
county_us_01033,Colbert,base.state_us_1
county_us_01035,Conecuh,base.state_us_1
county_us_01037,Coosa,base.state_us_1
county_us_01039,Covington,base.state_us_1
county_us_01041,Crenshaw,base.state_us_1
county_us_01043,Cullman,base.state_us_1
county_us_01045,Dale,base.state_us_1
county_us_01047,Dallas,base.state_us_1
county_us_01049,DeKalb,base.state_us_1
county_us_01051,Elmore,base.state_us_1
county_us_01053,Escambia,base.state_us_1
county_us_01055,Etowah,base.state_us_1
county_us_01057,Fayette,base.state_us_1
county_us_01059,Franklin,base.state_us_1
county_us_01061,Geneva,base.state_us_1
county_us_01063,Greene,base.state_us_1
county_us_01065,Hale,base.state_us_1
county_us_01067,Henry,base.state_us_1
county_us_01069,Houston,base.state_us_1
county_us_01071,Jackson,base.state_us_1
county_us_01073,Jefferson,base.state_us_1
county_us_01075,Lamar,base.state_us_1
county_us_01077,Lauderdale,base.state_us_1
county_us_01079,Lawrence,base.state_us_1
county_us_01081,Lee,base.state_us_1
county_us_01083,Limestone,base.state_us_1
county_us_01085,Lowndes,base.state_us_1
county_us_01087,Macon,base.state_us_1
county_us_01089,Madison,base.state_us_1
county_us_01091,Marengo,base.state_us_1
county_us_01093,Marion,base.state_us_1
county_us_01095,Marshall,base.state_us_1
county_us_01097,Mobile,base.state_us_1
county_us_01099,Monroe,base.state_us_1
county_us_01101,Montgomery,base.state_us_1
county_us_01103,Morgan,base.state_us_1
county_us_01105,Perry,base.state_us_1
county_us_01107,Pickens,base.state_us_1
county_us_01109,Pike,base.state_us_1
county_us_01111,Randolph,base.state_us_1
county_us_01113,Russell,base.state_us_1
county_us_01117,Shelby,base.state_us_1
county_us_01115,St. Clair,base.state_us_1
county_us_01119,Sumter,base.state_us_1
county_us_01121,Talladega,base.state_us_1
county_us_01123,Tallapoosa,base.state_us_1
county_us_01125,Tuscaloosa,base.state_us_1
county_us_01127,Walker,base.state_us_1
county_us_01129,Washington,base.state_us_1
county_us_01131,Wilcox,base.state_us_1
county_us_01133,Winston,base.state_us_1
county_us_02013,Aleutians East,base.state_us_2
county_us_02016,Aleutians West,base.state_us_2
county_us_02020,Anchorage,base.state_us_2
county_us_02050,Bethel,base.state_us_2
county_us_02060,Bristol Bay,base.state_us_2
county_us_02063,Chugach,base.state_us_2
county_us_02066,Copper River,base.state_us_2
county_us_02068,Denali,base.state_us_2
county_us_02070,Dillingham,base.state_us_2
county_us_02090,Fairbanks North Star,base.state_us_2
county_us_02100,Haines,base.state_us_2
county_us_02105,Hoonah-Angoon,base.state_us_2
county_us_02110,Juneau,base.state_us_2
county_us_02122,Kenai Peninsula,base.state_us_2
county_us_02130,Ketchikan Gateway,base.state_us_2
county_us_02150,Kodiak Island,base.state_us_2
county_us_02158,Kusilvak,base.state_us_2
county_us_02164,Lake and Peninsula,base.state_us_2
county_us_02170,Matanuska-Susitna,base.state_us_2
county_us_02180,Nome,base.state_us_2
county_us_02185,North Slope,base.state_us_2
county_us_02188,Northwest Arctic,base.state_us_2
county_us_02195,Petersburg,base.state_us_2
county_us_02198,Prince of Wales-Hyder,base.state_us_2
county_us_02220,Sitka,base.state_us_2
county_us_02230,Skagway,base.state_us_2
county_us_02240,Southeast Fairbanks,base.state_us_2
county_us_02275,Wrangell,base.state_us_2
county_us_02282,Yakutat,base.state_us_2
county_us_02290,Yukon-Koyukuk,base.state_us_2
county_us_04001,Apache,base.state_us_3
county_us_04003,Cochise,base.state_us_3
county_us_04005,Coconino,base.state_us_3
county_us_04007,Gila,base.state_us_3
county_us_04009,Graham,base.state_us_3
county_us_04011,Greenlee,base.state_us_3
county_us_04012,La Paz,base.state_us_3
county_us_04013,Maricopa,base.state_us_3
county_us_04015,Mohave,base.state_us_3
county_us_04017,Navajo,base.state_us_3
county_us_04019,Pima,base.state_us_3
county_us_04021,Pinal,base.state_us_3
county_us_04023,Santa Cruz,base.state_us_3
county_us_04025,Yavapai,base.state_us_3
county_us_04027,Yuma,base.state_us_3
county_us_05001,Arkansas,base.state_us_4
county_us_05003,Ashley,base.state_us_4
county_us_05005,Baxter,base.state_us_4
county_us_05007,Benton,base.state_us_4
county_us_05009,Boone,base.state_us_4
county_us_05011,Bradley,base.state_us_4
county_us_05013,Calhoun,base.state_us_4
county_us_05015,Carroll,base.state_us_4
county_us_05017,Chicot,base.state_us_4
county_us_05019,Clark,base.state_us_4
county_us_05021,Clay,base.state_us_4
county_us_05023,Cleburne,base.state_us_4
county_us_05025,Cleveland,base.state_us_4
county_us_05027,Columbia,base.state_us_4
county_us_05029,Conway,base.state_us_4
county_us_05031,Craighead,base.state_us_4
county_us_05033,Crawford,base.state_us_4
county_us_05035,Crittenden,base.state_us_4
county_us_05037,Cross,base.state_us_4
county_us_05039,Dallas,base.state_us_4
county_us_05041,Desha,base.state_us_4
county_us_05043,Drew,base.state_us_4
county_us_05045,Faulkner,base.state_us_4
county_us_05047,Franklin,base.state_us_4
county_us_05049,Fulton,base.state_us_4
county_us_05051,Garland,base.state_us_4
county_us_05053,Grant,base.state_us_4
county_us_05055,Greene,base.state_us_4
county_us_05057,Hempstead,base.state_us_4
county_us_05059,Hot Spring,base.state_us_4
county_us_05061,Howard,base.state_us_4
county_us_05063,Independence,base.state_us_4
county_us_05065,Izard,base.state_us_4
county_us_05067,Jackson,base.state_us_4
county_us_05069,Jefferson,base.state_us_4
county_us_05071,Johnson,base.state_us_4
county_us_05073,Lafayette,base.state_us_4
county_us_05075,Lawrence,base.state_us_4
county_us_05077,Lee,base.state_us_4
county_us_05079,Lincoln,base.state_us_4
county_us_05081,Little River,base.state_us_4
county_us_05083,Logan,base.state_us_4
county_us_05085,Lonoke,base.state_us_4
county_us_05087,Madison,base.state_us_4
county_us_05089,Marion,base.state_us_4
county_us_05091,Miller,base.state_us_4
county_us_05093,Mississippi,base.state_us_4
county_us_05095,Monroe,base.state_us_4
county_us_05097,Montgomery,base.state_us_4
county_us_05099,Nevada,base.state_us_4
county_us_05101,Newton,base.state_us_4
county_us_05103,Ouachita,base.state_us_4
county_us_05105,Perry,base.state_us_4
county_us_05107,Phillips,base.state_us_4
county_us_05109,Pike,base.state_us_4
county_us_05111,Poinsett,base.state_us_4
county_us_05113,Polk,base.state_us_4
county_us_05115,Pope,base.state_us_4
county_us_05117,Prairie,base.state_us_4
county_us_05119,Pulaski,base.state_us_4
county_us_05121,Randolph,base.state_us_4
county_us_05125,Saline,base.state_us_4
county_us_05127,Scott,base.state_us_4
county_us_05129,Searcy,base.state_us_4
county_us_05131,Sebastian,base.state_us_4
county_us_05133,Sevier,base.state_us_4
county_us_05135,Sharp,base.state_us_4
county_us_05123,St. Francis,base.state_us_4
county_us_05137,Stone,base.state_us_4
county_us_05139,Union,base.state_us_4
county_us_05141,Van Buren,base.state_us_4
county_us_05143,Washington,base.state_us_4
county_us_05145,White,base.state_us_4
county_us_05147,Woodruff,base.state_us_4
county_us_05149,Yell,base.state_us_4
county_us_06001,Alameda,base.state_us_5
county_us_06003,Alpine,base.state_us_5
county_us_06005,Amador,base.state_us_5
county_us_06007,Butte,base.state_us_5
county_us_06009,Calaveras,base.state_us_5
county_us_06011,Colusa,base.state_us_5
county_us_06013,Contra Costa,base.state_us_5
county_us_06015,Del Norte,base.state_us_5
county_us_06017,El Dorado,base.state_us_5
county_us_06019,Fresno,base.state_us_5
county_us_06021,Glenn,base.state_us_5
county_us_06023,Humboldt,base.state_us_5
county_us_06025,Imperial,base.state_us_5
county_us_06027,Inyo,base.state_us_5
county_us_06029,Kern,base.state_us_5
county_us_06031,Kings,base.state_us_5
county_us_06033,Lake,base.state_us_5
county_us_06035,Lassen,base.state_us_5
county_us_06037,Los Angeles,base.state_us_5
county_us_06039,Madera,base.state_us_5
county_us_06041,Marin,base.state_us_5
county_us_06043,Mariposa,base.state_us_5
county_us_06045,Mendocino,base.state_us_5
county_us_06047,Merced,base.state_us_5
county_us_06049,Modoc,base.state_us_5
county_us_06051,Mono,base.state_us_5
county_us_06053,Monterey,base.state_us_5
county_us_06055,Napa,base.state_us_5
county_us_06057,Nevada,base.state_us_5
county_us_06059,Orange,base.state_us_5
county_us_06061,Placer,base.state_us_5
county_us_06063,Plumas,base.state_us_5
county_us_06065,Riverside,base.state_us_5
county_us_06067,Sacramento,base.state_us_5
county_us_06069,San Benito,base.state_us_5
county_us_06071,San Bernardino,base.state_us_5
county_us_06073,San Diego,base.state_us_5
county_us_06075,San Francisco,base.state_us_5
county_us_06077,San Joaquin,base.state_us_5
county_us_06079,San Luis Obispo,base.state_us_5
county_us_06081,San Mateo,base.state_us_5
county_us_06083,Santa Barbara,base.state_us_5
county_us_06085,Santa Clara,base.state_us_5
county_us_06087,Santa Cruz,base.state_us_5
county_us_06089,Shasta,base.state_us_5
county_us_06091,Sierra,base.state_us_5
county_us_06093,Siskiyou,base.state_us_5
county_us_06095,Solano,base.state_us_5
county_us_06097,Sonoma,base.state_us_5
county_us_06099,Stanislaus,base.state_us_5
county_us_06101,Sutter,base.state_us_5
county_us_06103,Tehama,base.state_us_5
county_us_06105,Trinity,base.state_us_5
county_us_06107,Tulare,base.state_us_5
county_us_06109,Tuolumne,base.state_us_5
county_us_06111,Ventura,base.state_us_5
county_us_06113,Yolo,base.state_us_5
county_us_06115,Yuba,base.state_us_5
county_us_08001,Adams,base.state_us_6
county_us_08003,Alamosa,base.state_us_6
county_us_08005,Arapahoe,base.state_us_6
county_us_08007,Archuleta,base.state_us_6
county_us_08009,Baca,base.state_us_6
county_us_08011,Bent,base.state_us_6
county_us_08013,Boulder,base.state_us_6
county_us_08014,Broomfield,base.state_us_6
county_us_08015,Chaffee,base.state_us_6
county_us_08017,Cheyenne,base.state_us_6
county_us_08019,Clear Creek,base.state_us_6
county_us_08021,Conejos,base.state_us_6
county_us_08023,Costilla,base.state_us_6
county_us_08025,Crowley,base.state_us_6
county_us_08027,Custer,base.state_us_6
county_us_08029,Delta,base.state_us_6
county_us_08031,Denver,base.state_us_6
county_us_08033,Dolores,base.state_us_6
county_us_08035,Douglas,base.state_us_6
county_us_08037,Eagle,base.state_us_6
county_us_08041,El Paso,base.state_us_6
county_us_08039,Elbert,base.state_us_6
county_us_08043,Fremont,base.state_us_6
county_us_08045,Garfield,base.state_us_6
county_us_08047,Gilpin,base.state_us_6
county_us_08049,Grand,base.state_us_6
county_us_08051,Gunnison,base.state_us_6
county_us_08053,Hinsdale,base.state_us_6
county_us_08055,Huerfano,base.state_us_6
county_us_08057,Jackson,base.state_us_6
county_us_08059,Jefferson,base.state_us_6
county_us_08061,Kiowa,base.state_us_6
county_us_08063,Kit Carson,base.state_us_6
county_us_08067,La Plata,base.state_us_6
county_us_08065,Lake,base.state_us_6
county_us_08069,Larimer,base.state_us_6
county_us_08071,Las Animas,base.state_us_6
county_us_08073,Lincoln,base.state_us_6
county_us_08075,Logan,base.state_us_6
county_us_08077,Mesa,base.state_us_6
county_us_08079,Mineral,base.state_us_6
county_us_08081,Moffat,base.state_us_6
county_us_08083,Montezuma,base.state_us_6
county_us_08085,Montrose,base.state_us_6
county_us_08087,Morgan,base.state_us_6
county_us_08089,Otero,base.state_us_6
county_us_08091,Ouray,base.state_us_6
county_us_08093,Park,base.state_us_6
county_us_08095,Phillips,base.state_us_6
county_us_08097,Pitkin,base.state_us_6
county_us_08099,Prowers,base.state_us_6
county_us_08101,Pueblo,base.state_us_6
county_us_08103,Rio Blanco,base.state_us_6
county_us_08105,Rio Grande,base.state_us_6
county_us_08107,Routt,base.state_us_6
county_us_08109,Saguache,base.state_us_6
county_us_08111,San Juan,base.state_us_6
county_us_08113,San Miguel,base.state_us_6
county_us_08115,Sedgwick,base.state_us_6
county_us_08117,Summit,base.state_us_6
county_us_08119,Teller,base.state_us_6
county_us_08121,Washington,base.state_us_6
county_us_08123,Weld,base.state_us_6
county_us_08125,Yuma,base.state_us_6
county_us_09110,Capitol,base.state_us_7
county_us_09120,Greater Bridgeport,base.state_us_7
county_us_09130,Lower Connecticut River Valley,base.state_us_7
county_us_09140,Naugatuck Valley,base.state_us_7
county_us_09150,Northeastern Connecticut,base.state_us_7
county_us_09160,Northwest Hills,base.state_us_7
county_us_09170,South Central Connecticut,base.state_us_7
county_us_09180,Southeastern Connecticut,base.state_us_7
county_us_09190,Western Connecticut,base.state_us_7
county_us_10001,Kent,base.state_us_8
county_us_10003,New Castle,base.state_us_8
county_us_10005,Sussex,base.state_us_8
county_us_11001,District of Columbia,base.state_us_9
county_us_12001,Alachua,base.state_us_10
county_us_12003,Baker,base.state_us_10
county_us_12005,Bay,base.state_us_10
county_us_12007,Bradford,base.state_us_10
county_us_12009,Brevard,base.state_us_10
county_us_12011,Broward,base.state_us_10
county_us_12013,Calhoun,base.state_us_10
county_us_12015,Charlotte,base.state_us_10
county_us_12017,Citrus,base.state_us_10
county_us_12019,Clay,base.state_us_10
county_us_12021,Collier,base.state_us_10
county_us_12023,Columbia,base.state_us_10
county_us_12027,DeSoto,base.state_us_10
county_us_12029,Dixie,base.state_us_10
county_us_12031,Duval,base.state_us_10
county_us_12033,Escambia,base.state_us_10
county_us_12035,Flagler,base.state_us_10
county_us_12037,Franklin,base.state_us_10
county_us_12039,Gadsden,base.state_us_10
county_us_12041,Gilchrist,base.state_us_10
county_us_12043,Glades,base.state_us_10
county_us_12045,Gulf,base.state_us_10
county_us_12047,Hamilton,base.state_us_10
county_us_12049,Hardee,base.state_us_10
county_us_12051,Hendry,base.state_us_10
county_us_12053,Hernando,base.state_us_10
county_us_12055,Highlands,base.state_us_10
county_us_12057,Hillsborough,base.state_us_10
county_us_12059,Holmes,base.state_us_10
county_us_12061,Indian River,base.state_us_10
county_us_12063,Jackson,base.state_us_10
county_us_12065,Jefferson,base.state_us_10
county_us_12067,Lafayette,base.state_us_10
county_us_12069,Lake,base.state_us_10
county_us_12071,Lee,base.state_us_10
county_us_12073,Leon,base.state_us_10
county_us_12075,Levy,base.state_us_10
county_us_12077,Liberty,base.state_us_10
county_us_12079,Madison,base.state_us_10
county_us_12081,Manatee,base.state_us_10
county_us_12083,Marion,base.state_us_10
county_us_12085,Martin,base.state_us_10
county_us_12086,Miami-Dade,base.state_us_10
county_us_12087,Monroe,base.state_us_10
county_us_12089,Nassau,base.state_us_10
county_us_12091,Okaloosa,base.state_us_10
county_us_12093,Okeechobee,base.state_us_10
county_us_12095,Orange,base.state_us_10
county_us_12097,Osceola,base.state_us_10
county_us_12099,Palm Beach,base.state_us_10
county_us_12101,Pasco,base.state_us_10
county_us_12103,Pinellas,base.state_us_10
county_us_12105,Polk,base.state_us_10
county_us_12107,Putnam,base.state_us_10
county_us_12113,Santa Rosa,base.state_us_10
county_us_12115,Sarasota,base.state_us_10
county_us_12117,Seminole,base.state_us_10
county_us_12109,St. Johns,base.state_us_10
county_us_12111,St. Lucie,base.state_us_10
county_us_12119,Sumter,base.state_us_10
county_us_12121,Suwannee,base.state_us_10
county_us_12123,Taylor,base.state_us_10
county_us_12125,Union,base.state_us_10
county_us_12127,Volusia,base.state_us_10
county_us_12129,Wakulla,base.state_us_10
county_us_12131,Walton,base.state_us_10
county_us_12133,Washington,base.state_us_10
county_us_13001,Appling,base.state_us_11
county_us_13003,Atkinson,base.state_us_11
county_us_13005,Bacon,base.state_us_11
county_us_13007,Baker,base.state_us_11
county_us_13009,Baldwin,base.state_us_11
county_us_13011,Banks,base.state_us_11
county_us_13013,Barrow,base.state_us_11
county_us_13015,Bartow,base.state_us_11
county_us_13017,Ben Hill,base.state_us_11
county_us_13019,Berrien,base.state_us_11
county_us_13021,Bibb,base.state_us_11
county_us_13023,Bleckley,base.state_us_11
county_us_13025,Brantley,base.state_us_11
county_us_13027,Brooks,base.state_us_11
county_us_13029,Bryan,base.state_us_11
county_us_13031,Bulloch,base.state_us_11
county_us_13033,Burke,base.state_us_11
county_us_13035,Butts,base.state_us_11
county_us_13037,Calhoun,base.state_us_11
county_us_13039,Camden,base.state_us_11
county_us_13043,Candler,base.state_us_11
county_us_13045,Carroll,base.state_us_11
county_us_13047,Catoosa,base.state_us_11
county_us_13049,Charlton,base.state_us_11
county_us_13051,Chatham,base.state_us_11
county_us_13053,Chattahoochee,base.state_us_11
county_us_13055,Chattooga,base.state_us_11
county_us_13057,Cherokee,base.state_us_11
county_us_13059,Clarke,base.state_us_11
county_us_13061,Clay,base.state_us_11
county_us_13063,Clayton,base.state_us_11
county_us_13065,Clinch,base.state_us_11
county_us_13067,Cobb,base.state_us_11
county_us_13069,Coffee,base.state_us_11
county_us_13071,Colquitt,base.state_us_11
county_us_13073,Columbia,base.state_us_11
county_us_13075,Cook,base.state_us_11
county_us_13077,Coweta,base.state_us_11
county_us_13079,Crawford,base.state_us_11
county_us_13081,Crisp,base.state_us_11
county_us_13083,Dade,base.state_us_11
county_us_13085,Dawson,base.state_us_11
county_us_13089,DeKalb,base.state_us_11
county_us_13087,Decatur,base.state_us_11
county_us_13091,Dodge,base.state_us_11
county_us_13093,Dooly,base.state_us_11
county_us_13095,Dougherty,base.state_us_11
county_us_13097,Douglas,base.state_us_11
county_us_13099,Early,base.state_us_11
county_us_13103,Effingham,base.state_us_11
county_us_13105,Elbert,base.state_us_11
county_us_13107,Emanuel,base.state_us_11
county_us_13109,Evans,base.state_us_11
county_us_13111,Fannin,base.state_us_11
county_us_13113,Fayette,base.state_us_11
county_us_13115,Floyd,base.state_us_11
county_us_13117,Forsyth,base.state_us_11
county_us_13119,Franklin,base.state_us_11
county_us_13121,Fulton,base.state_us_11
county_us_13123,Gilmer,base.state_us_11
county_us_13125,Glascock,base.state_us_11
county_us_13127,Glynn,base.state_us_11
county_us_13129,Gordon,base.state_us_11
county_us_13131,Grady,base.state_us_11
county_us_13133,Greene,base.state_us_11
county_us_13135,Gwinnett,base.state_us_11
county_us_13137,Habersham,base.state_us_11
county_us_13139,Hall,base.state_us_11
county_us_13141,Hancock,base.state_us_11
county_us_13143,Haralson,base.state_us_11
county_us_13145,Harris,base.state_us_11
county_us_13147,Hart,base.state_us_11
county_us_13149,Heard,base.state_us_11
county_us_13151,Henry,base.state_us_11
county_us_13153,Houston,base.state_us_11
county_us_13155,Irwin,base.state_us_11
county_us_13157,Jackson,base.state_us_11
county_us_13159,Jasper,base.state_us_11
county_us_13161,Jeff Davis,base.state_us_11
county_us_13163,Jefferson,base.state_us_11
county_us_13165,Jenkins,base.state_us_11
county_us_13167,Johnson,base.state_us_11
county_us_13169,Jones,base.state_us_11
county_us_13171,Lamar,base.state_us_11
county_us_13173,Lanier,base.state_us_11
county_us_13175,Laurens,base.state_us_11
county_us_13177,Lee,base.state_us_11
county_us_13179,Liberty,base.state_us_11
county_us_13181,Lincoln,base.state_us_11
county_us_13183,Long,base.state_us_11
county_us_13185,Lowndes,base.state_us_11
county_us_13187,Lumpkin,base.state_us_11
county_us_13193,Macon,base.state_us_11
county_us_13195,Madison,base.state_us_11
county_us_13197,Marion,base.state_us_11
county_us_13189,McDuffie,base.state_us_11
county_us_13191,McIntosh,base.state_us_11
county_us_13199,Meriwether,base.state_us_11
county_us_13201,Miller,base.state_us_11
county_us_13205,Mitchell,base.state_us_11
county_us_13207,Monroe,base.state_us_11
county_us_13209,Montgomery,base.state_us_11
county_us_13211,Morgan,base.state_us_11
county_us_13213,Murray,base.state_us_11
county_us_13215,Muscogee,base.state_us_11
county_us_13217,Newton,base.state_us_11
county_us_13219,Oconee,base.state_us_11
county_us_13221,Oglethorpe,base.state_us_11
county_us_13223,Paulding,base.state_us_11
county_us_13225,Peach,base.state_us_11
county_us_13227,Pickens,base.state_us_11
county_us_13229,Pierce,base.state_us_11
county_us_13231,Pike,base.state_us_11
county_us_13233,Polk,base.state_us_11
county_us_13235,Pulaski,base.state_us_11
county_us_13237,Putnam,base.state_us_11
county_us_13241,Rabun,base.state_us_11
county_us_13243,Randolph,base.state_us_11
county_us_13245,Richmond,base.state_us_11
county_us_13247,Rockdale,base.state_us_11
county_us_13249,Schley,base.state_us_11
county_us_13251,Screven,base.state_us_11
county_us_13253,Seminole,base.state_us_11
county_us_13255,Spalding,base.state_us_11
county_us_13257,Stephens,base.state_us_11
county_us_13259,Stewart,base.state_us_11
county_us_13261,Sumter,base.state_us_11
county_us_13263,Talbot,base.state_us_11
county_us_13265,Taliaferro,base.state_us_11
county_us_13267,Tattnall,base.state_us_11
county_us_13269,Taylor,base.state_us_11
county_us_13271,Telfair,base.state_us_11
county_us_13273,Terrell,base.state_us_11
county_us_13275,Thomas,base.state_us_11
county_us_13277,Tift,base.state_us_11
county_us_13279,Toombs,base.state_us_11
county_us_13281,Towns,base.state_us_11
county_us_13283,Treutlen,base.state_us_11
county_us_13285,Troup,base.state_us_11
county_us_13287,Turner,base.state_us_11
county_us_13289,Twiggs,base.state_us_11
county_us_13291,Union,base.state_us_11
county_us_13293,Upson,base.state_us_11
county_us_13295,Walker,base.state_us_11
county_us_13297,Walton,base.state_us_11
county_us_13299,Ware,base.state_us_11
county_us_13301,Warren,base.state_us_11
county_us_13303,Washington,base.state_us_11
county_us_13305,Wayne,base.state_us_11
county_us_13309,Wheeler,base.state_us_11
county_us_13311,White,base.state_us_11
county_us_13313,Whitfield,base.state_us_11
county_us_13315,Wilcox,base.state_us_11
county_us_13317,Wilkes,base.state_us_11
county_us_13319,Wilkinson,base.state_us_11
county_us_13321,Worth,base.state_us_11
county_us_15001,Hawaii,base.state_us_12
county_us_15003,Honolulu,base.state_us_12
county_us_15007,Kauai,base.state_us_12
county_us_15009,Maui,base.state_us_12
county_us_16001,Ada,base.state_us_13
county_us_16003,Adams,base.state_us_13
county_us_16005,Bannock,base.state_us_13
county_us_16007,Bear Lake,base.state_us_13
county_us_16009,Benewah,base.state_us_13
county_us_16011,Bingham,base.state_us_13
county_us_16013,Blaine,base.state_us_13
county_us_16015,Boise,base.state_us_13
county_us_16017,Bonner,base.state_us_13
county_us_16019,Bonneville,base.state_us_13
county_us_16021,Boundary,base.state_us_13
county_us_16023,Butte,base.state_us_13
county_us_16025,Camas,base.state_us_13
county_us_16027,Canyon,base.state_us_13
county_us_16029,Caribou,base.state_us_13
county_us_16031,Cassia,base.state_us_13
county_us_16033,Clark,base.state_us_13
county_us_16035,Clearwater,base.state_us_13
county_us_16037,Custer,base.state_us_13
county_us_16039,Elmore,base.state_us_13
county_us_16041,Franklin,base.state_us_13
county_us_16043,Fremont,base.state_us_13
county_us_16045,Gem,base.state_us_13
county_us_16047,Gooding,base.state_us_13
county_us_16049,Idaho,base.state_us_13
county_us_16051,Jefferson,base.state_us_13
county_us_16053,Jerome,base.state_us_13
county_us_16055,Kootenai,base.state_us_13
county_us_16057,Latah,base.state_us_13
county_us_16059,Lemhi,base.state_us_13
county_us_16061,Lewis,base.state_us_13
county_us_16063,Lincoln,base.state_us_13
county_us_16065,Madison,base.state_us_13
county_us_16067,Minidoka,base.state_us_13
county_us_16069,Nez Perce,base.state_us_13
county_us_16071,Oneida,base.state_us_13
county_us_16073,Owyhee,base.state_us_13
county_us_16075,Payette,base.state_us_13
county_us_16077,Power,base.state_us_13
county_us_16079,Shoshone,base.state_us_13
county_us_16081,Teton,base.state_us_13
county_us_16083,Twin Falls,base.state_us_13
county_us_16085,Valley,base.state_us_13
county_us_16087,Washington,base.state_us_13
county_us_17001,Adams,base.state_us_14
county_us_17003,Alexander,base.state_us_14
county_us_17005,Bond,base.state_us_14
county_us_17007,Boone,base.state_us_14
county_us_17009,Brown,base.state_us_14
county_us_17011,Bureau,base.state_us_14
county_us_17013,Calhoun,base.state_us_14
county_us_17015,Carroll,base.state_us_14
county_us_17017,Cass,base.state_us_14
county_us_17019,Champaign,base.state_us_14
county_us_17021,Christian,base.state_us_14
county_us_17023,Clark,base.state_us_14
county_us_17025,Clay,base.state_us_14
county_us_17027,Clinton,base.state_us_14
county_us_17029,Coles,base.state_us_14
county_us_17031,Cook,base.state_us_14
county_us_17033,Crawford,base.state_us_14
county_us_17035,Cumberland,base.state_us_14
county_us_17039,De Witt,base.state_us_14
county_us_17037,DeKalb,base.state_us_14
county_us_17041,Douglas,base.state_us_14
county_us_17043,DuPage,base.state_us_14
county_us_17045,Edgar,base.state_us_14
county_us_17047,Edwards,base.state_us_14
county_us_17049,Effingham,base.state_us_14
county_us_17051,Fayette,base.state_us_14
county_us_17053,Ford,base.state_us_14
county_us_17055,Franklin,base.state_us_14
county_us_17057,Fulton,base.state_us_14
county_us_17059,Gallatin,base.state_us_14
county_us_17061,Greene,base.state_us_14
county_us_17063,Grundy,base.state_us_14
county_us_17065,Hamilton,base.state_us_14
county_us_17067,Hancock,base.state_us_14
county_us_17069,Hardin,base.state_us_14
county_us_17071,Henderson,base.state_us_14
county_us_17073,Henry,base.state_us_14
county_us_17075,Iroquois,base.state_us_14
county_us_17077,Jackson,base.state_us_14
county_us_17079,Jasper,base.state_us_14
county_us_17081,Jefferson,base.state_us_14
county_us_17083,Jersey,base.state_us_14
county_us_17085,Jo Daviess,base.state_us_14
county_us_17087,Johnson,base.state_us_14
county_us_17089,Kane,base.state_us_14
county_us_17091,Kankakee,base.state_us_14
county_us_17093,Kendall,base.state_us_14
county_us_17095,Knox,base.state_us_14
county_us_17099,LaSalle,base.state_us_14
county_us_17097,Lake,base.state_us_14
county_us_17101,Lawrence,base.state_us_14
county_us_17103,Lee,base.state_us_14
county_us_17105,Livingston,base.state_us_14
county_us_17107,Logan,base.state_us_14
county_us_17115,Macon,base.state_us_14
county_us_17117,Macoupin,base.state_us_14
county_us_17119,Madison,base.state_us_14
county_us_17121,Marion,base.state_us_14
county_us_17123,Marshall,base.state_us_14
county_us_17125,Mason,base.state_us_14
county_us_17127,Massac,base.state_us_14
county_us_17109,McDonough,base.state_us_14
county_us_17111,McHenry,base.state_us_14
county_us_17113,McLean,base.state_us_14
county_us_17129,Menard,base.state_us_14
county_us_17131,Mercer,base.state_us_14
county_us_17133,Monroe,base.state_us_14
county_us_17135,Montgomery,base.state_us_14
county_us_17137,Morgan,base.state_us_14
county_us_17139,Moultrie,base.state_us_14
county_us_17141,Ogle,base.state_us_14
county_us_17143,Peoria,base.state_us_14
county_us_17145,Perry,base.state_us_14
county_us_17147,Piatt,base.state_us_14
county_us_17149,Pike,base.state_us_14
county_us_17151,Pope,base.state_us_14
county_us_17153,Pulaski,base.state_us_14
county_us_17155,Putnam,base.state_us_14
county_us_17157,Randolph,base.state_us_14
county_us_17159,Richland,base.state_us_14
county_us_17161,Rock Island,base.state_us_14
county_us_17165,Saline,base.state_us_14
county_us_17167,Sangamon,base.state_us_14
county_us_17169,Schuyler,base.state_us_14
county_us_17171,Scott,base.state_us_14
county_us_17173,Shelby,base.state_us_14
county_us_17163,St. Clair,base.state_us_14
county_us_17175,Stark,base.state_us_14
county_us_17177,Stephenson,base.state_us_14
county_us_17179,Tazewell,base.state_us_14
county_us_17181,Union,base.state_us_14
county_us_17183,Vermilion,base.state_us_14
county_us_17185,Wabash,base.state_us_14
county_us_17187,Warren,base.state_us_14
county_us_17189,Washington,base.state_us_14
county_us_17191,Wayne,base.state_us_14
county_us_17193,White,base.state_us_14
county_us_17195,Whiteside,base.state_us_14
county_us_17197,Will,base.state_us_14
county_us_17199,Williamson,base.state_us_14
county_us_17201,Winnebago,base.state_us_14
county_us_17203,Woodford,base.state_us_14
county_us_18001,Adams,base.state_us_15
county_us_18003,Allen,base.state_us_15
county_us_18005,Bartholomew,base.state_us_15
county_us_18007,Benton,base.state_us_15
county_us_18009,Blackford,base.state_us_15
county_us_18011,Boone,base.state_us_15
county_us_18013,Brown,base.state_us_15
county_us_18015,Carroll,base.state_us_15
county_us_18017,Cass,base.state_us_15
county_us_18019,Clark,base.state_us_15
county_us_18021,Clay,base.state_us_15
county_us_18023,Clinton,base.state_us_15
county_us_18025,Crawford,base.state_us_15
county_us_18027,Daviess,base.state_us_15
county_us_18033,DeKalb,base.state_us_15
county_us_18029,Dearborn,base.state_us_15
county_us_18031,Decatur,base.state_us_15
county_us_18035,Delaware,base.state_us_15
county_us_18037,Dubois,base.state_us_15
county_us_18039,Elkhart,base.state_us_15
county_us_18041,Fayette,base.state_us_15
county_us_18043,Floyd,base.state_us_15
county_us_18045,Fountain,base.state_us_15
county_us_18047,Franklin,base.state_us_15
county_us_18049,Fulton,base.state_us_15
county_us_18051,Gibson,base.state_us_15
county_us_18053,Grant,base.state_us_15
county_us_18055,Greene,base.state_us_15
county_us_18057,Hamilton,base.state_us_15
county_us_18059,Hancock,base.state_us_15
county_us_18061,Harrison,base.state_us_15
county_us_18063,Hendricks,base.state_us_15
county_us_18065,Henry,base.state_us_15
county_us_18067,Howard,base.state_us_15
county_us_18069,Huntington,base.state_us_15
county_us_18071,Jackson,base.state_us_15
county_us_18073,Jasper,base.state_us_15
county_us_18075,Jay,base.state_us_15
county_us_18077,Jefferson,base.state_us_15
county_us_18079,Jennings,base.state_us_15
county_us_18081,Johnson,base.state_us_15
county_us_18083,Knox,base.state_us_15
county_us_18085,Kosciusko,base.state_us_15
county_us_18087,LaGrange,base.state_us_15
county_us_18091,LaPorte,base.state_us_15
county_us_18089,Lake,base.state_us_15
county_us_18093,Lawrence,base.state_us_15
county_us_18095,Madison,base.state_us_15
county_us_18097,Marion,base.state_us_15
county_us_18099,Marshall,base.state_us_15
county_us_18101,Martin,base.state_us_15
county_us_18103,Miami,base.state_us_15
county_us_18105,Monroe,base.state_us_15
county_us_18107,Montgomery,base.state_us_15
county_us_18109,Morgan,base.state_us_15
county_us_18111,Newton,base.state_us_15
county_us_18113,Noble,base.state_us_15
county_us_18115,Ohio,base.state_us_15
county_us_18117,Orange,base.state_us_15
county_us_18119,Owen,base.state_us_15
county_us_18121,Parke,base.state_us_15
county_us_18123,Perry,base.state_us_15
county_us_18125,Pike,base.state_us_15
county_us_18127,Porter,base.state_us_15
county_us_18129,Posey,base.state_us_15
county_us_18131,Pulaski,base.state_us_15
county_us_18133,Putnam,base.state_us_15
county_us_18135,Randolph,base.state_us_15
county_us_18137,Ripley,base.state_us_15
county_us_18139,Rush,base.state_us_15
county_us_18143,Scott,base.state_us_15
county_us_18145,Shelby,base.state_us_15
county_us_18147,Spencer,base.state_us_15
county_us_18141,St. Joseph,base.state_us_15
county_us_18149,Starke,base.state_us_15
county_us_18151,Steuben,base.state_us_15
county_us_18153,Sullivan,base.state_us_15
county_us_18155,Switzerland,base.state_us_15
county_us_18157,Tippecanoe,base.state_us_15
county_us_18159,Tipton,base.state_us_15
county_us_18161,Union,base.state_us_15
county_us_18163,Vanderburgh,base.state_us_15
county_us_18165,Vermillion,base.state_us_15
county_us_18167,Vigo,base.state_us_15
county_us_18169,Wabash,base.state_us_15
county_us_18171,Warren,base.state_us_15
county_us_18173,Warrick,base.state_us_15
county_us_18175,Washington,base.state_us_15
county_us_18177,Wayne,base.state_us_15
county_us_18179,Wells,base.state_us_15
county_us_18181,White,base.state_us_15
county_us_18183,Whitley,base.state_us_15
county_us_19001,Adair,base.state_us_16
county_us_19003,Adams,base.state_us_16
county_us_19005,Allamakee,base.state_us_16
county_us_19007,Appanoose,base.state_us_16
county_us_19009,Audubon,base.state_us_16
county_us_19011,Benton,base.state_us_16
county_us_19013,Black Hawk,base.state_us_16
county_us_19015,Boone,base.state_us_16
county_us_19017,Bremer,base.state_us_16
county_us_19019,Buchanan,base.state_us_16
county_us_19021,Buena Vista,base.state_us_16
county_us_19023,Butler,base.state_us_16
county_us_19025,Calhoun,base.state_us_16
county_us_19027,Carroll,base.state_us_16
county_us_19029,Cass,base.state_us_16
county_us_19031,Cedar,base.state_us_16
county_us_19033,Cerro Gordo,base.state_us_16
county_us_19035,Cherokee,base.state_us_16
county_us_19037,Chickasaw,base.state_us_16
county_us_19039,Clarke,base.state_us_16
county_us_19041,Clay,base.state_us_16
county_us_19043,Clayton,base.state_us_16
county_us_19045,Clinton,base.state_us_16
county_us_19047,Crawford,base.state_us_16
county_us_19049,Dallas,base.state_us_16
county_us_19051,Davis,base.state_us_16
county_us_19053,Decatur,base.state_us_16
county_us_19055,Delaware,base.state_us_16
county_us_19057,Des Moines,base.state_us_16
county_us_19059,Dickinson,base.state_us_16
county_us_19061,Dubuque,base.state_us_16
county_us_19063,Emmet,base.state_us_16
county_us_19065,Fayette,base.state_us_16
county_us_19067,Floyd,base.state_us_16
county_us_19069,Franklin,base.state_us_16
county_us_19071,Fremont,base.state_us_16
county_us_19073,Greene,base.state_us_16
county_us_19075,Grundy,base.state_us_16
county_us_19077,Guthrie,base.state_us_16
county_us_19079,Hamilton,base.state_us_16
county_us_19081,Hancock,base.state_us_16
county_us_19083,Hardin,base.state_us_16
county_us_19085,Harrison,base.state_us_16
county_us_19087,Henry,base.state_us_16
county_us_19089,Howard,base.state_us_16
county_us_19091,Humboldt,base.state_us_16
county_us_19093,Ida,base.state_us_16
county_us_19095,Iowa,base.state_us_16
county_us_19097,Jackson,base.state_us_16
county_us_19099,Jasper,base.state_us_16
county_us_19101,Jefferson,base.state_us_16
county_us_19103,Johnson,base.state_us_16
county_us_19105,Jones,base.state_us_16
county_us_19107,Keokuk,base.state_us_16
county_us_19109,Kossuth,base.state_us_16
county_us_19111,Lee,base.state_us_16
county_us_19113,Linn,base.state_us_16
county_us_19115,Louisa,base.state_us_16
county_us_19117,Lucas,base.state_us_16
county_us_19119,Lyon,base.state_us_16
county_us_19121,Madison,base.state_us_16
county_us_19123,Mahaska,base.state_us_16
county_us_19125,Marion,base.state_us_16
county_us_19127,Marshall,base.state_us_16
county_us_19129,Mills,base.state_us_16
county_us_19131,Mitchell,base.state_us_16
county_us_19133,Monona,base.state_us_16
county_us_19135,Monroe,base.state_us_16
county_us_19137,Montgomery,base.state_us_16
county_us_19139,Muscatine,base.state_us_16
county_us_19141,O'Brien,base.state_us_16
county_us_19143,Osceola,base.state_us_16
county_us_19145,Page,base.state_us_16
county_us_19147,Palo Alto,base.state_us_16
county_us_19149,Plymouth,base.state_us_16
county_us_19151,Pocahontas,base.state_us_16
county_us_19153,Polk,base.state_us_16
county_us_19155,Pottawattamie,base.state_us_16
county_us_19157,Poweshiek,base.state_us_16
county_us_19159,Ringgold,base.state_us_16
county_us_19161,Sac,base.state_us_16
county_us_19163,Scott,base.state_us_16
county_us_19165,Shelby,base.state_us_16
county_us_19167,Sioux,base.state_us_16
county_us_19169,Story,base.state_us_16
county_us_19171,Tama,base.state_us_16
county_us_19173,Taylor,base.state_us_16
county_us_19175,Union,base.state_us_16
county_us_19177,Van Buren,base.state_us_16
county_us_19179,Wapello,base.state_us_16
county_us_19181,Warren,base.state_us_16
county_us_19183,Washington,base.state_us_16
county_us_19185,Wayne,base.state_us_16
county_us_19187,Webster,base.state_us_16
county_us_19189,Winnebago,base.state_us_16
county_us_19191,Winneshiek,base.state_us_16
county_us_19193,Woodbury,base.state_us_16
county_us_19195,Worth,base.state_us_16
county_us_19197,Wright,base.state_us_16
county_us_20001,Allen,base.state_us_17
county_us_20003,Anderson,base.state_us_17
county_us_20005,Atchison,base.state_us_17
county_us_20007,Barber,base.state_us_17
county_us_20009,Barton,base.state_us_17
county_us_20011,Bourbon,base.state_us_17
county_us_20013,Brown,base.state_us_17
county_us_20015,Butler,base.state_us_17
county_us_20017,Chase,base.state_us_17
county_us_20019,Chautauqua,base.state_us_17
county_us_20021,Cherokee,base.state_us_17
county_us_20023,Cheyenne,base.state_us_17
county_us_20025,Clark,base.state_us_17
county_us_20027,Clay,base.state_us_17
county_us_20029,Cloud,base.state_us_17
county_us_20031,Coffey,base.state_us_17
county_us_20033,Comanche,base.state_us_17
county_us_20035,Cowley,base.state_us_17
county_us_20037,Crawford,base.state_us_17
county_us_20039,Decatur,base.state_us_17
county_us_20041,Dickinson,base.state_us_17
county_us_20043,Doniphan,base.state_us_17
county_us_20045,Douglas,base.state_us_17
county_us_20047,Edwards,base.state_us_17
county_us_20049,Elk,base.state_us_17
county_us_20051,Ellis,base.state_us_17
county_us_20053,Ellsworth,base.state_us_17
county_us_20055,Finney,base.state_us_17
county_us_20057,Ford,base.state_us_17
county_us_20059,Franklin,base.state_us_17
county_us_20061,Geary,base.state_us_17
county_us_20063,Gove,base.state_us_17
county_us_20065,Graham,base.state_us_17
county_us_20067,Grant,base.state_us_17
county_us_20069,Gray,base.state_us_17
county_us_20071,Greeley,base.state_us_17
county_us_20073,Greenwood,base.state_us_17
county_us_20075,Hamilton,base.state_us_17
county_us_20077,Harper,base.state_us_17
county_us_20079,Harvey,base.state_us_17
county_us_20081,Haskell,base.state_us_17
county_us_20083,Hodgeman,base.state_us_17
county_us_20085,Jackson,base.state_us_17
county_us_20087,Jefferson,base.state_us_17
county_us_20089,Jewell,base.state_us_17
county_us_20091,Johnson,base.state_us_17
county_us_20093,Kearny,base.state_us_17
county_us_20095,Kingman,base.state_us_17
county_us_20097,Kiowa,base.state_us_17
county_us_20099,Labette,base.state_us_17
county_us_20101,Lane,base.state_us_17
county_us_20103,Leavenworth,base.state_us_17
county_us_20105,Lincoln,base.state_us_17
county_us_20107,Linn,base.state_us_17
county_us_20109,Logan,base.state_us_17
county_us_20111,Lyon,base.state_us_17
county_us_20115,Marion,base.state_us_17
county_us_20117,Marshall,base.state_us_17
county_us_20113,McPherson,base.state_us_17
county_us_20119,Meade,base.state_us_17
county_us_20121,Miami,base.state_us_17
county_us_20123,Mitchell,base.state_us_17
county_us_20125,Montgomery,base.state_us_17
county_us_20127,Morris,base.state_us_17
county_us_20129,Morton,base.state_us_17
county_us_20131,Nemaha,base.state_us_17
county_us_20133,Neosho,base.state_us_17
county_us_20135,Ness,base.state_us_17
county_us_20137,Norton,base.state_us_17
county_us_20139,Osage,base.state_us_17
county_us_20141,Osborne,base.state_us_17
county_us_20143,Ottawa,base.state_us_17
county_us_20145,Pawnee,base.state_us_17
county_us_20147,Phillips,base.state_us_17
county_us_20149,Pottawatomie,base.state_us_17
county_us_20151,Pratt,base.state_us_17
county_us_20153,Rawlins,base.state_us_17
county_us_20155,Reno,base.state_us_17
county_us_20157,Republic,base.state_us_17
county_us_20159,Rice,base.state_us_17
county_us_20161,Riley,base.state_us_17
county_us_20163,Rooks,base.state_us_17
county_us_20165,Rush,base.state_us_17
county_us_20167,Russell,base.state_us_17
county_us_20169,Saline,base.state_us_17
county_us_20171,Scott,base.state_us_17
county_us_20173,Sedgwick,base.state_us_17
county_us_20175,Seward,base.state_us_17
county_us_20177,Shawnee,base.state_us_17
county_us_20179,Sheridan,base.state_us_17
county_us_20181,Sherman,base.state_us_17
county_us_20183,Smith,base.state_us_17
county_us_20185,Stafford,base.state_us_17
county_us_20187,Stanton,base.state_us_17
county_us_20189,Stevens,base.state_us_17
county_us_20191,Sumner,base.state_us_17
county_us_20193,Thomas,base.state_us_17
county_us_20195,Trego,base.state_us_17
county_us_20197,Wabaunsee,base.state_us_17
county_us_20199,Wallace,base.state_us_17
county_us_20201,Washington,base.state_us_17
county_us_20203,Wichita,base.state_us_17
county_us_20205,Wilson,base.state_us_17
county_us_20207,Woodson,base.state_us_17
county_us_20209,Wyandotte,base.state_us_17
county_us_21001,Adair,base.state_us_18
county_us_21003,Allen,base.state_us_18
county_us_21005,Anderson,base.state_us_18
county_us_21007,Ballard,base.state_us_18
county_us_21009,Barren,base.state_us_18
county_us_21011,Bath,base.state_us_18
county_us_21013,Bell,base.state_us_18
county_us_21015,Boone,base.state_us_18
county_us_21017,Bourbon,base.state_us_18
county_us_21019,Boyd,base.state_us_18
county_us_21021,Boyle,base.state_us_18
county_us_21023,Bracken,base.state_us_18
county_us_21025,Breathitt,base.state_us_18
county_us_21027,Breckinridge,base.state_us_18
county_us_21029,Bullitt,base.state_us_18
county_us_21031,Butler,base.state_us_18
county_us_21033,Caldwell,base.state_us_18
county_us_21035,Calloway,base.state_us_18
county_us_21037,Campbell,base.state_us_18
county_us_21039,Carlisle,base.state_us_18
county_us_21041,Carroll,base.state_us_18
county_us_21043,Carter,base.state_us_18
county_us_21045,Casey,base.state_us_18
county_us_21047,Christian,base.state_us_18
county_us_21049,Clark,base.state_us_18
county_us_21051,Clay,base.state_us_18
county_us_21053,Clinton,base.state_us_18
county_us_21055,Crittenden,base.state_us_18
county_us_21057,Cumberland,base.state_us_18
county_us_21059,Daviess,base.state_us_18
county_us_21061,Edmonson,base.state_us_18
county_us_21063,Elliott,base.state_us_18
county_us_21065,Estill,base.state_us_18
county_us_21067,Fayette,base.state_us_18
county_us_21069,Fleming,base.state_us_18
county_us_21071,Floyd,base.state_us_18
county_us_21073,Franklin,base.state_us_18
county_us_21075,Fulton,base.state_us_18
county_us_21077,Gallatin,base.state_us_18
county_us_21079,Garrard,base.state_us_18
county_us_21081,Grant,base.state_us_18
county_us_21083,Graves,base.state_us_18
county_us_21085,Grayson,base.state_us_18
county_us_21087,Green,base.state_us_18
county_us_21089,Greenup,base.state_us_18
county_us_21091,Hancock,base.state_us_18
county_us_21093,Hardin,base.state_us_18
county_us_21095,Harlan,base.state_us_18
county_us_21097,Harrison,base.state_us_18
county_us_21099,Hart,base.state_us_18
county_us_21101,Henderson,base.state_us_18
county_us_21103,Henry,base.state_us_18
county_us_21105,Hickman,base.state_us_18
county_us_21107,Hopkins,base.state_us_18
county_us_21109,Jackson,base.state_us_18
county_us_21111,Jefferson,base.state_us_18
county_us_21113,Jessamine,base.state_us_18
county_us_21115,Johnson,base.state_us_18
county_us_21117,Kenton,base.state_us_18
county_us_21119,Knott,base.state_us_18
county_us_21121,Knox,base.state_us_18
county_us_21123,Larue,base.state_us_18
county_us_21125,Laurel,base.state_us_18
county_us_21127,Lawrence,base.state_us_18
county_us_21129,Lee,base.state_us_18
county_us_21131,Leslie,base.state_us_18
county_us_21133,Letcher,base.state_us_18
county_us_21135,Lewis,base.state_us_18
county_us_21137,Lincoln,base.state_us_18
county_us_21139,Livingston,base.state_us_18
county_us_21141,Logan,base.state_us_18
county_us_21143,Lyon,base.state_us_18
county_us_21151,Madison,base.state_us_18
county_us_21153,Magoffin,base.state_us_18
county_us_21155,Marion,base.state_us_18
county_us_21157,Marshall,base.state_us_18
county_us_21159,Martin,base.state_us_18
county_us_21161,Mason,base.state_us_18
county_us_21145,McCracken,base.state_us_18
county_us_21147,McCreary,base.state_us_18
county_us_21149,McLean,base.state_us_18
county_us_21163,Meade,base.state_us_18
county_us_21165,Menifee,base.state_us_18
county_us_21167,Mercer,base.state_us_18
county_us_21169,Metcalfe,base.state_us_18
county_us_21171,Monroe,base.state_us_18
county_us_21173,Montgomery,base.state_us_18
county_us_21175,Morgan,base.state_us_18
county_us_21177,Muhlenberg,base.state_us_18
county_us_21179,Nelson,base.state_us_18
county_us_21181,Nicholas,base.state_us_18
county_us_21183,Ohio,base.state_us_18
county_us_21185,Oldham,base.state_us_18
county_us_21187,Owen,base.state_us_18
county_us_21189,Owsley,base.state_us_18
county_us_21191,Pendleton,base.state_us_18
county_us_21193,Perry,base.state_us_18
county_us_21195,Pike,base.state_us_18
county_us_21197,Powell,base.state_us_18
county_us_21199,Pulaski,base.state_us_18
county_us_21201,Robertson,base.state_us_18
county_us_21203,Rockcastle,base.state_us_18
county_us_21205,Rowan,base.state_us_18
county_us_21207,Russell,base.state_us_18
county_us_21209,Scott,base.state_us_18
county_us_21211,Shelby,base.state_us_18
county_us_21213,Simpson,base.state_us_18
county_us_21215,Spencer,base.state_us_18
county_us_21217,Taylor,base.state_us_18
county_us_21219,Todd,base.state_us_18
county_us_21221,Trigg,base.state_us_18
county_us_21223,Trimble,base.state_us_18
county_us_21225,Union,base.state_us_18
county_us_21227,Warren,base.state_us_18
county_us_21229,Washington,base.state_us_18
county_us_21231,Wayne,base.state_us_18
county_us_21233,Webster,base.state_us_18
county_us_21235,Whitley,base.state_us_18
county_us_21237,Wolfe,base.state_us_18
county_us_21239,Woodford,base.state_us_18
county_us_22001,Acadia,base.state_us_19
county_us_22003,Allen,base.state_us_19
county_us_22005,Ascension,base.state_us_19
county_us_22007,Assumption,base.state_us_19
county_us_22009,Avoyelles,base.state_us_19
county_us_22011,Beauregard,base.state_us_19
county_us_22013,Bienville,base.state_us_19
county_us_22015,Bossier,base.state_us_19
county_us_22017,Caddo,base.state_us_19
county_us_22019,Calcasieu,base.state_us_19
county_us_22021,Caldwell,base.state_us_19
county_us_22023,Cameron,base.state_us_19
county_us_22025,Catahoula,base.state_us_19
county_us_22027,Claiborne,base.state_us_19
county_us_22029,Concordia,base.state_us_19
county_us_22031,De Soto,base.state_us_19
county_us_22033,East Baton Rouge,base.state_us_19
county_us_22035,East Carroll,base.state_us_19
county_us_22037,East Feliciana,base.state_us_19
county_us_22039,Evangeline,base.state_us_19
county_us_22041,Franklin,base.state_us_19
county_us_22043,Grant,base.state_us_19
county_us_22045,Iberia,base.state_us_19
county_us_22047,Iberville,base.state_us_19
county_us_22049,Jackson,base.state_us_19
county_us_22051,Jefferson,base.state_us_19
county_us_22053,Jefferson Davis,base.state_us_19
county_us_22059,LaSalle,base.state_us_19
county_us_22055,Lafayette,base.state_us_19
county_us_22057,Lafourche,base.state_us_19
county_us_22061,Lincoln,base.state_us_19
county_us_22063,Livingston,base.state_us_19
county_us_22065,Madison,base.state_us_19
county_us_22067,Morehouse,base.state_us_19
county_us_22069,Natchitoches,base.state_us_19
county_us_22071,Orleans,base.state_us_19
county_us_22073,Ouachita,base.state_us_19
county_us_22075,Plaquemines,base.state_us_19
county_us_22077,Pointe Coupee,base.state_us_19
county_us_22079,Rapides,base.state_us_19
county_us_22081,Red River,base.state_us_19
county_us_22083,Richland,base.state_us_19
county_us_22085,Sabine,base.state_us_19
county_us_22087,St. Bernard,base.state_us_19
county_us_22089,St. Charles,base.state_us_19
county_us_22091,St. Helena,base.state_us_19
county_us_22093,St. James,base.state_us_19
county_us_22095,St. John the Baptist,base.state_us_19
county_us_22097,St. Landry,base.state_us_19
county_us_22099,St. Martin,base.state_us_19
county_us_22101,St. Mary,base.state_us_19
county_us_22103,St. Tammany,base.state_us_19
county_us_22105,Tangipahoa,base.state_us_19
county_us_22107,Tensas,base.state_us_19
county_us_22109,Terrebonne,base.state_us_19
county_us_22111,Union,base.state_us_19
county_us_22113,Vermilion,base.state_us_19
county_us_22115,Vernon,base.state_us_19
county_us_22117,Washington,base.state_us_19
county_us_22119,Webster,base.state_us_19
county_us_22121,West Baton Rouge,base.state_us_19
county_us_22123,West Carroll,base.state_us_19
county_us_22125,West Feliciana,base.state_us_19
county_us_22127,Winn,base.state_us_19
county_us_23001,Androscoggin,base.state_us_20
county_us_23003,Aroostook,base.state_us_20
county_us_23005,Cumberland,base.state_us_20
county_us_23007,Franklin,base.state_us_20
county_us_23009,Hancock,base.state_us_20
county_us_23011,Kennebec,base.state_us_20
county_us_23013,Knox,base.state_us_20
county_us_23017,Oxford,base.state_us_20
county_us_23019,Penobscot,base.state_us_20
county_us_23021,Piscataquis,base.state_us_20
county_us_23023,Sagadahoc,base.state_us_20
county_us_23025,Somerset,base.state_us_20
county_us_23027,Waldo,base.state_us_20
county_us_23029,Washington,base.state_us_20
county_us_23031,York,base.state_us_20
county_us_24001,Allegany,base.state_us_33
county_us_24003,Anne Arundel,base.state_us_33
county_us_24005,Baltimore,base.state_us_33
county_us_24009,Calvert,base.state_us_33
county_us_24011,Caroline,base.state_us_33
county_us_24013,Carroll,base.state_us_33
county_us_24015,Cecil,base.state_us_33
county_us_24017,Charles,base.state_us_33
county_us_24019,Dorchester,base.state_us_33
county_us_24021,Frederick,base.state_us_33
county_us_24023,Garrett,base.state_us_33
county_us_24025,Harford,base.state_us_33
county_us_24027,Howard,base.state_us_33
county_us_24029,Kent,base.state_us_33
county_us_24031,Montgomery,base.state_us_33
county_us_24033,Prince George's,base.state_us_33
county_us_24035,Queen Anne's,base.state_us_33
county_us_24039,Somerset,base.state_us_33
county_us_24037,St. Mary's,base.state_us_33
county_us_24041,Talbot,base.state_us_33
county_us_24043,Washington,base.state_us_33
county_us_24045,Wicomico,base.state_us_33
county_us_24047,Worcester,base.state_us_33
county_us_25001,Barnstable,base.state_us_34
county_us_25003,Berkshire,base.state_us_34
county_us_25005,Bristol,base.state_us_34
county_us_25007,Dukes,base.state_us_34
county_us_25009,Essex,base.state_us_34
county_us_25011,Franklin,base.state_us_34
county_us_25013,Hampden,base.state_us_34
county_us_25015,Hampshire,base.state_us_34
county_us_25017,Middlesex,base.state_us_34
county_us_25019,Nantucket,base.state_us_34
county_us_25021,Norfolk,base.state_us_34
county_us_25023,Plymouth,base.state_us_34
county_us_25025,Suffolk,base.state_us_34
county_us_25027,Worcester,base.state_us_34
county_us_26001,Alcona,base.state_us_35
county_us_26003,Alger,base.state_us_35
county_us_26005,Allegan,base.state_us_35
county_us_26007,Alpena,base.state_us_35
county_us_26009,Antrim,base.state_us_35
county_us_26011,Arenac,base.state_us_35
county_us_26013,Baraga,base.state_us_35
county_us_26015,Barry,base.state_us_35
county_us_26017,Bay,base.state_us_35
county_us_26019,Benzie,base.state_us_35
county_us_26021,Berrien,base.state_us_35
county_us_26023,Branch,base.state_us_35
county_us_26025,Calhoun,base.state_us_35
county_us_26027,Cass,base.state_us_35
county_us_26029,Charlevoix,base.state_us_35
county_us_26031,Cheboygan,base.state_us_35
county_us_26033,Chippewa,base.state_us_35
county_us_26035,Clare,base.state_us_35
county_us_26037,Clinton,base.state_us_35
county_us_26039,Crawford,base.state_us_35
county_us_26041,Delta,base.state_us_35
county_us_26043,Dickinson,base.state_us_35
county_us_26045,Eaton,base.state_us_35
county_us_26047,Emmet,base.state_us_35
county_us_26049,Genesee,base.state_us_35
county_us_26051,Gladwin,base.state_us_35
county_us_26053,Gogebic,base.state_us_35
county_us_26055,Grand Traverse,base.state_us_35
county_us_26057,Gratiot,base.state_us_35
county_us_26059,Hillsdale,base.state_us_35
county_us_26061,Houghton,base.state_us_35
county_us_26063,Huron,base.state_us_35
county_us_26065,Ingham,base.state_us_35
county_us_26067,Ionia,base.state_us_35
county_us_26069,Iosco,base.state_us_35
county_us_26071,Iron,base.state_us_35
county_us_26073,Isabella,base.state_us_35
county_us_26075,Jackson,base.state_us_35
county_us_26077,Kalamazoo,base.state_us_35
county_us_26079,Kalkaska,base.state_us_35
county_us_26081,Kent,base.state_us_35
county_us_26083,Keweenaw,base.state_us_35
county_us_26085,Lake,base.state_us_35
county_us_26087,Lapeer,base.state_us_35
county_us_26089,Leelanau,base.state_us_35
county_us_26091,Lenawee,base.state_us_35
county_us_26093,Livingston,base.state_us_35
county_us_26095,Luce,base.state_us_35
county_us_26097,Mackinac,base.state_us_35
county_us_26099,Macomb,base.state_us_35
county_us_26101,Manistee,base.state_us_35
county_us_26103,Marquette,base.state_us_35
county_us_26105,Mason,base.state_us_35
county_us_26107,Mecosta,base.state_us_35
county_us_26109,Menominee,base.state_us_35
county_us_26111,Midland,base.state_us_35
county_us_26113,Missaukee,base.state_us_35
county_us_26115,Monroe,base.state_us_35
county_us_26117,Montcalm,base.state_us_35
county_us_26119,Montmorency,base.state_us_35
county_us_26121,Muskegon,base.state_us_35
county_us_26123,Newaygo,base.state_us_35
county_us_26125,Oakland,base.state_us_35
county_us_26127,Oceana,base.state_us_35
county_us_26129,Ogemaw,base.state_us_35
county_us_26131,Ontonagon,base.state_us_35
county_us_26133,Osceola,base.state_us_35
county_us_26135,Oscoda,base.state_us_35
county_us_26137,Otsego,base.state_us_35
county_us_26139,Ottawa,base.state_us_35
county_us_26141,Presque Isle,base.state_us_35
county_us_26143,Roscommon,base.state_us_35
county_us_26145,Saginaw,base.state_us_35
county_us_26151,Sanilac,base.state_us_35
county_us_26153,Schoolcraft,base.state_us_35
county_us_26155,Shiawassee,base.state_us_35
county_us_26147,St. Clair,base.state_us_35
county_us_26149,St. Joseph,base.state_us_35
county_us_26157,Tuscola,base.state_us_35
county_us_26159,Van Buren,base.state_us_35
county_us_26161,Washtenaw,base.state_us_35
county_us_26163,Wayne,base.state_us_35
county_us_26165,Wexford,base.state_us_35
county_us_27001,Aitkin,base.state_us_36
county_us_27003,Anoka,base.state_us_36
county_us_27005,Becker,base.state_us_36
county_us_27007,Beltrami,base.state_us_36
county_us_27009,Benton,base.state_us_36
county_us_27011,Big Stone,base.state_us_36
county_us_27013,Blue Earth,base.state_us_36
county_us_27015,Brown,base.state_us_36
county_us_27017,Carlton,base.state_us_36
county_us_27019,Carver,base.state_us_36
county_us_27021,Cass,base.state_us_36
county_us_27023,Chippewa,base.state_us_36
county_us_27025,Chisago,base.state_us_36
county_us_27027,Clay,base.state_us_36
county_us_27029,Clearwater,base.state_us_36
county_us_27031,Cook,base.state_us_36
county_us_27033,Cottonwood,base.state_us_36
county_us_27035,Crow Wing,base.state_us_36
county_us_27037,Dakota,base.state_us_36
county_us_27039,Dodge,base.state_us_36
county_us_27041,Douglas,base.state_us_36
county_us_27043,Faribault,base.state_us_36
county_us_27045,Fillmore,base.state_us_36
county_us_27047,Freeborn,base.state_us_36
county_us_27049,Goodhue,base.state_us_36
county_us_27051,Grant,base.state_us_36
county_us_27053,Hennepin,base.state_us_36
county_us_27055,Houston,base.state_us_36
county_us_27057,Hubbard,base.state_us_36
county_us_27059,Isanti,base.state_us_36
county_us_27061,Itasca,base.state_us_36
county_us_27063,Jackson,base.state_us_36
county_us_27065,Kanabec,base.state_us_36
county_us_27067,Kandiyohi,base.state_us_36
county_us_27069,Kittson,base.state_us_36
county_us_27071,Koochiching,base.state_us_36
county_us_27073,Lac qui Parle,base.state_us_36
county_us_27075,Lake,base.state_us_36
county_us_27077,Lake of the Woods,base.state_us_36
county_us_27079,Le Sueur,base.state_us_36
county_us_27081,Lincoln,base.state_us_36
county_us_27083,Lyon,base.state_us_36
county_us_27087,Mahnomen,base.state_us_36
county_us_27089,Marshall,base.state_us_36
county_us_27091,Martin,base.state_us_36
county_us_27085,McLeod,base.state_us_36
county_us_27093,Meeker,base.state_us_36
county_us_27095,Mille Lacs,base.state_us_36
county_us_27097,Morrison,base.state_us_36
county_us_27099,Mower,base.state_us_36
county_us_27101,Murray,base.state_us_36
county_us_27103,Nicollet,base.state_us_36
county_us_27105,Nobles,base.state_us_36
county_us_27107,Norman,base.state_us_36
county_us_27109,Olmsted,base.state_us_36
county_us_27111,Otter Tail,base.state_us_36
county_us_27113,Pennington,base.state_us_36
county_us_27115,Pine,base.state_us_36
county_us_27117,Pipestone,base.state_us_36
county_us_27119,Polk,base.state_us_36
county_us_27121,Pope,base.state_us_36
county_us_27123,Ramsey,base.state_us_36
county_us_27125,Red Lake,base.state_us_36
county_us_27127,Redwood,base.state_us_36
county_us_27129,Renville,base.state_us_36
county_us_27131,Rice,base.state_us_36
county_us_27133,Rock,base.state_us_36
county_us_27135,Roseau,base.state_us_36
county_us_27139,Scott,base.state_us_36
county_us_27141,Sherburne,base.state_us_36
county_us_27143,Sibley,base.state_us_36
county_us_27137,St. Louis,base.state_us_36
county_us_27145,Stearns,base.state_us_36
county_us_27147,Steele,base.state_us_36
county_us_27149,Stevens,base.state_us_36
county_us_27151,Swift,base.state_us_36
county_us_27153,Todd,base.state_us_36
county_us_27155,Traverse,base.state_us_36
county_us_27157,Wabasha,base.state_us_36
county_us_27159,Wadena,base.state_us_36
county_us_27161,Waseca,base.state_us_36
county_us_27163,Washington,base.state_us_36
county_us_27165,Watonwan,base.state_us_36
county_us_27167,Wilkin,base.state_us_36
county_us_27169,Winona,base.state_us_36
county_us_27171,Wright,base.state_us_36
county_us_27173,Yellow Medicine,base.state_us_36
county_us_28001,Adams,base.state_us_37
county_us_28003,Alcorn,base.state_us_37
county_us_28005,Amite,base.state_us_37
county_us_28007,Attala,base.state_us_37
county_us_28009,Benton,base.state_us_37
county_us_28011,Bolivar,base.state_us_37
county_us_28013,Calhoun,base.state_us_37
county_us_28015,Carroll,base.state_us_37
county_us_28017,Chickasaw,base.state_us_37
county_us_28019,Choctaw,base.state_us_37
county_us_28021,Claiborne,base.state_us_37
county_us_28023,Clarke,base.state_us_37
county_us_28025,Clay,base.state_us_37
county_us_28027,Coahoma,base.state_us_37
county_us_28029,Copiah,base.state_us_37
county_us_28031,Covington,base.state_us_37
county_us_28033,DeSoto,base.state_us_37
county_us_28035,Forrest,base.state_us_37
county_us_28037,Franklin,base.state_us_37
county_us_28039,George,base.state_us_37
county_us_28041,Greene,base.state_us_37
county_us_28043,Grenada,base.state_us_37
county_us_28045,Hancock,base.state_us_37
county_us_28047,Harrison,base.state_us_37
county_us_28049,Hinds,base.state_us_37
county_us_28051,Holmes,base.state_us_37
county_us_28053,Humphreys,base.state_us_37
county_us_28055,Issaquena,base.state_us_37
county_us_28057,Itawamba,base.state_us_37
county_us_28059,Jackson,base.state_us_37
county_us_28061,Jasper,base.state_us_37
county_us_28063,Jefferson,base.state_us_37
county_us_28065,Jefferson Davis,base.state_us_37
county_us_28067,Jones,base.state_us_37
county_us_28069,Kemper,base.state_us_37
county_us_28071,Lafayette,base.state_us_37
county_us_28073,Lamar,base.state_us_37
county_us_28075,Lauderdale,base.state_us_37
county_us_28077,Lawrence,base.state_us_37
county_us_28079,Leake,base.state_us_37
county_us_28081,Lee,base.state_us_37
county_us_28083,Leflore,base.state_us_37
county_us_28085,Lincoln,base.state_us_37
county_us_28087,Lowndes,base.state_us_37
county_us_28089,Madison,base.state_us_37
county_us_28091,Marion,base.state_us_37
county_us_28093,Marshall,base.state_us_37
county_us_28095,Monroe,base.state_us_37
county_us_28097,Montgomery,base.state_us_37
county_us_28099,Neshoba,base.state_us_37
county_us_28101,Newton,base.state_us_37
county_us_28103,Noxubee,base.state_us_37
county_us_28105,Oktibbeha,base.state_us_37
county_us_28107,Panola,base.state_us_37
county_us_28109,Pearl River,base.state_us_37
county_us_28111,Perry,base.state_us_37
county_us_28113,Pike,base.state_us_37
county_us_28115,Pontotoc,base.state_us_37
county_us_28117,Prentiss,base.state_us_37
county_us_28119,Quitman,base.state_us_37
county_us_28121,Rankin,base.state_us_37
county_us_28123,Scott,base.state_us_37
county_us_28125,Sharkey,base.state_us_37
county_us_28127,Simpson,base.state_us_37
county_us_28129,Smith,base.state_us_37
county_us_28131,Stone,base.state_us_37
county_us_28133,Sunflower,base.state_us_37
county_us_28135,Tallahatchie,base.state_us_37
county_us_28137,Tate,base.state_us_37
county_us_28139,Tippah,base.state_us_37
county_us_28141,Tishomingo,base.state_us_37
county_us_28143,Tunica,base.state_us_37
county_us_28145,Union,base.state_us_37
county_us_28147,Walthall,base.state_us_37
county_us_28149,Warren,base.state_us_37
county_us_28151,Washington,base.state_us_37
county_us_28153,Wayne,base.state_us_37
county_us_28155,Webster,base.state_us_37
county_us_28157,Wilkinson,base.state_us_37
county_us_28159,Winston,base.state_us_37
county_us_28161,Yalobusha,base.state_us_37
county_us_28163,Yazoo,base.state_us_37
county_us_29001,Adair,base.state_us_38
county_us_29003,Andrew,base.state_us_38
county_us_29005,Atchison,base.state_us_38
county_us_29007,Audrain,base.state_us_38
county_us_29009,Barry,base.state_us_38
county_us_29011,Barton,base.state_us_38
county_us_29013,Bates,base.state_us_38
county_us_29015,Benton,base.state_us_38
county_us_29017,Bollinger,base.state_us_38
county_us_29019,Boone,base.state_us_38
county_us_29021,Buchanan,base.state_us_38
county_us_29023,Butler,base.state_us_38
county_us_29025,Caldwell,base.state_us_38
county_us_29027,Callaway,base.state_us_38
county_us_29029,Camden,base.state_us_38
county_us_29031,Cape Girardeau,base.state_us_38
county_us_29033,Carroll,base.state_us_38
county_us_29035,Carter,base.state_us_38
county_us_29037,Cass,base.state_us_38
county_us_29039,Cedar,base.state_us_38
county_us_29041,Chariton,base.state_us_38
county_us_29043,Christian,base.state_us_38
county_us_29045,Clark,base.state_us_38
county_us_29047,Clay,base.state_us_38
county_us_29049,Clinton,base.state_us_38
county_us_29051,Cole,base.state_us_38
county_us_29053,Cooper,base.state_us_38
county_us_29055,Crawford,base.state_us_38
county_us_29057,Dade,base.state_us_38
county_us_29059,Dallas,base.state_us_38
county_us_29061,Daviess,base.state_us_38
county_us_29063,DeKalb,base.state_us_38
county_us_29065,Dent,base.state_us_38
county_us_29067,Douglas,base.state_us_38
county_us_29069,Dunklin,base.state_us_38
county_us_29071,Franklin,base.state_us_38
county_us_29073,Gasconade,base.state_us_38
county_us_29075,Gentry,base.state_us_38
county_us_29077,Greene,base.state_us_38
county_us_29079,Grundy,base.state_us_38
county_us_29081,Harrison,base.state_us_38
county_us_29083,Henry,base.state_us_38
county_us_29085,Hickory,base.state_us_38
county_us_29087,Holt,base.state_us_38
county_us_29089,Howard,base.state_us_38
county_us_29091,Howell,base.state_us_38
county_us_29093,Iron,base.state_us_38
county_us_29095,Jackson,base.state_us_38
county_us_29097,Jasper,base.state_us_38
county_us_29099,Jefferson,base.state_us_38
county_us_29101,Johnson,base.state_us_38
county_us_29103,Knox,base.state_us_38
county_us_29105,Laclede,base.state_us_38
county_us_29107,Lafayette,base.state_us_38
county_us_29109,Lawrence,base.state_us_38
county_us_29111,Lewis,base.state_us_38
county_us_29113,Lincoln,base.state_us_38
county_us_29115,Linn,base.state_us_38
county_us_29117,Livingston,base.state_us_38
county_us_29121,Macon,base.state_us_38
county_us_29123,Madison,base.state_us_38
county_us_29125,Maries,base.state_us_38
county_us_29127,Marion,base.state_us_38
county_us_29119,McDonald,base.state_us_38
county_us_29129,Mercer,base.state_us_38
county_us_29131,Miller,base.state_us_38
county_us_29133,Mississippi,base.state_us_38
county_us_29135,Moniteau,base.state_us_38
county_us_29137,Monroe,base.state_us_38
county_us_29139,Montgomery,base.state_us_38
county_us_29141,Morgan,base.state_us_38
county_us_29143,New Madrid,base.state_us_38
county_us_29145,Newton,base.state_us_38
county_us_29147,Nodaway,base.state_us_38
county_us_29149,Oregon,base.state_us_38
county_us_29151,Osage,base.state_us_38
county_us_29153,Ozark,base.state_us_38
county_us_29155,Pemiscot,base.state_us_38
county_us_29157,Perry,base.state_us_38
county_us_29159,Pettis,base.state_us_38
county_us_29161,Phelps,base.state_us_38
county_us_29163,Pike,base.state_us_38
county_us_29165,Platte,base.state_us_38
county_us_29167,Polk,base.state_us_38
county_us_29169,Pulaski,base.state_us_38
county_us_29171,Putnam,base.state_us_38
county_us_29173,Ralls,base.state_us_38
county_us_29175,Randolph,base.state_us_38
county_us_29177,Ray,base.state_us_38
county_us_29179,Reynolds,base.state_us_38
county_us_29181,Ripley,base.state_us_38
county_us_29195,Saline,base.state_us_38
county_us_29197,Schuyler,base.state_us_38
county_us_29199,Scotland,base.state_us_38
county_us_29201,Scott,base.state_us_38
county_us_29203,Shannon,base.state_us_38
county_us_29205,Shelby,base.state_us_38
county_us_29183,St. Charles,base.state_us_38
county_us_29185,St. Clair,base.state_us_38
county_us_29187,St. Francois,base.state_us_38
county_us_29189,St. Louis,base.state_us_38
county_us_29186,Ste. Genevieve,base.state_us_38
county_us_29207,Stoddard,base.state_us_38
county_us_29209,Stone,base.state_us_38
county_us_29211,Sullivan,base.state_us_38
county_us_29213,Taney,base.state_us_38
county_us_29215,Texas,base.state_us_38
county_us_29217,Vernon,base.state_us_38
county_us_29219,Warren,base.state_us_38
county_us_29221,Washington,base.state_us_38
county_us_29223,Wayne,base.state_us_38
county_us_29225,Webster,base.state_us_38
county_us_29227,Worth,base.state_us_38
county_us_29229,Wright,base.state_us_38
county_us_30001,Beaverhead,base.state_us_21
county_us_30003,Big Horn,base.state_us_21
county_us_30005,Blaine,base.state_us_21
county_us_30007,Broadwater,base.state_us_21
county_us_30009,Carbon,base.state_us_21
county_us_30011,Carter,base.state_us_21
county_us_30013,Cascade,base.state_us_21
county_us_30015,Chouteau,base.state_us_21
county_us_30017,Custer,base.state_us_21
county_us_30019,Daniels,base.state_us_21
county_us_30021,Dawson,base.state_us_21
county_us_30023,Deer Lodge,base.state_us_21
county_us_30025,Fallon,base.state_us_21
county_us_30027,Fergus,base.state_us_21
county_us_30029,Flathead,base.state_us_21
county_us_30031,Gallatin,base.state_us_21
county_us_30033,Garfield,base.state_us_21
county_us_30035,Glacier,base.state_us_21
county_us_30037,Golden Valley,base.state_us_21
county_us_30039,Granite,base.state_us_21
county_us_30041,Hill,base.state_us_21
county_us_30043,Jefferson,base.state_us_21
county_us_30045,Judith Basin,base.state_us_21
county_us_30047,Lake,base.state_us_21
county_us_30049,Lewis and Clark,base.state_us_21
county_us_30051,Liberty,base.state_us_21
county_us_30053,Lincoln,base.state_us_21
county_us_30057,Madison,base.state_us_21
county_us_30055,McCone,base.state_us_21
county_us_30059,Meagher,base.state_us_21
county_us_30061,Mineral,base.state_us_21
county_us_30063,Missoula,base.state_us_21
county_us_30065,Musselshell,base.state_us_21
county_us_30067,Park,base.state_us_21
county_us_30069,Petroleum,base.state_us_21
county_us_30071,Phillips,base.state_us_21
county_us_30073,Pondera,base.state_us_21
county_us_30075,Powder River,base.state_us_21
county_us_30077,Powell,base.state_us_21
county_us_30079,Prairie,base.state_us_21
county_us_30081,Ravalli,base.state_us_21
county_us_30083,Richland,base.state_us_21
county_us_30085,Roosevelt,base.state_us_21
county_us_30087,Rosebud,base.state_us_21
county_us_30089,Sanders,base.state_us_21
county_us_30091,Sheridan,base.state_us_21
county_us_30093,Silver Bow,base.state_us_21
county_us_30095,Stillwater,base.state_us_21
county_us_30097,Sweet Grass,base.state_us_21
county_us_30099,Teton,base.state_us_21
county_us_30101,Toole,base.state_us_21
county_us_30103,Treasure,base.state_us_21
county_us_30105,Valley,base.state_us_21
county_us_30107,Wheatland,base.state_us_21
county_us_30109,Wibaux,base.state_us_21
county_us_30111,Yellowstone,base.state_us_21
county_us_31001,Adams,base.state_us_22
county_us_31003,Antelope,base.state_us_22
county_us_31005,Arthur,base.state_us_22
county_us_31007,Banner,base.state_us_22
county_us_31009,Blaine,base.state_us_22
county_us_31011,Boone,base.state_us_22
county_us_31013,Box Butte,base.state_us_22
county_us_31015,Boyd,base.state_us_22
county_us_31017,Brown,base.state_us_22
county_us_31019,Buffalo,base.state_us_22
county_us_31021,Burt,base.state_us_22
county_us_31023,Butler,base.state_us_22
county_us_31025,Cass,base.state_us_22
county_us_31027,Cedar,base.state_us_22
county_us_31029,Chase,base.state_us_22
county_us_31031,Cherry,base.state_us_22
county_us_31033,Cheyenne,base.state_us_22
county_us_31035,Clay,base.state_us_22
county_us_31037,Colfax,base.state_us_22
county_us_31039,Cuming,base.state_us_22
county_us_31041,Custer,base.state_us_22
county_us_31043,Dakota,base.state_us_22
county_us_31045,Dawes,base.state_us_22
county_us_31047,Dawson,base.state_us_22
county_us_31049,Deuel,base.state_us_22
county_us_31051,Dixon,base.state_us_22
county_us_31053,Dodge,base.state_us_22
county_us_31055,Douglas,base.state_us_22
county_us_31057,Dundy,base.state_us_22
county_us_31059,Fillmore,base.state_us_22
county_us_31061,Franklin,base.state_us_22
county_us_31063,Frontier,base.state_us_22
county_us_31065,Furnas,base.state_us_22
county_us_31067,Gage,base.state_us_22
county_us_31069,Garden,base.state_us_22
county_us_31071,Garfield,base.state_us_22
county_us_31073,Gosper,base.state_us_22
county_us_31075,Grant,base.state_us_22
county_us_31077,Greeley,base.state_us_22
county_us_31079,Hall,base.state_us_22
county_us_31081,Hamilton,base.state_us_22
county_us_31083,Harlan,base.state_us_22
county_us_31085,Hayes,base.state_us_22
county_us_31087,Hitchcock,base.state_us_22
county_us_31089,Holt,base.state_us_22
county_us_31091,Hooker,base.state_us_22
county_us_31093,Howard,base.state_us_22
county_us_31095,Jefferson,base.state_us_22
county_us_31097,Johnson,base.state_us_22
county_us_31099,Kearney,base.state_us_22
county_us_31101,Keith,base.state_us_22
county_us_31103,Keya Paha,base.state_us_22
county_us_31105,Kimball,base.state_us_22
county_us_31107,Knox,base.state_us_22
county_us_31109,Lancaster,base.state_us_22
county_us_31111,Lincoln,base.state_us_22
county_us_31113,Logan,base.state_us_22
county_us_31115,Loup,base.state_us_22
county_us_31119,Madison,base.state_us_22
county_us_31117,McPherson,base.state_us_22
county_us_31121,Merrick,base.state_us_22
county_us_31123,Morrill,base.state_us_22
county_us_31125,Nance,base.state_us_22
county_us_31127,Nemaha,base.state_us_22
county_us_31129,Nuckolls,base.state_us_22
county_us_31131,Otoe,base.state_us_22
county_us_31133,Pawnee,base.state_us_22
county_us_31135,Perkins,base.state_us_22
county_us_31137,Phelps,base.state_us_22
county_us_31139,Pierce,base.state_us_22
county_us_31141,Platte,base.state_us_22
county_us_31143,Polk,base.state_us_22
county_us_31145,Red Willow,base.state_us_22
county_us_31147,Richardson,base.state_us_22
county_us_31149,Rock,base.state_us_22
county_us_31151,Saline,base.state_us_22
county_us_31153,Sarpy,base.state_us_22
county_us_31155,Saunders,base.state_us_22
county_us_31157,Scotts Bluff,base.state_us_22
county_us_31159,Seward,base.state_us_22
county_us_31161,Sheridan,base.state_us_22
county_us_31163,Sherman,base.state_us_22
county_us_31165,Sioux,base.state_us_22
county_us_31167,Stanton,base.state_us_22
county_us_31169,Thayer,base.state_us_22
county_us_31171,Thomas,base.state_us_22
county_us_31173,Thurston,base.state_us_22
county_us_31175,Valley,base.state_us_22
county_us_31177,Washington,base.state_us_22
county_us_31179,Wayne,base.state_us_22
county_us_31181,Webster,base.state_us_22
county_us_31183,Wheeler,base.state_us_22
county_us_31185,York,base.state_us_22
county_us_32001,Churchill,base.state_us_23
county_us_32003,Clark,base.state_us_23
county_us_32005,Douglas,base.state_us_23
county_us_32007,Elko,base.state_us_23
county_us_32009,Esmeralda,base.state_us_23
county_us_32011,Eureka,base.state_us_23
county_us_32013,Humboldt,base.state_us_23
county_us_32015,Lander,base.state_us_23
county_us_32017,Lincoln,base.state_us_23
county_us_32019,Lyon,base.state_us_23
county_us_32021,Mineral,base.state_us_23
county_us_32023,Nye,base.state_us_23
county_us_32027,Pershing,base.state_us_23
county_us_32029,Storey,base.state_us_23
county_us_32031,Washoe,base.state_us_23
county_us_32033,White Pine,base.state_us_23
county_us_33001,Belknap,base.state_us_24
county_us_33003,Carroll,base.state_us_24
county_us_33005,Cheshire,base.state_us_24
county_us_33007,Coos,base.state_us_24
county_us_33009,Grafton,base.state_us_24
county_us_33011,Hillsborough,base.state_us_24
county_us_33013,Merrimack,base.state_us_24
county_us_33015,Rockingham,base.state_us_24
county_us_33017,Strafford,base.state_us_24
county_us_33019,Sullivan,base.state_us_24
county_us_34001,Atlantic,base.state_us_25
county_us_34003,Bergen,base.state_us_25
county_us_34005,Burlington,base.state_us_25
county_us_34007,Camden,base.state_us_25
county_us_34009,Cape May,base.state_us_25
county_us_34011,Cumberland,base.state_us_25
county_us_34013,Essex,base.state_us_25
county_us_34015,Gloucester,base.state_us_25
county_us_34017,Hudson,base.state_us_25
county_us_34019,Hunterdon,base.state_us_25
county_us_34021,Mercer,base.state_us_25
county_us_34023,Middlesex,base.state_us_25
county_us_34025,Monmouth,base.state_us_25
county_us_34027,Morris,base.state_us_25
county_us_34029,Ocean,base.state_us_25
county_us_34031,Passaic,base.state_us_25
county_us_34033,Salem,base.state_us_25
county_us_34035,Somerset,base.state_us_25
county_us_34037,Sussex,base.state_us_25
county_us_34039,Union,base.state_us_25
county_us_34041,Warren,base.state_us_25
county_us_35001,Bernalillo,base.state_us_26
county_us_35003,Catron,base.state_us_26
county_us_35005,Chaves,base.state_us_26
county_us_35006,Cibola,base.state_us_26
county_us_35007,Colfax,base.state_us_26
county_us_35009,Curry,base.state_us_26
county_us_35011,De Baca,base.state_us_26
county_us_35013,Doña Ana,base.state_us_26
county_us_35015,Eddy,base.state_us_26
county_us_35017,Grant,base.state_us_26
county_us_35019,Guadalupe,base.state_us_26
county_us_35021,Harding,base.state_us_26
county_us_35023,Hidalgo,base.state_us_26
county_us_35025,Lea,base.state_us_26
county_us_35027,Lincoln,base.state_us_26
county_us_35028,Los Alamos,base.state_us_26
county_us_35029,Luna,base.state_us_26
county_us_35031,McKinley,base.state_us_26
county_us_35033,Mora,base.state_us_26
county_us_35035,Otero,base.state_us_26
county_us_35037,Quay,base.state_us_26
county_us_35039,Rio Arriba,base.state_us_26
county_us_35041,Roosevelt,base.state_us_26
county_us_35045,San Juan,base.state_us_26
county_us_35047,San Miguel,base.state_us_26
county_us_35043,Sandoval,base.state_us_26
county_us_35049,Santa Fe,base.state_us_26
county_us_35051,Sierra,base.state_us_26
county_us_35053,Socorro,base.state_us_26
county_us_35055,Taos,base.state_us_26
county_us_35057,Torrance,base.state_us_26
county_us_35059,Union,base.state_us_26
county_us_35061,Valencia,base.state_us_26
county_us_36001,Albany,base.state_us_27
county_us_36003,Allegany,base.state_us_27
county_us_36005,Bronx,base.state_us_27
county_us_36007,Broome,base.state_us_27
county_us_36009,Cattaraugus,base.state_us_27
county_us_36011,Cayuga,base.state_us_27
county_us_36013,Chautauqua,base.state_us_27
county_us_36015,Chemung,base.state_us_27
county_us_36017,Chenango,base.state_us_27
county_us_36019,Clinton,base.state_us_27
county_us_36021,Columbia,base.state_us_27
county_us_36023,Cortland,base.state_us_27
county_us_36025,Delaware,base.state_us_27
county_us_36027,Dutchess,base.state_us_27
county_us_36029,Erie,base.state_us_27
county_us_36031,Essex,base.state_us_27
county_us_36033,Franklin,base.state_us_27
county_us_36035,Fulton,base.state_us_27
county_us_36037,Genesee,base.state_us_27
county_us_36039,Greene,base.state_us_27
county_us_36041,Hamilton,base.state_us_27
county_us_36043,Herkimer,base.state_us_27
county_us_36045,Jefferson,base.state_us_27
county_us_36047,Kings,base.state_us_27
county_us_36049,Lewis,base.state_us_27
county_us_36051,Livingston,base.state_us_27
county_us_36053,Madison,base.state_us_27
county_us_36055,Monroe,base.state_us_27
county_us_36057,Montgomery,base.state_us_27
county_us_36059,Nassau,base.state_us_27
county_us_36061,New York,base.state_us_27
county_us_36063,Niagara,base.state_us_27
county_us_36065,Oneida,base.state_us_27
county_us_36067,Onondaga,base.state_us_27
county_us_36069,Ontario,base.state_us_27
county_us_36071,Orange,base.state_us_27
county_us_36073,Orleans,base.state_us_27
county_us_36075,Oswego,base.state_us_27
county_us_36077,Otsego,base.state_us_27
county_us_36079,Putnam,base.state_us_27
county_us_36081,Queens,base.state_us_27
county_us_36083,Rensselaer,base.state_us_27
county_us_36085,Richmond,base.state_us_27
county_us_36087,Rockland,base.state_us_27
county_us_36091,Saratoga,base.state_us_27
county_us_36093,Schenectady,base.state_us_27
county_us_36095,Schoharie,base.state_us_27
county_us_36097,Schuyler,base.state_us_27
county_us_36099,Seneca,base.state_us_27
county_us_36089,St. Lawrence,base.state_us_27
county_us_36101,Steuben,base.state_us_27
county_us_36103,Suffolk,base.state_us_27
county_us_36105,Sullivan,base.state_us_27
county_us_36107,Tioga,base.state_us_27
county_us_36109,Tompkins,base.state_us_27
county_us_36111,Ulster,base.state_us_27
county_us_36113,Warren,base.state_us_27
county_us_36115,Washington,base.state_us_27
county_us_36117,Wayne,base.state_us_27
county_us_36119,Westchester,base.state_us_27
county_us_36121,Wyoming,base.state_us_27
county_us_36123,Yates,base.state_us_27
county_us_37001,Alamance,base.state_us_28
county_us_37003,Alexander,base.state_us_28
county_us_37005,Alleghany,base.state_us_28
county_us_37007,Anson,base.state_us_28
county_us_37009,Ashe,base.state_us_28
county_us_37011,Avery,base.state_us_28
county_us_37013,Beaufort,base.state_us_28
county_us_37015,Bertie,base.state_us_28
county_us_37017,Bladen,base.state_us_28
county_us_37019,Brunswick,base.state_us_28
county_us_37021,Buncombe,base.state_us_28
county_us_37023,Burke,base.state_us_28
county_us_37025,Cabarrus,base.state_us_28
county_us_37027,Caldwell,base.state_us_28
county_us_37029,Camden,base.state_us_28
county_us_37031,Carteret,base.state_us_28
county_us_37033,Caswell,base.state_us_28
county_us_37035,Catawba,base.state_us_28
county_us_37037,Chatham,base.state_us_28
county_us_37039,Cherokee,base.state_us_28
county_us_37041,Chowan,base.state_us_28
county_us_37043,Clay,base.state_us_28
county_us_37045,Cleveland,base.state_us_28
county_us_37047,Columbus,base.state_us_28
county_us_37049,Craven,base.state_us_28
county_us_37051,Cumberland,base.state_us_28
county_us_37053,Currituck,base.state_us_28
county_us_37055,Dare,base.state_us_28
county_us_37057,Davidson,base.state_us_28
county_us_37059,Davie,base.state_us_28
county_us_37061,Duplin,base.state_us_28
county_us_37063,Durham,base.state_us_28
county_us_37065,Edgecombe,base.state_us_28
county_us_37067,Forsyth,base.state_us_28
county_us_37069,Franklin,base.state_us_28
county_us_37071,Gaston,base.state_us_28
county_us_37073,Gates,base.state_us_28
county_us_37075,Graham,base.state_us_28
county_us_37077,Granville,base.state_us_28
county_us_37079,Greene,base.state_us_28
county_us_37081,Guilford,base.state_us_28
county_us_37083,Halifax,base.state_us_28
county_us_37085,Harnett,base.state_us_28
county_us_37087,Haywood,base.state_us_28
county_us_37089,Henderson,base.state_us_28
county_us_37091,Hertford,base.state_us_28
county_us_37093,Hoke,base.state_us_28
county_us_37095,Hyde,base.state_us_28
county_us_37097,Iredell,base.state_us_28
county_us_37099,Jackson,base.state_us_28
county_us_37101,Johnston,base.state_us_28
county_us_37103,Jones,base.state_us_28
county_us_37105,Lee,base.state_us_28
county_us_37107,Lenoir,base.state_us_28
county_us_37109,Lincoln,base.state_us_28
county_us_37113,Macon,base.state_us_28
county_us_37115,Madison,base.state_us_28
county_us_37117,Martin,base.state_us_28
county_us_37111,McDowell,base.state_us_28
county_us_37119,Mecklenburg,base.state_us_28
county_us_37121,Mitchell,base.state_us_28
county_us_37123,Montgomery,base.state_us_28
county_us_37125,Moore,base.state_us_28
county_us_37127,Nash,base.state_us_28
county_us_37129,New Hanover,base.state_us_28
county_us_37131,Northampton,base.state_us_28
county_us_37133,Onslow,base.state_us_28
county_us_37135,Orange,base.state_us_28
county_us_37137,Pamlico,base.state_us_28
county_us_37139,Pasquotank,base.state_us_28
county_us_37141,Pender,base.state_us_28
county_us_37143,Perquimans,base.state_us_28
county_us_37145,Person,base.state_us_28
county_us_37147,Pitt,base.state_us_28
county_us_37149,Polk,base.state_us_28
county_us_37151,Randolph,base.state_us_28
county_us_37153,Richmond,base.state_us_28
county_us_37155,Robeson,base.state_us_28
county_us_37157,Rockingham,base.state_us_28
county_us_37159,Rowan,base.state_us_28
county_us_37161,Rutherford,base.state_us_28
county_us_37163,Sampson,base.state_us_28
county_us_37165,Scotland,base.state_us_28
county_us_37167,Stanly,base.state_us_28
county_us_37169,Stokes,base.state_us_28
county_us_37171,Surry,base.state_us_28
county_us_37173,Swain,base.state_us_28
county_us_37175,Transylvania,base.state_us_28
county_us_37177,Tyrrell,base.state_us_28
county_us_37179,Union,base.state_us_28
county_us_37181,Vance,base.state_us_28
county_us_37183,Wake,base.state_us_28
county_us_37185,Warren,base.state_us_28
county_us_37187,Washington,base.state_us_28
county_us_37189,Watauga,base.state_us_28
county_us_37191,Wayne,base.state_us_28
county_us_37193,Wilkes,base.state_us_28
county_us_37195,Wilson,base.state_us_28
county_us_37197,Yadkin,base.state_us_28
county_us_37199,Yancey,base.state_us_28
county_us_38001,Adams,base.state_us_29
county_us_38003,Barnes,base.state_us_29
county_us_38005,Benson,base.state_us_29
county_us_38007,Billings,base.state_us_29
county_us_38009,Bottineau,base.state_us_29
county_us_38011,Bowman,base.state_us_29
county_us_38013,Burke,base.state_us_29
county_us_38015,Burleigh,base.state_us_29
county_us_38017,Cass,base.state_us_29
county_us_38019,Cavalier,base.state_us_29
county_us_38021,Dickey,base.state_us_29
county_us_38023,Divide,base.state_us_29
county_us_38025,Dunn,base.state_us_29
county_us_38027,Eddy,base.state_us_29
county_us_38029,Emmons,base.state_us_29
county_us_38031,Foster,base.state_us_29
county_us_38033,Golden Valley,base.state_us_29
county_us_38035,Grand Forks,base.state_us_29
county_us_38037,Grant,base.state_us_29
county_us_38039,Griggs,base.state_us_29
county_us_38041,Hettinger,base.state_us_29
county_us_38043,Kidder,base.state_us_29
county_us_38045,LaMoure,base.state_us_29
county_us_38047,Logan,base.state_us_29
county_us_38049,McHenry,base.state_us_29
county_us_38051,McIntosh,base.state_us_29
county_us_38053,McKenzie,base.state_us_29
county_us_38055,McLean,base.state_us_29
county_us_38057,Mercer,base.state_us_29
county_us_38059,Morton,base.state_us_29
county_us_38061,Mountrail,base.state_us_29
county_us_38063,Nelson,base.state_us_29
county_us_38065,Oliver,base.state_us_29
county_us_38067,Pembina,base.state_us_29
county_us_38069,Pierce,base.state_us_29
county_us_38071,Ramsey,base.state_us_29
county_us_38073,Ransom,base.state_us_29
county_us_38075,Renville,base.state_us_29
county_us_38077,Richland,base.state_us_29
county_us_38079,Rolette,base.state_us_29
county_us_38081,Sargent,base.state_us_29
county_us_38083,Sheridan,base.state_us_29
county_us_38085,Sioux,base.state_us_29
county_us_38087,Slope,base.state_us_29
county_us_38089,Stark,base.state_us_29
county_us_38091,Steele,base.state_us_29
county_us_38093,Stutsman,base.state_us_29
county_us_38095,Towner,base.state_us_29
county_us_38097,Traill,base.state_us_29
county_us_38099,Walsh,base.state_us_29
county_us_38101,Ward,base.state_us_29
county_us_38103,Wells,base.state_us_29
county_us_38105,Williams,base.state_us_29
county_us_39001,Adams,base.state_us_30
county_us_39003,Allen,base.state_us_30
county_us_39005,Ashland,base.state_us_30
county_us_39007,Ashtabula,base.state_us_30
county_us_39009,Athens,base.state_us_30
county_us_39011,Auglaize,base.state_us_30
county_us_39013,Belmont,base.state_us_30
county_us_39015,Brown,base.state_us_30
county_us_39017,Butler,base.state_us_30
county_us_39019,Carroll,base.state_us_30
county_us_39021,Champaign,base.state_us_30
county_us_39023,Clark,base.state_us_30
county_us_39025,Clermont,base.state_us_30
county_us_39027,Clinton,base.state_us_30
county_us_39029,Columbiana,base.state_us_30
county_us_39031,Coshocton,base.state_us_30
county_us_39033,Crawford,base.state_us_30
county_us_39035,Cuyahoga,base.state_us_30
county_us_39037,Darke,base.state_us_30
county_us_39039,Defiance,base.state_us_30
county_us_39041,Delaware,base.state_us_30
county_us_39043,Erie,base.state_us_30
county_us_39045,Fairfield,base.state_us_30
county_us_39047,Fayette,base.state_us_30
county_us_39049,Franklin,base.state_us_30
county_us_39051,Fulton,base.state_us_30
county_us_39053,Gallia,base.state_us_30
county_us_39055,Geauga,base.state_us_30
county_us_39057,Greene,base.state_us_30
county_us_39059,Guernsey,base.state_us_30
county_us_39061,Hamilton,base.state_us_30
county_us_39063,Hancock,base.state_us_30
county_us_39065,Hardin,base.state_us_30
county_us_39067,Harrison,base.state_us_30
county_us_39069,Henry,base.state_us_30
county_us_39071,Highland,base.state_us_30
county_us_39073,Hocking,base.state_us_30
county_us_39075,Holmes,base.state_us_30
county_us_39077,Huron,base.state_us_30
county_us_39079,Jackson,base.state_us_30
county_us_39081,Jefferson,base.state_us_30
county_us_39083,Knox,base.state_us_30
county_us_39085,Lake,base.state_us_30
county_us_39087,Lawrence,base.state_us_30
county_us_39089,Licking,base.state_us_30
county_us_39091,Logan,base.state_us_30
county_us_39093,Lorain,base.state_us_30
county_us_39095,Lucas,base.state_us_30
county_us_39097,Madison,base.state_us_30
county_us_39099,Mahoning,base.state_us_30
county_us_39101,Marion,base.state_us_30
county_us_39103,Medina,base.state_us_30
county_us_39105,Meigs,base.state_us_30
county_us_39107,Mercer,base.state_us_30
county_us_39109,Miami,base.state_us_30
county_us_39111,Monroe,base.state_us_30
county_us_39113,Montgomery,base.state_us_30
county_us_39115,Morgan,base.state_us_30
county_us_39117,Morrow,base.state_us_30
county_us_39119,Muskingum,base.state_us_30
county_us_39121,Noble,base.state_us_30
county_us_39123,Ottawa,base.state_us_30
county_us_39125,Paulding,base.state_us_30
county_us_39127,Perry,base.state_us_30
county_us_39129,Pickaway,base.state_us_30
county_us_39131,Pike,base.state_us_30
county_us_39133,Portage,base.state_us_30
county_us_39135,Preble,base.state_us_30
county_us_39137,Putnam,base.state_us_30
county_us_39139,Richland,base.state_us_30
county_us_39141,Ross,base.state_us_30
county_us_39143,Sandusky,base.state_us_30
county_us_39145,Scioto,base.state_us_30
county_us_39147,Seneca,base.state_us_30
county_us_39149,Shelby,base.state_us_30
county_us_39151,Stark,base.state_us_30
county_us_39153,Summit,base.state_us_30
county_us_39155,Trumbull,base.state_us_30
county_us_39157,Tuscarawas,base.state_us_30
county_us_39159,Union,base.state_us_30
county_us_39161,Van Wert,base.state_us_30
county_us_39163,Vinton,base.state_us_30
county_us_39165,Warren,base.state_us_30
county_us_39167,Washington,base.state_us_30
county_us_39169,Wayne,base.state_us_30
county_us_39171,Williams,base.state_us_30
county_us_39173,Wood,base.state_us_30
county_us_39175,Wyandot,base.state_us_30
county_us_40001,Adair,base.state_us_31
county_us_40003,Alfalfa,base.state_us_31
county_us_40005,Atoka,base.state_us_31
county_us_40007,Beaver,base.state_us_31
county_us_40009,Beckham,base.state_us_31
county_us_40011,Blaine,base.state_us_31
county_us_40013,Bryan,base.state_us_31
county_us_40015,Caddo,base.state_us_31
county_us_40017,Canadian,base.state_us_31
county_us_40019,Carter,base.state_us_31
county_us_40021,Cherokee,base.state_us_31
county_us_40023,Choctaw,base.state_us_31
county_us_40025,Cimarron,base.state_us_31
county_us_40027,Cleveland,base.state_us_31
county_us_40029,Coal,base.state_us_31
county_us_40031,Comanche,base.state_us_31
county_us_40033,Cotton,base.state_us_31
county_us_40035,Craig,base.state_us_31
county_us_40037,Creek,base.state_us_31
county_us_40039,Custer,base.state_us_31
county_us_40041,Delaware,base.state_us_31
county_us_40043,Dewey,base.state_us_31
county_us_40045,Ellis,base.state_us_31
county_us_40047,Garfield,base.state_us_31
county_us_40049,Garvin,base.state_us_31
county_us_40051,Grady,base.state_us_31
county_us_40053,Grant,base.state_us_31
county_us_40055,Greer,base.state_us_31
county_us_40057,Harmon,base.state_us_31
county_us_40059,Harper,base.state_us_31
county_us_40061,Haskell,base.state_us_31
county_us_40063,Hughes,base.state_us_31
county_us_40065,Jackson,base.state_us_31
county_us_40067,Jefferson,base.state_us_31
county_us_40069,Johnston,base.state_us_31
county_us_40071,Kay,base.state_us_31
county_us_40073,Kingfisher,base.state_us_31
county_us_40075,Kiowa,base.state_us_31
county_us_40077,Latimer,base.state_us_31
county_us_40079,Le Flore,base.state_us_31
county_us_40081,Lincoln,base.state_us_31
county_us_40083,Logan,base.state_us_31
county_us_40085,Love,base.state_us_31
county_us_40093,Major,base.state_us_31
county_us_40095,Marshall,base.state_us_31
county_us_40097,Mayes,base.state_us_31
county_us_40087,McClain,base.state_us_31
county_us_40089,McCurtain,base.state_us_31
county_us_40091,McIntosh,base.state_us_31
county_us_40099,Murray,base.state_us_31
county_us_40101,Muskogee,base.state_us_31
county_us_40103,Noble,base.state_us_31
county_us_40105,Nowata,base.state_us_31
county_us_40107,Okfuskee,base.state_us_31
county_us_40109,Oklahoma,base.state_us_31
county_us_40111,Okmulgee,base.state_us_31
county_us_40113,Osage,base.state_us_31
county_us_40115,Ottawa,base.state_us_31
county_us_40117,Pawnee,base.state_us_31
county_us_40119,Payne,base.state_us_31
county_us_40121,Pittsburg,base.state_us_31
county_us_40123,Pontotoc,base.state_us_31
county_us_40125,Pottawatomie,base.state_us_31
county_us_40127,Pushmataha,base.state_us_31
county_us_40129,Roger Mills,base.state_us_31
county_us_40131,Rogers,base.state_us_31
county_us_40133,Seminole,base.state_us_31
county_us_40135,Sequoyah,base.state_us_31
county_us_40137,Stephens,base.state_us_31
county_us_40139,Texas,base.state_us_31
county_us_40141,Tillman,base.state_us_31
county_us_40143,Tulsa,base.state_us_31
county_us_40145,Wagoner,base.state_us_31
county_us_40147,Washington,base.state_us_31
county_us_40149,Washita,base.state_us_31
county_us_40151,Woods,base.state_us_31
county_us_40153,Woodward,base.state_us_31
county_us_41001,Baker,base.state_us_32
county_us_41003,Benton,base.state_us_32
county_us_41005,Clackamas,base.state_us_32
county_us_41007,Clatsop,base.state_us_32
county_us_41009,Columbia,base.state_us_32
county_us_41011,Coos,base.state_us_32
county_us_41013,Crook,base.state_us_32
county_us_41015,Curry,base.state_us_32
county_us_41017,Deschutes,base.state_us_32
county_us_41019,Douglas,base.state_us_32
county_us_41021,Gilliam,base.state_us_32
county_us_41023,Grant,base.state_us_32
county_us_41025,Harney,base.state_us_32
county_us_41027,Hood River,base.state_us_32
county_us_41029,Jackson,base.state_us_32
county_us_41031,Jefferson,base.state_us_32
county_us_41033,Josephine,base.state_us_32
county_us_41035,Klamath,base.state_us_32
county_us_41037,Lake,base.state_us_32
county_us_41039,Lane,base.state_us_32
county_us_41041,Lincoln,base.state_us_32
county_us_41043,Linn,base.state_us_32
county_us_41045,Malheur,base.state_us_32
county_us_41047,Marion,base.state_us_32
county_us_41049,Morrow,base.state_us_32
county_us_41051,Multnomah,base.state_us_32
county_us_41053,Polk,base.state_us_32
county_us_41055,Sherman,base.state_us_32
county_us_41057,Tillamook,base.state_us_32
county_us_41059,Umatilla,base.state_us_32
county_us_41061,Union,base.state_us_32
county_us_41063,Wallowa,base.state_us_32
county_us_41065,Wasco,base.state_us_32
county_us_41067,Washington,base.state_us_32
county_us_41069,Wheeler,base.state_us_32
county_us_41071,Yamhill,base.state_us_32
county_us_42001,Adams,base.state_us_39
county_us_42003,Allegheny,base.state_us_39
county_us_42005,Armstrong,base.state_us_39
county_us_42007,Beaver,base.state_us_39
county_us_42009,Bedford,base.state_us_39
county_us_42011,Berks,base.state_us_39
county_us_42013,Blair,base.state_us_39
county_us_42015,Bradford,base.state_us_39
county_us_42017,Bucks,base.state_us_39
county_us_42019,Butler,base.state_us_39
county_us_42021,Cambria,base.state_us_39
county_us_42023,Cameron,base.state_us_39
county_us_42025,Carbon,base.state_us_39
county_us_42027,Centre,base.state_us_39
county_us_42029,Chester,base.state_us_39
county_us_42031,Clarion,base.state_us_39
county_us_42033,Clearfield,base.state_us_39
county_us_42035,Clinton,base.state_us_39
county_us_42037,Columbia,base.state_us_39
county_us_42039,Crawford,base.state_us_39
county_us_42041,Cumberland,base.state_us_39
county_us_42043,Dauphin,base.state_us_39
county_us_42045,Delaware,base.state_us_39
county_us_42047,Elk,base.state_us_39
county_us_42049,Erie,base.state_us_39
county_us_42051,Fayette,base.state_us_39
county_us_42053,Forest,base.state_us_39
county_us_42055,Franklin,base.state_us_39
county_us_42057,Fulton,base.state_us_39
county_us_42059,Greene,base.state_us_39
county_us_42061,Huntingdon,base.state_us_39
county_us_42063,Indiana,base.state_us_39
county_us_42065,Jefferson,base.state_us_39
county_us_42067,Juniata,base.state_us_39
county_us_42069,Lackawanna,base.state_us_39
county_us_42071,Lancaster,base.state_us_39
county_us_42073,Lawrence,base.state_us_39
county_us_42075,Lebanon,base.state_us_39
county_us_42077,Lehigh,base.state_us_39
county_us_42079,Luzerne,base.state_us_39
county_us_42081,Lycoming,base.state_us_39
county_us_42083,McKean,base.state_us_39
county_us_42085,Mercer,base.state_us_39
county_us_42087,Mifflin,base.state_us_39
county_us_42089,Monroe,base.state_us_39
county_us_42091,Montgomery,base.state_us_39
county_us_42093,Montour,base.state_us_39
county_us_42095,Northampton,base.state_us_39
county_us_42097,Northumberland,base.state_us_39
county_us_42099,Perry,base.state_us_39
county_us_42101,Philadelphia,base.state_us_39
county_us_42103,Pike,base.state_us_39
county_us_42105,Potter,base.state_us_39
county_us_42107,Schuylkill,base.state_us_39
county_us_42109,Snyder,base.state_us_39
county_us_42111,Somerset,base.state_us_39
county_us_42113,Sullivan,base.state_us_39
county_us_42115,Susquehanna,base.state_us_39
county_us_42117,Tioga,base.state_us_39
county_us_42119,Union,base.state_us_39
county_us_42121,Venango,base.state_us_39
county_us_42123,Warren,base.state_us_39
county_us_42125,Washington,base.state_us_39
county_us_42127,Wayne,base.state_us_39
county_us_42129,Westmoreland,base.state_us_39
county_us_42131,Wyoming,base.state_us_39
county_us_42133,York,base.state_us_39
county_us_72001,Adjuntas,base.state_us_pr
county_us_72003,Aguada,base.state_us_pr
county_us_72005,Aguadilla,base.state_us_pr
county_us_72007,Aguas Buenas,base.state_us_pr
county_us_72009,Aibonito,base.state_us_pr
county_us_72013,Arecibo,base.state_us_pr
county_us_72015,Arroyo,base.state_us_pr
county_us_72011,Añasco,base.state_us_pr
county_us_72017,Barceloneta,base.state_us_pr
county_us_72019,Barranquitas,base.state_us_pr
county_us_72021,Bayamón,base.state_us_pr
county_us_72023,Cabo Rojo,base.state_us_pr
county_us_72025,Caguas,base.state_us_pr
county_us_72027,Camuy,base.state_us_pr
county_us_72029,Canóvanas,base.state_us_pr
county_us_72031,Carolina,base.state_us_pr
county_us_72033,Cataño,base.state_us_pr
county_us_72035,Cayey,base.state_us_pr
county_us_72037,Ceiba,base.state_us_pr
county_us_72039,Ciales,base.state_us_pr
county_us_72041,Cidra,base.state_us_pr
county_us_72043,Coamo,base.state_us_pr
county_us_72045,Comerío,base.state_us_pr
county_us_72047,Corozal,base.state_us_pr
county_us_72049,Culebra,base.state_us_pr
county_us_72051,Dorado,base.state_us_pr
county_us_72053,Fajardo,base.state_us_pr
county_us_72054,Florida,base.state_us_pr
county_us_72057,Guayama,base.state_us_pr
county_us_72059,Guayanilla,base.state_us_pr
county_us_72061,Guaynabo,base.state_us_pr
county_us_72063,Gurabo,base.state_us_pr
county_us_72055,Guánica,base.state_us_pr
county_us_72065,Hatillo,base.state_us_pr
county_us_72067,Hormigueros,base.state_us_pr
county_us_72069,Humacao,base.state_us_pr
county_us_72071,Isabela,base.state_us_pr
county_us_72073,Jayuya,base.state_us_pr
county_us_72075,Juana Díaz,base.state_us_pr
county_us_72077,Juncos,base.state_us_pr
county_us_72079,Lajas,base.state_us_pr
county_us_72081,Lares,base.state_us_pr
county_us_72085,Las Piedras,base.state_us_pr
county_us_72087,Loíza,base.state_us_pr
county_us_72089,Luquillo,base.state_us_pr
county_us_72091,Manatí,base.state_us_pr
county_us_72093,Maricao,base.state_us_pr
county_us_72095,Maunabo,base.state_us_pr
county_us_72097,Mayagüez,base.state_us_pr
county_us_72099,Moca,base.state_us_pr
county_us_72101,Morovis,base.state_us_pr
county_us_72103,Naguabo,base.state_us_pr
county_us_72105,Naranjito,base.state_us_pr
county_us_72107,Orocovis,base.state_us_pr
county_us_72109,Patillas,base.state_us_pr
county_us_72111,Peñuelas,base.state_us_pr
county_us_72113,Ponce,base.state_us_pr
county_us_72115,Quebradillas,base.state_us_pr
county_us_72117,Rincón,base.state_us_pr
county_us_72119,Río Grande,base.state_us_pr
county_us_72121,Sabana Grande,base.state_us_pr
county_us_72123,Salinas,base.state_us_pr
county_us_72125,San Germán,base.state_us_pr
county_us_72127,San Juan,base.state_us_pr
county_us_72129,San Lorenzo,base.state_us_pr
county_us_72131,San Sebastián,base.state_us_pr
county_us_72133,Santa Isabel,base.state_us_pr
county_us_72135,Toa Alta,base.state_us_pr
county_us_72137,Toa Baja,base.state_us_pr
county_us_72139,Trujillo Alto,base.state_us_pr
county_us_72141,Utuado,base.state_us_pr
county_us_72143,Vega Alta,base.state_us_pr
county_us_72145,Vega Baja,base.state_us_pr
county_us_72147,Vieques,base.state_us_pr
county_us_72149,Villalba,base.state_us_pr
county_us_72151,Yabucoa,base.state_us_pr
county_us_72153,Yauco,base.state_us_pr
county_us_44003,Kent,base.state_us_40
county_us_44005,Newport,base.state_us_40
county_us_44007,Providence,base.state_us_40
county_us_44009,Washington,base.state_us_40
county_us_45001,Abbeville,base.state_us_41
county_us_45003,Aiken,base.state_us_41
county_us_45005,Allendale,base.state_us_41
county_us_45007,Anderson,base.state_us_41
county_us_45009,Bamberg,base.state_us_41
county_us_45011,Barnwell,base.state_us_41
county_us_45013,Beaufort,base.state_us_41
county_us_45015,Berkeley,base.state_us_41
county_us_45017,Calhoun,base.state_us_41
county_us_45019,Charleston,base.state_us_41
county_us_45021,Cherokee,base.state_us_41
county_us_45023,Chester,base.state_us_41
county_us_45025,Chesterfield,base.state_us_41
county_us_45027,Clarendon,base.state_us_41
county_us_45029,Colleton,base.state_us_41
county_us_45031,Darlington,base.state_us_41
county_us_45033,Dillon,base.state_us_41
county_us_45035,Dorchester,base.state_us_41
county_us_45037,Edgefield,base.state_us_41
county_us_45039,Fairfield,base.state_us_41
county_us_45041,Florence,base.state_us_41
county_us_45043,Georgetown,base.state_us_41
county_us_45045,Greenville,base.state_us_41
county_us_45047,Greenwood,base.state_us_41
county_us_45049,Hampton,base.state_us_41
county_us_45051,Horry,base.state_us_41
county_us_45053,Jasper,base.state_us_41
county_us_45055,Kershaw,base.state_us_41
county_us_45057,Lancaster,base.state_us_41
county_us_45059,Laurens,base.state_us_41
county_us_45061,Lee,base.state_us_41
county_us_45063,Lexington,base.state_us_41
county_us_45067,Marion,base.state_us_41
county_us_45069,Marlboro,base.state_us_41
county_us_45065,McCormick,base.state_us_41
county_us_45071,Newberry,base.state_us_41
county_us_45073,Oconee,base.state_us_41
county_us_45075,Orangeburg,base.state_us_41
county_us_45077,Pickens,base.state_us_41
county_us_45079,Richland,base.state_us_41
county_us_45081,Saluda,base.state_us_41
county_us_45083,Spartanburg,base.state_us_41
county_us_45085,Sumter,base.state_us_41
county_us_45087,Union,base.state_us_41
county_us_45089,Williamsburg,base.state_us_41
county_us_45091,York,base.state_us_41
county_us_46003,Aurora,base.state_us_42
county_us_46005,Beadle,base.state_us_42
county_us_46007,Bennett,base.state_us_42
county_us_46009,Bon Homme,base.state_us_42
county_us_46011,Brookings,base.state_us_42
county_us_46013,Brown,base.state_us_42
county_us_46015,Brule,base.state_us_42
county_us_46017,Buffalo,base.state_us_42
county_us_46019,Butte,base.state_us_42
county_us_46021,Campbell,base.state_us_42
county_us_46023,Charles Mix,base.state_us_42
county_us_46025,Clark,base.state_us_42
county_us_46027,Clay,base.state_us_42
county_us_46029,Codington,base.state_us_42
county_us_46031,Corson,base.state_us_42
county_us_46033,Custer,base.state_us_42
county_us_46035,Davison,base.state_us_42
county_us_46037,Day,base.state_us_42
county_us_46039,Deuel,base.state_us_42
county_us_46041,Dewey,base.state_us_42
county_us_46043,Douglas,base.state_us_42
county_us_46045,Edmunds,base.state_us_42
county_us_46047,Fall River,base.state_us_42
county_us_46049,Faulk,base.state_us_42
county_us_46051,Grant,base.state_us_42
county_us_46053,Gregory,base.state_us_42
county_us_46055,Haakon,base.state_us_42
county_us_46057,Hamlin,base.state_us_42
county_us_46059,Hand,base.state_us_42
county_us_46061,Hanson,base.state_us_42
county_us_46063,Harding,base.state_us_42
county_us_46065,Hughes,base.state_us_42
county_us_46067,Hutchinson,base.state_us_42
county_us_46069,Hyde,base.state_us_42
county_us_46071,Jackson,base.state_us_42
county_us_46073,Jerauld,base.state_us_42
county_us_46075,Jones,base.state_us_42
county_us_46077,Kingsbury,base.state_us_42
county_us_46079,Lake,base.state_us_42
county_us_46081,Lawrence,base.state_us_42
county_us_46083,Lincoln,base.state_us_42
county_us_46085,Lyman,base.state_us_42
county_us_46091,Marshall,base.state_us_42
county_us_46087,McCook,base.state_us_42
county_us_46089,McPherson,base.state_us_42
county_us_46093,Meade,base.state_us_42
county_us_46095,Mellette,base.state_us_42
county_us_46097,Miner,base.state_us_42
county_us_46099,Minnehaha,base.state_us_42
county_us_46101,Moody,base.state_us_42
county_us_46102,Oglala Lakota,base.state_us_42
county_us_46103,Pennington,base.state_us_42
county_us_46105,Perkins,base.state_us_42
county_us_46107,Potter,base.state_us_42
county_us_46109,Roberts,base.state_us_42
county_us_46111,Sanborn,base.state_us_42
county_us_46115,Spink,base.state_us_42
county_us_46117,Stanley,base.state_us_42
county_us_46119,Sully,base.state_us_42
county_us_46121,Todd,base.state_us_42
county_us_46123,Tripp,base.state_us_42
county_us_46125,Turner,base.state_us_42
county_us_46127,Union,base.state_us_42
county_us_46129,Walworth,base.state_us_42
county_us_46135,Yankton,base.state_us_42
county_us_46137,Ziebach,base.state_us_42
county_us_47001,Anderson,base.state_us_43
county_us_47003,Bedford,base.state_us_43
county_us_47005,Benton,base.state_us_43
county_us_47007,Bledsoe,base.state_us_43
county_us_47009,Blount,base.state_us_43
county_us_47011,Bradley,base.state_us_43
county_us_47013,Campbell,base.state_us_43
county_us_47015,Cannon,base.state_us_43
county_us_47017,Carroll,base.state_us_43
county_us_47019,Carter,base.state_us_43
county_us_47021,Cheatham,base.state_us_43
county_us_47023,Chester,base.state_us_43
county_us_47025,Claiborne,base.state_us_43
county_us_47027,Clay,base.state_us_43
county_us_47029,Cocke,base.state_us_43
county_us_47031,Coffee,base.state_us_43
county_us_47033,Crockett,base.state_us_43
county_us_47035,Cumberland,base.state_us_43
county_us_47037,Davidson,base.state_us_43
county_us_47041,DeKalb,base.state_us_43
county_us_47039,Decatur,base.state_us_43
county_us_47043,Dickson,base.state_us_43
county_us_47045,Dyer,base.state_us_43
county_us_47047,Fayette,base.state_us_43
county_us_47049,Fentress,base.state_us_43
county_us_47051,Franklin,base.state_us_43
county_us_47053,Gibson,base.state_us_43
county_us_47055,Giles,base.state_us_43
county_us_47057,Grainger,base.state_us_43
county_us_47059,Greene,base.state_us_43
county_us_47061,Grundy,base.state_us_43
county_us_47063,Hamblen,base.state_us_43
county_us_47065,Hamilton,base.state_us_43
county_us_47067,Hancock,base.state_us_43
county_us_47069,Hardeman,base.state_us_43
county_us_47071,Hardin,base.state_us_43
county_us_47073,Hawkins,base.state_us_43
county_us_47075,Haywood,base.state_us_43
county_us_47077,Henderson,base.state_us_43
county_us_47079,Henry,base.state_us_43
county_us_47081,Hickman,base.state_us_43
county_us_47083,Houston,base.state_us_43
county_us_47085,Humphreys,base.state_us_43
county_us_47087,Jackson,base.state_us_43
county_us_47089,Jefferson,base.state_us_43
county_us_47091,Johnson,base.state_us_43
county_us_47093,Knox,base.state_us_43
county_us_47095,Lake,base.state_us_43
county_us_47097,Lauderdale,base.state_us_43
county_us_47099,Lawrence,base.state_us_43
county_us_47101,Lewis,base.state_us_43
county_us_47103,Lincoln,base.state_us_43
county_us_47105,Loudon,base.state_us_43
county_us_47111,Macon,base.state_us_43
county_us_47113,Madison,base.state_us_43
county_us_47115,Marion,base.state_us_43
county_us_47117,Marshall,base.state_us_43
county_us_47119,Maury,base.state_us_43
county_us_47107,McMinn,base.state_us_43
county_us_47109,McNairy,base.state_us_43
county_us_47121,Meigs,base.state_us_43
county_us_47123,Monroe,base.state_us_43
county_us_47125,Montgomery,base.state_us_43
county_us_47127,Moore,base.state_us_43
county_us_47129,Morgan,base.state_us_43
county_us_47131,Obion,base.state_us_43
county_us_47133,Overton,base.state_us_43
county_us_47135,Perry,base.state_us_43
county_us_47137,Pickett,base.state_us_43
county_us_47139,Polk,base.state_us_43
county_us_47141,Putnam,base.state_us_43
county_us_47143,Rhea,base.state_us_43
county_us_47145,Roane,base.state_us_43
county_us_47147,Robertson,base.state_us_43
county_us_47149,Rutherford,base.state_us_43
county_us_47151,Scott,base.state_us_43
county_us_47153,Sequatchie,base.state_us_43
county_us_47155,Sevier,base.state_us_43
county_us_47157,Shelby,base.state_us_43
county_us_47159,Smith,base.state_us_43
county_us_47161,Stewart,base.state_us_43
county_us_47163,Sullivan,base.state_us_43
county_us_47165,Sumner,base.state_us_43
county_us_47167,Tipton,base.state_us_43
county_us_47169,Trousdale,base.state_us_43
county_us_47171,Unicoi,base.state_us_43
county_us_47173,Union,base.state_us_43
county_us_47175,Van Buren,base.state_us_43
county_us_47177,Warren,base.state_us_43
county_us_47179,Washington,base.state_us_43
county_us_47181,Wayne,base.state_us_43
county_us_47183,Weakley,base.state_us_43
county_us_47185,White,base.state_us_43
county_us_47187,Williamson,base.state_us_43
county_us_47189,Wilson,base.state_us_43
county_us_48001,Anderson,base.state_us_44
county_us_48003,Andrews,base.state_us_44
county_us_48005,Angelina,base.state_us_44
county_us_48007,Aransas,base.state_us_44
county_us_48009,Archer,base.state_us_44
county_us_48011,Armstrong,base.state_us_44
county_us_48013,Atascosa,base.state_us_44
county_us_48015,Austin,base.state_us_44
county_us_48017,Bailey,base.state_us_44
county_us_48019,Bandera,base.state_us_44
county_us_48021,Bastrop,base.state_us_44
county_us_48023,Baylor,base.state_us_44
county_us_48025,Bee,base.state_us_44
county_us_48027,Bell,base.state_us_44
county_us_48029,Bexar,base.state_us_44
county_us_48031,Blanco,base.state_us_44
county_us_48033,Borden,base.state_us_44
county_us_48035,Bosque,base.state_us_44
county_us_48037,Bowie,base.state_us_44
county_us_48039,Brazoria,base.state_us_44
county_us_48041,Brazos,base.state_us_44
county_us_48043,Brewster,base.state_us_44
county_us_48045,Briscoe,base.state_us_44
county_us_48047,Brooks,base.state_us_44
county_us_48049,Brown,base.state_us_44
county_us_48051,Burleson,base.state_us_44
county_us_48053,Burnet,base.state_us_44
county_us_48055,Caldwell,base.state_us_44
county_us_48057,Calhoun,base.state_us_44
county_us_48059,Callahan,base.state_us_44
county_us_48061,Cameron,base.state_us_44
county_us_48063,Camp,base.state_us_44
county_us_48065,Carson,base.state_us_44
county_us_48067,Cass,base.state_us_44
county_us_48069,Castro,base.state_us_44
county_us_48071,Chambers,base.state_us_44
county_us_48073,Cherokee,base.state_us_44
county_us_48075,Childress,base.state_us_44
county_us_48077,Clay,base.state_us_44
county_us_48079,Cochran,base.state_us_44
county_us_48081,Coke,base.state_us_44
county_us_48083,Coleman,base.state_us_44
county_us_48085,Collin,base.state_us_44
county_us_48087,Collingsworth,base.state_us_44
county_us_48089,Colorado,base.state_us_44
county_us_48091,Comal,base.state_us_44
county_us_48093,Comanche,base.state_us_44
county_us_48095,Concho,base.state_us_44
county_us_48097,Cooke,base.state_us_44
county_us_48099,Coryell,base.state_us_44
county_us_48101,Cottle,base.state_us_44
county_us_48103,Crane,base.state_us_44
county_us_48105,Crockett,base.state_us_44
county_us_48107,Crosby,base.state_us_44
county_us_48109,Culberson,base.state_us_44
county_us_48111,Dallam,base.state_us_44
county_us_48113,Dallas,base.state_us_44
county_us_48115,Dawson,base.state_us_44
county_us_48123,DeWitt,base.state_us_44
county_us_48117,Deaf Smith,base.state_us_44
county_us_48119,Delta,base.state_us_44
county_us_48121,Denton,base.state_us_44
county_us_48125,Dickens,base.state_us_44
county_us_48127,Dimmit,base.state_us_44
county_us_48129,Donley,base.state_us_44
county_us_48131,Duval,base.state_us_44
county_us_48133,Eastland,base.state_us_44
county_us_48135,Ector,base.state_us_44
county_us_48137,Edwards,base.state_us_44
county_us_48141,El Paso,base.state_us_44
county_us_48139,Ellis,base.state_us_44
county_us_48143,Erath,base.state_us_44
county_us_48145,Falls,base.state_us_44
county_us_48147,Fannin,base.state_us_44
county_us_48149,Fayette,base.state_us_44
county_us_48151,Fisher,base.state_us_44
county_us_48153,Floyd,base.state_us_44
county_us_48155,Foard,base.state_us_44
county_us_48157,Fort Bend,base.state_us_44
county_us_48159,Franklin,base.state_us_44
county_us_48161,Freestone,base.state_us_44
county_us_48163,Frio,base.state_us_44
county_us_48165,Gaines,base.state_us_44
county_us_48167,Galveston,base.state_us_44
county_us_48169,Garza,base.state_us_44
county_us_48171,Gillespie,base.state_us_44
county_us_48173,Glasscock,base.state_us_44
county_us_48175,Goliad,base.state_us_44
county_us_48177,Gonzales,base.state_us_44
county_us_48179,Gray,base.state_us_44
county_us_48181,Grayson,base.state_us_44
county_us_48183,Gregg,base.state_us_44
county_us_48185,Grimes,base.state_us_44
county_us_48187,Guadalupe,base.state_us_44
county_us_48189,Hale,base.state_us_44
county_us_48191,Hall,base.state_us_44
county_us_48193,Hamilton,base.state_us_44
county_us_48195,Hansford,base.state_us_44
county_us_48197,Hardeman,base.state_us_44
county_us_48199,Hardin,base.state_us_44
county_us_48201,Harris,base.state_us_44
county_us_48203,Harrison,base.state_us_44
county_us_48205,Hartley,base.state_us_44
county_us_48207,Haskell,base.state_us_44
county_us_48209,Hays,base.state_us_44
county_us_48211,Hemphill,base.state_us_44
county_us_48213,Henderson,base.state_us_44
county_us_48215,Hidalgo,base.state_us_44
county_us_48217,Hill,base.state_us_44
county_us_48219,Hockley,base.state_us_44
county_us_48221,Hood,base.state_us_44
county_us_48223,Hopkins,base.state_us_44
county_us_48225,Houston,base.state_us_44
county_us_48227,Howard,base.state_us_44
county_us_48229,Hudspeth,base.state_us_44
county_us_48231,Hunt,base.state_us_44
county_us_48233,Hutchinson,base.state_us_44
county_us_48235,Irion,base.state_us_44
county_us_48237,Jack,base.state_us_44
county_us_48239,Jackson,base.state_us_44
county_us_48241,Jasper,base.state_us_44
county_us_48243,Jeff Davis,base.state_us_44
county_us_48245,Jefferson,base.state_us_44
county_us_48247,Jim Hogg,base.state_us_44
county_us_48249,Jim Wells,base.state_us_44
county_us_48251,Johnson,base.state_us_44
county_us_48253,Jones,base.state_us_44
county_us_48255,Karnes,base.state_us_44
county_us_48257,Kaufman,base.state_us_44
county_us_48259,Kendall,base.state_us_44
county_us_48261,Kenedy,base.state_us_44
county_us_48263,Kent,base.state_us_44
county_us_48265,Kerr,base.state_us_44
county_us_48267,Kimble,base.state_us_44
county_us_48269,King,base.state_us_44
county_us_48271,Kinney,base.state_us_44
county_us_48273,Kleberg,base.state_us_44
county_us_48275,Knox,base.state_us_44
county_us_48283,La Salle,base.state_us_44
county_us_48277,Lamar,base.state_us_44
county_us_48279,Lamb,base.state_us_44
county_us_48281,Lampasas,base.state_us_44
county_us_48285,Lavaca,base.state_us_44
county_us_48287,Lee,base.state_us_44
county_us_48289,Leon,base.state_us_44
county_us_48291,Liberty,base.state_us_44
county_us_48293,Limestone,base.state_us_44
county_us_48295,Lipscomb,base.state_us_44
county_us_48297,Live Oak,base.state_us_44
county_us_48299,Llano,base.state_us_44
county_us_48301,Loving,base.state_us_44
county_us_48303,Lubbock,base.state_us_44
county_us_48305,Lynn,base.state_us_44
county_us_48313,Madison,base.state_us_44
county_us_48315,Marion,base.state_us_44
county_us_48317,Martin,base.state_us_44
county_us_48319,Mason,base.state_us_44
county_us_48321,Matagorda,base.state_us_44
county_us_48323,Maverick,base.state_us_44
county_us_48307,McCulloch,base.state_us_44
county_us_48309,McLennan,base.state_us_44
county_us_48311,McMullen,base.state_us_44
county_us_48325,Medina,base.state_us_44
county_us_48327,Menard,base.state_us_44
county_us_48329,Midland,base.state_us_44
county_us_48331,Milam,base.state_us_44
county_us_48333,Mills,base.state_us_44
county_us_48335,Mitchell,base.state_us_44
county_us_48337,Montague,base.state_us_44
county_us_48339,Montgomery,base.state_us_44
county_us_48341,Moore,base.state_us_44
county_us_48343,Morris,base.state_us_44
county_us_48345,Motley,base.state_us_44
county_us_48347,Nacogdoches,base.state_us_44
county_us_48349,Navarro,base.state_us_44
county_us_48351,Newton,base.state_us_44
county_us_48353,Nolan,base.state_us_44
county_us_48355,Nueces,base.state_us_44
county_us_48357,Ochiltree,base.state_us_44
county_us_48359,Oldham,base.state_us_44
county_us_48361,Orange,base.state_us_44
county_us_48363,Palo Pinto,base.state_us_44
county_us_48365,Panola,base.state_us_44
county_us_48367,Parker,base.state_us_44
county_us_48369,Parmer,base.state_us_44
county_us_48371,Pecos,base.state_us_44
county_us_48373,Polk,base.state_us_44
county_us_48375,Potter,base.state_us_44
county_us_48377,Presidio,base.state_us_44
county_us_48379,Rains,base.state_us_44
county_us_48381,Randall,base.state_us_44
county_us_48383,Reagan,base.state_us_44
county_us_48385,Real,base.state_us_44
county_us_48387,Red River,base.state_us_44
county_us_48389,Reeves,base.state_us_44
county_us_48391,Refugio,base.state_us_44
county_us_48393,Roberts,base.state_us_44
county_us_48395,Robertson,base.state_us_44
county_us_48397,Rockwall,base.state_us_44
county_us_48399,Runnels,base.state_us_44
county_us_48401,Rusk,base.state_us_44
county_us_48403,Sabine,base.state_us_44
county_us_48405,San Augustine,base.state_us_44
county_us_48407,San Jacinto,base.state_us_44
county_us_48409,San Patricio,base.state_us_44
county_us_48411,San Saba,base.state_us_44
county_us_48413,Schleicher,base.state_us_44
county_us_48415,Scurry,base.state_us_44
county_us_48417,Shackelford,base.state_us_44
county_us_48419,Shelby,base.state_us_44
county_us_48421,Sherman,base.state_us_44
county_us_48423,Smith,base.state_us_44
county_us_48425,Somervell,base.state_us_44
county_us_48427,Starr,base.state_us_44
county_us_48429,Stephens,base.state_us_44
county_us_48431,Sterling,base.state_us_44
county_us_48433,Stonewall,base.state_us_44
county_us_48435,Sutton,base.state_us_44
county_us_48437,Swisher,base.state_us_44
county_us_48439,Tarrant,base.state_us_44
county_us_48441,Taylor,base.state_us_44
county_us_48443,Terrell,base.state_us_44
county_us_48445,Terry,base.state_us_44
county_us_48447,Throckmorton,base.state_us_44
county_us_48449,Titus,base.state_us_44
county_us_48451,Tom Green,base.state_us_44
county_us_48453,Travis,base.state_us_44
county_us_48455,Trinity,base.state_us_44
county_us_48457,Tyler,base.state_us_44
county_us_48459,Upshur,base.state_us_44
county_us_48461,Upton,base.state_us_44
county_us_48463,Uvalde,base.state_us_44
county_us_48465,Val Verde,base.state_us_44
county_us_48467,Van Zandt,base.state_us_44
county_us_48469,Victoria,base.state_us_44
county_us_48471,Walker,base.state_us_44
county_us_48473,Waller,base.state_us_44
county_us_48475,Ward,base.state_us_44
county_us_48477,Washington,base.state_us_44
county_us_48479,Webb,base.state_us_44
county_us_48481,Wharton,base.state_us_44
county_us_48483,Wheeler,base.state_us_44
county_us_48485,Wichita,base.state_us_44
county_us_48487,Wilbarger,base.state_us_44
county_us_48489,Willacy,base.state_us_44
county_us_48491,Williamson,base.state_us_44
county_us_48493,Wilson,base.state_us_44
county_us_48495,Winkler,base.state_us_44
county_us_48497,Wise,base.state_us_44
county_us_48499,Wood,base.state_us_44
county_us_48501,Yoakum,base.state_us_44
county_us_48503,Young,base.state_us_44
county_us_48505,Zapata,base.state_us_44
county_us_48507,Zavala,base.state_us_44
county_us_49001,Beaver,base.state_us_45
county_us_49003,Box Elder,base.state_us_45
county_us_49005,Cache,base.state_us_45
county_us_49007,Carbon,base.state_us_45
county_us_49009,Daggett,base.state_us_45
county_us_49011,Davis,base.state_us_45
county_us_49013,Duchesne,base.state_us_45
county_us_49015,Emery,base.state_us_45
county_us_49017,Garfield,base.state_us_45
county_us_49019,Grand,base.state_us_45
county_us_49021,Iron,base.state_us_45
county_us_49023,Juab,base.state_us_45
county_us_49025,Kane,base.state_us_45
county_us_49027,Millard,base.state_us_45
county_us_49029,Morgan,base.state_us_45
county_us_49031,Piute,base.state_us_45
county_us_49033,Rich,base.state_us_45
county_us_49035,Salt Lake,base.state_us_45
county_us_49037,San Juan,base.state_us_45
county_us_49039,Sanpete,base.state_us_45
county_us_49041,Sevier,base.state_us_45
county_us_49043,Summit,base.state_us_45
county_us_49045,Tooele,base.state_us_45
county_us_49047,Uintah,base.state_us_45
county_us_49049,Utah,base.state_us_45
county_us_49051,Wasatch,base.state_us_45
county_us_49053,Washington,base.state_us_45
county_us_49055,Wayne,base.state_us_45
county_us_49057,Weber,base.state_us_45
county_us_50001,Addison,base.state_us_46
county_us_50003,Bennington,base.state_us_46
county_us_50005,Caledonia,base.state_us_46
county_us_50007,Chittenden,base.state_us_46
county_us_50009,Essex,base.state_us_46
county_us_50011,Franklin,base.state_us_46
county_us_50013,Grand Isle,base.state_us_46
county_us_50015,Lamoille,base.state_us_46
county_us_50017,Orange,base.state_us_46
county_us_50019,Orleans,base.state_us_46
county_us_50021,Rutland,base.state_us_46
county_us_50023,Washington,base.state_us_46
county_us_50025,Windham,base.state_us_46
county_us_50027,Windsor,base.state_us_46
county_us_51001,Accomack,base.state_us_47
county_us_51003,Albemarle,base.state_us_47
county_us_51005,Alleghany,base.state_us_47
county_us_51007,Amelia,base.state_us_47
county_us_51009,Amherst,base.state_us_47
county_us_51011,Appomattox,base.state_us_47
county_us_51013,Arlington,base.state_us_47
county_us_51015,Augusta,base.state_us_47
county_us_51017,Bath,base.state_us_47
county_us_51019,Bedford,base.state_us_47
county_us_51021,Bland,base.state_us_47
county_us_51023,Botetourt,base.state_us_47
county_us_51025,Brunswick,base.state_us_47
county_us_51027,Buchanan,base.state_us_47
county_us_51029,Buckingham,base.state_us_47
county_us_51031,Campbell,base.state_us_47
county_us_51033,Caroline,base.state_us_47
county_us_51035,Carroll,base.state_us_47
county_us_51036,Charles City,base.state_us_47
county_us_51037,Charlotte,base.state_us_47
county_us_51041,Chesterfield,base.state_us_47
county_us_51043,Clarke,base.state_us_47
county_us_51045,Craig,base.state_us_47
county_us_51047,Culpeper,base.state_us_47
county_us_51049,Cumberland,base.state_us_47
county_us_51051,Dickenson,base.state_us_47
county_us_51053,Dinwiddie,base.state_us_47
county_us_51057,Essex,base.state_us_47
county_us_51059,Fairfax,base.state_us_47
county_us_51061,Fauquier,base.state_us_47
county_us_51063,Floyd,base.state_us_47
county_us_51065,Fluvanna,base.state_us_47
county_us_51067,Franklin,base.state_us_47
county_us_51069,Frederick,base.state_us_47
county_us_51071,Giles,base.state_us_47
county_us_51073,Gloucester,base.state_us_47
county_us_51075,Goochland,base.state_us_47
county_us_51077,Grayson,base.state_us_47
county_us_51079,Greene,base.state_us_47
county_us_51083,Halifax,base.state_us_47
county_us_51085,Hanover,base.state_us_47
county_us_51087,Henrico,base.state_us_47
county_us_51089,Henry,base.state_us_47
county_us_51091,Highland,base.state_us_47
county_us_51093,Isle of Wight,base.state_us_47
county_us_51099,King George,base.state_us_47
county_us_51101,King William,base.state_us_47
county_us_51097,King and Queen,base.state_us_47
county_us_51103,Lancaster,base.state_us_47
county_us_51105,Lee,base.state_us_47
county_us_51107,Loudoun,base.state_us_47
county_us_51109,Louisa,base.state_us_47
county_us_51111,Lunenburg,base.state_us_47
county_us_51113,Madison,base.state_us_47
county_us_51115,Mathews,base.state_us_47
county_us_51117,Mecklenburg,base.state_us_47
county_us_51119,Middlesex,base.state_us_47
county_us_51121,Montgomery,base.state_us_47
county_us_51125,Nelson,base.state_us_47
county_us_51127,New Kent,base.state_us_47
county_us_51131,Northampton,base.state_us_47
county_us_51133,Northumberland,base.state_us_47
county_us_51135,Nottoway,base.state_us_47
county_us_51137,Orange,base.state_us_47
county_us_51139,Page,base.state_us_47
county_us_51141,Patrick,base.state_us_47
county_us_51143,Pittsylvania,base.state_us_47
county_us_51145,Powhatan,base.state_us_47
county_us_51147,Prince Edward,base.state_us_47
county_us_51149,Prince George,base.state_us_47
county_us_51153,Prince William,base.state_us_47
county_us_51155,Pulaski,base.state_us_47
county_us_51157,Rappahannock,base.state_us_47
county_us_51159,Richmond,base.state_us_47
county_us_51161,Roanoke,base.state_us_47
county_us_51163,Rockbridge,base.state_us_47
county_us_51165,Rockingham,base.state_us_47
county_us_51167,Russell,base.state_us_47
county_us_51169,Scott,base.state_us_47
county_us_51171,Shenandoah,base.state_us_47
county_us_51173,Smyth,base.state_us_47
county_us_51175,Southampton,base.state_us_47
county_us_51177,Spotsylvania,base.state_us_47
county_us_51179,Stafford,base.state_us_47
county_us_51181,Surry,base.state_us_47
county_us_51183,Sussex,base.state_us_47
county_us_51185,Tazewell,base.state_us_47
county_us_51187,Warren,base.state_us_47
county_us_51191,Washington,base.state_us_47
county_us_51193,Westmoreland,base.state_us_47
county_us_51195,Wise,base.state_us_47
county_us_51197,Wythe,base.state_us_47
county_us_51199,York,base.state_us_47
county_us_53001,Adams,base.state_us_48
county_us_53003,Asotin,base.state_us_48
county_us_53005,Benton,base.state_us_48
county_us_53007,Chelan,base.state_us_48
county_us_53009,Clallam,base.state_us_48
county_us_53011,Clark,base.state_us_48
county_us_53013,Columbia,base.state_us_48
county_us_53015,Cowlitz,base.state_us_48
county_us_53017,Douglas,base.state_us_48
county_us_53019,Ferry,base.state_us_48
county_us_53021,Franklin,base.state_us_48
county_us_53023,Garfield,base.state_us_48
county_us_53025,Grant,base.state_us_48
county_us_53027,Grays Harbor,base.state_us_48
county_us_53029,Island,base.state_us_48
county_us_53031,Jefferson,base.state_us_48
county_us_53033,King,base.state_us_48
county_us_53035,Kitsap,base.state_us_48
county_us_53037,Kittitas,base.state_us_48
county_us_53039,Klickitat,base.state_us_48
county_us_53041,Lewis,base.state_us_48
county_us_53043,Lincoln,base.state_us_48
county_us_53045,Mason,base.state_us_48
county_us_53047,Okanogan,base.state_us_48
county_us_53049,Pacific,base.state_us_48
county_us_53051,Pend Oreille,base.state_us_48
county_us_53053,Pierce,base.state_us_48
county_us_53055,San Juan,base.state_us_48
county_us_53057,Skagit,base.state_us_48
county_us_53059,Skamania,base.state_us_48
county_us_53061,Snohomish,base.state_us_48
county_us_53063,Spokane,base.state_us_48
county_us_53065,Stevens,base.state_us_48
county_us_53067,Thurston,base.state_us_48
county_us_53069,Wahkiakum,base.state_us_48
county_us_53071,Walla Walla,base.state_us_48
county_us_53073,Whatcom,base.state_us_48
county_us_53075,Whitman,base.state_us_48
county_us_53077,Yakima,base.state_us_48
county_us_54001,Barbour,base.state_us_49
county_us_54003,Berkeley,base.state_us_49
county_us_54005,Boone,base.state_us_49
county_us_54007,Braxton,base.state_us_49
county_us_54009,Brooke,base.state_us_49
county_us_54011,Cabell,base.state_us_49
county_us_54013,Calhoun,base.state_us_49
county_us_54015,Clay,base.state_us_49
county_us_54017,Doddridge,base.state_us_49
county_us_54019,Fayette,base.state_us_49
county_us_54021,Gilmer,base.state_us_49
county_us_54023,Grant,base.state_us_49
county_us_54025,Greenbrier,base.state_us_49
county_us_54027,Hampshire,base.state_us_49
county_us_54029,Hancock,base.state_us_49
county_us_54031,Hardy,base.state_us_49
county_us_54033,Harrison,base.state_us_49
county_us_54035,Jackson,base.state_us_49
county_us_54037,Jefferson,base.state_us_49
county_us_54039,Kanawha,base.state_us_49
county_us_54041,Lewis,base.state_us_49
county_us_54043,Lincoln,base.state_us_49
county_us_54045,Logan,base.state_us_49
county_us_54049,Marion,base.state_us_49
county_us_54051,Marshall,base.state_us_49
county_us_54053,Mason,base.state_us_49
county_us_54047,McDowell,base.state_us_49
county_us_54055,Mercer,base.state_us_49
county_us_54057,Mineral,base.state_us_49
county_us_54059,Mingo,base.state_us_49
county_us_54061,Monongalia,base.state_us_49
county_us_54063,Monroe,base.state_us_49
county_us_54065,Morgan,base.state_us_49
county_us_54067,Nicholas,base.state_us_49
county_us_54069,Ohio,base.state_us_49
county_us_54071,Pendleton,base.state_us_49
county_us_54073,Pleasants,base.state_us_49
county_us_54075,Pocahontas,base.state_us_49
county_us_54077,Preston,base.state_us_49
county_us_54079,Putnam,base.state_us_49
county_us_54081,Raleigh,base.state_us_49
county_us_54083,Randolph,base.state_us_49
county_us_54085,Ritchie,base.state_us_49
county_us_54087,Roane,base.state_us_49
county_us_54089,Summers,base.state_us_49
county_us_54091,Taylor,base.state_us_49
county_us_54093,Tucker,base.state_us_49
county_us_54095,Tyler,base.state_us_49
county_us_54097,Upshur,base.state_us_49
county_us_54099,Wayne,base.state_us_49
county_us_54101,Webster,base.state_us_49
county_us_54103,Wetzel,base.state_us_49
county_us_54105,Wirt,base.state_us_49
county_us_54107,Wood,base.state_us_49
county_us_54109,Wyoming,base.state_us_49
county_us_55001,Adams,base.state_us_50
county_us_55003,Ashland,base.state_us_50
county_us_55005,Barron,base.state_us_50
county_us_55007,Bayfield,base.state_us_50
county_us_55009,Brown,base.state_us_50
county_us_55011,Buffalo,base.state_us_50
county_us_55013,Burnett,base.state_us_50
county_us_55015,Calumet,base.state_us_50
county_us_55017,Chippewa,base.state_us_50
county_us_55019,Clark,base.state_us_50
county_us_55021,Columbia,base.state_us_50
county_us_55023,Crawford,base.state_us_50
county_us_55025,Dane,base.state_us_50
county_us_55027,Dodge,base.state_us_50
county_us_55029,Door,base.state_us_50
county_us_55031,Douglas,base.state_us_50
county_us_55033,Dunn,base.state_us_50
county_us_55035,Eau Claire,base.state_us_50
county_us_55037,Florence,base.state_us_50
county_us_55039,Fond du Lac,base.state_us_50
county_us_55041,Forest,base.state_us_50
county_us_55043,Grant,base.state_us_50
county_us_55045,Green,base.state_us_50
county_us_55047,Green Lake,base.state_us_50
county_us_55049,Iowa,base.state_us_50
county_us_55051,Iron,base.state_us_50
county_us_55053,Jackson,base.state_us_50
county_us_55055,Jefferson,base.state_us_50
county_us_55057,Juneau,base.state_us_50
county_us_55059,Kenosha,base.state_us_50
county_us_55061,Kewaunee,base.state_us_50
county_us_55063,La Crosse,base.state_us_50
county_us_55065,Lafayette,base.state_us_50
county_us_55067,Langlade,base.state_us_50
county_us_55069,Lincoln,base.state_us_50
county_us_55071,Manitowoc,base.state_us_50
county_us_55073,Marathon,base.state_us_50
county_us_55075,Marinette,base.state_us_50
county_us_55077,Marquette,base.state_us_50
county_us_55078,Menominee,base.state_us_50
county_us_55079,Milwaukee,base.state_us_50
county_us_55081,Monroe,base.state_us_50
county_us_55083,Oconto,base.state_us_50
county_us_55085,Oneida,base.state_us_50
county_us_55087,Outagamie,base.state_us_50
county_us_55089,Ozaukee,base.state_us_50
county_us_55091,Pepin,base.state_us_50
county_us_55093,Pierce,base.state_us_50
county_us_55095,Polk,base.state_us_50
county_us_55097,Portage,base.state_us_50
county_us_55099,Price,base.state_us_50
county_us_55101,Racine,base.state_us_50
county_us_55103,Richland,base.state_us_50
county_us_55105,Rock,base.state_us_50
county_us_55107,Rusk,base.state_us_50
county_us_55111,Sauk,base.state_us_50
county_us_55113,Sawyer,base.state_us_50
county_us_55115,Shawano,base.state_us_50
county_us_55117,Sheboygan,base.state_us_50
county_us_55109,St. Croix,base.state_us_50
county_us_55119,Taylor,base.state_us_50
county_us_55121,Trempealeau,base.state_us_50
county_us_55123,Vernon,base.state_us_50
county_us_55125,Vilas,base.state_us_50
county_us_55127,Walworth,base.state_us_50
county_us_55129,Washburn,base.state_us_50
county_us_55131,Washington,base.state_us_50
county_us_55133,Waukesha,base.state_us_50
county_us_55135,Waupaca,base.state_us_50
county_us_55137,Waushara,base.state_us_50
county_us_55139,Winnebago,base.state_us_50
county_us_55141,Wood,base.state_us_50
county_us_56001,Albany,base.state_us_51
county_us_56003,Big Horn,base.state_us_51
county_us_56005,Campbell,base.state_us_51
county_us_56007,Carbon,base.state_us_51
county_us_56009,Converse,base.state_us_51
county_us_56011,Crook,base.state_us_51
county_us_56013,Fremont,base.state_us_51
county_us_56015,Goshen,base.state_us_51
county_us_56017,Hot Springs,base.state_us_51
county_us_56019,Johnson,base.state_us_51
county_us_56021,Laramie,base.state_us_51
county_us_56023,Lincoln,base.state_us_51
county_us_56025,Natrona,base.state_us_51
county_us_56027,Niobrara,base.state_us_51
county_us_56029,Park,base.state_us_51
county_us_56031,Platte,base.state_us_51
county_us_56033,Sheridan,base.state_us_51
county_us_56035,Sublette,base.state_us_51
county_us_56037,Sweetwater,base.state_us_51
county_us_56039,Teton,base.state_us_51
county_us_56041,Uinta,base.state_us_51
county_us_56043,Washakie,base.state_us_51
county_us_56045,Weston,base.state_us_51
