"id","name","code","statutory_board_id/id"
"l10n_sg_statutory_board_res_partner_acr_acr01","ACRA","ACR01","l10n_sg_statutory_board_res_partner_acr"
"l10n_sg_statutory_board_res_partner_agc_agc01","Attorney-General's Chambers","AGC01","l10n_sg_statutory_board_res_partner_agc"
"l10n_sg_statutory_board_res_partner_aud_aud01","Auditor-General's Office","AUD01","l10n_sg_statutory_board_res_partner_aud"
"l10n_sg_statutory_board_res_partner_bca_bca01","BCA Common Cost","BCA01","l10n_sg_statutory_board_res_partner_bca"
"l10n_sg_statutory_board_res_partner_boa_boa01","BOA","BOA01","l10n_sg_statutory_board_res_partner_boa"
"l10n_sg_statutory_board_res_partner_caa_caa01","Air Transport","CAA01","l10n_sg_statutory_board_res_partner_caa"
"l10n_sg_statutory_board_res_partner_caa_caa02","Airport DevelopmenT_Planning","CAA02","l10n_sg_statutory_board_res_partner_caa"
"l10n_sg_statutory_board_res_partner_caa_caa03","Airport Economic Regulation","CAA03","l10n_sg_statutory_board_res_partner_caa"
"l10n_sg_statutory_board_res_partner_caa_caa04","Airport Ops Reg_Avtn Security","CAA04","l10n_sg_statutory_board_res_partner_caa"
"l10n_sg_statutory_board_res_partner_caa_caa05","Aviation Industry","CAA05","l10n_sg_statutory_board_res_partner_caa"
"l10n_sg_statutory_board_res_partner_caa_caa06","Aerodrome and Air Nav Svcs Reg","CAA06","l10n_sg_statutory_board_res_partner_caa"
"l10n_sg_statutory_board_res_partner_caa_caa07","Civil Aviation Medical Board","CAA07","l10n_sg_statutory_board_res_partner_caa"
"l10n_sg_statutory_board_res_partner_caa_caa08","Flight Standards","CAA08","l10n_sg_statutory_board_res_partner_caa"
"l10n_sg_statutory_board_res_partner_caa_caa09","Safety Policy and Planning","CAA09","l10n_sg_statutory_board_res_partner_caa"
"l10n_sg_statutory_board_res_partner_caa_caa10","CAAS Corporate Communications","CAA10","l10n_sg_statutory_board_res_partner_caa"
"l10n_sg_statutory_board_res_partner_caa_caa11","CAAS Legal","CAA11","l10n_sg_statutory_board_res_partner_caa"
"l10n_sg_statutory_board_res_partner_caa_caa12","Futures and IT","CAA12","l10n_sg_statutory_board_res_partner_caa"
"l10n_sg_statutory_board_res_partner_caa_caa13","CAAS Finance","CAA13","l10n_sg_statutory_board_res_partner_caa"
"l10n_sg_statutory_board_res_partner_caa_caa14","CAAS Human Resource","CAA14","l10n_sg_statutory_board_res_partner_caa"
"l10n_sg_statutory_board_res_partner_caa_caa15","Corporate Development","CAA15","l10n_sg_statutory_board_res_partner_caa"
"l10n_sg_statutory_board_res_partner_caa_caa17","Unmanned Policy Reg and Ops","CAA17","l10n_sg_statutory_board_res_partner_caa"
"l10n_sg_statutory_board_res_partner_caa_caa18","Unmanned Tech Eng and Planning","CAA18","l10n_sg_statutory_board_res_partner_caa"
"l10n_sg_statutory_board_res_partner_caa_caa19","ANS_Engineering","CAA19","l10n_sg_statutory_board_res_partner_caa"
"l10n_sg_statutory_board_res_partner_caa_caa20","ANS_Policy","CAA20","l10n_sg_statutory_board_res_partner_caa"
"l10n_sg_statutory_board_res_partner_caa_caa21","Air Traffic Mgmt Plans_Develop","CAA21","l10n_sg_statutory_board_res_partner_caa"
"l10n_sg_statutory_board_res_partner_caa_caa22","Air Traffic Services","CAA22","l10n_sg_statutory_board_res_partner_caa"
"l10n_sg_statutory_board_res_partner_caa_caa23","CAAS International Relations","CAA23","l10n_sg_statutory_board_res_partner_caa"
"l10n_sg_statutory_board_res_partner_caa_caa24","Singapore Aviation Academy","CAA24","l10n_sg_statutory_board_res_partner_caa"
"l10n_sg_statutory_board_res_partner_caa_caa25","CAAS Internal Audit","CAA25","l10n_sg_statutory_board_res_partner_caa"
"l10n_sg_statutory_board_res_partner_caa_caa26","Civil Aviation Advisory Group","CAA26","l10n_sg_statutory_board_res_partner_caa"
"l10n_sg_statutory_board_res_partner_caa_caa27","ICAO Mission","CAA27","l10n_sg_statutory_board_res_partner_caa"
"l10n_sg_statutory_board_res_partner_caa_caa28","ANS_Safety","CAA28","l10n_sg_statutory_board_res_partner_caa"
"l10n_sg_statutory_board_res_partner_caa_caa29","Safety Monitoring & Assurance","CAA29","l10n_sg_statutory_board_res_partner_caa"
"l10n_sg_statutory_board_res_partner_caa_caa30","Airport Dev Planning_CADF","CAA30","l10n_sg_statutory_board_res_partner_caa"
"l10n_sg_statutory_board_res_partner_caa_caa31","Cybersecurity_Data Governance","CAA31","l10n_sg_statutory_board_res_partner_caa"
"l10n_sg_statutory_board_res_partner_caa_caa32","Technology Office","CAA32","l10n_sg_statutory_board_res_partner_caa"
"l10n_sg_statutory_board_res_partner_caa_caa33","Sustainability Office","CAA33","l10n_sg_statutory_board_res_partner_caa"
"l10n_sg_statutory_board_res_partner_caa_caa34","ANS Systems Programme Office","CAA34","l10n_sg_statutory_board_res_partner_caa"
"l10n_sg_statutory_board_res_partner_caa_caa35","Air Transport","CAA35","l10n_sg_statutory_board_res_partner_caa"
"l10n_sg_statutory_board_res_partner_caa_caa36","NextGen Programme Office","CAA36","l10n_sg_statutory_board_res_partner_caa"
"l10n_sg_statutory_board_res_partner_caa_caa37","Data & Performance","CAA37","l10n_sg_statutory_board_res_partner_caa"
"l10n_sg_statutory_board_res_partner_caa_caa38","Aviation Emergency Prep","CAA38","l10n_sg_statutory_board_res_partner_caa"
"l10n_sg_statutory_board_res_partner_cab_cab01","Cabinet Office","CAB01","l10n_sg_statutory_board_res_partner_cab"
"l10n_sg_statutory_board_res_partner_ccy_ccy01","Ministry of Cul","CCY01","l10n_sg_statutory_board_res_partner_ccy"
"l10n_sg_statutory_board_res_partner_ccy_ccy02","Grants Payments","CCY02","l10n_sg_statutory_board_res_partner_ccy"
"l10n_sg_statutory_board_res_partner_ccy_ccy03","National Youth Council","CCY03","l10n_sg_statutory_board_res_partner_ccy"
"l10n_sg_statutory_board_res_partner_cda_cda01","CDA_SnrMgt-CE Office","CDA01","l10n_sg_statutory_board_res_partner_cda"
"l10n_sg_statutory_board_res_partner_cda_cda02","CDA_SnrMgt-Corporate","CDA02","l10n_sg_statutory_board_res_partner_cda"
"l10n_sg_statutory_board_res_partner_cda_cda03","CDA_SnrMgt-PolicynProfessional","CDA03","l10n_sg_statutory_board_res_partner_cda"
"l10n_sg_statutory_board_res_partner_cda_cda04","CDA_Clinical Advisor Office","CDA04","l10n_sg_statutory_board_res_partner_cda"
"l10n_sg_statutory_board_res_partner_cda_cda05","CDA_Internal Audit","CDA05","l10n_sg_statutory_board_res_partner_cda"
"l10n_sg_statutory_board_res_partner_cda_cda06","CDA_Operations","CDA06","l10n_sg_statutory_board_res_partner_cda"
"l10n_sg_statutory_board_res_partner_cda_cda07","CDA_Strategic Planning","CDA07","l10n_sg_statutory_board_res_partner_cda"
"l10n_sg_statutory_board_res_partner_cda_cda08","CDA_GlobalPartnershipsEngagemt","CDA08","l10n_sg_statutory_board_res_partner_cda"
"l10n_sg_statutory_board_res_partner_cda_cda09","CDA_Corporate Communications","CDA09","l10n_sg_statutory_board_res_partner_cda"
"l10n_sg_statutory_board_res_partner_cda_cda10","CDA_Human Resource","CDA10","l10n_sg_statutory_board_res_partner_cda"
"l10n_sg_statutory_board_res_partner_cda_cda11","CDA_FIN ProcuremtWorkplaceSvcs","CDA11","l10n_sg_statutory_board_res_partner_cda"
"l10n_sg_statutory_board_res_partner_cda_cda12","CDA_Infocomm Technology","CDA12","l10n_sg_statutory_board_res_partner_cda"
"l10n_sg_statutory_board_res_partner_cda_cda13","CDA_Legal","CDA13","l10n_sg_statutory_board_res_partner_cda"
"l10n_sg_statutory_board_res_partner_cda_cda14","CDA_Officer on Secondment","CDA14","l10n_sg_statutory_board_res_partner_cda"
"l10n_sg_statutory_board_res_partner_cda_cda15","CDA_CD Policy","CDA15","l10n_sg_statutory_board_res_partner_cda"
"l10n_sg_statutory_board_res_partner_cda_cda16","CDA_Immunisatn Policy n Strat","CDA16","l10n_sg_statutory_board_res_partner_cda"
"l10n_sg_statutory_board_res_partner_cda_cda17","CDA_Preparedness and Readiness","CDA17","l10n_sg_statutory_board_res_partner_cda"
"l10n_sg_statutory_board_res_partner_cda_cda18","CDA_Intel Surveillance n Tech","CDA18","l10n_sg_statutory_board_res_partner_cda"
"l10n_sg_statutory_board_res_partner_cda_cda19","CDA_Advanced Mtds n Analytics","CDA19","l10n_sg_statutory_board_res_partner_cda"
"l10n_sg_statutory_board_res_partner_cda_cda20","CDA_HIV Hepatitis STI","CDA20","l10n_sg_statutory_board_res_partner_cda"
"l10n_sg_statutory_board_res_partner_cda_cda21","CDA_Tuberculosis","CDA21","l10n_sg_statutory_board_res_partner_cda"
"l10n_sg_statutory_board_res_partner_cda_cda22","CDA_Air and Droplet","CDA22","l10n_sg_statutory_board_res_partner_cda"
"l10n_sg_statutory_board_res_partner_cda_cda23","CDA_Food and Vector Diseases","CDA23","l10n_sg_statutory_board_res_partner_cda"
"l10n_sg_statutory_board_res_partner_cda_cda24","CDA_ContactEnviro BorderTravel","CDA24","l10n_sg_statutory_board_res_partner_cda"
"l10n_sg_statutory_board_res_partner_cda_cda25","CDA_NatlInfectnCtrlHlthcareEpi","CDA25","l10n_sg_statutory_board_res_partner_cda"
"l10n_sg_statutory_board_res_partner_cda_cda26","CDA_AMR Coordination Office","CDA26","l10n_sg_statutory_board_res_partner_cda"
"l10n_sg_statutory_board_res_partner_cda_cda27","CDA_One Health Office","CDA27","l10n_sg_statutory_board_res_partner_cda"
"l10n_sg_statutory_board_res_partner_cda_cda28","CDA_Training and Education","CDA28","l10n_sg_statutory_board_res_partner_cda"
"l10n_sg_statutory_board_res_partner_cda_cda29","CDA_Natl Lab Strat nCoordinatn","CDA29","l10n_sg_statutory_board_res_partner_cda"
"l10n_sg_statutory_board_res_partner_cda_cda30","CDA_Lab Operations and Quality","CDA30","l10n_sg_statutory_board_res_partner_cda"
"l10n_sg_statutory_board_res_partner_cda_cda31","CDA_Scientific Programmes","CDA31","l10n_sg_statutory_board_res_partner_cda"
"l10n_sg_statutory_board_res_partner_cda_cda32","CDA_ResearchCoordinatn n Admin","CDA32","l10n_sg_statutory_board_res_partner_cda"
"l10n_sg_statutory_board_res_partner_cda_cda33","CDA_SGID CliniclResearch Netwk","CDA33","l10n_sg_statutory_board_res_partner_cda"
"l10n_sg_statutory_board_res_partner_cda_cda34","CDA_CDA Research Lab","CDA34","l10n_sg_statutory_board_res_partner_cda"
"l10n_sg_statutory_board_res_partner_cea_cea01","Council for Estate Agencies","CEA01","l10n_sg_statutory_board_res_partner_cea"
"l10n_sg_statutory_board_res_partner_com_com01","Competition and Consumer Comm","COM01","l10n_sg_statutory_board_res_partner_com"
"l10n_sg_statutory_board_res_partner_cpf_cpf01","Services","CPF01","l10n_sg_statutory_board_res_partner_cpf"
"l10n_sg_statutory_board_res_partner_cpf_cpf03","Services","CPF03","l10n_sg_statutory_board_res_partner_cpf"
"l10n_sg_statutory_board_res_partner_cpf_cpf06","Employers & Finance","CPF06","l10n_sg_statutory_board_res_partner_cpf"
"l10n_sg_statutory_board_res_partner_cpf_cpf07","Services","CPF07","l10n_sg_statutory_board_res_partner_cpf"
"l10n_sg_statutory_board_res_partner_cpf_cpf08","Services","CPF08","l10n_sg_statutory_board_res_partner_cpf"
"l10n_sg_statutory_board_res_partner_cpf_cpf11","Services","CPF11","l10n_sg_statutory_board_res_partner_cpf"
"l10n_sg_statutory_board_res_partner_cpf_cpf15","Employers & Finance","CPF15","l10n_sg_statutory_board_res_partner_cpf"
"l10n_sg_statutory_board_res_partner_cpf_cpf18","Employers & Finance","CPF18","l10n_sg_statutory_board_res_partner_cpf"
"l10n_sg_statutory_board_res_partner_cpf_cpf19","Services","CPF19","l10n_sg_statutory_board_res_partner_cpf"
"l10n_sg_statutory_board_res_partner_cpf_cpf21","Employers & Finance","CPF21","l10n_sg_statutory_board_res_partner_cpf"
"l10n_sg_statutory_board_res_partner_cpf_cpf23","Employers & Finance","CPF23","l10n_sg_statutory_board_res_partner_cpf"
"l10n_sg_statutory_board_res_partner_cpf_cpf24","Employers & Finance","CPF24","l10n_sg_statutory_board_res_partner_cpf"
"l10n_sg_statutory_board_res_partner_cpf_cpf25","Employers & Finance","CPF25","l10n_sg_statutory_board_res_partner_cpf"
"l10n_sg_statutory_board_res_partner_cpf_cpf26","Employers & Finance","CPF26","l10n_sg_statutory_board_res_partner_cpf"
"l10n_sg_statutory_board_res_partner_cpf_cpf27","Employers & Finance","CPF27","l10n_sg_statutory_board_res_partner_cpf"
"l10n_sg_statutory_board_res_partner_cpf_cpf28","Policy & Corporate Development","CPF28","l10n_sg_statutory_board_res_partner_cpf"
"l10n_sg_statutory_board_res_partner_cpf_cpf29","Services","CPF29","l10n_sg_statutory_board_res_partner_cpf"
"l10n_sg_statutory_board_res_partner_cpf_cpf30","Services","CPF30","l10n_sg_statutory_board_res_partner_cpf"
"l10n_sg_statutory_board_res_partner_cpf_cpf31","Services","CPF31","l10n_sg_statutory_board_res_partner_cpf"
"l10n_sg_statutory_board_res_partner_cpf_cpf32","Policy & Corporate Development","CPF32","l10n_sg_statutory_board_res_partner_cpf"
"l10n_sg_statutory_board_res_partner_cpf_cpf33","Infocomm Technology Services","CPF33","l10n_sg_statutory_board_res_partner_cpf"
"l10n_sg_statutory_board_res_partner_cpf_cpf34","Services","CPF34","l10n_sg_statutory_board_res_partner_cpf"
"l10n_sg_statutory_board_res_partner_cpf_cpf35","Services","CPF35","l10n_sg_statutory_board_res_partner_cpf"
"l10n_sg_statutory_board_res_partner_cpf_cpf36","Services","CPF36","l10n_sg_statutory_board_res_partner_cpf"
"l10n_sg_statutory_board_res_partner_cpf_cpf37","Services","CPF37","l10n_sg_statutory_board_res_partner_cpf"
"l10n_sg_statutory_board_res_partner_cpf_cpf38","Infocomm Technology Services","CPF38","l10n_sg_statutory_board_res_partner_cpf"
"l10n_sg_statutory_board_res_partner_cpf_cpf39","Services","CPF39","l10n_sg_statutory_board_res_partner_cpf"
"l10n_sg_statutory_board_res_partner_cpf_cpf40","Services","CPF40","l10n_sg_statutory_board_res_partner_cpf"
"l10n_sg_statutory_board_res_partner_cpf_cpf41","Infocomm Technology Services","CPF41","l10n_sg_statutory_board_res_partner_cpf"
"l10n_sg_statutory_board_res_partner_cpf_cpf42","Policy & Corporate Development","CPF42","l10n_sg_statutory_board_res_partner_cpf"
"l10n_sg_statutory_board_res_partner_cpf_cpf43","Internal Audit","CPF43","l10n_sg_statutory_board_res_partner_cpf"
"l10n_sg_statutory_board_res_partner_cpf_cpf44","Services","CPF44","l10n_sg_statutory_board_res_partner_cpf"
"l10n_sg_statutory_board_res_partner_cpf_cpf45","Infocomm Technology Services","CPF45","l10n_sg_statutory_board_res_partner_cpf"
"l10n_sg_statutory_board_res_partner_cpf_cpf48","Infocomm Technology Services","CPF48","l10n_sg_statutory_board_res_partner_cpf"
"l10n_sg_statutory_board_res_partner_cpf_cpf49","Infocomm Technology Services","CPF49","l10n_sg_statutory_board_res_partner_cpf"
"l10n_sg_statutory_board_res_partner_cpf_cpf50","Infocomm Technology Services","CPF50","l10n_sg_statutory_board_res_partner_cpf"
"l10n_sg_statutory_board_res_partner_cpf_cpf51","Infocomm Technology Services","CPF51","l10n_sg_statutory_board_res_partner_cpf"
"l10n_sg_statutory_board_res_partner_cpf_cpf52","Policy & Corporate Development","CPF52","l10n_sg_statutory_board_res_partner_cpf"
"l10n_sg_statutory_board_res_partner_cpf_cpf53","Core Management","CPF53","l10n_sg_statutory_board_res_partner_cpf"
"l10n_sg_statutory_board_res_partner_cpf_cpf54","Policy & Corporate Development","CPF54","l10n_sg_statutory_board_res_partner_cpf"
"l10n_sg_statutory_board_res_partner_cpf_cpf55","Employers & Finance","CPF55","l10n_sg_statutory_board_res_partner_cpf"
"l10n_sg_statutory_board_res_partner_cpf_cpf56","Employers & Finance","CPF56","l10n_sg_statutory_board_res_partner_cpf"
"l10n_sg_statutory_board_res_partner_cpf_cpf58","Policy & Corporate Development","CPF58","l10n_sg_statutory_board_res_partner_cpf"
"l10n_sg_statutory_board_res_partner_cpf_cpf59","Policy & Corporate Development","CPF59","l10n_sg_statutory_board_res_partner_cpf"
"l10n_sg_statutory_board_res_partner_cpf_cpf60","Services","CPF60","l10n_sg_statutory_board_res_partner_cpf"
"l10n_sg_statutory_board_res_partner_cpf_cpf61","Services","CPF61","l10n_sg_statutory_board_res_partner_cpf"
"l10n_sg_statutory_board_res_partner_cpf_cpf62","Services","CPF62","l10n_sg_statutory_board_res_partner_cpf"
"l10n_sg_statutory_board_res_partner_cpf_cpf63","Services","CPF63","l10n_sg_statutory_board_res_partner_cpf"
"l10n_sg_statutory_board_res_partner_cpf_cpf64","Services","CPF64","l10n_sg_statutory_board_res_partner_cpf"
"l10n_sg_statutory_board_res_partner_cpf_cpf65","Services","CPF65","l10n_sg_statutory_board_res_partner_cpf"
"l10n_sg_statutory_board_res_partner_cpf_cpf66","Services","CPF66","l10n_sg_statutory_board_res_partner_cpf"
"l10n_sg_statutory_board_res_partner_cpf_cpf67","Policy & Corporate Development","CPF67","l10n_sg_statutory_board_res_partner_cpf"
"l10n_sg_statutory_board_res_partner_cpf_cpf68","Services","CPF68","l10n_sg_statutory_board_res_partner_cpf"
"l10n_sg_statutory_board_res_partner_cpf_cpf69","Employers & Finance","CPF69","l10n_sg_statutory_board_res_partner_cpf"
"l10n_sg_statutory_board_res_partner_cpf_cpf70","Infocomm Technology Services","CPF70","l10n_sg_statutory_board_res_partner_cpf"
"l10n_sg_statutory_board_res_partner_cpf_cpf71","Infocomm Technology Services","CPF71","l10n_sg_statutory_board_res_partner_cpf"
"l10n_sg_statutory_board_res_partner_cpf_cpf72","Services","CPF72","l10n_sg_statutory_board_res_partner_cpf"
"l10n_sg_statutory_board_res_partner_cpf_cpf73","Infocomm Technology Services","CPF73","l10n_sg_statutory_board_res_partner_cpf"
"l10n_sg_statutory_board_res_partner_cpf_cpf76","Infocomm Technology Services","CPF76","l10n_sg_statutory_board_res_partner_cpf"
"l10n_sg_statutory_board_res_partner_cpf_cpf77","Services","CPF77","l10n_sg_statutory_board_res_partner_cpf"
"l10n_sg_statutory_board_res_partner_cpf_cpf78","Services","CPF78","l10n_sg_statutory_board_res_partner_cpf"
"l10n_sg_statutory_board_res_partner_cpf_cpf79","Policy & Corporate Development","CPF79","l10n_sg_statutory_board_res_partner_cpf"
"l10n_sg_statutory_board_res_partner_cpf_cpf80","Policy & Corporate Development","CPF80","l10n_sg_statutory_board_res_partner_cpf"
"l10n_sg_statutory_board_res_partner_cpf_cpf81","Employers & Finance","CPF81","l10n_sg_statutory_board_res_partner_cpf"
"l10n_sg_statutory_board_res_partner_cpf_cpf82","Employers & Finance","CPF82","l10n_sg_statutory_board_res_partner_cpf"
"l10n_sg_statutory_board_res_partner_cpf_cpf88","Services","CPF88","l10n_sg_statutory_board_res_partner_cpf"
"l10n_sg_statutory_board_res_partner_cpf_cpf89","Infocomm Technology Services","CPF89","l10n_sg_statutory_board_res_partner_cpf"
"l10n_sg_statutory_board_res_partner_cpf_cpf90","Policy & Corporate Development","CPF90","l10n_sg_statutory_board_res_partner_cpf"
"l10n_sg_statutory_board_res_partner_cpf_cpf91","Policy & Corporate Development","CPF91","l10n_sg_statutory_board_res_partner_cpf"
"l10n_sg_statutory_board_res_partner_cpf_cpf92","Employers & Finance","CPF92","l10n_sg_statutory_board_res_partner_cpf"
"l10n_sg_statutory_board_res_partner_cpf_cpf93","Infocomm Technology Services","CPF93","l10n_sg_statutory_board_res_partner_cpf"
"l10n_sg_statutory_board_res_partner_cpf_cpf94","Infocomm Technology Services","CPF94","l10n_sg_statutory_board_res_partner_cpf"
"l10n_sg_statutory_board_res_partner_cpf_cpf95","Employers & Finance","CPF95","l10n_sg_statutory_board_res_partner_cpf"
"l10n_sg_statutory_board_res_partner_cpf_cpf96","Services","CPF96","l10n_sg_statutory_board_res_partner_cpf"
"l10n_sg_statutory_board_res_partner_cpf_cpf97","Services","CPF97","l10n_sg_statutory_board_res_partner_cpf"
"l10n_sg_statutory_board_res_partner_cpf_cpf98","Services","CPF98","l10n_sg_statutory_board_res_partner_cpf"
"l10n_sg_statutory_board_res_partner_cra_cra01","Gambling Regulatory Authority","CRA01","l10n_sg_statutory_board_res_partner_cra"
"l10n_sg_statutory_board_res_partner_csc_csc01","Civil Service College","CSC01","l10n_sg_statutory_board_res_partner_csc"
"l10n_sg_statutory_board_res_partner_cvl_cvl01","Civil List for President","CVL01","l10n_sg_statutory_board_res_partner_cvl"
"l10n_sg_statutory_board_res_partner_dst_dst01","DSTA-Finance","DST01","l10n_sg_statutory_board_res_partner_dst"
"l10n_sg_statutory_board_res_partner_edb_edb01","EDB_Senior Management","EDB01","l10n_sg_statutory_board_res_partner_edb"
"l10n_sg_statutory_board_res_partner_edb_edb02","EVP Advanced Manufacturing","EDB02","l10n_sg_statutory_board_res_partner_edb"
"l10n_sg_statutory_board_res_partner_edb_edb03","EDB_Industrial Solutions","EDB03","l10n_sg_statutory_board_res_partner_edb"
"l10n_sg_statutory_board_res_partner_edb_edb04","EDB_Chemicals N Materials","EDB04","l10n_sg_statutory_board_res_partner_edb"
"l10n_sg_statutory_board_res_partner_edb_edb05","EDB_Professional Services","EDB05","l10n_sg_statutory_board_res_partner_edb"
"l10n_sg_statutory_board_res_partner_edb_edb07","EDB_Consumer","EDB07","l10n_sg_statutory_board_res_partner_edb"
"l10n_sg_statutory_board_res_partner_edb_edb08","Energy N Renewables","EDB08","l10n_sg_statutory_board_res_partner_edb"
"l10n_sg_statutory_board_res_partner_edb_edb09","Conglomerates","EDB09","l10n_sg_statutory_board_res_partner_edb"
"l10n_sg_statutory_board_res_partner_edb_edb10","EDB_Healthcare","EDB10","l10n_sg_statutory_board_res_partner_edb"
"l10n_sg_statutory_board_res_partner_edb_edb11","EDB_Semiconductors","EDB11","l10n_sg_statutory_board_res_partner_edb"
"l10n_sg_statutory_board_res_partner_edb_edb13","EDB_Tech Hardware N Eqpt","EDB13","l10n_sg_statutory_board_res_partner_edb"
"l10n_sg_statutory_board_res_partner_edb_edb14","EVP Innovation N Capital","EDB14","l10n_sg_statutory_board_res_partner_edb"
"l10n_sg_statutory_board_res_partner_edb_edb15","New Ventures","EDB15","l10n_sg_statutory_board_res_partner_edb"
"l10n_sg_statutory_board_res_partner_edb_edb17","EDB_EVP CDG","EDB17","l10n_sg_statutory_board_res_partner_edb"
"l10n_sg_statutory_board_res_partner_edb_edb18","EDB_ACRIS","EDB18","l10n_sg_statutory_board_res_partner_edb"
"l10n_sg_statutory_board_res_partner_edb_edb19","EDB_Corporate Audit","EDB19","l10n_sg_statutory_board_res_partner_edb"
"l10n_sg_statutory_board_res_partner_edb_edb20","EDB_FRAP","EDB20","l10n_sg_statutory_board_res_partner_edb"
"l10n_sg_statutory_board_res_partner_edb_edb21","EDB_HROD","EDB21","l10n_sg_statutory_board_res_partner_edb"
"l10n_sg_statutory_board_res_partner_edb_edb22","EDB_Legal","EDB22","l10n_sg_statutory_board_res_partner_edb"
"l10n_sg_statutory_board_res_partner_edb_edb23","EDB_Information Technology","EDB23","l10n_sg_statutory_board_res_partner_edb"
"l10n_sg_statutory_board_res_partner_edb_edb24","EDB_EVP IOps","EDB24","l10n_sg_statutory_board_res_partner_edb"
"l10n_sg_statutory_board_res_partner_edb_edb25","EDB_IOps","EDB25","l10n_sg_statutory_board_res_partner_edb"
"l10n_sg_statutory_board_res_partner_edb_edb27","EDB_Brand, Mktg N Comms","EDB27","l10n_sg_statutory_board_res_partner_edb"
"l10n_sg_statutory_board_res_partner_edb_edb28","Global Enterprises","EDB28","l10n_sg_statutory_board_res_partner_edb"
"l10n_sg_statutory_board_res_partner_edb_edb29","EDB_Prodt Innov by Experience","EDB29","l10n_sg_statutory_board_res_partner_edb"
"l10n_sg_statutory_board_res_partner_edb_edb30","EDB_Digital Industry Singapore","EDB30","l10n_sg_statutory_board_res_partner_edb"
"l10n_sg_statutory_board_res_partner_edb_edb32","Industry Manpower Devt","EDB32","l10n_sg_statutory_board_res_partner_edb"
"l10n_sg_statutory_board_res_partner_edb_edb33","EDB_Research N Statistics","EDB33","l10n_sg_statutory_board_res_partner_edb"
"l10n_sg_statutory_board_res_partner_edb_edb34","Resource N Carbon","EDB34","l10n_sg_statutory_board_res_partner_edb"
"l10n_sg_statutory_board_res_partner_edb_edb35","Planning","EDB35","l10n_sg_statutory_board_res_partner_edb"
"l10n_sg_statutory_board_res_partner_edb_edb36","EDB_Contact Singapore","EDB36","l10n_sg_statutory_board_res_partner_edb"
"l10n_sg_statutory_board_res_partner_edb_edb37","EVP Human Capital","EDB37","l10n_sg_statutory_board_res_partner_edb"
"l10n_sg_statutory_board_res_partner_edb_edb38","EDB_Mobility","EDB38","l10n_sg_statutory_board_res_partner_edb"
"l10n_sg_statutory_board_res_partner_edb_edb42","EDB_Env Sustainability","EDB42","l10n_sg_statutory_board_res_partner_edb"
"l10n_sg_statutory_board_res_partner_edb_edb43","Hub Strategy","EDB43","l10n_sg_statutory_board_res_partner_edb"
"l10n_sg_statutory_board_res_partner_edb_edb45","EDB_Family Capital N Impact","EDB45","l10n_sg_statutory_board_res_partner_edb"
"l10n_sg_statutory_board_res_partner_edb_edb46","EDB_Innovation Economy","EDB46","l10n_sg_statutory_board_res_partner_edb"
"l10n_sg_statutory_board_res_partner_edb_edb47","EDB_Business Environment","EDB47","l10n_sg_statutory_board_res_partner_edb"
"l10n_sg_statutory_board_res_partner_edb_edb49","EDB_OSTin","EDB49","l10n_sg_statutory_board_res_partner_edb"
"l10n_sg_statutory_board_res_partner_edb_edb50","EDB_Singapore Global Network","EDB50","l10n_sg_statutory_board_res_partner_edb"
"l10n_sg_statutory_board_res_partner_edb_edb52","EDB_Human Resources - Payroll","EDB52","l10n_sg_statutory_board_res_partner_edb"
"l10n_sg_statutory_board_res_partner_edb_edb53","EDB_Scholarship Prog","EDB53","l10n_sg_statutory_board_res_partner_edb"
"l10n_sg_statutory_board_res_partner_edb_edb54","EDB_EXXONMOBIL","EDB54","l10n_sg_statutory_board_res_partner_edb"
"l10n_sg_statutory_board_res_partner_edb_edb55","EDB_LDI","EDB55","l10n_sg_statutory_board_res_partner_edb"
"l10n_sg_statutory_board_res_partner_edb_edb56","EDB_PCM","EDB56","l10n_sg_statutory_board_res_partner_edb"
"l10n_sg_statutory_board_res_partner_edb_edb57","EDB_GlaxoSmithKline","EDB57","l10n_sg_statutory_board_res_partner_edb"
"l10n_sg_statutory_board_res_partner_edb_edb58","EVP PPP","EDB58","l10n_sg_statutory_board_res_partner_edb"
"l10n_sg_statutory_board_res_partner_edb_edb59","EVP Green Economy","EDB59","l10n_sg_statutory_board_res_partner_edb"
"l10n_sg_statutory_board_res_partner_edb_edb60","EVP Digital Economy N Hub Srvs","EDB60","l10n_sg_statutory_board_res_partner_edb"
"l10n_sg_statutory_board_res_partner_edb_edb61","Advanced Manufacturing Devt","EDB61","l10n_sg_statutory_board_res_partner_edb"
"l10n_sg_statutory_board_res_partner_edb_edb62","Logistics N Supply Chain Mgmt","EDB62","l10n_sg_statutory_board_res_partner_edb"
"l10n_sg_statutory_board_res_partner_ema_ema01","Chief Executive's Office","EMA01","l10n_sg_statutory_board_res_partner_ema"
"l10n_sg_statutory_board_res_partner_ema_ema03","Legal Br - Legal & Admin Dept","EMA03","l10n_sg_statutory_board_res_partner_ema"
"l10n_sg_statutory_board_res_partner_ema_ema04","Admin Br - Legal & Admin Dept","EMA04","l10n_sg_statutory_board_res_partner_ema"
"l10n_sg_statutory_board_res_partner_ema_ema05","Human Resource & Org Devt Dept","EMA05","l10n_sg_statutory_board_res_partner_ema"
"l10n_sg_statutory_board_res_partner_ema_ema06","Finance Dept","EMA06","l10n_sg_statutory_board_res_partner_ema"
"l10n_sg_statutory_board_res_partner_ema_ema07","Corporate Communications Dept","EMA07","l10n_sg_statutory_board_res_partner_ema"
"l10n_sg_statutory_board_res_partner_ema_ema08","Information Technology Dept","EMA08","l10n_sg_statutory_board_res_partner_ema"
"l10n_sg_statutory_board_res_partner_ema_ema09","EPD Main Office","EMA09","l10n_sg_statutory_board_res_partner_ema"
"l10n_sg_statutory_board_res_partner_ema_ema10","External Relations Dept","EMA10","l10n_sg_statutory_board_res_partner_ema"
"l10n_sg_statutory_board_res_partner_ema_ema11","Solar and Grid Solutions Dept","EMA11","l10n_sg_statutory_board_res_partner_ema"
"l10n_sg_statutory_board_res_partner_ema_ema12","Energy Strategy&Planning Dept","EMA12","l10n_sg_statutory_board_res_partner_ema"
"l10n_sg_statutory_board_res_partner_ema_ema13","Nuclear Energy Office","EMA13","l10n_sg_statutory_board_res_partner_ema"
"l10n_sg_statutory_board_res_partner_ema_ema14","Emerging Energies Dept","EMA14","l10n_sg_statutory_board_res_partner_ema"
"l10n_sg_statutory_board_res_partner_ema_ema15","RD Main Office","EMA15","l10n_sg_statutory_board_res_partner_ema"
"l10n_sg_statutory_board_res_partner_ema_ema16","Econ Reg & Licensing Dept","EMA16","l10n_sg_statutory_board_res_partner_ema"
"l10n_sg_statutory_board_res_partner_ema_ema17","Market Development Dept","EMA17","l10n_sg_statutory_board_res_partner_ema"
"l10n_sg_statutory_board_res_partner_ema_ema18","EID Main Office","EMA18","l10n_sg_statutory_board_res_partner_ema"
"l10n_sg_statutory_board_res_partner_ema_ema19","Inspectorate Dept","EMA19","l10n_sg_statutory_board_res_partner_ema"
"l10n_sg_statutory_board_res_partner_ema_ema20","EI Br - Inspectorate Dept","EMA20","l10n_sg_statutory_board_res_partner_ema"
"l10n_sg_statutory_board_res_partner_ema_ema21","GI Br - Inspectorate Dept","EMA21","l10n_sg_statutory_board_res_partner_ema"
"l10n_sg_statutory_board_res_partner_ema_ema22","Electricity System Dept","EMA22","l10n_sg_statutory_board_res_partner_ema"
"l10n_sg_statutory_board_res_partner_ema_ema23","Gas System Dept","EMA23","l10n_sg_statutory_board_res_partner_ema"
"l10n_sg_statutory_board_res_partner_ema_ema24","Generation Development Dept","EMA24","l10n_sg_statutory_board_res_partner_ema"
"l10n_sg_statutory_board_res_partner_ema_ema25","PSOD Main Office","EMA25","l10n_sg_statutory_board_res_partner_ema"
"l10n_sg_statutory_board_res_partner_ema_ema26","System Control Dept","EMA26","l10n_sg_statutory_board_res_partner_ema"
"l10n_sg_statutory_board_res_partner_ema_ema27","Energy Management Systems Dept","EMA27","l10n_sg_statutory_board_res_partner_ema"
"l10n_sg_statutory_board_res_partner_ema_ema28","Sys Stability & Planning Dept","EMA28","l10n_sg_statutory_board_res_partner_ema"
"l10n_sg_statutory_board_res_partner_ema_ema29","Gas System Supervision Dept","EMA29","l10n_sg_statutory_board_res_partner_ema"
"l10n_sg_statutory_board_res_partner_ema_ema30","General Cost Centre","EMA30","l10n_sg_statutory_board_res_partner_ema"
"l10n_sg_statutory_board_res_partner_ema_ema31","Officer on Secondment","EMA31","l10n_sg_statutory_board_res_partner_ema"
"l10n_sg_statutory_board_res_partner_ema_ema32","Energy Connections Office","EMA32","l10n_sg_statutory_board_res_partner_ema"
"l10n_sg_statutory_board_res_partner_ema_ema33","Strategic Procurement Dept","EMA33","l10n_sg_statutory_board_res_partner_ema"
"l10n_sg_statutory_board_res_partner_ema_ema34","ETD Main Office","EMA34","l10n_sg_statutory_board_res_partner_ema"
"l10n_sg_statutory_board_res_partner_ema_ema35","Land and Security Dept","EMA35","l10n_sg_statutory_board_res_partner_ema"
"l10n_sg_statutory_board_res_partner_ema_ema36","Data and Analytics Dept","EMA36","l10n_sg_statutory_board_res_partner_ema"
"l10n_sg_statutory_board_res_partner_ema_ema37","Carbon Capture & Storage Prog","EMA37","l10n_sg_statutory_board_res_partner_ema"
"l10n_sg_statutory_board_res_partner_ema_ema99","Future Energy Fund","EMA99","l10n_sg_statutory_board_res_partner_ema"
"l10n_sg_statutory_board_res_partner_env_env01","Headquarters","ENV01","l10n_sg_statutory_board_res_partner_env"
"l10n_sg_statutory_board_res_partner_env_env17","ENV17-FEA","ENV17","l10n_sg_statutory_board_res_partner_env"
"l10n_sg_statutory_board_res_partner_env_env19","MSE-Projects Managed by NEA","ENV19","l10n_sg_statutory_board_res_partner_env"
"l10n_sg_statutory_board_res_partner_esg_esg01","ESG_Accounts Payable (AP)","ESG01","l10n_sg_statutory_board_res_partner_esg"
"l10n_sg_statutory_board_res_partner_esg_esg02","ESG_HC-Payroll","ESG02","l10n_sg_statutory_board_res_partner_esg"
"l10n_sg_statutory_board_res_partner_esg_esg03","ESG_SRF-Singapore Rubber Fund","ESG03","l10n_sg_statutory_board_res_partner_esg"
"l10n_sg_statutory_board_res_partner_fin_fin02","AGD Pensions Branch","FIN02","l10n_sg_statutory_board_res_partner_fin"
"l10n_sg_statutory_board_res_partner_gvt_gvt01","GVT_Finance","GVT01","l10n_sg_statutory_board_res_partner_gvt"
"l10n_sg_statutory_board_res_partner_gvt_gvt02","CE Office","GVT02","l10n_sg_statutory_board_res_partner_gvt"
"l10n_sg_statutory_board_res_partner_gvt_gvt03","Communications & Marketing Grp","GVT03","l10n_sg_statutory_board_res_partner_gvt"
"l10n_sg_statutory_board_res_partner_gvt_gvt04","Technology Management Office","GVT04","l10n_sg_statutory_board_res_partner_gvt"
"l10n_sg_statutory_board_res_partner_gvt_gvt05","Internal Audit","GVT05","l10n_sg_statutory_board_res_partner_gvt"
"l10n_sg_statutory_board_res_partner_gvt_gvt06","Group IT Div","GVT06","l10n_sg_statutory_board_res_partner_gvt"
"l10n_sg_statutory_board_res_partner_gvt_gvt07","Legal","GVT07","l10n_sg_statutory_board_res_partner_gvt"
"l10n_sg_statutory_board_res_partner_gvt_gvt08","Workspace Services","GVT08","l10n_sg_statutory_board_res_partner_gvt"
"l10n_sg_statutory_board_res_partner_gvt_gvt09","People & Org Div","GVT09","l10n_sg_statutory_board_res_partner_gvt"
"l10n_sg_statutory_board_res_partner_gvt_gvt10","People Strategy & Data Office","GVT10","l10n_sg_statutory_board_res_partner_gvt"
"l10n_sg_statutory_board_res_partner_gvt_gvt11","Talent Acquisition","GVT11","l10n_sg_statutory_board_res_partner_gvt"
"l10n_sg_statutory_board_res_partner_gvt_gvt12","Planning, Perf & Rewards","GVT12","l10n_sg_statutory_board_res_partner_gvt"
"l10n_sg_statutory_board_res_partner_gvt_gvt13","Sectorial Talent CapDev","GVT13","l10n_sg_statutory_board_res_partner_gvt"
"l10n_sg_statutory_board_res_partner_gvt_gvt14","People Operations & Systems","GVT14","l10n_sg_statutory_board_res_partner_gvt"
"l10n_sg_statutory_board_res_partner_gvt_gvt15","Strategy and Plans Div","GVT15","l10n_sg_statutory_board_res_partner_gvt"
"l10n_sg_statutory_board_res_partner_gvt_gvt16","Talent Learning Leadership Dev","GVT16","l10n_sg_statutory_board_res_partner_gvt"
"l10n_sg_statutory_board_res_partner_gvt_gvt17","DCE/ACE Office/CODE","GVT17","l10n_sg_statutory_board_res_partner_gvt"
"l10n_sg_statutory_board_res_partner_gvt_gvt18","Open Gov Products","GVT18","l10n_sg_statutory_board_res_partner_gvt"
"l10n_sg_statutory_board_res_partner_gvt_gvt19","Data Science & AI Div","GVT19","l10n_sg_statutory_board_res_partner_gvt"
"l10n_sg_statutory_board_res_partner_gvt_gvt20","GVT_Gov Digital Products - CIP","GVT20","l10n_sg_statutory_board_res_partner_gvt"
"l10n_sg_statutory_board_res_partner_gvt_gvt21","Gov Digital Services-ESD","GVT21","l10n_sg_statutory_board_res_partner_gvt"
"l10n_sg_statutory_board_res_partner_gvt_gvt22","Gov Digital Services-ENP","GVT22","l10n_sg_statutory_board_res_partner_gvt"
"l10n_sg_statutory_board_res_partner_gvt_gvt23","Gov Digital Services-DCUBE","GVT23","l10n_sg_statutory_board_res_partner_gvt"
"l10n_sg_statutory_board_res_partner_gvt_gvt24","Gov Digital Services-Nexus","GVT24","l10n_sg_statutory_board_res_partner_gvt"
"l10n_sg_statutory_board_res_partner_gvt_gvt25","GVT_GPE & MGLP","GVT25","l10n_sg_statutory_board_res_partner_gvt"
"l10n_sg_statutory_board_res_partner_gvt_gvt26","MHI & Cloud","GVT26","l10n_sg_statutory_board_res_partner_gvt"
"l10n_sg_statutory_board_res_partner_gvt_gvt27","GVT_CapCen & Consultancy","GVT27","l10n_sg_statutory_board_res_partner_gvt"
"l10n_sg_statutory_board_res_partner_gvt_gvt28","GVT_Secure Infra Products","GVT28","l10n_sg_statutory_board_res_partner_gvt"
"l10n_sg_statutory_board_res_partner_gvt_gvt29","WOG Services","GVT29","l10n_sg_statutory_board_res_partner_gvt"
"l10n_sg_statutory_board_res_partner_gvt_gvt30","WOG ICT Infra Services","GVT30","l10n_sg_statutory_board_res_partner_gvt"
"l10n_sg_statutory_board_res_partner_gvt_gvt31","GDNR","GVT31","l10n_sg_statutory_board_res_partner_gvt"
"l10n_sg_statutory_board_res_partner_gvt_gvt32","GVT_Device & Productivity","GVT32","l10n_sg_statutory_board_res_partner_gvt"
"l10n_sg_statutory_board_res_partner_gvt_gvt33","CentEx-Infra","GVT33","l10n_sg_statutory_board_res_partner_gvt"
"l10n_sg_statutory_board_res_partner_gvt_gvt34","GVT_GDC","GVT34","l10n_sg_statutory_board_res_partner_gvt"
"l10n_sg_statutory_board_res_partner_gvt_gvt35","NNI","GVT35","l10n_sg_statutory_board_res_partner_gvt"
"l10n_sg_statutory_board_res_partner_gvt_gvt36","GVT_Smart City Technology","GVT36","l10n_sg_statutory_board_res_partner_gvt"
"l10n_sg_statutory_board_res_partner_gvt_gvt37","GVT_PPBD","GVT37","l10n_sg_statutory_board_res_partner_gvt"
"l10n_sg_statutory_board_res_partner_gvt_gvt38","Moments of Life","GVT38","l10n_sg_statutory_board_res_partner_gvt"
"l10n_sg_statutory_board_res_partner_gvt_gvt39","MOL-T&A","GVT39","l10n_sg_statutory_board_res_partner_gvt"
"l10n_sg_statutory_board_res_partner_gvt_gvt40","National Digital Identity","GVT40","l10n_sg_statutory_board_res_partner_gvt"
"l10n_sg_statutory_board_res_partner_gvt_gvt41","NDI-SPCP","GVT41","l10n_sg_statutory_board_res_partner_gvt"
"l10n_sg_statutory_board_res_partner_gvt_gvt42","NDI-Trusted Data","GVT42","l10n_sg_statutory_board_res_partner_gvt"
"l10n_sg_statutory_board_res_partner_gvt_gvt43","GVT_GTOC","GVT43","l10n_sg_statutory_board_res_partner_gvt"
"l10n_sg_statutory_board_res_partner_gvt_gvt44","GVT_WOG Comms/RACS","GVT44","l10n_sg_statutory_board_res_partner_gvt"
"l10n_sg_statutory_board_res_partner_gvt_gvt45","SNPS-Proj Engineering","GVT45","l10n_sg_statutory_board_res_partner_gvt"
"l10n_sg_statutory_board_res_partner_gvt_gvt46","SNPS-Punggol Digital District","GVT46","l10n_sg_statutory_board_res_partner_gvt"
"l10n_sg_statutory_board_res_partner_gvt_gvt47","CSG-Central Services","GVT47","l10n_sg_statutory_board_res_partner_gvt"
"l10n_sg_statutory_board_res_partner_gvt_gvt48","CSG-Cybersecurity Services","GVT48","l10n_sg_statutory_board_res_partner_gvt"
"l10n_sg_statutory_board_res_partner_gvt_gvt49","CSG-CentEx","GVT49","l10n_sg_statutory_board_res_partner_gvt"
"l10n_sg_statutory_board_res_partner_gvt_gvt50","CSG-HQ","GVT50","l10n_sg_statutory_board_res_partner_gvt"
"l10n_sg_statutory_board_res_partner_gvt_gvt51","Governance","GVT51","l10n_sg_statutory_board_res_partner_gvt"
"l10n_sg_statutory_board_res_partner_gvt_gvt52","GIROC","GVT52","l10n_sg_statutory_board_res_partner_gvt"
"l10n_sg_statutory_board_res_partner_gvt_gvt53","Services-CCYC","GVT53","l10n_sg_statutory_board_res_partner_gvt"
"l10n_sg_statutory_board_res_partner_gvt_gvt54","Services-ELDC","GVT54","l10n_sg_statutory_board_res_partner_gvt"
"l10n_sg_statutory_board_res_partner_gvt_gvt55","Services-FNC","GVT55","l10n_sg_statutory_board_res_partner_gvt"
"l10n_sg_statutory_board_res_partner_gvt_gvt56","Services-HC","GVT56","l10n_sg_statutory_board_res_partner_gvt"
"l10n_sg_statutory_board_res_partner_gvt_gvt57","Services-HQ","GVT57","l10n_sg_statutory_board_res_partner_gvt"
"l10n_sg_statutory_board_res_partner_gvt_gvt58","Services-HQ CTS","GVT58","l10n_sg_statutory_board_res_partner_gvt"
"l10n_sg_statutory_board_res_partner_gvt_gvt59","Services-HQ SAO","GVT59","l10n_sg_statutory_board_res_partner_gvt"
"l10n_sg_statutory_board_res_partner_gvt_gvt60","GVT_Standard Product","GVT60","l10n_sg_statutory_board_res_partner_gvt"
"l10n_sg_statutory_board_res_partner_gvt_gvt61","Services-JFAC","GVT61","l10n_sg_statutory_board_res_partner_gvt"
"l10n_sg_statutory_board_res_partner_gvt_gvt62","Services-MCIC","GVT62","l10n_sg_statutory_board_res_partner_gvt"
"l10n_sg_statutory_board_res_partner_gvt_gvt63","Services-SEC","GVT63","l10n_sg_statutory_board_res_partner_gvt"
"l10n_sg_statutory_board_res_partner_gvt_gvt64","Services-MHAC","GVT64","l10n_sg_statutory_board_res_partner_gvt"
"l10n_sg_statutory_board_res_partner_gvt_gvt65","Services-MPC","GVT65","l10n_sg_statutory_board_res_partner_gvt"
"l10n_sg_statutory_board_res_partner_gvt_gvt66","Services-NDTC","GVT66","l10n_sg_statutory_board_res_partner_gvt"
"l10n_sg_statutory_board_res_partner_gvt_gvt67","Services-PMOC","GVT67","l10n_sg_statutory_board_res_partner_gvt"
"l10n_sg_statutory_board_res_partner_gvt_gvt68","Services-SFDC","GVT68","l10n_sg_statutory_board_res_partner_gvt"
"l10n_sg_statutory_board_res_partner_gvt_gvt69","Services-TIC","GVT69","l10n_sg_statutory_board_res_partner_gvt"
"l10n_sg_statutory_board_res_partner_gvt_gvt70","CODEX","GVT70","l10n_sg_statutory_board_res_partner_gvt"
"l10n_sg_statutory_board_res_partner_gvt_gvt71","GVT_GPE Third Party MP Svc","GVT71","l10n_sg_statutory_board_res_partner_gvt"
"l10n_sg_statutory_board_res_partner_gvt_gvt72","Trusted Network Infrastructure","GVT72","l10n_sg_statutory_board_res_partner_gvt"
"l10n_sg_statutory_board_res_partner_gvt_gvt73","CODEX Program","GVT73","l10n_sg_statutory_board_res_partner_gvt"
"l10n_sg_statutory_board_res_partner_gvt_gvt74","Services-HQ-SAIS","GVT74","l10n_sg_statutory_board_res_partner_gvt"
"l10n_sg_statutory_board_res_partner_gvt_gvt76","GVT_KM & Corp Services","GVT76","l10n_sg_statutory_board_res_partner_gvt"
"l10n_sg_statutory_board_res_partner_gvt_gvt77","Leadership & Org Devt","GVT77","l10n_sg_statutory_board_res_partner_gvt"
"l10n_sg_statutory_board_res_partner_gvt_gvt78","GVT_Digital Economy Products","GVT78","l10n_sg_statutory_board_res_partner_gvt"
"l10n_sg_statutory_board_res_partner_gvt_gvt79","GovTech Anti Scam Product-GASP","GVT79","l10n_sg_statutory_board_res_partner_gvt"
"l10n_sg_statutory_board_res_partner_gvt_gvt80","CDO Office","GVT80","l10n_sg_statutory_board_res_partner_gvt"
"l10n_sg_statutory_board_res_partner_gvt_gvt81","Digital Academy","GVT81","l10n_sg_statutory_board_res_partner_gvt"
"l10n_sg_statutory_board_res_partner_gvt_gvt82","Systems&Process Transformation","GVT82","l10n_sg_statutory_board_res_partner_gvt"
"l10n_sg_statutory_board_res_partner_gvt_gvt83","GVT_Data & AI","GVT83","l10n_sg_statutory_board_res_partner_gvt"
"l10n_sg_statutory_board_res_partner_gvt_gvt84","GVT_Govt Technology Office","GVT84","l10n_sg_statutory_board_res_partner_gvt"
"l10n_sg_statutory_board_res_partner_gvt_gvt85","GVT_PCCS","GVT85","l10n_sg_statutory_board_res_partner_gvt"
"l10n_sg_statutory_board_res_partner_gvt_gvt86","GVT_Partnerships & Engagement","GVT86","l10n_sg_statutory_board_res_partner_gvt"
"l10n_sg_statutory_board_res_partner_gvt_gvt87","Innovation Fund","GVT87","l10n_sg_statutory_board_res_partner_gvt"
"l10n_sg_statutory_board_res_partner_gvt_gvt88","Digital Sustainability Office","GVT88","l10n_sg_statutory_board_res_partner_gvt"
"l10n_sg_statutory_board_res_partner_gvt_gvt89","Product Strategy Office","GVT89","l10n_sg_statutory_board_res_partner_gvt"
"l10n_sg_statutory_board_res_partner_gvt_gvt90","Transformation Office","GVT90","l10n_sg_statutory_board_res_partner_gvt"
"l10n_sg_statutory_board_res_partner_gvt_gvt91","GVT_Organisation Excellence","GVT91","l10n_sg_statutory_board_res_partner_gvt"
"l10n_sg_statutory_board_res_partner_gvt_gvt92","Defence Cluster","GVT92","l10n_sg_statutory_board_res_partner_gvt"
"l10n_sg_statutory_board_res_partner_gvt_gvt93","GVT_Data Programme","GVT93","l10n_sg_statutory_board_res_partner_gvt"
"l10n_sg_statutory_board_res_partner_hdb_hdb76","West Zone","HDB76","l10n_sg_statutory_board_res_partner_hdb"
"l10n_sg_statutory_board_res_partner_hdb_hdb79","North Zone","HDB79","l10n_sg_statutory_board_res_partner_hdb"
"l10n_sg_statutory_board_res_partner_hdb_hdb80","North-East Zone","HDB80","l10n_sg_statutory_board_res_partner_hdb"
"l10n_sg_statutory_board_res_partner_hdb_hdb81","Central Zone","HDB81","l10n_sg_statutory_board_res_partner_hdb"
"l10n_sg_statutory_board_res_partner_hdb_hdb82","East Zone","HDB82","l10n_sg_statutory_board_res_partner_hdb"
"l10n_sg_statutory_board_res_partner_hdb_hdb21","BQG-Admin & IT","HDB21","l10n_sg_statutory_board_res_partner_hdb"
"l10n_sg_statutory_board_res_partner_hdb_hdb22","BIG Admin Section","HDB22","l10n_sg_statutory_board_res_partner_hdb"
"l10n_sg_statutory_board_res_partner_hdb_hdb24","HR Department","HDB24","l10n_sg_statutory_board_res_partner_hdb"
"l10n_sg_statutory_board_res_partner_hdb_hdb25","OE Department","HDB25","l10n_sg_statutory_board_res_partner_hdb"
"l10n_sg_statutory_board_res_partner_hdb_hdb26","CRKM Department","HDB26","l10n_sg_statutory_board_res_partner_hdb"
"l10n_sg_statutory_board_res_partner_hdb_hdb74","Organisational Resilience Dept","HDB74","l10n_sg_statutory_board_res_partner_hdb"
"l10n_sg_statutory_board_res_partner_hdb_hdb27","PCG Admin Section","HDB27","l10n_sg_statutory_board_res_partner_hdb"
"l10n_sg_statutory_board_res_partner_hdb_hdb28","People Developmt & Excellence","HDB28","l10n_sg_statutory_board_res_partner_hdb"
"l10n_sg_statutory_board_res_partner_hdb_hdb29","Management Accounting & Budget","HDB29","l10n_sg_statutory_board_res_partner_hdb"
"l10n_sg_statutory_board_res_partner_hdb_hdb30","Business Inno & Digital Svs","HDB30","l10n_sg_statutory_board_res_partner_hdb"
"l10n_sg_statutory_board_res_partner_hdb_hdb31","HmOwnership Eligibility Dept","HDB31","l10n_sg_statutory_board_res_partner_hdb"
"l10n_sg_statutory_board_res_partner_hdb_hdb35","Valuation n Property","HDB35","l10n_sg_statutory_board_res_partner_hdb"
"l10n_sg_statutory_board_res_partner_hdb_hdb36","Policy Development","HDB36","l10n_sg_statutory_board_res_partner_hdb"
"l10n_sg_statutory_board_res_partner_hdb_hdb37","Sales Operations","HDB37","l10n_sg_statutory_board_res_partner_hdb"
"l10n_sg_statutory_board_res_partner_hdb_hdb38","Customer Services Centre","HDB38","l10n_sg_statutory_board_res_partner_hdb"
"l10n_sg_statutory_board_res_partner_hdb_hdb39","Resale Operations","HDB39","l10n_sg_statutory_board_res_partner_hdb"
"l10n_sg_statutory_board_res_partner_hdb_hdb40","Resale Planning","HDB40","l10n_sg_statutory_board_res_partner_hdb"
"l10n_sg_statutory_board_res_partner_hdb_hdb41","Housing Market Analysis","HDB41","l10n_sg_statutory_board_res_partner_hdb"
"l10n_sg_statutory_board_res_partner_hdb_hdb42","Projects Devt & Marketing","HDB42","l10n_sg_statutory_board_res_partner_hdb"
"l10n_sg_statutory_board_res_partner_hdb_hdb43","Property Pricing","HDB43","l10n_sg_statutory_board_res_partner_hdb"
"l10n_sg_statutory_board_res_partner_hdb_hdb44","Admin Team","HDB44","l10n_sg_statutory_board_res_partner_hdb"
"l10n_sg_statutory_board_res_partner_hdb_hdb45","Lease Admin & Mgt","HDB45","l10n_sg_statutory_board_res_partner_hdb"
"l10n_sg_statutory_board_res_partner_hdb_hdb46","Car Parks","HDB46","l10n_sg_statutory_board_res_partner_hdb"
"l10n_sg_statutory_board_res_partner_hdb_hdb48","Housing Finance","HDB48","l10n_sg_statutory_board_res_partner_hdb"
"l10n_sg_statutory_board_res_partner_hdb_hdb49","Housing Maintenance","HDB49","l10n_sg_statutory_board_res_partner_hdb"
"l10n_sg_statutory_board_res_partner_hdb_hdb50","PPE","HDB50","l10n_sg_statutory_board_res_partner_hdb"
"l10n_sg_statutory_board_res_partner_hdb_hdb51","Rental Housing","HDB51","l10n_sg_statutory_board_res_partner_hdb"
"l10n_sg_statutory_board_res_partner_hdb_hdb75","Customer Management","HDB75","l10n_sg_statutory_board_res_partner_hdb"
"l10n_sg_statutory_board_res_partner_hdb_hdb83","HMG ESSCD","HDB83","l10n_sg_statutory_board_res_partner_hdb"
"l10n_sg_statutory_board_res_partner_hdb_hdb52","Finance & Admin Section","HDB52","l10n_sg_statutory_board_res_partner_hdb"
"l10n_sg_statutory_board_res_partner_hdb_hdb53","E-Services Section","HDB53","l10n_sg_statutory_board_res_partner_hdb"
"l10n_sg_statutory_board_res_partner_hdb_hdb54","Admin Section","HDB54","l10n_sg_statutory_board_res_partner_hdb"
"l10n_sg_statutory_board_res_partner_hdb_hdb55","IAG Admin","HDB55","l10n_sg_statutory_board_res_partner_hdb"
"l10n_sg_statutory_board_res_partner_hdb_hdb56","Legal Resources & Admin","HDB56","l10n_sg_statutory_board_res_partner_hdb"
"l10n_sg_statutory_board_res_partner_hdb_hdb57","PLG Admin & CEEM","HDB57","l10n_sg_statutory_board_res_partner_hdb"
"l10n_sg_statutory_board_res_partner_hdb_hdb58","Biz & Cust Care","HDB58","l10n_sg_statutory_board_res_partner_hdb"
"l10n_sg_statutory_board_res_partner_hdb_hdb59","Commercial Asset Mgt","HDB59","l10n_sg_statutory_board_res_partner_hdb"
"l10n_sg_statutory_board_res_partner_hdb_hdb60","Land Mgt & Op","HDB60","l10n_sg_statutory_board_res_partner_hdb"
"l10n_sg_statutory_board_res_partner_hdb_hdb61","Land Sales & Lease Admin","HDB61","l10n_sg_statutory_board_res_partner_hdb"
"l10n_sg_statutory_board_res_partner_hdb_hdb77","BIZ DEV & PSHIP","HDB77","l10n_sg_statutory_board_res_partner_hdb"
"l10n_sg_statutory_board_res_partner_hdb_hdb78","IT & Geomatics","HDB78","l10n_sg_statutory_board_res_partner_hdb"
"l10n_sg_statutory_board_res_partner_hdb_hdb62","UPG Admin & IT Support Section","HDB62","l10n_sg_statutory_board_res_partner_hdb"
"l10n_sg_statutory_board_res_partner_hdb_hdb64","CRGAdmin","HDB64","l10n_sg_statutory_board_res_partner_hdb"
"l10n_sg_statutory_board_res_partner_hdb_hdb65","Community Partnerships","HDB65","l10n_sg_statutory_board_res_partner_hdb"
"l10n_sg_statutory_board_res_partner_hdb_hdb66","Town Council Secretariat","HDB66","l10n_sg_statutory_board_res_partner_hdb"
"l10n_sg_statutory_board_res_partner_hdb_hdb67","Knowledge & Resources Mgmt","HDB67","l10n_sg_statutory_board_res_partner_hdb"
"l10n_sg_statutory_board_res_partner_hdb_hdb68","Marketing Comm & Research Dept","HDB68","l10n_sg_statutory_board_res_partner_hdb"
"l10n_sg_statutory_board_res_partner_hdb_hdb69","Media Relations Depts & Admin","HDB69","l10n_sg_statutory_board_res_partner_hdb"
"l10n_sg_statutory_board_res_partner_hdb_hdb70","Engagement & Partnerships Dept","HDB70","l10n_sg_statutory_board_res_partner_hdb"
"l10n_sg_statutory_board_res_partner_hdb_hdb84","DDG Upgrading Programmes Dept","HDB84","l10n_sg_statutory_board_res_partner_hdb"
"l10n_sg_statutory_board_res_partner_hdb_hdb32","Redev Prog Policy Section","HDB32","l10n_sg_statutory_board_res_partner_hdb"
"l10n_sg_statutory_board_res_partner_hdb_hdb33","Redev Prog Ops Section 2","HDB33","l10n_sg_statutory_board_res_partner_hdb"
"l10n_sg_statutory_board_res_partner_hdb_hdb34","Redev Prog Ops Section 1","HDB34","l10n_sg_statutory_board_res_partner_hdb"
"l10n_sg_statutory_board_res_partner_hpb_hpb02","Healthy Ageing Programmes","HPB02","l10n_sg_statutory_board_res_partner_hpb"
"l10n_sg_statutory_board_res_partner_hpb_hpb03","Mental Health","HPB03","l10n_sg_statutory_board_res_partner_hpb"
"l10n_sg_statutory_board_res_partner_hpb_hpb04","Substance Abuse","HPB04","l10n_sg_statutory_board_res_partner_hpb"
"l10n_sg_statutory_board_res_partner_hpb_hpb05","Communicable Disease","HPB05","l10n_sg_statutory_board_res_partner_hpb"
"l10n_sg_statutory_board_res_partner_hpb_hpb06","Healthy Food and Dining","HPB06","l10n_sg_statutory_board_res_partner_hpb"
"l10n_sg_statutory_board_res_partner_hpb_hpb07","Physical Activity & WeightMgmt","HPB07","l10n_sg_statutory_board_res_partner_hpb"
"l10n_sg_statutory_board_res_partner_hpb_hpb09","HPB_Programme and Partnership","HPB09","l10n_sg_statutory_board_res_partner_hpb"
"l10n_sg_statutory_board_res_partner_hpb_hpb10","HPB_School Engagement Hub","HPB10","l10n_sg_statutory_board_res_partner_hpb"
"l10n_sg_statutory_board_res_partner_hpb_hpb11","IOE - Targeted Segment (Youth)","HPB11","l10n_sg_statutory_board_res_partner_hpb"
"l10n_sg_statutory_board_res_partner_hpb_hpb12","IOW - Cluster Mgt&Partnerships","HPB12","l10n_sg_statutory_board_res_partner_hpb"
"l10n_sg_statutory_board_res_partner_hpb_hpb13","IOC - Integrated Outreach","HPB13","l10n_sg_statutory_board_res_partner_hpb"
"l10n_sg_statutory_board_res_partner_hpb_hpb14","IOE - Integrated Outreach","HPB14","l10n_sg_statutory_board_res_partner_hpb"
"l10n_sg_statutory_board_res_partner_hpb_hpb15","IOC - Targeted Outreach (ECO)","HPB15","l10n_sg_statutory_board_res_partner_hpb"
"l10n_sg_statutory_board_res_partner_hpb_hpb16","Planning,Performance&Screening","HPB16","l10n_sg_statutory_board_res_partner_hpb"
"l10n_sg_statutory_board_res_partner_hpb_hpb17","Branding & Corporate Marketing","HPB17","l10n_sg_statutory_board_res_partner_hpb"
"l10n_sg_statutory_board_res_partner_hpb_hpb18","Digital Marketing","HPB18","l10n_sg_statutory_board_res_partner_hpb"
"l10n_sg_statutory_board_res_partner_hpb_hpb19","Customer Support","HPB19","l10n_sg_statutory_board_res_partner_hpb"
"l10n_sg_statutory_board_res_partner_hpb_hpb20","Marketing - Preventive Health","HPB20","l10n_sg_statutory_board_res_partner_hpb"
"l10n_sg_statutory_board_res_partner_hpb_hpb21","Marketing - Healthy Lifestyle","HPB21","l10n_sg_statutory_board_res_partner_hpb"
"l10n_sg_statutory_board_res_partner_hpb_hpb22","Commercial&IndustryPartnership","HPB22","l10n_sg_statutory_board_res_partner_hpb"
"l10n_sg_statutory_board_res_partner_hpb_hpb23","Policy","HPB23","l10n_sg_statutory_board_res_partner_hpb"
"l10n_sg_statutory_board_res_partner_hpb_hpb24","Strategy","HPB24","l10n_sg_statutory_board_res_partner_hpb"
"l10n_sg_statutory_board_res_partner_hpb_hpb25","Population Surveillance","HPB25","l10n_sg_statutory_board_res_partner_hpb"
"l10n_sg_statutory_board_res_partner_hpb_hpb26","NationalReg of Diseases Office","HPB26","l10n_sg_statutory_board_res_partner_hpb"
"l10n_sg_statutory_board_res_partner_hpb_hpb27","National Immunisation Registry","HPB27","l10n_sg_statutory_board_res_partner_hpb"
"l10n_sg_statutory_board_res_partner_hpb_hpb29","Research and Development","HPB29","l10n_sg_statutory_board_res_partner_hpb"
"l10n_sg_statutory_board_res_partner_hpb_hpb30","Innovation Office","HPB30","l10n_sg_statutory_board_res_partner_hpb"
"l10n_sg_statutory_board_res_partner_hpb_hpb31","Chief Info. Officer's Office","HPB31","l10n_sg_statutory_board_res_partner_hpb"
"l10n_sg_statutory_board_res_partner_hpb_hpb32","Application Services","HPB32","l10n_sg_statutory_board_res_partner_hpb"
"l10n_sg_statutory_board_res_partner_hpb_hpb33","Technical Services","HPB33","l10n_sg_statutory_board_res_partner_hpb"
"l10n_sg_statutory_board_res_partner_hpb_hpb34","Nursing and Clinical Standards","HPB34","l10n_sg_statutory_board_res_partner_hpb"
"l10n_sg_statutory_board_res_partner_hpb_hpb35","School Dental Services","HPB35","l10n_sg_statutory_board_res_partner_hpb"
"l10n_sg_statutory_board_res_partner_hpb_hpb36","School Dental Centre","HPB36","l10n_sg_statutory_board_res_partner_hpb"
"l10n_sg_statutory_board_res_partner_hpb_hpb37","School Health Services","HPB37","l10n_sg_statutory_board_res_partner_hpb"
"l10n_sg_statutory_board_res_partner_hpb_hpb38","Student Health Centre","HPB38","l10n_sg_statutory_board_res_partner_hpb"
"l10n_sg_statutory_board_res_partner_hpb_hpb39","Planning","HPB39","l10n_sg_statutory_board_res_partner_hpb"
"l10n_sg_statutory_board_res_partner_hpb_hpb40","StrategicPlanning&Collaboratns","HPB40","l10n_sg_statutory_board_res_partner_hpb"
"l10n_sg_statutory_board_res_partner_hpb_hpb41","Org Learning & Excellence","HPB41","l10n_sg_statutory_board_res_partner_hpb"
"l10n_sg_statutory_board_res_partner_hpb_hpb42","Performance and Rewards","HPB42","l10n_sg_statutory_board_res_partner_hpb"
"l10n_sg_statutory_board_res_partner_hpb_hpb45","Workforce Planning&TalentDevmt","HPB45","l10n_sg_statutory_board_res_partner_hpb"
"l10n_sg_statutory_board_res_partner_hpb_hpb46","Healthy Workforce Committee","HPB46","l10n_sg_statutory_board_res_partner_hpb"
"l10n_sg_statutory_board_res_partner_hpb_hpb47","Procurement","HPB47","l10n_sg_statutory_board_res_partner_hpb"
"l10n_sg_statutory_board_res_partner_hpb_hpb48","Corporate Communications","HPB48","l10n_sg_statutory_board_res_partner_hpb"
"l10n_sg_statutory_board_res_partner_hpb_hpb49","Finance","HPB49","l10n_sg_statutory_board_res_partner_hpb"
"l10n_sg_statutory_board_res_partner_hpb_hpb50","Administration","HPB50","l10n_sg_statutory_board_res_partner_hpb"
"l10n_sg_statutory_board_res_partner_hpb_hpb51","Internal Audit","HPB51","l10n_sg_statutory_board_res_partner_hpb"
"l10n_sg_statutory_board_res_partner_hpb_hpb53","HPB_Digital Enablemt&Analytics","HPB53","l10n_sg_statutory_board_res_partner_hpb"
"l10n_sg_statutory_board_res_partner_hpb_hpb58","Talent and Leadership Devt","HPB58","l10n_sg_statutory_board_res_partner_hpb"
"l10n_sg_statutory_board_res_partner_hpb_hpb70","RM, OE & Compliance","HPB70","l10n_sg_statutory_board_res_partner_hpb"
"l10n_sg_statutory_board_res_partner_hpb_hpb71","Chief Data Officer's Office","HPB71","l10n_sg_statutory_board_res_partner_hpb"
"l10n_sg_statutory_board_res_partner_hpb_hpb76","Integrated Solutions","HPB76","l10n_sg_statutory_board_res_partner_hpb"
"l10n_sg_statutory_board_res_partner_hpb_hpb78","Cust Experience Svc Excellence","HPB78","l10n_sg_statutory_board_res_partner_hpb"
"l10n_sg_statutory_board_res_partner_hpb_hpb79","Rewards","HPB79","l10n_sg_statutory_board_res_partner_hpb"
"l10n_sg_statutory_board_res_partner_hpb_hpb80","IOW - Integrated Outreach","HPB80","l10n_sg_statutory_board_res_partner_hpb"
"l10n_sg_statutory_board_res_partner_hpb_hpb81","IOW - Targeted Segment (LSES)","HPB81","l10n_sg_statutory_board_res_partner_hpb"
"l10n_sg_statutory_board_res_partner_hpb_hpb82","IOC - Cluster Mgt&Partnerships","HPB82","l10n_sg_statutory_board_res_partner_hpb"
"l10n_sg_statutory_board_res_partner_hpb_hpb83","IOE - Cluster Mgt&Partnerships","HPB83","l10n_sg_statutory_board_res_partner_hpb"
"l10n_sg_statutory_board_res_partner_hpb_hpb88","LG Office","HPB88","l10n_sg_statutory_board_res_partner_hpb"
"l10n_sg_statutory_board_res_partner_hsa_hsa01","Health Sciences Authority","HSA01","l10n_sg_statutory_board_res_partner_hsa"
"l10n_sg_statutory_board_res_partner_hsa_hsa02","ASG Group Director's Office","HSA02","l10n_sg_statutory_board_res_partner_hsa"
"l10n_sg_statutory_board_res_partner_hsa_hsa03","Cigarette Testing Lab","HSA03","l10n_sg_statutory_board_res_partner_hsa"
"l10n_sg_statutory_board_res_partner_hsa_hsa04","Cosmetics Lab","HSA04","l10n_sg_statutory_board_res_partner_hsa"
"l10n_sg_statutory_board_res_partner_hsa_hsa05","Pharmaceutical Lab","HSA05","l10n_sg_statutory_board_res_partner_hsa"
"l10n_sg_statutory_board_res_partner_hsa_hsa06","Chemical Metrology Lab","HSA06","l10n_sg_statutory_board_res_partner_hsa"
"l10n_sg_statutory_board_res_partner_hsa_hsa07","DNA Database Lab","HSA07","l10n_sg_statutory_board_res_partner_hsa"
"l10n_sg_statutory_board_res_partner_hsa_hsa08","DNA Profiling Lab 1","HSA08","l10n_sg_statutory_board_res_partner_hsa"
"l10n_sg_statutory_board_res_partner_hsa_hsa09","DNA Profiling Lab 2","HSA09","l10n_sg_statutory_board_res_partner_hsa"
"l10n_sg_statutory_board_res_partner_hsa_hsa10","Forensic Chem & Phys Lab","HSA10","l10n_sg_statutory_board_res_partner_hsa"
"l10n_sg_statutory_board_res_partner_hsa_hsa12","Analytical Toxicology Lab CFT","HSA12","l10n_sg_statutory_board_res_partner_hsa"
"l10n_sg_statutory_board_res_partner_hsa_hsa13","Analytical Toxicology Lab DAT","HSA13","l10n_sg_statutory_board_res_partner_hsa"
"l10n_sg_statutory_board_res_partner_hsa_hsa14","Illicit Drugs Lab","HSA14","l10n_sg_statutory_board_res_partner_hsa"
"l10n_sg_statutory_board_res_partner_hsa_hsa15","Forensic Medicine Lab","HSA15","l10n_sg_statutory_board_res_partner_hsa"
"l10n_sg_statutory_board_res_partner_hsa_hsa16","MobileBiosafety Lab","HSA16","l10n_sg_statutory_board_res_partner_hsa"
"l10n_sg_statutory_board_res_partner_hsa_hsa17","BSG Group Director's Office","HSA17","l10n_sg_statutory_board_res_partner_hsa"
"l10n_sg_statutory_board_res_partner_hsa_hsa18","Emergency Planning","HSA18","l10n_sg_statutory_board_res_partner_hsa"
"l10n_sg_statutory_board_res_partner_hsa_hsa19","Apheresis Programme","HSA19","l10n_sg_statutory_board_res_partner_hsa"
"l10n_sg_statutory_board_res_partner_hsa_hsa20","Whole Blood Collection","HSA20","l10n_sg_statutory_board_res_partner_hsa"
"l10n_sg_statutory_board_res_partner_hsa_hsa21","Satellite Site @ Woodlands","HSA21","l10n_sg_statutory_board_res_partner_hsa"
"l10n_sg_statutory_board_res_partner_hsa_hsa22","Satellite Site @ Dhoby Ghaut","HSA22","l10n_sg_statutory_board_res_partner_hsa"
"l10n_sg_statutory_board_res_partner_hsa_hsa23","Satellite Site @ Westgate","HSA23","l10n_sg_statutory_board_res_partner_hsa"
"l10n_sg_statutory_board_res_partner_hsa_hsa24","Blood Testing","HSA24","l10n_sg_statutory_board_res_partner_hsa"
"l10n_sg_statutory_board_res_partner_hsa_hsa25","Component Processg \ Inv Distr","HSA25","l10n_sg_statutory_board_res_partner_hsa"
"l10n_sg_statutory_board_res_partner_hsa_hsa26","Alternate Blood Site","HSA26","l10n_sg_statutory_board_res_partner_hsa"
"l10n_sg_statutory_board_res_partner_hsa_hsa27","Immunuhaematology","HSA27","l10n_sg_statutory_board_res_partner_hsa"
"l10n_sg_statutory_board_res_partner_hsa_hsa28","Transplant Support","HSA28","l10n_sg_statutory_board_res_partner_hsa"
"l10n_sg_statutory_board_res_partner_hsa_hsa29","Cell Therapy Facility-inactive","HSA29","l10n_sg_statutory_board_res_partner_hsa"
"l10n_sg_statutory_board_res_partner_hsa_hsa30","Clinical Services","HSA30","l10n_sg_statutory_board_res_partner_hsa"
"l10n_sg_statutory_board_res_partner_hsa_hsa31","HPRG Group Director's Office","HSA31","l10n_sg_statutory_board_res_partner_hsa"
"l10n_sg_statutory_board_res_partner_hsa_hsa32","International Collaborations","HSA32","l10n_sg_statutory_board_res_partner_hsa"
"l10n_sg_statutory_board_res_partner_hsa_hsa33","Medical Device Branch","HSA33","l10n_sg_statutory_board_res_partner_hsa"
"l10n_sg_statutory_board_res_partner_hsa_hsa34","Medical Device _ Post Mkt","HSA34","l10n_sg_statutory_board_res_partner_hsa"
"l10n_sg_statutory_board_res_partner_hsa_hsa35","Medical Device _ CFE","HSA35","l10n_sg_statutory_board_res_partner_hsa"
"l10n_sg_statutory_board_res_partner_hsa_hsa36","Clinical Trial","HSA36","l10n_sg_statutory_board_res_partner_hsa"
"l10n_sg_statutory_board_res_partner_hsa_hsa37","Therapeutic Products","HSA37","l10n_sg_statutory_board_res_partner_hsa"
"l10n_sg_statutory_board_res_partner_hsa_hsa38","Traditional Medicine","HSA38","l10n_sg_statutory_board_res_partner_hsa"
"l10n_sg_statutory_board_res_partner_hsa_hsa39","Cosmetic Product","HSA39","l10n_sg_statutory_board_res_partner_hsa"
"l10n_sg_statutory_board_res_partner_hsa_hsa40","Health Supplement","HSA40","l10n_sg_statutory_board_res_partner_hsa"
"l10n_sg_statutory_board_res_partner_hsa_hsa41","Advanced Therapy Products","HSA41","l10n_sg_statutory_board_res_partner_hsa"
"l10n_sg_statutory_board_res_partner_hsa_hsa42","Cell Tissue & Gene Therapy Pdt","HSA42","l10n_sg_statutory_board_res_partner_hsa"
"l10n_sg_statutory_board_res_partner_hsa_hsa43","Audit","HSA43","l10n_sg_statutory_board_res_partner_hsa"
"l10n_sg_statutory_board_res_partner_hsa_hsa44","Licensing & Certification","HSA44","l10n_sg_statutory_board_res_partner_hsa"
"l10n_sg_statutory_board_res_partner_hsa_hsa45","Enforcement","HSA45","l10n_sg_statutory_board_res_partner_hsa"
"l10n_sg_statutory_board_res_partner_hsa_hsa46","Tobacco Regulation - Post-Mkt","HSA46","l10n_sg_statutory_board_res_partner_hsa"
"l10n_sg_statutory_board_res_partner_hsa_hsa47","Medical Advertisement","HSA47","l10n_sg_statutory_board_res_partner_hsa"
"l10n_sg_statutory_board_res_partner_hsa_hsa48","Vigilance","HSA48","l10n_sg_statutory_board_res_partner_hsa"
"l10n_sg_statutory_board_res_partner_hsa_hsa49","Strategy & Biz Transformation","HSA49","l10n_sg_statutory_board_res_partner_hsa"
"l10n_sg_statutory_board_res_partner_hsa_hsa50","Corp Comm & Srv Quality","HSA50","l10n_sg_statutory_board_res_partner_hsa"
"l10n_sg_statutory_board_res_partner_hsa_hsa51","Risk Mgmt, Emerg Plan & Safety","HSA51","l10n_sg_statutory_board_res_partner_hsa"
"l10n_sg_statutory_board_res_partner_hsa_hsa55","Compliance & Data Governance","HSA55","l10n_sg_statutory_board_res_partner_hsa"
"l10n_sg_statutory_board_res_partner_hsa_hsa56","Human Resources","HSA56","l10n_sg_statutory_board_res_partner_hsa"
"l10n_sg_statutory_board_res_partner_hsa_hsa58","Legal","HSA58","l10n_sg_statutory_board_res_partner_hsa"
"l10n_sg_statutory_board_res_partner_hsa_hsa59","Finance & Procurement","HSA59","l10n_sg_statutory_board_res_partner_hsa"
"l10n_sg_statutory_board_res_partner_hsa_hsa60","Infra & Sustainability","HSA60","l10n_sg_statutory_board_res_partner_hsa"
"l10n_sg_statutory_board_res_partner_hsa_hsa61","Information Management","HSA61","l10n_sg_statutory_board_res_partner_hsa"
"l10n_sg_statutory_board_res_partner_hsa_hsa63","IT Master Plan","HSA63","l10n_sg_statutory_board_res_partner_hsa"
"l10n_sg_statutory_board_res_partner_hsa_hsa64","Minor Development Project","HSA64","l10n_sg_statutory_board_res_partner_hsa"
"l10n_sg_statutory_board_res_partner_hsa_hsa65","Debt/Equity (ITM)","HSA65","l10n_sg_statutory_board_res_partner_hsa"
"l10n_sg_statutory_board_res_partner_hsa_hsa66","Debt/Equity","HSA66","l10n_sg_statutory_board_res_partner_hsa"
"l10n_sg_statutory_board_res_partner_hsa_hsa67","National Biologics Testing","HSA67","l10n_sg_statutory_board_res_partner_hsa"
"l10n_sg_statutory_board_res_partner_hsa_hsa68","Satellite Site @ One Punggol","HSA68","l10n_sg_statutory_board_res_partner_hsa"
"l10n_sg_statutory_board_res_partner_hsa_hsa69","Tobacco Regulation - Pre-Mkt","HSA69","l10n_sg_statutory_board_res_partner_hsa"
"l10n_sg_statutory_board_res_partner_htx_htx01","Home Team Sci & Tech Agency","HTX01","l10n_sg_statutory_board_res_partner_htx"
"l10n_sg_statutory_board_res_partner_ief_ite45","ITE-IEF Internal Audit","ITE45","l10n_sg_statutory_board_res_partner_ief"
"l10n_sg_statutory_board_res_partner_ief_ite46","ITE-IEF CEO Office","ITE46","l10n_sg_statutory_board_res_partner_ief"
"l10n_sg_statutory_board_res_partner_ief_ite47","ITE-IEF HR Division","ITE47","l10n_sg_statutory_board_res_partner_ief"
"l10n_sg_statutory_board_res_partner_ief_ite48","ITE-IEF CA Division","ITE48","l10n_sg_statutory_board_res_partner_ief"
"l10n_sg_statutory_board_res_partner_ief_ite49","ITE-IEF CDE Division","ITE49","l10n_sg_statutory_board_res_partner_ief"
"l10n_sg_statutory_board_res_partner_ief_ite50","ITE-IEF IT Division","ITE50","l10n_sg_statutory_board_res_partner_ief"
"l10n_sg_statutory_board_res_partner_ief_ite51","ITE-IEF EFN Division","ITE51","l10n_sg_statutory_board_res_partner_ief"
"l10n_sg_statutory_board_res_partner_ief_ite52","ITE-IEF Registrar Office","ITE52","l10n_sg_statutory_board_res_partner_ief"
"l10n_sg_statutory_board_res_partner_ief_ite53","ITE-IEF CED Division","ITE53","l10n_sg_statutory_board_res_partner_ief"
"l10n_sg_statutory_board_res_partner_ief_ite54","ITE-IEF EDT Division","ITE54","l10n_sg_statutory_board_res_partner_ief"
"l10n_sg_statutory_board_res_partner_ief_ite55","ITE-IEF SGV Division","ITE55","l10n_sg_statutory_board_res_partner_ief"
"l10n_sg_statutory_board_res_partner_ief_ite56","ITE-IEF EXM Division","ITE56","l10n_sg_statutory_board_res_partner_ief"
"l10n_sg_statutory_board_res_partner_ief_ite57","ITE-IEF CET Division","ITE57","l10n_sg_statutory_board_res_partner_ief"
"l10n_sg_statutory_board_res_partner_ief_ite58","ITE-IEF IBT Division","ITE58","l10n_sg_statutory_board_res_partner_ief"
"l10n_sg_statutory_board_res_partner_ief_ite59","ITE-IEF CE-Principal Office","ITE59","l10n_sg_statutory_board_res_partner_ief"
"l10n_sg_statutory_board_res_partner_ief_ite60","ITE-IEF CE-Student Development","ITE60","l10n_sg_statutory_board_res_partner_ief"
"l10n_sg_statutory_board_res_partner_ief_ite61","ITE-IEF CE-CGS Division","ITE61","l10n_sg_statutory_board_res_partner_ief"
"l10n_sg_statutory_board_res_partner_ief_ite62","ITE-IEF CE-BS School","ITE62","l10n_sg_statutory_board_res_partner_ief"
"l10n_sg_statutory_board_res_partner_ief_ite63","ITE-IEF CE-ENGG School","ITE63","l10n_sg_statutory_board_res_partner_ief"
"l10n_sg_statutory_board_res_partner_ief_ite64","ITE-IEF CE-EIT School","ITE64","l10n_sg_statutory_board_res_partner_ief"
"l10n_sg_statutory_board_res_partner_ief_ite65","ITE-IEF CE-AHS School","ITE65","l10n_sg_statutory_board_res_partner_ief"
"l10n_sg_statutory_board_res_partner_ief_ite66","ITE-IEF CC-Principal Office","ITE66","l10n_sg_statutory_board_res_partner_ief"
"l10n_sg_statutory_board_res_partner_ief_ite67","ITE-IEF CC-Precision Engg TED","ITE67","l10n_sg_statutory_board_res_partner_ief"
"l10n_sg_statutory_board_res_partner_ief_ite68","ITE-IEF CC-Student Development","ITE68","l10n_sg_statutory_board_res_partner_ief"
"l10n_sg_statutory_board_res_partner_ief_ite69","ITE-IEF CC-CGS Division","ITE69","l10n_sg_statutory_board_res_partner_ief"
"l10n_sg_statutory_board_res_partner_ief_ite70","ITE-IEF CC-BS School","ITE70","l10n_sg_statutory_board_res_partner_ief"
"l10n_sg_statutory_board_res_partner_ief_ite71","ITE-IEF CC-ENGG School","ITE71","l10n_sg_statutory_board_res_partner_ief"
"l10n_sg_statutory_board_res_partner_ief_ite72","ITE-IEF CC-EIT School","ITE72","l10n_sg_statutory_board_res_partner_ief"
"l10n_sg_statutory_board_res_partner_ief_ite73","ITE-IEF CC-DM School","ITE73","l10n_sg_statutory_board_res_partner_ief"
"l10n_sg_statutory_board_res_partner_ief_ite74","ITE-IEF CW-Principal Office","ITE74","l10n_sg_statutory_board_res_partner_ief"
"l10n_sg_statutory_board_res_partner_ief_ite75","ITE-IEF CW-Student Development","ITE75","l10n_sg_statutory_board_res_partner_ief"
"l10n_sg_statutory_board_res_partner_ief_ite76","ITE-IEF CW-Info-Comm Tech","ITE76","l10n_sg_statutory_board_res_partner_ief"
"l10n_sg_statutory_board_res_partner_ief_ite77","ITE-IEF CW-CGS Division","ITE77","l10n_sg_statutory_board_res_partner_ief"
"l10n_sg_statutory_board_res_partner_ief_ite78","ITE-IEF CW-BS School","ITE78","l10n_sg_statutory_board_res_partner_ief"
"l10n_sg_statutory_board_res_partner_ief_ite79","ITE-IEF CW-ENGG School","ITE79","l10n_sg_statutory_board_res_partner_ief"
"l10n_sg_statutory_board_res_partner_ief_ite80","ITE-IEF CW-EIT School","ITE80","l10n_sg_statutory_board_res_partner_ief"
"l10n_sg_statutory_board_res_partner_ief_ite81","ITE-IEF CW-HP School","ITE81","l10n_sg_statutory_board_res_partner_ief"
"l10n_sg_statutory_board_res_partner_ief_ite82","ITE-IEF Academy","ITE82","l10n_sg_statutory_board_res_partner_ief"
"l10n_sg_statutory_board_res_partner_ief_ite83","ITE-IEF Appointmts and Recruit","ITE83","l10n_sg_statutory_board_res_partner_ief"
"l10n_sg_statutory_board_res_partner_ief_ite84","ITE-IEF Staff Capability Dev","ITE84","l10n_sg_statutory_board_res_partner_ief"
"l10n_sg_statutory_board_res_partner_ief_ite85","ITE-IEF Student Devt and Recog","ITE85","l10n_sg_statutory_board_res_partner_ief"
"l10n_sg_statutory_board_res_partner_ief_ite86","ITE-IEF Grad Affair n Carr Svc","ITE86","l10n_sg_statutory_board_res_partner_ief"
"l10n_sg_statutory_board_res_partner_ief_ite87","ITE-IEF Enterprise Svc and Rev","ITE87","l10n_sg_statutory_board_res_partner_ief"
"l10n_sg_statutory_board_res_partner_imd_imd01","IMD_Finance and Investment","IMD01","l10n_sg_statutory_board_res_partner_imd"
"l10n_sg_statutory_board_res_partner_imd_imd02","IMD_Internal Audit Unit","IMD02","l10n_sg_statutory_board_res_partner_imd"
"l10n_sg_statutory_board_res_partner_imd_imd03","IMD_Group Legal","IMD03","l10n_sg_statutory_board_res_partner_imd"
"l10n_sg_statutory_board_res_partner_imd_imd04","IMD_Relac","IMD04","l10n_sg_statutory_board_res_partner_imd"
"l10n_sg_statutory_board_res_partner_imd_imd05","IMD_Care","IMD05","l10n_sg_statutory_board_res_partner_imd"
"l10n_sg_statutory_board_res_partner_imd_imd06","IMD_DR Central Funcion","IMD06","l10n_sg_statutory_board_res_partner_imd"
"l10n_sg_statutory_board_res_partner_imd_imd07","IMD_Dgtl Lit and Wellness","IMD07","l10n_sg_statutory_board_res_partner_imd"
"l10n_sg_statutory_board_res_partner_imd_imd08","IMD_BizTech","IMD08","l10n_sg_statutory_board_res_partner_imd"
"l10n_sg_statutory_board_res_partner_imd_imd09","IMD_ETO Team","IMD09","l10n_sg_statutory_board_res_partner_imd"
"l10n_sg_statutory_board_res_partner_imd_imd10","IMD_Incubation","IMD10","l10n_sg_statutory_board_res_partner_imd"
"l10n_sg_statutory_board_res_partner_imd_imd11","IMD_Procurement","IMD11","l10n_sg_statutory_board_res_partner_imd"
"l10n_sg_statutory_board_res_partner_imd_imd12","IMD_ETO SSRPO","IMD12","l10n_sg_statutory_board_res_partner_imd"
"l10n_sg_statutory_board_res_partner_imd_imd13","IMD_Digitl Infra Technologies","IMD13","l10n_sg_statutory_board_res_partner_imd"
"l10n_sg_statutory_board_res_partner_imd_imd14","IMD_Business and Ecosystem","IMD14","l10n_sg_statutory_board_res_partner_imd"
"l10n_sg_statutory_board_res_partner_imd_imd15","IMD_Labs","IMD15","l10n_sg_statutory_board_res_partner_imd"
"l10n_sg_statutory_board_res_partner_imd_imd16","IMD_Adv Intelligt SW Sys","IMD16","l10n_sg_statutory_board_res_partner_imd"
"l10n_sg_statutory_board_res_partner_imd_imd17","IMD_Corporate","IMD17","l10n_sg_statutory_board_res_partner_imd"
"l10n_sg_statutory_board_res_partner_imd_imd18","IMD_Biz App_Rg_Eco_DR_Crop_Web","IMD18","l10n_sg_statutory_board_res_partner_imd"
"l10n_sg_statutory_board_res_partner_imd_imd19","IMD_Human Resource","IMD19","l10n_sg_statutory_board_res_partner_imd"
"l10n_sg_statutory_board_res_partner_imd_imd20","IMD_Advanced Cybersecurity","IMD20","l10n_sg_statutory_board_res_partner_imd"
"l10n_sg_statutory_board_res_partner_imd_imd21","IMD_SDO Prog Office","IMD21","l10n_sg_statutory_board_res_partner_imd"
"l10n_sg_statutory_board_res_partner_imd_imd22","IMD_DfL Programme Office","IMD22","l10n_sg_statutory_board_res_partner_imd"
"l10n_sg_statutory_board_res_partner_imd_imd23","IMD_Workplace and Org Dev","IMD23","l10n_sg_statutory_board_res_partner_imd"
"l10n_sg_statutory_board_res_partner_imd_imd24","IMD_Incentive Mgmt and Gov","IMD24","l10n_sg_statutory_board_res_partner_imd"
"l10n_sg_statutory_board_res_partner_imd_imd25","IMD_Data Innov and Protectn","IMD25","l10n_sg_statutory_board_res_partner_imd"
"l10n_sg_statutory_board_res_partner_imd_imd26","IMD_Cnsmer Svs and Investn Div","IMD26","l10n_sg_statutory_board_res_partner_imd"
"l10n_sg_statutory_board_res_partner_imd_imd27","IMD_Pol Cluster - Pol and Tech","IMD27","l10n_sg_statutory_board_res_partner_imd"
"l10n_sg_statutory_board_res_partner_imd_imd28","IMD_Ecosys Dev and Engagement","IMD28","l10n_sg_statutory_board_res_partner_imd"
"l10n_sg_statutory_board_res_partner_imd_imd29","IMD_Dev Of Data-Driven Tech","IMD29","l10n_sg_statutory_board_res_partner_imd"
"l10n_sg_statutory_board_res_partner_imd_imd30","IMD_Dgtl Industry and Talent","IMD30","l10n_sg_statutory_board_res_partner_imd"
"l10n_sg_statutory_board_res_partner_imd_imd31","IMD_Digital Industry Singapore","IMD31","l10n_sg_statutory_board_res_partner_imd"
"l10n_sg_statutory_board_res_partner_imd_imd32","IMD_DISG HQ","IMD32","l10n_sg_statutory_board_res_partner_imd"
"l10n_sg_statutory_board_res_partner_imd_imd33","IMD_Strategic Planning","IMD33","l10n_sg_statutory_board_res_partner_imd"
"l10n_sg_statutory_board_res_partner_imd_imd34","IMD_Talent Development","IMD34","l10n_sg_statutory_board_res_partner_imd"
"l10n_sg_statutory_board_res_partner_imd_imd35","IMD_Jobs and Skills","IMD35","l10n_sg_statutory_board_res_partner_imd"
"l10n_sg_statutory_board_res_partner_imd_imd36","IMD_International","IMD36","l10n_sg_statutory_board_res_partner_imd"
"l10n_sg_statutory_board_res_partner_imd_imd37","IMD_International Relations","IMD37","l10n_sg_statutory_board_res_partner_imd"
"l10n_sg_statutory_board_res_partner_imd_imd38","IMD_Intl Collab and Strat Part","IMD38","l10n_sg_statutory_board_res_partner_imd"
"l10n_sg_statutory_board_res_partner_imd_imd39","IMD_Asia Tech x Prog Office","IMD39","l10n_sg_statutory_board_res_partner_imd"
"l10n_sg_statutory_board_res_partner_imd_imd40","IMD_Digital Sustainability","IMD40","l10n_sg_statutory_board_res_partner_imd"
"l10n_sg_statutory_board_res_partner_imd_imd41","IMD_Content and Stds (BPA)","IMD41","l10n_sg_statutory_board_res_partner_imd"
"l10n_sg_statutory_board_res_partner_imd_imd42","IMD_Content and Stds (FVG)","IMD42","l10n_sg_statutory_board_res_partner_imd"
"l10n_sg_statutory_board_res_partner_imd_imd43","IMD_Media Policy","IMD43","l10n_sg_statutory_board_res_partner_imd"
"l10n_sg_statutory_board_res_partner_imd_imd44","IMD_Online Communicatns Office","IMD44","l10n_sg_statutory_board_res_partner_imd"
"l10n_sg_statutory_board_res_partner_imd_imd45","IMD_Media and Innovation","IMD45","l10n_sg_statutory_board_res_partner_imd"
"l10n_sg_statutory_board_res_partner_imd_imd46","IMD_Comms and Marketing","IMD46","l10n_sg_statutory_board_res_partner_imd"
"l10n_sg_statutory_board_res_partner_imd_imd47","IMD_Ent and Ecosys Development","IMD47","l10n_sg_statutory_board_res_partner_imd"
"l10n_sg_statutory_board_res_partner_imd_imd48","IMD_Innovation","IMD48","l10n_sg_statutory_board_res_partner_imd"
"l10n_sg_statutory_board_res_partner_imd_imd49","IMD_Media Cap Development","IMD49","l10n_sg_statutory_board_res_partner_imd"
"l10n_sg_statutory_board_res_partner_imd_imd50","IMD_Public Svc Media (Stratgy)","IMD50","l10n_sg_statutory_board_res_partner_imd"
"l10n_sg_statutory_board_res_partner_imd_imd51","IMD_Media Ind Development","IMD51","l10n_sg_statutory_board_res_partner_imd"
"l10n_sg_statutory_board_res_partner_imd_imd52","IMD_Media Measurements","IMD52","l10n_sg_statutory_board_res_partner_imd"
"l10n_sg_statutory_board_res_partner_imd_imd53","IMD_Biz Develpmt and Marketg","IMD53","l10n_sg_statutory_board_res_partner_imd"
"l10n_sg_statutory_board_res_partner_imd_imd54","IMD_Policy_Reg and Competition","IMD54","l10n_sg_statutory_board_res_partner_imd"
"l10n_sg_statutory_board_res_partner_imd_imd55","IMD_Network Project Office","IMD55","l10n_sg_statutory_board_res_partner_imd"
"l10n_sg_statutory_board_res_partner_imd_imd56","IMD_Infocomm Policy","IMD56","l10n_sg_statutory_board_res_partner_imd"
"l10n_sg_statutory_board_res_partner_imd_imd57","IMD_Enfmt_ Invest and Prsecutn","IMD57","l10n_sg_statutory_board_res_partner_imd"
"l10n_sg_statutory_board_res_partner_imd_imd58","IMD_Licensing","IMD58","l10n_sg_statutory_board_res_partner_imd"
"l10n_sg_statutory_board_res_partner_imd_imd59","IMD_Market Acc and Comp Dev","IMD59","l10n_sg_statutory_board_res_partner_imd"
"l10n_sg_statutory_board_res_partner_imd_imd60","IMD_Market Pol and Regulatory","IMD60","l10n_sg_statutory_board_res_partner_imd"
"l10n_sg_statutory_board_res_partner_imd_imd61","IMD_Connect Resilence Cybersec","IMD61","l10n_sg_statutory_board_res_partner_imd"
"l10n_sg_statutory_board_res_partner_imd_imd62","IMD_Res and Cybers_Plg","IMD62","l10n_sg_statutory_board_res_partner_imd"
"l10n_sg_statutory_board_res_partner_imd_imd63","IMD_5G Exploratory Platform","IMD63","l10n_sg_statutory_board_res_partner_imd"
"l10n_sg_statutory_board_res_partner_imd_imd64","IMD_Data Ops and Intelligence","IMD64","l10n_sg_statutory_board_res_partner_imd"
"l10n_sg_statutory_board_res_partner_imd_imd65","IMD_Res Cybersec and Res Gov","IMD65","l10n_sg_statutory_board_res_partner_imd"
"l10n_sg_statutory_board_res_partner_imd_imd66","IMD_Threat Intel and Resp","IMD66","l10n_sg_statutory_board_res_partner_imd"
"l10n_sg_statutory_board_res_partner_imd_imd67","IMD_Int Resource Management","IMD67","l10n_sg_statutory_board_res_partner_imd"
"l10n_sg_statutory_board_res_partner_imd_imd68","IMD_Netwks_Tech and Resource","IMD68","l10n_sg_statutory_board_res_partner_imd"
"l10n_sg_statutory_board_res_partner_imd_imd69","IMD_Infocomm Res and Network","IMD69","l10n_sg_statutory_board_res_partner_imd"
"l10n_sg_statutory_board_res_partner_imd_imd70","IMD_Technology and Standards","IMD70","l10n_sg_statutory_board_res_partner_imd"
"l10n_sg_statutory_board_res_partner_imd_imd71","IMD_Infra Plang and Facilitatn","IMD71","l10n_sg_statutory_board_res_partner_imd"
"l10n_sg_statutory_board_res_partner_imd_imd72","IMD_Digital Infra Development","IMD72","l10n_sg_statutory_board_res_partner_imd"
"l10n_sg_statutory_board_res_partner_imd_imd73","IMD_Resource and Networks","IMD73","l10n_sg_statutory_board_res_partner_imd"
"l10n_sg_statutory_board_res_partner_imd_imd74","IMD_Interconnection and Access","IMD74","l10n_sg_statutory_board_res_partner_imd"
"l10n_sg_statutory_board_res_partner_imd_imd75","IMD_Sectoral Transformation","IMD75","l10n_sg_statutory_board_res_partner_imd"
"l10n_sg_statutory_board_res_partner_imd_imd76","IMD_SMEs Go Digital","IMD76","l10n_sg_statutory_board_res_partner_imd"
"l10n_sg_statutory_board_res_partner_imd_imd77","IMD_DIDA","IMD77","l10n_sg_statutory_board_res_partner_imd"
"l10n_sg_statutory_board_res_partner_imd_imd79","IMD_DUCO","IMD79","l10n_sg_statutory_board_res_partner_imd"
"l10n_sg_statutory_board_res_partner_imd_imd80","IMD_E-Invoice","IMD80","l10n_sg_statutory_board_res_partner_imd"
"l10n_sg_statutory_board_res_partner_imd_imd81","IMD_AMR Technologies","IMD81","l10n_sg_statutory_board_res_partner_imd"
"l10n_sg_statutory_board_res_partner_imd_imd82","IMD_Digital Leaders PO","IMD82","l10n_sg_statutory_board_res_partner_imd"
"l10n_sg_statutory_board_res_partner_imd_imd83","IMD_Strategic Digital Projects","IMD83","l10n_sg_statutory_board_res_partner_imd"
"l10n_sg_statutory_board_res_partner_imd_imd84","IMD_Planning","IMD84","l10n_sg_statutory_board_res_partner_imd"
"l10n_sg_statutory_board_res_partner_imd_imd85","IMD_Strategy and Digital Econ","IMD85","l10n_sg_statutory_board_res_partner_imd"
"l10n_sg_statutory_board_res_partner_imd_imd86","IMD_Corp Planning and Research","IMD86","l10n_sg_statutory_board_res_partner_imd"
"l10n_sg_statutory_board_res_partner_imd_imd87","IMD_Digital Acc and Inclusion","IMD87","l10n_sg_statutory_board_res_partner_imd"
"l10n_sg_statutory_board_res_partner_imd_imd88","IMD_CE Office","IMD88","l10n_sg_statutory_board_res_partner_imd"
"l10n_sg_statutory_board_res_partner_imd_imd89","IMD_Media Strategy","IMD89","l10n_sg_statutory_board_res_partner_imd"
"l10n_sg_statutory_board_res_partner_imd_imd90","IMD_Tech Ops","IMD90","l10n_sg_statutory_board_res_partner_imd"
"l10n_sg_statutory_board_res_partner_imd_imd91","IMD_Public Service Media (Ops)","IMD91","l10n_sg_statutory_board_res_partner_imd"
"l10n_sg_statutory_board_res_partner_imd_imd92","IMD_Biz App_Rg_Eco_DR_Crop_Web","IMD92","l10n_sg_statutory_board_res_partner_imd"
"l10n_sg_statutory_board_res_partner_imd_imd93","IMD_Cld Infra and Cybersecurty","IMD93","l10n_sg_statutory_board_res_partner_imd"
"l10n_sg_statutory_board_res_partner_imd_imd94","IMD_OSPO","IMD94","l10n_sg_statutory_board_res_partner_imd"
"l10n_sg_statutory_board_res_partner_ipo_ipo01","IPOS Finance Department","IPO01","l10n_sg_statutory_board_res_partner_ipo"
"l10n_sg_statutory_board_res_partner_ipo_ipo02","IPOS International","IPO02","l10n_sg_statutory_board_res_partner_ipo"
"l10n_sg_statutory_board_res_partner_ipo_ipo03","IPOS China Rep Office","IPO03","l10n_sg_statutory_board_res_partner_ipo"
"l10n_sg_statutory_board_res_partner_ipo_ipo04","IPOS Internal Audit","IPO04","l10n_sg_statutory_board_res_partner_ipo"
"l10n_sg_statutory_board_res_partner_ipo_ipo05","IPOS Registries of PDPVP","IPO05","l10n_sg_statutory_board_res_partner_ipo"
"l10n_sg_statutory_board_res_partner_ipo_ipo06","IPOS Registries of TMGI","IPO06","l10n_sg_statutory_board_res_partner_ipo"
"l10n_sg_statutory_board_res_partner_ipo_ipo07","IPOS Hearings and Mediation","IPO07","l10n_sg_statutory_board_res_partner_ipo"
"l10n_sg_statutory_board_res_partner_ipo_ipo08","IPOS Knowledge and Workspace","IPO08","l10n_sg_statutory_board_res_partner_ipo"
"l10n_sg_statutory_board_res_partner_ipo_ipo09","IPOS Legal","IPO09","l10n_sg_statutory_board_res_partner_ipo"
"l10n_sg_statutory_board_res_partner_ipo_ipo10","IPOS Strategic Planning Policy","IPO10","l10n_sg_statutory_board_res_partner_ipo"
"l10n_sg_statutory_board_res_partner_ipo_ipo11","IPOS International Engagement","IPO11","l10n_sg_statutory_board_res_partner_ipo"
"l10n_sg_statutory_board_res_partner_ipo_ipo12","IPOS Partnership and Program","IPO12","l10n_sg_statutory_board_res_partner_ipo"
"l10n_sg_statutory_board_res_partner_ipo_ipo13","IPOS Media and Communications","IPO13","l10n_sg_statutory_board_res_partner_ipo"
"l10n_sg_statutory_board_res_partner_ipo_ipo14","IPOS IP Management (Govt)","IPO14","l10n_sg_statutory_board_res_partner_ipo"
"l10n_sg_statutory_board_res_partner_ipo_ipo15","IPOS CE Office","IPO15","l10n_sg_statutory_board_res_partner_ipo"
"l10n_sg_statutory_board_res_partner_ipo_ipo16","IPOS Human Capital Department","IPO16","l10n_sg_statutory_board_res_partner_ipo"
"l10n_sg_statutory_board_res_partner_ipo_ipo17","IPOS Information Technology","IPO17","l10n_sg_statutory_board_res_partner_ipo"
"l10n_sg_statutory_board_res_partner_ipo_ipo19","IPOS Future Systems Team","IPO19","l10n_sg_statutory_board_res_partner_ipo"
"l10n_sg_statutory_board_res_partner_ira_ira01","Finance and Procurement (FnP)","IRA01","l10n_sg_statutory_board_res_partner_ira"
"l10n_sg_statutory_board_res_partner_ira_ira02","IRA Internal Audit (IA)","IRA02","l10n_sg_statutory_board_res_partner_ira"
"l10n_sg_statutory_board_res_partner_ira_ira03","HR and Capabilities (HRC)","IRA03","l10n_sg_statutory_board_res_partner_ira"
"l10n_sg_statutory_board_res_partner_ira_ira04","Corporate Communications (CC)","IRA04","l10n_sg_statutory_board_res_partner_ira"
"l10n_sg_statutory_board_res_partner_ira_ira05","IRA Strategic Planning (SP)","IRA05","l10n_sg_statutory_board_res_partner_ira"
"l10n_sg_statutory_board_res_partner_ira_ira06","Law (LAWD)","IRA06","l10n_sg_statutory_board_res_partner_ira"
"l10n_sg_statutory_board_res_partner_ira_ira07","Senior Management (CIR)","IRA07","l10n_sg_statutory_board_res_partner_ira"
"l10n_sg_statutory_board_res_partner_ira_ira08","Revenue and Payment Mgt (RPM)","IRA08","l10n_sg_statutory_board_res_partner_ira"
"l10n_sg_statutory_board_res_partner_ira_ira09","Enterprise Grants Mgt (EGM)","IRA09","l10n_sg_statutory_board_res_partner_ira"
"l10n_sg_statutory_board_res_partner_ira_ira10","Admin and Building Mgt (ABM)","IRA10","l10n_sg_statutory_board_res_partner_ira"
"l10n_sg_statutory_board_res_partner_ira_ira11","Infocomm Application (IAP)","IRA11","l10n_sg_statutory_board_res_partner_ira"
"l10n_sg_statutory_board_res_partner_ira_ira12","Infocomm Tech and Plan (ITP)","IRA12","l10n_sg_statutory_board_res_partner_ira"
"l10n_sg_statutory_board_res_partner_ira_ira13","Infocomm Infra and Ops (IIO)","IRA13","l10n_sg_statutory_board_res_partner_ira"
"l10n_sg_statutory_board_res_partner_ira_ira14","Enterprise Dig Sol (EDS)","IRA14","l10n_sg_statutory_board_res_partner_ira"
"l10n_sg_statutory_board_res_partner_ira_ira15","Infocomm App Dev (IADC)","IRA15","l10n_sg_statutory_board_res_partner_ira"
"l10n_sg_statutory_board_res_partner_ira_ira16","IRIN 3 Arch Office (I3AO)","IRA16","l10n_sg_statutory_board_res_partner_ira"
"l10n_sg_statutory_board_res_partner_ira_ira17","Compliance Strategy & Service","IRA17","l10n_sg_statutory_board_res_partner_ira"
"l10n_sg_statutory_board_res_partner_ira_ira18","Tax Recovery (Individuals)","IRA18","l10n_sg_statutory_board_res_partner_ira"
"l10n_sg_statutory_board_res_partner_ira_ira19","Tax Recovery (Corporates)","IRA19","l10n_sg_statutory_board_res_partner_ira"
"l10n_sg_statutory_board_res_partner_ira_ira20","Investigation 1 (INV 1)","IRA20","l10n_sg_statutory_board_res_partner_ira"
"l10n_sg_statutory_board_res_partner_ira_ira21","Investigation 2 (INV 2)","IRA21","l10n_sg_statutory_board_res_partner_ira"
"l10n_sg_statutory_board_res_partner_ira_ira22","Investigation 3 (INV 3)","IRA22","l10n_sg_statutory_board_res_partner_ira"
"l10n_sg_statutory_board_res_partner_ira_ira23","Trnsf Prc and Disp Reso (TDB)","IRA23","l10n_sg_statutory_board_res_partner_ira"
"l10n_sg_statutory_board_res_partner_ira_ira24","ITaR-Policy (ITaR-Policy)","IRA24","l10n_sg_statutory_board_res_partner_ira"
"l10n_sg_statutory_board_res_partner_ira_ira25","Exchange of Information (EOI)","IRA25","l10n_sg_statutory_board_res_partner_ira"
"l10n_sg_statutory_board_res_partner_ira_ira26","General (GST-Gen)","IRA26","l10n_sg_statutory_board_res_partner_ira"
"l10n_sg_statutory_board_res_partner_ira_ira27","Wholesale Trade (GST-WT)","IRA27","l10n_sg_statutory_board_res_partner_ira"
"l10n_sg_statutory_board_res_partner_ira_ira28","Large Business (GST-LB)","IRA28","l10n_sg_statutory_board_res_partner_ira"
"l10n_sg_statutory_board_res_partner_ira_ira29","Residential (PT-Res)","IRA29","l10n_sg_statutory_board_res_partner_ira"
"l10n_sg_statutory_board_res_partner_ira_ira30","Commercial (PT-Com)","IRA30","l10n_sg_statutory_board_res_partner_ira"
"l10n_sg_statutory_board_res_partner_ira_ira31","Industrial (PT-Ind)","IRA31","l10n_sg_statutory_board_res_partner_ira"
"l10n_sg_statutory_board_res_partner_ira_ira32","Valuation (PT-Val)","IRA32","l10n_sg_statutory_board_res_partner_ira"
"l10n_sg_statutory_board_res_partner_ira_ira33","Stamp Duty Unit (PT-SD)","IRA33","l10n_sg_statutory_board_res_partner_ira"
"l10n_sg_statutory_board_res_partner_ira_ira34","Insights and Solutions (InS)","IRA34","l10n_sg_statutory_board_res_partner_ira"
"l10n_sg_statutory_board_res_partner_ira_ira35","Data & Ecosystem Management","IRA35","l10n_sg_statutory_board_res_partner_ira"
"l10n_sg_statutory_board_res_partner_ira_ira37","CT - Branch 2 (CT-Branch 2)","IRA37","l10n_sg_statutory_board_res_partner_ira"
"l10n_sg_statutory_board_res_partner_ira_ira38","CT - Branch 1 (CT-Branch 1)","IRA38","l10n_sg_statutory_board_res_partner_ira"
"l10n_sg_statutory_board_res_partner_ira_ira40","Income Tax Policy (InTP)","IRA40","l10n_sg_statutory_board_res_partner_ira"
"l10n_sg_statutory_board_res_partner_ira_ira41","Business Operations (BIZOPS)","IRA41","l10n_sg_statutory_board_res_partner_ira"
"l10n_sg_statutory_board_res_partner_ira_ira42","Centralised Svc Branch (CSVC)","IRA42","l10n_sg_statutory_board_res_partner_ira"
"l10n_sg_statutory_board_res_partner_ira_ira43","Comp and Small Vol Tax (CSVT)","IRA43","l10n_sg_statutory_board_res_partner_ira"
"l10n_sg_statutory_board_res_partner_ira_ira48","Service Exp Centre (SVE)","IRA48","l10n_sg_statutory_board_res_partner_ira"
"l10n_sg_statutory_board_res_partner_ira_ira49","TP Svc and Strategy (TSS)","IRA49","l10n_sg_statutory_board_res_partner_ira"
"l10n_sg_statutory_board_res_partner_ira_ira50","Rental Support Scheme (RSS)","IRA50","l10n_sg_statutory_board_res_partner_ira"
"l10n_sg_statutory_board_res_partner_ira_ira51","Skills Future Ent Credit (SFEC","IRA51","l10n_sg_statutory_board_res_partner_ira"
"l10n_sg_statutory_board_res_partner_ira_ira52","CPF Transition Offset (CTO)","IRA52","l10n_sg_statutory_board_res_partner_ira"
"l10n_sg_statutory_board_res_partner_ira_ira53","Enabling Employ Credit (EEC)","IRA53","l10n_sg_statutory_board_res_partner_ira"
"l10n_sg_statutory_board_res_partner_ira_ira54","Senior Employment Credit (SEC)","IRA54","l10n_sg_statutory_board_res_partner_ira"
"l10n_sg_statutory_board_res_partner_ira_ira55","Jobs Growth Incentive (JGI)","IRA55","l10n_sg_statutory_board_res_partner_ira"
"l10n_sg_statutory_board_res_partner_ira_ira56","Rental Relief Scheme (RRS)","IRA56","l10n_sg_statutory_board_res_partner_ira"
"l10n_sg_statutory_board_res_partner_ira_ira57","Forg Worker Levy Rebate (FWLR)","IRA57","l10n_sg_statutory_board_res_partner_ira"
"l10n_sg_statutory_board_res_partner_ira_ira58","Jobs Support Scheme (JSS)","IRA58","l10n_sg_statutory_board_res_partner_ira"
"l10n_sg_statutory_board_res_partner_ira_ira59","Medishield Life Scheme (MSHL)","IRA59","l10n_sg_statutory_board_res_partner_ira"
"l10n_sg_statutory_board_res_partner_ira_ira60","Wage Credit Scheme (WCS)","IRA60","l10n_sg_statutory_board_res_partner_ira"
"l10n_sg_statutory_board_res_partner_ira_ira61","Progressive Wage CS (PWCS)","IRA61","l10n_sg_statutory_board_res_partner_ira"
"l10n_sg_statutory_board_res_partner_ira_ira62","Small Biz Recovery Grant (SBRG","IRA62","l10n_sg_statutory_board_res_partner_ira"
"l10n_sg_statutory_board_res_partner_ira_ira63","JTC Corporation","IRA63","l10n_sg_statutory_board_res_partner_ira"
"l10n_sg_statutory_board_res_partner_ira_ira64","Ops-Tech and System (IIT-OTS)","IRA64","l10n_sg_statutory_board_res_partner_ira"
"l10n_sg_statutory_board_res_partner_ira_ira65","Service (IIT-SB)","IRA65","l10n_sg_statutory_board_res_partner_ira"
"l10n_sg_statutory_board_res_partner_ira_ira66","Assmt Outreach Comp (IIT-AOC)","IRA66","l10n_sg_statutory_board_res_partner_ira"
"l10n_sg_statutory_board_res_partner_ise_ise01","ISEAS_Yusof Ishak Institute","ISE01","l10n_sg_statutory_board_res_partner_ise"
"l10n_sg_statutory_board_res_partner_ise_ise02","ISEAS_Tan Cheng Lock MA Scholarship Fund","ISE02","l10n_sg_statutory_board_res_partner_ise"
"l10n_sg_statutory_board_res_partner_ita_ita01","MDDI HQ","ITA01","l10n_sg_statutory_board_res_partner_ita"
"l10n_sg_statutory_board_res_partner_ita_ita02","Cyber Security Agency","ITA02","l10n_sg_statutory_board_res_partner_ita"
"l10n_sg_statutory_board_res_partner_ita_ita03","Smart Nation Group","ITA03","l10n_sg_statutory_board_res_partner_ita"
"l10n_sg_statutory_board_res_partner_ite_ite07","ITE EFN Division","ITE07","l10n_sg_statutory_board_res_partner_ite"
"l10n_sg_statutory_board_res_partner_ite_ite08","ITE Registrar Office","ITE08","l10n_sg_statutory_board_res_partner_ite"
"l10n_sg_statutory_board_res_partner_ite_ite11","ITE SGV Division","ITE11","l10n_sg_statutory_board_res_partner_ite"
"l10n_sg_statutory_board_res_partner_ite_ite12","ITE EXM Division","ITE12","l10n_sg_statutory_board_res_partner_ite"
"l10n_sg_statutory_board_res_partner_ite_ite13","ITE CET Division","ITE13","l10n_sg_statutory_board_res_partner_ite"
"l10n_sg_statutory_board_res_partner_ite_ite14","ITE IBT Division","ITE14","l10n_sg_statutory_board_res_partner_ite"
"l10n_sg_statutory_board_res_partner_ite_ite15","CE-PRINCIPAL OFFICE","ITE15","l10n_sg_statutory_board_res_partner_ite"
"l10n_sg_statutory_board_res_partner_ite_ite16","CE-STUDENT DEVT","ITE16","l10n_sg_statutory_board_res_partner_ite"
"l10n_sg_statutory_board_res_partner_ite_ite21","ITE CE-AHS School","ITE21","l10n_sg_statutory_board_res_partner_ite"
"l10n_sg_statutory_board_res_partner_ite_ite22","CC-PRINCIPAL OFFICE","ITE22","l10n_sg_statutory_board_res_partner_ite"
"l10n_sg_statutory_board_res_partner_ite_ite23","CC-PREC ENGRG TED","ITE23","l10n_sg_statutory_board_res_partner_ite"
"l10n_sg_statutory_board_res_partner_ite_ite24","CC-STUDENT DEVT","ITE24","l10n_sg_statutory_board_res_partner_ite"
"l10n_sg_statutory_board_res_partner_ite_ite25","ITE CC-CGS Division","ITE25","l10n_sg_statutory_board_res_partner_ite"
"l10n_sg_statutory_board_res_partner_ite_ite31","CW-STUDENT DEVT","ITE31","l10n_sg_statutory_board_res_partner_ite"
"l10n_sg_statutory_board_res_partner_ite_ite32","ITE CW-Info-Comm Technology","ITE32","l10n_sg_statutory_board_res_partner_ite"
"l10n_sg_statutory_board_res_partner_ite_ite40","STAFF CAPABILITY DEVELOPMENT","ITE40","l10n_sg_statutory_board_res_partner_ite"
"l10n_sg_statutory_board_res_partner_ite_ite41","STUDENT SUPPORT","ITE41","l10n_sg_statutory_board_res_partner_ite"
"l10n_sg_statutory_board_res_partner_ite_ite42","GRADUATE AFFAIRS","ITE42","l10n_sg_statutory_board_res_partner_ite"
"l10n_sg_statutory_board_res_partner_ite_ite43","ADMINISTRATION SVS","ITE43","l10n_sg_statutory_board_res_partner_ite"
"l10n_sg_statutory_board_res_partner_ite_ief40","College East","IEF40","l10n_sg_statutory_board_res_partner_ite"
"l10n_sg_statutory_board_res_partner_ite_ief50","College Central","IEF50","l10n_sg_statutory_board_res_partner_ite"
"l10n_sg_statutory_board_res_partner_ite_ief60","College West","IEF60","l10n_sg_statutory_board_res_partner_ite"
"l10n_sg_statutory_board_res_partner_ite_ite01","ITE Internal Audit","ITE01","l10n_sg_statutory_board_res_partner_ite"
"l10n_sg_statutory_board_res_partner_ite_ite02","ITE CEO Office","ITE02","l10n_sg_statutory_board_res_partner_ite"
"l10n_sg_statutory_board_res_partner_ite_ite03","ITE HR Division","ITE03","l10n_sg_statutory_board_res_partner_ite"
"l10n_sg_statutory_board_res_partner_ite_ite04","CORP AFFAIRS & DEVT","ITE04","l10n_sg_statutory_board_res_partner_ite"
"l10n_sg_statutory_board_res_partner_ite_ite05","ITE CDE Division","ITE05","l10n_sg_statutory_board_res_partner_ite"
"l10n_sg_statutory_board_res_partner_ite_ite06","ITE IT Division","ITE06","l10n_sg_statutory_board_res_partner_ite"
"l10n_sg_statutory_board_res_partner_ite_ite09","CURR & EDUC DEVT","ITE09","l10n_sg_statutory_board_res_partner_ite"
"l10n_sg_statutory_board_res_partner_ite_ite10","ITE EDT Division","ITE10","l10n_sg_statutory_board_res_partner_ite"
"l10n_sg_statutory_board_res_partner_ite_ite17","ITE CE-CGS Division","ITE17","l10n_sg_statutory_board_res_partner_ite"
"l10n_sg_statutory_board_res_partner_ite_ite18","ITE CE-BS School","ITE18","l10n_sg_statutory_board_res_partner_ite"
"l10n_sg_statutory_board_res_partner_ite_ite19","ITE CE-ENGG School","ITE19","l10n_sg_statutory_board_res_partner_ite"
"l10n_sg_statutory_board_res_partner_ite_ite20","ITE CE-EIT School","ITE20","l10n_sg_statutory_board_res_partner_ite"
"l10n_sg_statutory_board_res_partner_ite_ite26","ITE CC-BS School","ITE26","l10n_sg_statutory_board_res_partner_ite"
"l10n_sg_statutory_board_res_partner_ite_ite27","ITE CC-ENGG School","ITE27","l10n_sg_statutory_board_res_partner_ite"
"l10n_sg_statutory_board_res_partner_ite_ite28","ITE CC-EIT School","ITE28","l10n_sg_statutory_board_res_partner_ite"
"l10n_sg_statutory_board_res_partner_ite_ite29","ITE CC-DM School","ITE29","l10n_sg_statutory_board_res_partner_ite"
"l10n_sg_statutory_board_res_partner_ite_ite30","CW-PRINCIPAL OFFICE","ITE30","l10n_sg_statutory_board_res_partner_ite"
"l10n_sg_statutory_board_res_partner_ite_ite33","ITE CW-CGS Division","ITE33","l10n_sg_statutory_board_res_partner_ite"
"l10n_sg_statutory_board_res_partner_ite_ite34","ITE CW-BS School","ITE34","l10n_sg_statutory_board_res_partner_ite"
"l10n_sg_statutory_board_res_partner_ite_ite35","ITE CW-ENGG School","ITE35","l10n_sg_statutory_board_res_partner_ite"
"l10n_sg_statutory_board_res_partner_ite_ite36","ITE CW-EIT School","ITE36","l10n_sg_statutory_board_res_partner_ite"
"l10n_sg_statutory_board_res_partner_ite_ite37","ITE CW-HP School","ITE37","l10n_sg_statutory_board_res_partner_ite"
"l10n_sg_statutory_board_res_partner_ite_ite38","ITE Academy","ITE38","l10n_sg_statutory_board_res_partner_ite"
"l10n_sg_statutory_board_res_partner_ite_ite39","APPT & RECRUITMENT","ITE39","l10n_sg_statutory_board_res_partner_ite"
"l10n_sg_statutory_board_res_partner_jtc_jtc02","Energy & Chemicals","JTC02","l10n_sg_statutory_board_res_partner_jtc"
"l10n_sg_statutory_board_res_partner_jtc_jtc03","Info-com,Media&Start-Up","JTC03","l10n_sg_statutory_board_res_partner_jtc"
"l10n_sg_statutory_board_res_partner_jtc_jtc05","Housing & Community","JTC05","l10n_sg_statutory_board_res_partner_jtc"
"l10n_sg_statutory_board_res_partner_jtc_jtc07","Land Planning Division","JTC07","l10n_sg_statutory_board_res_partner_jtc"
"l10n_sg_statutory_board_res_partner_jtc_jtc08","Policy & Research Division","JTC08","l10n_sg_statutory_board_res_partner_jtc"
"l10n_sg_statutory_board_res_partner_jtc_jtc10","Audit & Advisory Division","JTC10","l10n_sg_statutory_board_res_partner_jtc"
"l10n_sg_statutory_board_res_partner_jtc_jtc11","Communications Division","JTC11","l10n_sg_statutory_board_res_partner_jtc"
"l10n_sg_statutory_board_res_partner_jtc_jtc12","Corp Planning Division","JTC12","l10n_sg_statutory_board_res_partner_jtc"
"l10n_sg_statutory_board_res_partner_jtc_jtc13","Finance","JTC13","l10n_sg_statutory_board_res_partner_jtc"
"l10n_sg_statutory_board_res_partner_jtc_jtc19","Utilities","JTC19","l10n_sg_statutory_board_res_partner_jtc"
"l10n_sg_statutory_board_res_partner_jtc_jtc14","Human Resources Division","JTC14","l10n_sg_statutory_board_res_partner_jtc"
"l10n_sg_statutory_board_res_partner_jtc_jtc15","DIGITAL TECHNOLOGY","JTC15","l10n_sg_statutory_board_res_partner_jtc"
"l10n_sg_statutory_board_res_partner_jtc_jtc16","Legal Services Divison","JTC16","l10n_sg_statutory_board_res_partner_jtc"
"l10n_sg_statutory_board_res_partner_jtc_jtc17","E M Services Pte Ltd","JTC17","l10n_sg_statutory_board_res_partner_jtc"
"l10n_sg_statutory_board_res_partner_jtc_jtc21","CENTRE FOR INFO MGMT","JTC21","l10n_sg_statutory_board_res_partner_jtc"
"l10n_sg_statutory_board_res_partner_jtc_jtc26","Facilities & Estate Management","JTC26","l10n_sg_statutory_board_res_partner_jtc"
"l10n_sg_statutory_board_res_partner_jtc_jtc27","JTC Academy","JTC27","l10n_sg_statutory_board_res_partner_jtc"
"l10n_sg_statutory_board_res_partner_jtc_jtc30","Land Redevelopment Division","JTC30","l10n_sg_statutory_board_res_partner_jtc"
"l10n_sg_statutory_board_res_partner_jtc_jtc31","Contract & Procurement Div","JTC31","l10n_sg_statutory_board_res_partner_jtc"
"l10n_sg_statutory_board_res_partner_jtc_jtc33","Technical Services Division","JTC33","l10n_sg_statutory_board_res_partner_jtc"
"l10n_sg_statutory_board_res_partner_jtc_jtc35","New Estates Division 1","JTC35","l10n_sg_statutory_board_res_partner_jtc"
"l10n_sg_statutory_board_res_partner_jtc_jtc36","New Estates Division 2","JTC36","l10n_sg_statutory_board_res_partner_jtc"
"l10n_sg_statutory_board_res_partner_jtc_jtc37","Jurong Island Security Div","JTC37","l10n_sg_statutory_board_res_partner_jtc"
"l10n_sg_statutory_board_res_partner_jtc_jtc40","Public Projects Division","JTC40","l10n_sg_statutory_board_res_partner_jtc"
"l10n_sg_statutory_board_res_partner_jtc_jtc41","Cluster Solutions Division","JTC41","l10n_sg_statutory_board_res_partner_jtc"
"l10n_sg_statutory_board_res_partner_jtc_jtc42","Biomedical & Electronics","JTC42","l10n_sg_statutory_board_res_partner_jtc"
"l10n_sg_statutory_board_res_partner_jtc_jtc43","Workplace Safety Department","JTC43","l10n_sg_statutory_board_res_partner_jtc"
"l10n_sg_statutory_board_res_partner_jtc_jtc44","INFRASTRUCTURE PROJECTS DIV","JTC44","l10n_sg_statutory_board_res_partner_jtc"
"l10n_sg_statutory_board_res_partner_jtc_jtc45","RECLAMATION DIVISION","JTC45","l10n_sg_statutory_board_res_partner_jtc"
"l10n_sg_statutory_board_res_partner_jtc_jtc51","FUTURE OF BUILDING & INFRA DIV","JTC51","l10n_sg_statutory_board_res_partner_jtc"
"l10n_sg_statutory_board_res_partner_jtc_jtc52","GEOSPATIAL UNIT","JTC52","l10n_sg_statutory_board_res_partner_jtc"
"l10n_sg_statutory_board_res_partner_jtc_jtc53","URBAN PLANNING & ARCH DIV","JTC53","l10n_sg_statutory_board_res_partner_jtc"
"l10n_sg_statutory_board_res_partner_jtc_jtc54","BUILDING PROJECTS DIVISION","JTC54","l10n_sg_statutory_board_res_partner_jtc"
"l10n_sg_statutory_board_res_partner_jtc_jtc55","Smart District Division","JTC55","l10n_sg_statutory_board_res_partner_jtc"
"l10n_sg_statutory_board_res_partner_jtc_jtc57","REE Team","JTC57","l10n_sg_statutory_board_res_partner_jtc"
"l10n_sg_statutory_board_res_partner_jtc_jtc59","OneJTC Committee","JTC59","l10n_sg_statutory_board_res_partner_jtc"
"l10n_sg_statutory_board_res_partner_jtc_jtc60","New Estates Biz Dev & Mktg Div","JTC60","l10n_sg_statutory_board_res_partner_jtc"
"l10n_sg_statutory_board_res_partner_jtc_jtc63","Aerospace & Precision Engrg","JTC63","l10n_sg_statutory_board_res_partner_jtc"
"l10n_sg_statutory_board_res_partner_jtc_jtc64","Food & Logistics Cluster","JTC64","l10n_sg_statutory_board_res_partner_jtc"
"l10n_sg_statutory_board_res_partner_jtc_jtc65","Industrial Estates (Central)","JTC65","l10n_sg_statutory_board_res_partner_jtc"
"l10n_sg_statutory_board_res_partner_jtc_jtc66","Industrial Estates (East)","JTC66","l10n_sg_statutory_board_res_partner_jtc"
"l10n_sg_statutory_board_res_partner_jtc_jtc67","Industrial Estates (North)","JTC67","l10n_sg_statutory_board_res_partner_jtc"
"l10n_sg_statutory_board_res_partner_jtc_jtc68","Industrial Estates (West)","JTC68","l10n_sg_statutory_board_res_partner_jtc"
"l10n_sg_statutory_board_res_partner_jtc_jtc69","Urban Solutions & Marine","JTC69","l10n_sg_statutory_board_res_partner_jtc"
"l10n_sg_statutory_board_res_partner_jtc_jtc70","Portfolio Mgmt Prog Office","JTC70","l10n_sg_statutory_board_res_partner_jtc"
"l10n_sg_statutory_board_res_partner_jtc_jtc71","Asset and Portfolio Mgmt Div","JTC71","l10n_sg_statutory_board_res_partner_jtc"
"l10n_sg_statutory_board_res_partner_jtc_jtc72","Investment Division","JTC72","l10n_sg_statutory_board_res_partner_jtc"
"l10n_sg_statutory_board_res_partner_jud_jud01","Supreme Court","JUD01","l10n_sg_statutory_board_res_partner_jud"
"l10n_sg_statutory_board_res_partner_jud_jud02","State Courts","JUD02","l10n_sg_statutory_board_res_partner_jud"
"l10n_sg_statutory_board_res_partner_jud_jud03","Sheriff & Non-invoice Paymt","JUD03","l10n_sg_statutory_board_res_partner_jud"
"l10n_sg_statutory_board_res_partner_law_law01","Management & Policies","LAW01","l10n_sg_statutory_board_res_partner_law"
"l10n_sg_statutory_board_res_partner_law_law15","Singapore Land Authority 2","LAW15","l10n_sg_statutory_board_res_partner_law"
"l10n_sg_statutory_board_res_partner_law_law02","IT Division (MinLAW)","LAW02","l10n_sg_statutory_board_res_partner_law"
"l10n_sg_statutory_board_res_partner_law_law04","Appeals Board-Land Acquisition","LAW04","l10n_sg_statutory_board_res_partner_law"
"l10n_sg_statutory_board_res_partner_law_law05","Public Trustee","LAW05","l10n_sg_statutory_board_res_partner_law"
"l10n_sg_statutory_board_res_partner_law_law06","Reg Moneylenders & Pawnbrokers","LAW06","l10n_sg_statutory_board_res_partner_law"
"l10n_sg_statutory_board_res_partner_law_law07","Insolvency","LAW07","l10n_sg_statutory_board_res_partner_law"
"l10n_sg_statutory_board_res_partner_law_law08","Maintenance Enforcement Div","LAW08","l10n_sg_statutory_board_res_partner_law"
"l10n_sg_statutory_board_res_partner_law_law09","Legal Aid Bureau","LAW09","l10n_sg_statutory_board_res_partner_law"
"l10n_sg_statutory_board_res_partner_law_law10","Policy and Corporate Services","LAW10","l10n_sg_statutory_board_res_partner_law"
"l10n_sg_statutory_board_res_partner_law_law13","Land Administration","LAW13","l10n_sg_statutory_board_res_partner_law"
"l10n_sg_statutory_board_res_partner_law_law14","Community Mediatn Centres","LAW14","l10n_sg_statutory_board_res_partner_law"
"l10n_sg_statutory_board_res_partner_lta_lta01","LTA HQ","LTA01","l10n_sg_statutory_board_res_partner_lta"
"l10n_sg_statutory_board_res_partner_mas_mas02","Org Devt & Communications","MAS02","l10n_sg_statutory_board_res_partner_mas"
"l10n_sg_statutory_board_res_partner_mas_mas03","Financial Centre Development","MAS03","l10n_sg_statutory_board_res_partner_mas"
"l10n_sg_statutory_board_res_partner_mas_mas04","Finance Department","MAS04","l10n_sg_statutory_board_res_partner_mas"
"l10n_sg_statutory_board_res_partner_mas_mas05","Reserve Management Dept","MAS05","l10n_sg_statutory_board_res_partner_mas"
"l10n_sg_statutory_board_res_partner_mas_mas07","International Department","MAS07","l10n_sg_statutory_board_res_partner_mas"
"l10n_sg_statutory_board_res_partner_mas_mas08","Insurance Department","MAS08","l10n_sg_statutory_board_res_partner_mas"
"l10n_sg_statutory_board_res_partner_mas_mas09","People Development Department","MAS09","l10n_sg_statutory_board_res_partner_mas"
"l10n_sg_statutory_board_res_partner_mas_mas10","Information Technology Dept","MAS10","l10n_sg_statutory_board_res_partner_mas"
"l10n_sg_statutory_board_res_partner_mas_mas11","Internal Audit Department","MAS11","l10n_sg_statutory_board_res_partner_mas"
"l10n_sg_statutory_board_res_partner_mas_mas12","Corporate Services Department","MAS12","l10n_sg_statutory_board_res_partner_mas"
"l10n_sg_statutory_board_res_partner_mas_mas13","Banking Department I_II_III","MAS13","l10n_sg_statutory_board_res_partner_mas"
"l10n_sg_statutory_board_res_partner_mas_mas14","Payments Department","MAS14","l10n_sg_statutory_board_res_partner_mas"
"l10n_sg_statutory_board_res_partner_mas_mas15","Legal Department","MAS15","l10n_sg_statutory_board_res_partner_mas"
"l10n_sg_statutory_board_res_partner_mas_mas16","Prudential Policy_Reso Office","MAS16","l10n_sg_statutory_board_res_partner_mas"
"l10n_sg_statutory_board_res_partner_mas_mas18","Economic & Knowledge Mgmt Grp","MAS18","l10n_sg_statutory_board_res_partner_mas"
"l10n_sg_statutory_board_res_partner_mas_mas19","Currency Department","MAS19","l10n_sg_statutory_board_res_partner_mas"
"l10n_sg_statutory_board_res_partner_mas_mas21","Risk Management Dept","MAS21","l10n_sg_statutory_board_res_partner_mas"
"l10n_sg_statutory_board_res_partner_mas_mas22","FAS_Invst Inter_MktInfra&Inter","MAS22","l10n_sg_statutory_board_res_partner_mas"
"l10n_sg_statutory_board_res_partner_mas_mas23","CorpFin&Discl_Mkt Policy&Cons","MAS23","l10n_sg_statutory_board_res_partner_mas"
"l10n_sg_statutory_board_res_partner_mas_mas24","MAS Academy","MAS24","l10n_sg_statutory_board_res_partner_mas"
"l10n_sg_statutory_board_res_partner_mas_mas25","Monetary & Dom Mkts Mgmt Dept","MAS25","l10n_sg_statutory_board_res_partner_mas"
"l10n_sg_statutory_board_res_partner_mas_mas30","MAS Recreation Club","MAS30","l10n_sg_statutory_board_res_partner_mas"
"l10n_sg_statutory_board_res_partner_mas_mas31","Financial Tech and Innov Group","MAS31","l10n_sg_statutory_board_res_partner_mas"
"l10n_sg_statutory_board_res_partner_mas_mas32","Financial Sector Devt Fund","MAS32","l10n_sg_statutory_board_res_partner_mas"
"l10n_sg_statutory_board_res_partner_mas_mas33","Anti-Money Laundering Dept","MAS33","l10n_sg_statutory_board_res_partner_mas"
"l10n_sg_statutory_board_res_partner_mas_mas35","Data and Tech Architecture","MAS35","l10n_sg_statutory_board_res_partner_mas"
"l10n_sg_statutory_board_res_partner_mas_mas36","Enforcement Department","MAS36","l10n_sg_statutory_board_res_partner_mas"
"l10n_sg_statutory_board_res_partner_mas_mas37","Tech & Cyber Risk Supervision","MAS37","l10n_sg_statutory_board_res_partner_mas"
"l10n_sg_statutory_board_res_partner_mas_mas38","New York Office (RMD)","MAS38","l10n_sg_statutory_board_res_partner_mas"
"l10n_sg_statutory_board_res_partner_mas_mas39","New York Office (FDD)","MAS39","l10n_sg_statutory_board_res_partner_mas"
"l10n_sg_statutory_board_res_partner_mas_mas40","London Office (RMD)","MAS40","l10n_sg_statutory_board_res_partner_mas"
"l10n_sg_statutory_board_res_partner_mas_mas41","London Office (FDD)","MAS41","l10n_sg_statutory_board_res_partner_mas"
"l10n_sg_statutory_board_res_partner_mas_mas42","Beijing Office","MAS42","l10n_sg_statutory_board_res_partner_mas"
"l10n_sg_statutory_board_res_partner_mas_mas43","Shanghai Office","MAS43","l10n_sg_statutory_board_res_partner_mas"
"l10n_sg_statutory_board_res_partner_mas_mas44","Sustainability Office","MAS44","l10n_sg_statutory_board_res_partner_mas"
"l10n_sg_statutory_board_res_partner_mas_mas45","Financial Markets Development","MAS45","l10n_sg_statutory_board_res_partner_mas"
"l10n_sg_statutory_board_res_partner_mcd_mcd01","Finance & Facilities Divison","MCD01","l10n_sg_statutory_board_res_partner_mcd"
"l10n_sg_statutory_board_res_partner_mcd_mcd03","Ofc Chief Psy & DG Social Wel","MCD03","l10n_sg_statutory_board_res_partner_mcd"
"l10n_sg_statutory_board_res_partner_mcd_mcd04","Early Childhood Devt Agency","MCD04","l10n_sg_statutory_board_res_partner_mcd"
"l10n_sg_statutory_board_res_partner_mcd_mcd05","Registry of Marriages","MCD05","l10n_sg_statutory_board_res_partner_mcd"
"l10n_sg_statutory_board_res_partner_mcd_mcd06","Rehab & Protection Group","MCD06","l10n_sg_statutory_board_res_partner_mcd"
"l10n_sg_statutory_board_res_partner_mcd_mcd07","System Data Branch","MCD07","l10n_sg_statutory_board_res_partner_mcd"
"l10n_sg_statutory_board_res_partner_mcd_mcd08","TMP, CMP & OPG","MCD08","l10n_sg_statutory_board_res_partner_mcd"
"l10n_sg_statutory_board_res_partner_mcd_mcd09","Family Life Group","MCD09","l10n_sg_statutory_board_res_partner_mcd"
"l10n_sg_statutory_board_res_partner_mcd_mcd10","Investigatn & Conting'y Plan'g","MCD10","l10n_sg_statutory_board_res_partner_mcd"
"l10n_sg_statutory_board_res_partner_mcd_mcd12","Social Support Group","MCD12","l10n_sg_statutory_board_res_partner_mcd"
"l10n_sg_statutory_board_res_partner_mcd_mcd13","Comms & Engagement Division","MCD13","l10n_sg_statutory_board_res_partner_mcd"
"l10n_sg_statutory_board_res_partner_mcd_mcd14","Rehab & Social Mobility","MCD14","l10n_sg_statutory_board_res_partner_mcd"
"l10n_sg_statutory_board_res_partner_mcd_mcd15","Enforcement & Licensing Group","MCD15","l10n_sg_statutory_board_res_partner_mcd"
"l10n_sg_statutory_board_res_partner_mcd_mcd16","Information Technology Group","MCD16","l10n_sg_statutory_board_res_partner_mcd"
"l10n_sg_statutory_board_res_partner_mcd_mcd17","Family & Child Development","MCD17","l10n_sg_statutory_board_res_partner_mcd"
"l10n_sg_statutory_board_res_partner_mcd_mcd18","Human Resource Division","MCD18","l10n_sg_statutory_board_res_partner_mcd"
"l10n_sg_statutory_board_res_partner_mcd_mcd19","Strategy, Int'l & Research","MCD19","l10n_sg_statutory_board_res_partner_mcd"
"l10n_sg_statutory_board_res_partner_mcd_mcd21","Sector Strategy & Development","MCD21","l10n_sg_statutory_board_res_partner_mcd"
"l10n_sg_statutory_board_res_partner_mcd_mcd23","Customer Experience Division","MCD23","l10n_sg_statutory_board_res_partner_mcd"
"l10n_sg_statutory_board_res_partner_mcd_mcd24","Central Youth Guidance Office","MCD24","l10n_sg_statutory_board_res_partner_mcd"
"l10n_sg_statutory_board_res_partner_mfa_mfa01","Ministry of Foreign Affairs","MFA01","l10n_sg_statutory_board_res_partner_mfa"
"l10n_sg_statutory_board_res_partner_mha_mha01","Headquarters","MHA01","l10n_sg_statutory_board_res_partner_mha"
"l10n_sg_statutory_board_res_partner_mha_-none","-NONE-","-NONE-","l10n_sg_statutory_board_res_partner_mha"
"l10n_sg_statutory_board_res_partner_mha_mha06","Prisons HQ","MHA06","l10n_sg_statutory_board_res_partner_mha"
"l10n_sg_statutory_board_res_partner_mha_mha07","MHA Prison HQ 2","MHA07","l10n_sg_statutory_board_res_partner_mha"
"l10n_sg_statutory_board_res_partner_mha_fin03","Police Force Pensions","FIN03","l10n_sg_statutory_board_res_partner_mha"
"l10n_sg_statutory_board_res_partner_mha_mha11","S'pore Police Force(SPF) HQ","MHA11","l10n_sg_statutory_board_res_partner_mha"
"l10n_sg_statutory_board_res_partner_mha_mha12","SPF Training Command","MHA12","l10n_sg_statutory_board_res_partner_mha"
"l10n_sg_statutory_board_res_partner_mha_mha13","SPF Police Logistics (HQ)","MHA13","l10n_sg_statutory_board_res_partner_mha"
"l10n_sg_statutory_board_res_partner_mha_mha14","SPF Automotive Eng & Mgmt Div","MHA14","l10n_sg_statutory_board_res_partner_mha"
"l10n_sg_statutory_board_res_partner_mha_mha15","SPF Manpower Department","MHA15","l10n_sg_statutory_board_res_partner_mha"
"l10n_sg_statutory_board_res_partner_mha_mha16","SPF Police Logistics Base","MHA16","l10n_sg_statutory_board_res_partner_mha"
"l10n_sg_statutory_board_res_partner_mha_mha17","SPF Police National Srvce Dept","MHA17","l10n_sg_statutory_board_res_partner_mha"
"l10n_sg_statutory_board_res_partner_mha_mha18","SPF Public Affairs Department","MHA18","l10n_sg_statutory_board_res_partner_mha"
"l10n_sg_statutory_board_res_partner_mha_mha19","SPF Volunteer Special Constab","MHA19","l10n_sg_statutory_board_res_partner_mha"
"l10n_sg_statutory_board_res_partner_mha_mha20","SPF Police Intelligence Dept","MHA20","l10n_sg_statutory_board_res_partner_mha"
"l10n_sg_statutory_board_res_partner_mha_mha21","SPF Operations Department","MHA21","l10n_sg_statutory_board_res_partner_mha"
"l10n_sg_statutory_board_res_partner_mha_mha22","SPF Division'A'","MHA22","l10n_sg_statutory_board_res_partner_mha"
"l10n_sg_statutory_board_res_partner_mha_mha23","SPF Division L","MHA23","l10n_sg_statutory_board_res_partner_mha"
"l10n_sg_statutory_board_res_partner_mha_mha24","SPF Division'D'","MHA24","l10n_sg_statutory_board_res_partner_mha"
"l10n_sg_statutory_board_res_partner_mha_mha25","SPF Division'E'","MHA25","l10n_sg_statutory_board_res_partner_mha"
"l10n_sg_statutory_board_res_partner_mha_mha26","SPF Division'F'","MHA26","l10n_sg_statutory_board_res_partner_mha"
"l10n_sg_statutory_board_res_partner_mha_mha27","SPF Division'G'","MHA27","l10n_sg_statutory_board_res_partner_mha"
"l10n_sg_statutory_board_res_partner_mha_mha28","SPF Division'J'","MHA28","l10n_sg_statutory_board_res_partner_mha"
"l10n_sg_statutory_board_res_partner_mha_mha29","SPF CID & CAD","MHA29","l10n_sg_statutory_board_res_partner_mha"
"l10n_sg_statutory_board_res_partner_mha_mha30","SPF Police Coast Guard","MHA30","l10n_sg_statutory_board_res_partner_mha"
"l10n_sg_statutory_board_res_partner_mha_mha31","SPF Traffic Police Dept","MHA31","l10n_sg_statutory_board_res_partner_mha"
"l10n_sg_statutory_board_res_partner_mha_mha32","SPF Airport Police","MHA32","l10n_sg_statutory_board_res_partner_mha"
"l10n_sg_statutory_board_res_partner_mha_mha33","SPF Security Command","MHA33","l10n_sg_statutory_board_res_partner_mha"
"l10n_sg_statutory_board_res_partner_mha_mha34","SPF Special Optn Command","MHA34","l10n_sg_statutory_board_res_partner_mha"
"l10n_sg_statutory_board_res_partner_mha_mha35","SPF Gurkha Contingent","MHA35","l10n_sg_statutory_board_res_partner_mha"
"l10n_sg_statutory_board_res_partner_mha_mha36","SPF CID (S)","MHA36","l10n_sg_statutory_board_res_partner_mha"
"l10n_sg_statutory_board_res_partner_mha_mha37","SPF Police Intel Dept (S)","MHA37","l10n_sg_statutory_board_res_partner_mha"
"l10n_sg_statutory_board_res_partner_mha_mha39","SPF CAD (S)","MHA39","l10n_sg_statutory_board_res_partner_mha"
"l10n_sg_statutory_board_res_partner_mha_mha40","SPF Cyber Command","MHA40","l10n_sg_statutory_board_res_partner_mha"
"l10n_sg_statutory_board_res_partner_mha_mha41","SPF Infra Dev & Management Div","MHA41","l10n_sg_statutory_board_res_partner_mha"
"l10n_sg_statutory_board_res_partner_mha_mha42","SPF Police Regulatory Dept","MHA42","l10n_sg_statutory_board_res_partner_mha"
"l10n_sg_statutory_board_res_partner_mha_mha43","SPF Protective SecCom (ProCom)","MHA43","l10n_sg_statutory_board_res_partner_mha"
"l10n_sg_statutory_board_res_partner_mha_mha44","SPF EVENT","MHA44","l10n_sg_statutory_board_res_partner_mha"
"l10n_sg_statutory_board_res_partner_mha_mha51","SPF Public Transport Sec Commd","MHA51","l10n_sg_statutory_board_res_partner_mha"
"l10n_sg_statutory_board_res_partner_mha_mha52","SPF Police Technology Dept","MHA52","l10n_sg_statutory_board_res_partner_mha"
"l10n_sg_statutory_board_res_partner_mha_mha55","SPF Centre for Protective Sec","MHA55","l10n_sg_statutory_board_res_partner_mha"
"l10n_sg_statutory_board_res_partner_mha_mha56","SPF Police Ops Command Centre","MHA56","l10n_sg_statutory_board_res_partner_mha"
"l10n_sg_statutory_board_res_partner_mha_fin04","Civil Defence Force Pensions","FIN04","l10n_sg_statutory_board_res_partner_mha"
"l10n_sg_statutory_board_res_partner_mha_mha05","S'pore Civil Defence Force","MHA05","l10n_sg_statutory_board_res_partner_mha"
"l10n_sg_statutory_board_res_partner_mha_mha46","CDA /NSTI /CSH (West)","MHA46","l10n_sg_statutory_board_res_partner_mha"
"l10n_sg_statutory_board_res_partner_mha_mha47","HQ 2nd CD Division","MHA47","l10n_sg_statutory_board_res_partner_mha"
"l10n_sg_statutory_board_res_partner_mha_mha48","HQ 3rd CD Division","MHA48","l10n_sg_statutory_board_res_partner_mha"
"l10n_sg_statutory_board_res_partner_mha_mha49","HQ 4th CD Division","MHA49","l10n_sg_statutory_board_res_partner_mha"
"l10n_sg_statutory_board_res_partner_mha_mha50","HQ 1st CD Division","MHA50","l10n_sg_statutory_board_res_partner_mha"
"l10n_sg_statutory_board_res_partner_mha_mha54","SCDF Marine Division/ CSH (East)","MHA54","l10n_sg_statutory_board_res_partner_mha"
"l10n_sg_statutory_board_res_partner_mha_mha10","Immigratn & Checkpts Auth","MHA10","l10n_sg_statutory_board_res_partner_mha"
"l10n_sg_statutory_board_res_partner_mha_mha09","Central Narcotics Bureau","MHA09","l10n_sg_statutory_board_res_partner_mha"
"l10n_sg_statutory_board_res_partner_mha_mha45","Home Team Academy","MHA45","l10n_sg_statutory_board_res_partner_mha"
"l10n_sg_statutory_board_res_partner_mha_mha57","CNB HQ","MHA57","l10n_sg_statutory_board_res_partner_mha"
"l10n_sg_statutory_board_res_partner_mha_mhd01","MHA Department Sub-Bu","MHD01","l10n_sg_statutory_board_res_partner_mha"
"l10n_sg_statutory_board_res_partner_mnd_mnd01","Headquarters","MND01","l10n_sg_statutory_board_res_partner_mnd"
"l10n_sg_statutory_board_res_partner_moc_moc01","Headquarters","MOC01","l10n_sg_statutory_board_res_partner_moc"
"l10n_sg_statutory_board_res_partner_mod_modes","MOD Enterprise System","MODES","l10n_sg_statutory_board_res_partner_mod"
"l10n_sg_statutory_board_res_partner_moe_edf01","MOE-EDF SPSD","EDF01","l10n_sg_statutory_board_res_partner_moe"
"l10n_sg_statutory_board_res_partner_moe_edf07","MOE-EDF HSCD","EDF07","l10n_sg_statutory_board_res_partner_moe"
"l10n_sg_statutory_board_res_partner_moe_edf10","MOE-EDF FPD","EDF10","l10n_sg_statutory_board_res_partner_moe"
"l10n_sg_statutory_board_res_partner_moe_edf11","MOE-EDF PLD","EDF11","l10n_sg_statutory_board_res_partner_moe"
"l10n_sg_statutory_board_res_partner_moe_edf12","MOE-EDF HED","EDF12","l10n_sg_statutory_board_res_partner_moe"
"l10n_sg_statutory_board_res_partner_moe_edf13","MOE-EDF CCD","EDF13","l10n_sg_statutory_board_res_partner_moe"
"l10n_sg_statutory_board_res_partner_moe_edf15","MOE-EDF ITD","EDF15","l10n_sg_statutory_board_res_partner_moe"
"l10n_sg_statutory_board_res_partner_moe_edf16","MOE-EDF SD","EDF16","l10n_sg_statutory_board_res_partner_moe"
"l10n_sg_statutory_board_res_partner_moe_edf17","MOE-EDF CPDD","EDF17","l10n_sg_statutory_board_res_partner_moe"
"l10n_sg_statutory_board_res_partner_moe_edf19","MOE-EDF ETD","EDF19","l10n_sg_statutory_board_res_partner_moe"
"l10n_sg_statutory_board_res_partner_moe_edf20","MOE-EDF SEND","EDF20","l10n_sg_statutory_board_res_partner_moe"
"l10n_sg_statutory_board_res_partner_moe_edf21","MOE-EDF SDCD","EDF21","l10n_sg_statutory_board_res_partner_moe"
"l10n_sg_statutory_board_res_partner_moe_edf23","MOE-EDF AST","EDF23","l10n_sg_statutory_board_res_partner_moe"
"l10n_sg_statutory_board_res_partner_moe_moe01","Student Placement & Svcs Div","MOE01","l10n_sg_statutory_board_res_partner_moe"
"l10n_sg_statutory_board_res_partner_moe_moe03","Finance & Procurement Div","MOE03","l10n_sg_statutory_board_res_partner_moe"
"l10n_sg_statutory_board_res_partner_moe_moe06","Internal Audit Branch (IAB)","MOE06","l10n_sg_statutory_board_res_partner_moe"
"l10n_sg_statutory_board_res_partner_moe_moe07","HR Solution & Capabilities Div","MOE07","l10n_sg_statutory_board_res_partner_moe"
"l10n_sg_statutory_board_res_partner_moe_moe08","HR Strategy & Leadership Div","MOE08","l10n_sg_statutory_board_res_partner_moe"
"l10n_sg_statutory_board_res_partner_moe_moe09","Engagement&Research Div","MOE09","l10n_sg_statutory_board_res_partner_moe"
"l10n_sg_statutory_board_res_partner_moe_moe10","Infra & Facility Services Div","MOE10","l10n_sg_statutory_board_res_partner_moe"
"l10n_sg_statutory_board_res_partner_moe_moe11","Planning Div (PLD)","MOE11","l10n_sg_statutory_board_res_partner_moe"
"l10n_sg_statutory_board_res_partner_moe_moe12","Higher Ed & SkillsFuture Divs","MOE12","l10n_sg_statutory_board_res_partner_moe"
"l10n_sg_statutory_board_res_partner_moe_moe13","Communications Div","MOE13","l10n_sg_statutory_board_res_partner_moe"
"l10n_sg_statutory_board_res_partner_moe_moe14","Organisatn Developmt Div","MOE14","l10n_sg_statutory_board_res_partner_moe"
"l10n_sg_statutory_board_res_partner_moe_moe15","Digital Xcellence&Products Div","MOE15","l10n_sg_statutory_board_res_partner_moe"
"l10n_sg_statutory_board_res_partner_moe_moe16","Schools Division (Sch Div)","MOE16","l10n_sg_statutory_board_res_partner_moe"
"l10n_sg_statutory_board_res_partner_moe_moe17","Curriculum Planning & Dev Div","MOE17","l10n_sg_statutory_board_res_partner_moe"
"l10n_sg_statutory_board_res_partner_moe_moe18","Student Development Curriculum","MOE18","l10n_sg_statutory_board_res_partner_moe"
"l10n_sg_statutory_board_res_partner_moe_moe19","Educational Technlgy Div (ETD)","MOE19","l10n_sg_statutory_board_res_partner_moe"
"l10n_sg_statutory_board_res_partner_moe_moe20","Special Educational Needs Div","MOE20","l10n_sg_statutory_board_res_partner_moe"
"l10n_sg_statutory_board_res_partner_moe_moe21","Research & Management Info Div","MOE21","l10n_sg_statutory_board_res_partner_moe"
"l10n_sg_statutory_board_res_partner_moe_moe22","Vital-Payroll & Claims","MOE22","l10n_sg_statutory_board_res_partner_moe"
"l10n_sg_statutory_board_res_partner_moe_moe23","Academy of Singapore Teachers","MOE23","l10n_sg_statutory_board_res_partner_moe"
"l10n_sg_statutory_board_res_partner_moe_moe32","Institutes of Higher Education","MOE32","l10n_sg_statutory_board_res_partner_moe"
"l10n_sg_statutory_board_res_partner_moe_2601","Sch Cluster North 2","2601","l10n_sg_statutory_board_res_partner_moe"
"l10n_sg_statutory_board_res_partner_moe_2603","Sch Cluster South 7","2603","l10n_sg_statutory_board_res_partner_moe"
"l10n_sg_statutory_board_res_partner_moe_2606","Sch Cluster East 2","2606","l10n_sg_statutory_board_res_partner_moe"
"l10n_sg_statutory_board_res_partner_moe_2607","Sch Cluster West 2","2607","l10n_sg_statutory_board_res_partner_moe"
"l10n_sg_statutory_board_res_partner_moe_2608","Sch Cluster West 4","2608","l10n_sg_statutory_board_res_partner_moe"
"l10n_sg_statutory_board_res_partner_moe_2609","Sch Cluster North 6","2609","l10n_sg_statutory_board_res_partner_moe"
"l10n_sg_statutory_board_res_partner_moe_2610","Sch Cluster North 4","2610","l10n_sg_statutory_board_res_partner_moe"
"l10n_sg_statutory_board_res_partner_moe_2611","Sch Cluster East 3","2611","l10n_sg_statutory_board_res_partner_moe"
"l10n_sg_statutory_board_res_partner_moe_2612","Sch Cluster East 4","2612","l10n_sg_statutory_board_res_partner_moe"
"l10n_sg_statutory_board_res_partner_moe_2613","Sch Cluster East 5","2613","l10n_sg_statutory_board_res_partner_moe"
"l10n_sg_statutory_board_res_partner_moe_2615","Sch Cluster South 3","2615","l10n_sg_statutory_board_res_partner_moe"
"l10n_sg_statutory_board_res_partner_moe_2616","Sch Cluster South 2","2616","l10n_sg_statutory_board_res_partner_moe"
"l10n_sg_statutory_board_res_partner_moe_2617","Sch Cluster West 3","2617","l10n_sg_statutory_board_res_partner_moe"
"l10n_sg_statutory_board_res_partner_moe_2618","Sch Cluster West 1","2618","l10n_sg_statutory_board_res_partner_moe"
"l10n_sg_statutory_board_res_partner_moe_2620","Sch Cluster West 6","2620","l10n_sg_statutory_board_res_partner_moe"
"l10n_sg_statutory_board_res_partner_moe_2621","Sch Cluster West 7","2621","l10n_sg_statutory_board_res_partner_moe"
"l10n_sg_statutory_board_res_partner_moe_2623","Sch Cluster South 4","2623","l10n_sg_statutory_board_res_partner_moe"
"l10n_sg_statutory_board_res_partner_moe_2624","Sch Cluster South 5","2624","l10n_sg_statutory_board_res_partner_moe"
"l10n_sg_statutory_board_res_partner_moe_2627","Sch Cluster North 3","2627","l10n_sg_statutory_board_res_partner_moe"
"l10n_sg_statutory_board_res_partner_moe_2629","Sch Cluster North 7","2629","l10n_sg_statutory_board_res_partner_moe"
"l10n_sg_statutory_board_res_partner_moe_2630","Sch Cluster South 6","2630","l10n_sg_statutory_board_res_partner_moe"
"l10n_sg_statutory_board_res_partner_moe_2634","Sch Cluster East 7","2634","l10n_sg_statutory_board_res_partner_moe"
"l10n_sg_statutory_board_res_partner_moe_2637","Sch Cluster West 5","2637","l10n_sg_statutory_board_res_partner_moe"
"l10n_sg_statutory_board_res_partner_moe_2649","Sch Cluster South 1","2649","l10n_sg_statutory_board_res_partner_moe"
"l10n_sg_statutory_board_res_partner_moe_2652","Sch Cluster North 5","2652","l10n_sg_statutory_board_res_partner_moe"
"l10n_sg_statutory_board_res_partner_moe_2653","Sch Cluster East 6","2653","l10n_sg_statutory_board_res_partner_moe"
"l10n_sg_statutory_board_res_partner_moe_2656","Sch Cluster North 1","2656","l10n_sg_statutory_board_res_partner_moe"
"l10n_sg_statutory_board_res_partner_moe_2658","Sch Cluster East 1","2658","l10n_sg_statutory_board_res_partner_moe"
"l10n_sg_statutory_board_res_partner_moe_2659","Sch Cluster West 8","2659","l10n_sg_statutory_board_res_partner_moe"
"l10n_sg_statutory_board_res_partner_moe_2901","Cluster Fund (North)","2901","l10n_sg_statutory_board_res_partner_moe"
"l10n_sg_statutory_board_res_partner_moe_2902","Cluster Fund (South)","2902","l10n_sg_statutory_board_res_partner_moe"
"l10n_sg_statutory_board_res_partner_moe_2903","Cluster Fund (East)","2903","l10n_sg_statutory_board_res_partner_moe"
"l10n_sg_statutory_board_res_partner_moe_2904","Cluster Fund (West)","2904","l10n_sg_statutory_board_res_partner_moe"
"l10n_sg_statutory_board_res_partner_moe_9002","Anderson Pri Sch","9002","l10n_sg_statutory_board_res_partner_moe"
"l10n_sg_statutory_board_res_partner_moe_9004","Ang Mo Kio Pri Sch","9004","l10n_sg_statutory_board_res_partner_moe"
"l10n_sg_statutory_board_res_partner_moe_9005","Jurong West Pri Sch","9005","l10n_sg_statutory_board_res_partner_moe"
"l10n_sg_statutory_board_res_partner_moe_9007","Bedok Green Pri Sch","9007","l10n_sg_statutory_board_res_partner_moe"
"l10n_sg_statutory_board_res_partner_moe_9012","Bendemeer Pri Sch","9012","l10n_sg_statutory_board_res_partner_moe"
"l10n_sg_statutory_board_res_partner_moe_9014","Blangah Rise Pri Sch","9014","l10n_sg_statutory_board_res_partner_moe"
"l10n_sg_statutory_board_res_partner_moe_9016","Boon Lay Garden Pri Sch","9016","l10n_sg_statutory_board_res_partner_moe"
"l10n_sg_statutory_board_res_partner_moe_9021","Bukit Timah Pri Sch","9021","l10n_sg_statutory_board_res_partner_moe"
"l10n_sg_statutory_board_res_partner_moe_9022","Bukit Panjang Pri Sch","9022","l10n_sg_statutory_board_res_partner_moe"
"l10n_sg_statutory_board_res_partner_moe_9023","Bukit View Pri Sch","9023","l10n_sg_statutory_board_res_partner_moe"
"l10n_sg_statutory_board_res_partner_moe_9024","Ahmad Ibrahim Pri Sch","9024","l10n_sg_statutory_board_res_partner_moe"
"l10n_sg_statutory_board_res_partner_moe_9025","Admiralty Pri Sch","9025","l10n_sg_statutory_board_res_partner_moe"
"l10n_sg_statutory_board_res_partner_moe_9027","Anchor Green Pri Sch","9027","l10n_sg_statutory_board_res_partner_moe"
"l10n_sg_statutory_board_res_partner_moe_9028","Alexandra Pri Sch","9028","l10n_sg_statutory_board_res_partner_moe"
"l10n_sg_statutory_board_res_partner_moe_9029","Angsana Pri Sch","9029","l10n_sg_statutory_board_res_partner_moe"
"l10n_sg_statutory_board_res_partner_moe_9034","Cantonment Pri Sch","9034","l10n_sg_statutory_board_res_partner_moe"
"l10n_sg_statutory_board_res_partner_moe_9035","Casuarina Pri Sch","9035","l10n_sg_statutory_board_res_partner_moe"
"l10n_sg_statutory_board_res_partner_moe_9036","Clementi Pri Sch","9036","l10n_sg_statutory_board_res_partner_moe"
"l10n_sg_statutory_board_res_partner_moe_9037","Concord Pri Sch","9037","l10n_sg_statutory_board_res_partner_moe"
"l10n_sg_statutory_board_res_partner_moe_9038","Canberra Pri Sch","9038","l10n_sg_statutory_board_res_partner_moe"
"l10n_sg_statutory_board_res_partner_moe_9039","Compassvale Pri Sch","9039","l10n_sg_statutory_board_res_partner_moe"
"l10n_sg_statutory_board_res_partner_moe_9042","Cedar Pri  Sch","9042","l10n_sg_statutory_board_res_partner_moe"
"l10n_sg_statutory_board_res_partner_moe_9043","Changkat Pri Sch","9043","l10n_sg_statutory_board_res_partner_moe"
"l10n_sg_statutory_board_res_partner_moe_9049","Chongzheng Pri Sch","9049","l10n_sg_statutory_board_res_partner_moe"
"l10n_sg_statutory_board_res_partner_moe_9052","Corporation Pri Sch","9052","l10n_sg_statutory_board_res_partner_moe"
"l10n_sg_statutory_board_res_partner_moe_9054","Damai Pri Sch","9054","l10n_sg_statutory_board_res_partner_moe"
"l10n_sg_statutory_board_res_partner_moe_9055","Dazhong Pri Sch","9055","l10n_sg_statutory_board_res_partner_moe"
"l10n_sg_statutory_board_res_partner_moe_9057","Chua Chu Kang Pri Sch","9057","l10n_sg_statutory_board_res_partner_moe"
"l10n_sg_statutory_board_res_partner_moe_9069","Edgefield Pri Sch","9069","l10n_sg_statutory_board_res_partner_moe"
"l10n_sg_statutory_board_res_partner_moe_9070","East Spring Pri Sch","9070","l10n_sg_statutory_board_res_partner_moe"
"l10n_sg_statutory_board_res_partner_moe_9073","Evergreen Pri Sch","9073","l10n_sg_statutory_board_res_partner_moe"
"l10n_sg_statutory_board_res_partner_moe_9075","Fengshan Pri Sch","9075","l10n_sg_statutory_board_res_partner_moe"
"l10n_sg_statutory_board_res_partner_moe_9076","First Toa Payoh Pri Sch","9076","l10n_sg_statutory_board_res_partner_moe"
"l10n_sg_statutory_board_res_partner_moe_9078","Fuchun Pri Sch","9078","l10n_sg_statutory_board_res_partner_moe"
"l10n_sg_statutory_board_res_partner_moe_9079","Fuhua Pri Sch","9079","l10n_sg_statutory_board_res_partner_moe"
"l10n_sg_statutory_board_res_partner_moe_9080","Elias Park Pri Sch","9080","l10n_sg_statutory_board_res_partner_moe"
"l10n_sg_statutory_board_res_partner_moe_9081","Farrer Park Pri Sch","9081","l10n_sg_statutory_board_res_partner_moe"
"l10n_sg_statutory_board_res_partner_moe_9082","Fernvale Pri Sch","9082","l10n_sg_statutory_board_res_partner_moe"
"l10n_sg_statutory_board_res_partner_moe_9083","Endeavour Pri Sch","9083","l10n_sg_statutory_board_res_partner_moe"
"l10n_sg_statutory_board_res_partner_moe_9084","Frontier Pri Sch","9084","l10n_sg_statutory_board_res_partner_moe"
"l10n_sg_statutory_board_res_partner_moe_9085","Fern Green Pri Sch","9085","l10n_sg_statutory_board_res_partner_moe"
"l10n_sg_statutory_board_res_partner_moe_9089","Gan Eng Seng Pri Sch","9089","l10n_sg_statutory_board_res_partner_moe"
"l10n_sg_statutory_board_res_partner_moe_9090","Greenwood Pri Sch","9090","l10n_sg_statutory_board_res_partner_moe"
"l10n_sg_statutory_board_res_partner_moe_9092","Gongshang Pri Sch","9092","l10n_sg_statutory_board_res_partner_moe"
"l10n_sg_statutory_board_res_partner_moe_9095","Greendale Pri Sch","9095","l10n_sg_statutory_board_res_partner_moe"
"l10n_sg_statutory_board_res_partner_moe_9097","Haig Girls' Sch","9097","l10n_sg_statutory_board_res_partner_moe"
"l10n_sg_statutory_board_res_partner_moe_9099","Henry Park Pri Sch","9099","l10n_sg_statutory_board_res_partner_moe"
"l10n_sg_statutory_board_res_partner_moe_9101","Huamin Pri Sch","9101","l10n_sg_statutory_board_res_partner_moe"
"l10n_sg_statutory_board_res_partner_moe_9103","Greenridge Pri Sch","9103","l10n_sg_statutory_board_res_partner_moe"
"l10n_sg_statutory_board_res_partner_moe_9104","Hougang Pri Sch","9104","l10n_sg_statutory_board_res_partner_moe"
"l10n_sg_statutory_board_res_partner_moe_9105","Innova Pri Sch","9105","l10n_sg_statutory_board_res_partner_moe"
"l10n_sg_statutory_board_res_partner_moe_9106","Horizon Pri Sch","9106","l10n_sg_statutory_board_res_partner_moe"
"l10n_sg_statutory_board_res_partner_moe_9112","Teck Whye Pri Sch","9112","l10n_sg_statutory_board_res_partner_moe"
"l10n_sg_statutory_board_res_partner_moe_9114","Jiemin Pri Sch","9114","l10n_sg_statutory_board_res_partner_moe"
"l10n_sg_statutory_board_res_partner_moe_9117","Jing Shan Pri Sch","9117","l10n_sg_statutory_board_res_partner_moe"
"l10n_sg_statutory_board_res_partner_moe_9119","Junyuan Pri Sch","9119","l10n_sg_statutory_board_res_partner_moe"
"l10n_sg_statutory_board_res_partner_moe_9120","Jurong Pri Sch","9120","l10n_sg_statutory_board_res_partner_moe"
"l10n_sg_statutory_board_res_partner_moe_9130","Kranji Pri Sch","9130","l10n_sg_statutory_board_res_partner_moe"
"l10n_sg_statutory_board_res_partner_moe_9132","Keming Pri Sch","9132","l10n_sg_statutory_board_res_partner_moe"
"l10n_sg_statutory_board_res_partner_moe_9134","Lakeside Pri Sch","9134","l10n_sg_statutory_board_res_partner_moe"
"l10n_sg_statutory_board_res_partner_moe_9137","Lianhua Pri Sch","9137","l10n_sg_statutory_board_res_partner_moe"
"l10n_sg_statutory_board_res_partner_moe_9143","Marsiling Pri Sch","9143","l10n_sg_statutory_board_res_partner_moe"
"l10n_sg_statutory_board_res_partner_moe_9145","Mayflower Pri Sch","9145","l10n_sg_statutory_board_res_partner_moe"
"l10n_sg_statutory_board_res_partner_moe_9147","Meridian Pri Sch","9147","l10n_sg_statutory_board_res_partner_moe"
"l10n_sg_statutory_board_res_partner_moe_9152","Naval Base Pri Sch","9152","l10n_sg_statutory_board_res_partner_moe"
"l10n_sg_statutory_board_res_partner_moe_9153","New Town Pri Sch","9153","l10n_sg_statutory_board_res_partner_moe"
"l10n_sg_statutory_board_res_partner_moe_9154","Northland Pri Sch","9154","l10n_sg_statutory_board_res_partner_moe"
"l10n_sg_statutory_board_res_partner_moe_9155","North View Pri Sch","9155","l10n_sg_statutory_board_res_partner_moe"
"l10n_sg_statutory_board_res_partner_moe_9156","North Spring Pri Sch","9156","l10n_sg_statutory_board_res_partner_moe"
"l10n_sg_statutory_board_res_partner_moe_9157","North Vista Pri Sch","9157","l10n_sg_statutory_board_res_partner_moe"
"l10n_sg_statutory_board_res_partner_moe_9158","Northoaks Pri Sch","9158","l10n_sg_statutory_board_res_partner_moe"
"l10n_sg_statutory_board_res_partner_moe_9159","Northshore Pri Sch","9159","l10n_sg_statutory_board_res_partner_moe"
"l10n_sg_statutory_board_res_partner_moe_9160","Oasis Pri Sch","9160","l10n_sg_statutory_board_res_partner_moe"
"l10n_sg_statutory_board_res_partner_moe_9161","Opera Estate Pri Sch","9161","l10n_sg_statutory_board_res_partner_moe"
"l10n_sg_statutory_board_res_partner_moe_9164","Palm View Pri Sch","9164","l10n_sg_statutory_board_res_partner_moe"
"l10n_sg_statutory_board_res_partner_moe_9166","Pei Tong Pri Sch","9166","l10n_sg_statutory_board_res_partner_moe"
"l10n_sg_statutory_board_res_partner_moe_9168","Peiying Pri Sch","9168","l10n_sg_statutory_board_res_partner_moe"
"l10n_sg_statutory_board_res_partner_moe_9170","Princess Elizabeth Pri Sch","9170","l10n_sg_statutory_board_res_partner_moe"
"l10n_sg_statutory_board_res_partner_moe_9171","Pioneer Pri Sch","9171","l10n_sg_statutory_board_res_partner_moe"
"l10n_sg_statutory_board_res_partner_moe_9172","Pasir Ris Pri Sch","9172","l10n_sg_statutory_board_res_partner_moe"
"l10n_sg_statutory_board_res_partner_moe_9173","Tampines North Pri Sch","9173","l10n_sg_statutory_board_res_partner_moe"
"l10n_sg_statutory_board_res_partner_moe_9174","Punggol Pri Sch","9174","l10n_sg_statutory_board_res_partner_moe"
"l10n_sg_statutory_board_res_partner_moe_9175","Park View Pri Sch","9175","l10n_sg_statutory_board_res_partner_moe"
"l10n_sg_statutory_board_res_partner_moe_9176","Punggol Green Pri Sch","9176","l10n_sg_statutory_board_res_partner_moe"
"l10n_sg_statutory_board_res_partner_moe_9177","Punggol View Pri Sch","9177","l10n_sg_statutory_board_res_partner_moe"
"l10n_sg_statutory_board_res_partner_moe_9178","Riverside Pri Sch","9178","l10n_sg_statutory_board_res_partner_moe"
"l10n_sg_statutory_board_res_partner_moe_9179","Punggol Cove Pri Sch","9179","l10n_sg_statutory_board_res_partner_moe"
"l10n_sg_statutory_board_res_partner_moe_9182","Qifa Pri Sch","9182","l10n_sg_statutory_board_res_partner_moe"
"l10n_sg_statutory_board_res_partner_moe_9183","Qihua Pri Sch","9183","l10n_sg_statutory_board_res_partner_moe"
"l10n_sg_statutory_board_res_partner_moe_9184","Queenstown Pri Sch","9184","l10n_sg_statutory_board_res_partner_moe"
"l10n_sg_statutory_board_res_partner_moe_9185","Radin Mas Pri Sch","9185","l10n_sg_statutory_board_res_partner_moe"
"l10n_sg_statutory_board_res_partner_moe_9186","Raffles Girls' Pri Sch","9186","l10n_sg_statutory_board_res_partner_moe"
"l10n_sg_statutory_board_res_partner_moe_9187","River Valley Pri Sch","9187","l10n_sg_statutory_board_res_partner_moe"
"l10n_sg_statutory_board_res_partner_moe_9188","Rosyth Sch","9188","l10n_sg_statutory_board_res_partner_moe"
"l10n_sg_statutory_board_res_partner_moe_9189","Rulang Pri Sch","9189","l10n_sg_statutory_board_res_partner_moe"
"l10n_sg_statutory_board_res_partner_moe_9190","Rivervale Pri Sch","9190","l10n_sg_statutory_board_res_partner_moe"
"l10n_sg_statutory_board_res_partner_moe_9192","Sembawang Pri Sch","9192","l10n_sg_statutory_board_res_partner_moe"
"l10n_sg_statutory_board_res_partner_moe_9193","Sengkang Green Pri Sch","9193","l10n_sg_statutory_board_res_partner_moe"
"l10n_sg_statutory_board_res_partner_moe_9196","Shuqun Pri Sch","9196","l10n_sg_statutory_board_res_partner_moe"
"l10n_sg_statutory_board_res_partner_moe_9197","Si Ling Pri Sch","9197","l10n_sg_statutory_board_res_partner_moe"
"l10n_sg_statutory_board_res_partner_moe_9199","South View Pri Sch","9199","l10n_sg_statutory_board_res_partner_moe"
"l10n_sg_statutory_board_res_partner_moe_9202","Tampines Pri Sch","9202","l10n_sg_statutory_board_res_partner_moe"
"l10n_sg_statutory_board_res_partner_moe_9204","Teck Ghee Pri Sch","9204","l10n_sg_statutory_board_res_partner_moe"
"l10n_sg_statutory_board_res_partner_moe_9205","Telok Kurau Pri Sch","9205","l10n_sg_statutory_board_res_partner_moe"
"l10n_sg_statutory_board_res_partner_moe_9206","Temasek Pri Sch","9206","l10n_sg_statutory_board_res_partner_moe"
"l10n_sg_statutory_board_res_partner_moe_9207","Tanjong Katong Pri Sch","9207","l10n_sg_statutory_board_res_partner_moe"
"l10n_sg_statutory_board_res_partner_moe_9208","Townsville Pri Sch","9208","l10n_sg_statutory_board_res_partner_moe"
"l10n_sg_statutory_board_res_partner_moe_9209","Unity Pri Sch","9209","l10n_sg_statutory_board_res_partner_moe"
"l10n_sg_statutory_board_res_partner_moe_9210","Seng Kang Pri Sch","9210","l10n_sg_statutory_board_res_partner_moe"
"l10n_sg_statutory_board_res_partner_moe_9211","Woodlands Ring Pri Sch","9211","l10n_sg_statutory_board_res_partner_moe"
"l10n_sg_statutory_board_res_partner_moe_9212","West View Pri Sch","9212","l10n_sg_statutory_board_res_partner_moe"
"l10n_sg_statutory_board_res_partner_moe_9213","White Sands Pri Sch","9213","l10n_sg_statutory_board_res_partner_moe"
"l10n_sg_statutory_board_res_partner_moe_9214","Woodgrove Pri Sch","9214","l10n_sg_statutory_board_res_partner_moe"
"l10n_sg_statutory_board_res_partner_moe_9215","Westwood Pri Sch","9215","l10n_sg_statutory_board_res_partner_moe"
"l10n_sg_statutory_board_res_partner_moe_9216","Springdale Pri Sch","9216","l10n_sg_statutory_board_res_partner_moe"
"l10n_sg_statutory_board_res_partner_moe_9217","West Spring Pri Sch","9217","l10n_sg_statutory_board_res_partner_moe"
"l10n_sg_statutory_board_res_partner_moe_9218","Waterway Pri Sch","9218","l10n_sg_statutory_board_res_partner_moe"
"l10n_sg_statutory_board_res_partner_moe_9219","Wellington Pri Sch","9219","l10n_sg_statutory_board_res_partner_moe"
"l10n_sg_statutory_board_res_partner_moe_9220","West Grove Pri Sch","9220","l10n_sg_statutory_board_res_partner_moe"
"l10n_sg_statutory_board_res_partner_moe_9222","Woodlands Pri Sch","9222","l10n_sg_statutory_board_res_partner_moe"
"l10n_sg_statutory_board_res_partner_moe_9223","Valour Pri Sch","9223","l10n_sg_statutory_board_res_partner_moe"
"l10n_sg_statutory_board_res_partner_moe_9224","Xinghua Pri Sch","9224","l10n_sg_statutory_board_res_partner_moe"
"l10n_sg_statutory_board_res_partner_moe_9225","Xingnan Pri Sch","9225","l10n_sg_statutory_board_res_partner_moe"
"l10n_sg_statutory_board_res_partner_moe_9226","Xinmin Pri Sch","9226","l10n_sg_statutory_board_res_partner_moe"
"l10n_sg_statutory_board_res_partner_moe_9227","Xishan Pri Sch","9227","l10n_sg_statutory_board_res_partner_moe"
"l10n_sg_statutory_board_res_partner_moe_9228","Beacon Pri Sch","9228","l10n_sg_statutory_board_res_partner_moe"
"l10n_sg_statutory_board_res_partner_moe_9230","Yew Tee Pri Sch","9230","l10n_sg_statutory_board_res_partner_moe"
"l10n_sg_statutory_board_res_partner_moe_9231","Yangzheng Pri Sch","9231","l10n_sg_statutory_board_res_partner_moe"
"l10n_sg_statutory_board_res_partner_moe_9232","Yio Chu Kang Pri Sch","9232","l10n_sg_statutory_board_res_partner_moe"
"l10n_sg_statutory_board_res_partner_moe_9233","Yishun Pri Sch","9233","l10n_sg_statutory_board_res_partner_moe"
"l10n_sg_statutory_board_res_partner_moe_9234","Yu Neng Pri Sch","9234","l10n_sg_statutory_board_res_partner_moe"
"l10n_sg_statutory_board_res_partner_moe_9235","Yuhua Pri Sch","9235","l10n_sg_statutory_board_res_partner_moe"
"l10n_sg_statutory_board_res_partner_moe_9236","Yumin Pri Sch","9236","l10n_sg_statutory_board_res_partner_moe"
"l10n_sg_statutory_board_res_partner_moe_9239","Zhangde Pri Sch","9239","l10n_sg_statutory_board_res_partner_moe"
"l10n_sg_statutory_board_res_partner_moe_9240","Zhenghua Pri Sch","9240","l10n_sg_statutory_board_res_partner_moe"
"l10n_sg_statutory_board_res_partner_moe_9241","Zhonghua Pri Sch","9241","l10n_sg_statutory_board_res_partner_moe"
"l10n_sg_statutory_board_res_partner_moe_9301","Ai Tong Sch","9301","l10n_sg_statutory_board_res_partner_moe"
"l10n_sg_statutory_board_res_partner_moe_9302","Anglo-Chinese Sch (Junior)","9302","l10n_sg_statutory_board_res_partner_moe"
"l10n_sg_statutory_board_res_partner_moe_9306","Anglo-Chinese Sch (Pri)","9306","l10n_sg_statutory_board_res_partner_moe"
"l10n_sg_statutory_board_res_partner_moe_9310","Canossa Catholic Pri Sch","9310","l10n_sg_statutory_board_res_partner_moe"
"l10n_sg_statutory_board_res_partner_moe_9311","CHIJ (Our Lady Queen of Peace)","9311","l10n_sg_statutory_board_res_partner_moe"
"l10n_sg_statutory_board_res_partner_moe_9312","CHIJ (Katong) Pri","9312","l10n_sg_statutory_board_res_partner_moe"
"l10n_sg_statutory_board_res_partner_moe_9313","CHIJ (Kellock)","9313","l10n_sg_statutory_board_res_partner_moe"
"l10n_sg_statutory_board_res_partner_moe_9314","CHIJ Our Lady of The Nativity","9314","l10n_sg_statutory_board_res_partner_moe"
"l10n_sg_statutory_board_res_partner_moe_9315","CHIJ Pri (Toa Payoh)","9315","l10n_sg_statutory_board_res_partner_moe"
"l10n_sg_statutory_board_res_partner_moe_9317","Catholic High Sch (Pri)","9317","l10n_sg_statutory_board_res_partner_moe"
"l10n_sg_statutory_board_res_partner_moe_9318","Chongfu Sch","9318","l10n_sg_statutory_board_res_partner_moe"
"l10n_sg_statutory_board_res_partner_moe_9319","CHIJ Our Lady of Good Counsel","9319","l10n_sg_statutory_board_res_partner_moe"
"l10n_sg_statutory_board_res_partner_moe_9320","De La Salle Sch","9320","l10n_sg_statutory_board_res_partner_moe"
"l10n_sg_statutory_board_res_partner_moe_9331","Fairfield Methodist Pri Sch","9331","l10n_sg_statutory_board_res_partner_moe"
"l10n_sg_statutory_board_res_partner_moe_9341","Geylang Methodist Sch (Pri)","9341","l10n_sg_statutory_board_res_partner_moe"
"l10n_sg_statutory_board_res_partner_moe_9343","Holy Innocents' Pri Sch","9343","l10n_sg_statutory_board_res_partner_moe"
"l10n_sg_statutory_board_res_partner_moe_9344","Hong Wen Sch","9344","l10n_sg_statutory_board_res_partner_moe"
"l10n_sg_statutory_board_res_partner_moe_9361","Kheng Cheng Sch","9361","l10n_sg_statutory_board_res_partner_moe"
"l10n_sg_statutory_board_res_partner_moe_9362","Kong Hwa Sch","9362","l10n_sg_statutory_board_res_partner_moe"
"l10n_sg_statutory_board_res_partner_moe_9363","Kuo Chuan Presbyterian Pri Sch","9363","l10n_sg_statutory_board_res_partner_moe"
"l10n_sg_statutory_board_res_partner_moe_9371","Maha Bodhi Sch","9371","l10n_sg_statutory_board_res_partner_moe"
"l10n_sg_statutory_board_res_partner_moe_9372","Maris Stella High (Pri)","9372","l10n_sg_statutory_board_res_partner_moe"
"l10n_sg_statutory_board_res_partner_moe_9373","Marymount Convent Sch","9373","l10n_sg_statutory_board_res_partner_moe"
"l10n_sg_statutory_board_res_partner_moe_9374","Mee Toh Sch","9374","l10n_sg_statutory_board_res_partner_moe"
"l10n_sg_statutory_board_res_partner_moe_9375","Methodist Girls' Sch (Pri)","9375","l10n_sg_statutory_board_res_partner_moe"
"l10n_sg_statutory_board_res_partner_moe_9376","Montfort Junior Sch","9376","l10n_sg_statutory_board_res_partner_moe"
"l10n_sg_statutory_board_res_partner_moe_9377","Nan Chiau Pri Sch","9377","l10n_sg_statutory_board_res_partner_moe"
"l10n_sg_statutory_board_res_partner_moe_9378","Nan Hua Pri Sch","9378","l10n_sg_statutory_board_res_partner_moe"
"l10n_sg_statutory_board_res_partner_moe_9379","Nanyang Pri Sch","9379","l10n_sg_statutory_board_res_partner_moe"
"l10n_sg_statutory_board_res_partner_moe_9380","Ngee Ann Pri Sch","9380","l10n_sg_statutory_board_res_partner_moe"
"l10n_sg_statutory_board_res_partner_moe_9381","Paya Lebar MGS (Pri)","9381","l10n_sg_statutory_board_res_partner_moe"
"l10n_sg_statutory_board_res_partner_moe_9382","Pei Chun Public Sch","9382","l10n_sg_statutory_board_res_partner_moe"
"l10n_sg_statutory_board_res_partner_moe_9383","Pei Hwa Presbyterian Pri Sch","9383","l10n_sg_statutory_board_res_partner_moe"
"l10n_sg_statutory_board_res_partner_moe_9384","Poi Ching Sch","9384","l10n_sg_statutory_board_res_partner_moe"
"l10n_sg_statutory_board_res_partner_moe_9391","Red Swastika Sch","9391","l10n_sg_statutory_board_res_partner_moe"
"l10n_sg_statutory_board_res_partner_moe_9401","Spore Chinese Girl  Pri Sch","9401","l10n_sg_statutory_board_res_partner_moe"
"l10n_sg_statutory_board_res_partner_moe_9402","St Andrew`s Sch (Junior)","9402","l10n_sg_statutory_board_res_partner_moe"
"l10n_sg_statutory_board_res_partner_moe_9404","St Anthony's Canossian Pri Sch","9404","l10n_sg_statutory_board_res_partner_moe"
"l10n_sg_statutory_board_res_partner_moe_9405","St Gabriel's Pri Sch","9405","l10n_sg_statutory_board_res_partner_moe"
"l10n_sg_statutory_board_res_partner_moe_9406","St Hilda's Pri Sch","9406","l10n_sg_statutory_board_res_partner_moe"
"l10n_sg_statutory_board_res_partner_moe_9407","St. Margaret`s Sch (Pri)","9407","l10n_sg_statutory_board_res_partner_moe"
"l10n_sg_statutory_board_res_partner_moe_9408","St Joseph's Institution Junior","9408","l10n_sg_statutory_board_res_partner_moe"
"l10n_sg_statutory_board_res_partner_moe_9409","CHIJ St Nicholas Girls' (Pri)","9409","l10n_sg_statutory_board_res_partner_moe"
"l10n_sg_statutory_board_res_partner_moe_9410","St Stephen's Sch","9410","l10n_sg_statutory_board_res_partner_moe"
"l10n_sg_statutory_board_res_partner_moe_9412","Tao Nan Sch","9412","l10n_sg_statutory_board_res_partner_moe"
"l10n_sg_statutory_board_res_partner_moe_9413","St Anthony's Pri Sch","9413","l10n_sg_statutory_board_res_partner_moe"
"l10n_sg_statutory_board_res_partner_moe_9501","Ahmad Ibrahim Sec Sch","9501","l10n_sg_statutory_board_res_partner_moe"
"l10n_sg_statutory_board_res_partner_moe_9502","Anderson Sec Sch","9502","l10n_sg_statutory_board_res_partner_moe"
"l10n_sg_statutory_board_res_partner_moe_9503","Ang Mo Kio Sec Sch","9503","l10n_sg_statutory_board_res_partner_moe"
"l10n_sg_statutory_board_res_partner_moe_9505","Bartley Sec Sch","9505","l10n_sg_statutory_board_res_partner_moe"
"l10n_sg_statutory_board_res_partner_moe_9506","Beatty Sec Sch","9506","l10n_sg_statutory_board_res_partner_moe"
"l10n_sg_statutory_board_res_partner_moe_9508","Bedok South Sec Sch","9508","l10n_sg_statutory_board_res_partner_moe"
"l10n_sg_statutory_board_res_partner_moe_9510","Bedok View Sec Sch","9510","l10n_sg_statutory_board_res_partner_moe"
"l10n_sg_statutory_board_res_partner_moe_9511","Bendemeer Sec Sch","9511","l10n_sg_statutory_board_res_partner_moe"
"l10n_sg_statutory_board_res_partner_moe_9512","Boon Lay Sec Sch","9512","l10n_sg_statutory_board_res_partner_moe"
"l10n_sg_statutory_board_res_partner_moe_9513","Bowen Sec Sch","9513","l10n_sg_statutory_board_res_partner_moe"
"l10n_sg_statutory_board_res_partner_moe_9515","Broadrick Sec Sch","9515","l10n_sg_statutory_board_res_partner_moe"
"l10n_sg_statutory_board_res_partner_moe_9516","Bukit Batok Sec Sch","9516","l10n_sg_statutory_board_res_partner_moe"
"l10n_sg_statutory_board_res_partner_moe_9518","Bukit Merah Sec Sch","9518","l10n_sg_statutory_board_res_partner_moe"
"l10n_sg_statutory_board_res_partner_moe_9519","Bukit Panjang Govt High Sch","9519","l10n_sg_statutory_board_res_partner_moe"
"l10n_sg_statutory_board_res_partner_moe_9520","Bukit View Sec Sch","9520","l10n_sg_statutory_board_res_partner_moe"
"l10n_sg_statutory_board_res_partner_moe_9523","Bedok Green Sec Sch","9523","l10n_sg_statutory_board_res_partner_moe"
"l10n_sg_statutory_board_res_partner_moe_9524","Admiralty Sec Sch","9524","l10n_sg_statutory_board_res_partner_moe"
"l10n_sg_statutory_board_res_partner_moe_9528","Canberra Sec Sch","9528","l10n_sg_statutory_board_res_partner_moe"
"l10n_sg_statutory_board_res_partner_moe_9529","Compassvale Sec Sch","9529","l10n_sg_statutory_board_res_partner_moe"
"l10n_sg_statutory_board_res_partner_moe_9531","Cedar Girls' Sec Sch","9531","l10n_sg_statutory_board_res_partner_moe"
"l10n_sg_statutory_board_res_partner_moe_9533","Changkat Changi Sec Sch","9533","l10n_sg_statutory_board_res_partner_moe"
"l10n_sg_statutory_board_res_partner_moe_9535","Clementi Town Sec Sch","9535","l10n_sg_statutory_board_res_partner_moe"
"l10n_sg_statutory_board_res_partner_moe_9536","Commonwealth Sec Sch","9536","l10n_sg_statutory_board_res_partner_moe"
"l10n_sg_statutory_board_res_partner_moe_9537","Crescent Girls' Sch","9537","l10n_sg_statutory_board_res_partner_moe"
"l10n_sg_statutory_board_res_partner_moe_9538","Deyi Sec Sch","9538","l10n_sg_statutory_board_res_partner_moe"
"l10n_sg_statutory_board_res_partner_moe_9539","Dunearn Sec Sch","9539","l10n_sg_statutory_board_res_partner_moe"
"l10n_sg_statutory_board_res_partner_moe_9540","Dunman High Sch","9540","l10n_sg_statutory_board_res_partner_moe"
"l10n_sg_statutory_board_res_partner_moe_9541","Dunman Sec Sch","9541","l10n_sg_statutory_board_res_partner_moe"
"l10n_sg_statutory_board_res_partner_moe_9543","Chua Chu Kang Sec Sch","9543","l10n_sg_statutory_board_res_partner_moe"
"l10n_sg_statutory_board_res_partner_moe_9545","Damai Sec Sch","9545","l10n_sg_statutory_board_res_partner_moe"
"l10n_sg_statutory_board_res_partner_moe_9548","Edgefield Sec Sch","9548","l10n_sg_statutory_board_res_partner_moe"
"l10n_sg_statutory_board_res_partner_moe_9549","Evergreen Sec Sch","9549","l10n_sg_statutory_board_res_partner_moe"
"l10n_sg_statutory_board_res_partner_moe_9550","East Spring Sec Sch","9550","l10n_sg_statutory_board_res_partner_moe"
"l10n_sg_statutory_board_res_partner_moe_9556","Fuhua Sec Sch","9556","l10n_sg_statutory_board_res_partner_moe"
"l10n_sg_statutory_board_res_partner_moe_9561","Gan Eng Seng Sch","9561","l10n_sg_statutory_board_res_partner_moe"
"l10n_sg_statutory_board_res_partner_moe_9563","Guangyang Sec Sch","9563","l10n_sg_statutory_board_res_partner_moe"
"l10n_sg_statutory_board_res_partner_moe_9565","Hua Yi Sec Sch","9565","l10n_sg_statutory_board_res_partner_moe"
"l10n_sg_statutory_board_res_partner_moe_9566","GreenRidge Sec Sch","9566","l10n_sg_statutory_board_res_partner_moe"
"l10n_sg_statutory_board_res_partner_moe_9569","Hougang Sec Sch","9569","l10n_sg_statutory_board_res_partner_moe"
"l10n_sg_statutory_board_res_partner_moe_9570","Hillgrove Sec Sch","9570","l10n_sg_statutory_board_res_partner_moe"
"l10n_sg_statutory_board_res_partner_moe_9572","Jurong Sec Sch","9572","l10n_sg_statutory_board_res_partner_moe"
"l10n_sg_statutory_board_res_partner_moe_9573","Jurongville Sec Sch","9573","l10n_sg_statutory_board_res_partner_moe"
"l10n_sg_statutory_board_res_partner_moe_9574","Juying Sec Sch","9574","l10n_sg_statutory_board_res_partner_moe"
"l10n_sg_statutory_board_res_partner_moe_9575","Junyuan Sec Sch","9575","l10n_sg_statutory_board_res_partner_moe"
"l10n_sg_statutory_board_res_partner_moe_9576","Jurong West Sec Sch","9576","l10n_sg_statutory_board_res_partner_moe"
"l10n_sg_statutory_board_res_partner_moe_9577","Greendale Sec Sch","9577","l10n_sg_statutory_board_res_partner_moe"
"l10n_sg_statutory_board_res_partner_moe_9580","Kranji Sec Sch","9580","l10n_sg_statutory_board_res_partner_moe"
"l10n_sg_statutory_board_res_partner_moe_9581","Loyang View Sec Sch","9581","l10n_sg_statutory_board_res_partner_moe"
"l10n_sg_statutory_board_res_partner_moe_9582","Loyang Sec Sch","9582","l10n_sg_statutory_board_res_partner_moe"
"l10n_sg_statutory_board_res_partner_moe_9583","Meridian Sec Sch","9583","l10n_sg_statutory_board_res_partner_moe"
"l10n_sg_statutory_board_res_partner_moe_9592","Marsiling Sec Sch","9592","l10n_sg_statutory_board_res_partner_moe"
"l10n_sg_statutory_board_res_partner_moe_9593","Mayflower Sec Sch","9593","l10n_sg_statutory_board_res_partner_moe"
"l10n_sg_statutory_board_res_partner_moe_9596","Nan Hua High Sch","9596","l10n_sg_statutory_board_res_partner_moe"
"l10n_sg_statutory_board_res_partner_moe_9597","Naval Base Sec Sch","9597","l10n_sg_statutory_board_res_partner_moe"
"l10n_sg_statutory_board_res_partner_moe_9598","New Town Sec Sch","9598","l10n_sg_statutory_board_res_partner_moe"
"l10n_sg_statutory_board_res_partner_moe_9600","Northland Sec Sch","9600","l10n_sg_statutory_board_res_partner_moe"
"l10n_sg_statutory_board_res_partner_moe_9601","North Vista Sec Sch","9601","l10n_sg_statutory_board_res_partner_moe"
"l10n_sg_statutory_board_res_partner_moe_9610","Orchid Park Sec Sch","9610","l10n_sg_statutory_board_res_partner_moe"
"l10n_sg_statutory_board_res_partner_moe_9611","Outram Sec Sch","9611","l10n_sg_statutory_board_res_partner_moe"
"l10n_sg_statutory_board_res_partner_moe_9612","Pasir Ris Crest Sec Sch","9612","l10n_sg_statutory_board_res_partner_moe"
"l10n_sg_statutory_board_res_partner_moe_9613","Pasir Ris Sec Sch","9613","l10n_sg_statutory_board_res_partner_moe"
"l10n_sg_statutory_board_res_partner_moe_9615","Peicai Sec Sch","9615","l10n_sg_statutory_board_res_partner_moe"
"l10n_sg_statutory_board_res_partner_moe_9617","Peirce Sec Sch","9617","l10n_sg_statutory_board_res_partner_moe"
"l10n_sg_statutory_board_res_partner_moe_9619","Punggol Sec Sch","9619","l10n_sg_statutory_board_res_partner_moe"
"l10n_sg_statutory_board_res_partner_moe_9620","Pei Hwa Sec Sch","9620","l10n_sg_statutory_board_res_partner_moe"
"l10n_sg_statutory_board_res_partner_moe_9621","Queenstown Sec Sch","9621","l10n_sg_statutory_board_res_partner_moe"
"l10n_sg_statutory_board_res_partner_moe_9622","Queensway Sec Sch","9622","l10n_sg_statutory_board_res_partner_moe"
"l10n_sg_statutory_board_res_partner_moe_9625","River Valley High Sch","9625","l10n_sg_statutory_board_res_partner_moe"
"l10n_sg_statutory_board_res_partner_moe_9626","Riverside Sec Sch","9626","l10n_sg_statutory_board_res_partner_moe"
"l10n_sg_statutory_board_res_partner_moe_9627","Regent Sec Sch","9627","l10n_sg_statutory_board_res_partner_moe"
"l10n_sg_statutory_board_res_partner_moe_9629","Sembawang Sec Sch","9629","l10n_sg_statutory_board_res_partner_moe"
"l10n_sg_statutory_board_res_partner_moe_9630","Seng Kang Sec Sch","9630","l10n_sg_statutory_board_res_partner_moe"
"l10n_sg_statutory_board_res_partner_moe_9631","Serangoon Garden Sec Sch","9631","l10n_sg_statutory_board_res_partner_moe"
"l10n_sg_statutory_board_res_partner_moe_9633","Serangoon Sec Sch","9633","l10n_sg_statutory_board_res_partner_moe"
"l10n_sg_statutory_board_res_partner_moe_9637","Swiss Cottage Sec Sch","9637","l10n_sg_statutory_board_res_partner_moe"
"l10n_sg_statutory_board_res_partner_moe_9638","Tampines Sec Sch","9638","l10n_sg_statutory_board_res_partner_moe"
"l10n_sg_statutory_board_res_partner_moe_9640","Tanjong Katong Girls' Sch","9640","l10n_sg_statutory_board_res_partner_moe"
"l10n_sg_statutory_board_res_partner_moe_9641","Tanjong Katong Sec Sch","9641","l10n_sg_statutory_board_res_partner_moe"
"l10n_sg_statutory_board_res_partner_moe_9644","Temasek Sec Sch","9644","l10n_sg_statutory_board_res_partner_moe"
"l10n_sg_statutory_board_res_partner_moe_9646","Springfield Sec Sch","9646","l10n_sg_statutory_board_res_partner_moe"
"l10n_sg_statutory_board_res_partner_moe_9651","Unity Sec Sch","9651","l10n_sg_statutory_board_res_partner_moe"
"l10n_sg_statutory_board_res_partner_moe_9653","Victoria Sch","9653","l10n_sg_statutory_board_res_partner_moe"
"l10n_sg_statutory_board_res_partner_moe_9660","Kent Ridge Sec Sch","9660","l10n_sg_statutory_board_res_partner_moe"
"l10n_sg_statutory_board_res_partner_moe_9662","Westwood Sec Sch","9662","l10n_sg_statutory_board_res_partner_moe"
"l10n_sg_statutory_board_res_partner_moe_9663","Whitley Sec Sch","9663","l10n_sg_statutory_board_res_partner_moe"
"l10n_sg_statutory_board_res_partner_moe_9664","Woodlands Sec Sch","9664","l10n_sg_statutory_board_res_partner_moe"
"l10n_sg_statutory_board_res_partner_moe_9666","Xinmin Sec Sch","9666","l10n_sg_statutory_board_res_partner_moe"
"l10n_sg_statutory_board_res_partner_moe_9667","Woodlands Ring Sec Sch","9667","l10n_sg_statutory_board_res_partner_moe"
"l10n_sg_statutory_board_res_partner_moe_9668","Woodgrove Sec Sch","9668","l10n_sg_statutory_board_res_partner_moe"
"l10n_sg_statutory_board_res_partner_moe_9669","West Spring Sec Sch","9669","l10n_sg_statutory_board_res_partner_moe"
"l10n_sg_statutory_board_res_partner_moe_9680","Northbrooks Sec Sch","9680","l10n_sg_statutory_board_res_partner_moe"
"l10n_sg_statutory_board_res_partner_moe_9681","Yio Chu Kang Sec Sch","9681","l10n_sg_statutory_board_res_partner_moe"
"l10n_sg_statutory_board_res_partner_moe_9682","Yishun Sec Sch","9682","l10n_sg_statutory_board_res_partner_moe"
"l10n_sg_statutory_board_res_partner_moe_9683","Yishun Town Sec Sch","9683","l10n_sg_statutory_board_res_partner_moe"
"l10n_sg_statutory_board_res_partner_moe_9684","Yuan Ching Sec Sch","9684","l10n_sg_statutory_board_res_partner_moe"
"l10n_sg_statutory_board_res_partner_moe_9685","Yuhua Sec Sch","9685","l10n_sg_statutory_board_res_partner_moe"
"l10n_sg_statutory_board_res_partner_moe_9686","Yusof Ishak Sec Sch","9686","l10n_sg_statutory_board_res_partner_moe"
"l10n_sg_statutory_board_res_partner_moe_9687","Zhonghua Sec Sch","9687","l10n_sg_statutory_board_res_partner_moe"
"l10n_sg_statutory_board_res_partner_moe_9688","Zhenghua Sec Sch","9688","l10n_sg_statutory_board_res_partner_moe"
"l10n_sg_statutory_board_res_partner_moe_9701","Anglican High Sch","9701","l10n_sg_statutory_board_res_partner_moe"
"l10n_sg_statutory_board_res_partner_moe_9702","Assumption English Sec Sch","9702","l10n_sg_statutory_board_res_partner_moe"
"l10n_sg_statutory_board_res_partner_moe_9703","Anglo-Chinese Sch (Barker Rd)","9703","l10n_sg_statutory_board_res_partner_moe"
"l10n_sg_statutory_board_res_partner_moe_9711","CHIJ Sec (Toa Payoh)","9711","l10n_sg_statutory_board_res_partner_moe"
"l10n_sg_statutory_board_res_partner_moe_9712","Catholic High Sch (Sec)","9712","l10n_sg_statutory_board_res_partner_moe"
"l10n_sg_statutory_board_res_partner_moe_9713","Christ Church Sec Sch","9713","l10n_sg_statutory_board_res_partner_moe"
"l10n_sg_statutory_board_res_partner_moe_9714","Chung Cheng High Sch (Yishun)","9714","l10n_sg_statutory_board_res_partner_moe"
"l10n_sg_statutory_board_res_partner_moe_9715","Chung Cheng High Sch (Main)","9715","l10n_sg_statutory_board_res_partner_moe"
"l10n_sg_statutory_board_res_partner_moe_9721","Fairfield Methodist Sec Sch","9721","l10n_sg_statutory_board_res_partner_moe"
"l10n_sg_statutory_board_res_partner_moe_9731","Geylang Methodist Sch (Sec)","9731","l10n_sg_statutory_board_res_partner_moe"
"l10n_sg_statutory_board_res_partner_moe_9732","Hai Sing Catholic Sch","9732","l10n_sg_statutory_board_res_partner_moe"
"l10n_sg_statutory_board_res_partner_moe_9733","Holy Innocents' High Sch","9733","l10n_sg_statutory_board_res_partner_moe"
"l10n_sg_statutory_board_res_partner_moe_9741","CHIJ Katong Convent","9741","l10n_sg_statutory_board_res_partner_moe"
"l10n_sg_statutory_board_res_partner_moe_9742","Kuo Chuan Presbyterian Sec Sch","9742","l10n_sg_statutory_board_res_partner_moe"
"l10n_sg_statutory_board_res_partner_moe_9751","Manjusri Sec Sch","9751","l10n_sg_statutory_board_res_partner_moe"
"l10n_sg_statutory_board_res_partner_moe_9752","Maris Stella High Sch (Sec)","9752","l10n_sg_statutory_board_res_partner_moe"
"l10n_sg_statutory_board_res_partner_moe_9754","Montfort Sec Sch","9754","l10n_sg_statutory_board_res_partner_moe"
"l10n_sg_statutory_board_res_partner_moe_9755","Nan Chiau High Sch","9755","l10n_sg_statutory_board_res_partner_moe"
"l10n_sg_statutory_board_res_partner_moe_9757","Ngee Ann Sec Sch","9757","l10n_sg_statutory_board_res_partner_moe"
"l10n_sg_statutory_board_res_partner_moe_9761","Paya Lebar MGS (Sec)","9761","l10n_sg_statutory_board_res_partner_moe"
"l10n_sg_statutory_board_res_partner_moe_9762","Presbyterian High Sch","9762","l10n_sg_statutory_board_res_partner_moe"
"l10n_sg_statutory_board_res_partner_moe_9771","St Andrew's School (Secondary)","9771","l10n_sg_statutory_board_res_partner_moe"
"l10n_sg_statutory_board_res_partner_moe_9772","St Anthony's Canossian Sec Sch","9772","l10n_sg_statutory_board_res_partner_moe"
"l10n_sg_statutory_board_res_partner_moe_9773","St Gabriel's Sec Sch","9773","l10n_sg_statutory_board_res_partner_moe"
"l10n_sg_statutory_board_res_partner_moe_9774","St Hilda's Sec Sch","9774","l10n_sg_statutory_board_res_partner_moe"
"l10n_sg_statutory_board_res_partner_moe_9775","CHIJ St Joseph's Convent","9775","l10n_sg_statutory_board_res_partner_moe"
"l10n_sg_statutory_board_res_partner_moe_9776","St. Margaret`s Sch (Sec)","9776","l10n_sg_statutory_board_res_partner_moe"
"l10n_sg_statutory_board_res_partner_moe_9777","CHIJ St Nicholas Girls'","9777","l10n_sg_statutory_board_res_partner_moe"
"l10n_sg_statutory_board_res_partner_moe_9778","St Patrick's Sch","9778","l10n_sg_statutory_board_res_partner_moe"
"l10n_sg_statutory_board_res_partner_moe_9780","CHIJ St Theresa's Convent","9780","l10n_sg_statutory_board_res_partner_moe"
"l10n_sg_statutory_board_res_partner_moe_9791","Yuying Sec Sch","9791","l10n_sg_statutory_board_res_partner_moe"
"l10n_sg_statutory_board_res_partner_moe_9803","National Junior College","9803","l10n_sg_statutory_board_res_partner_moe"
"l10n_sg_statutory_board_res_partner_moe_9807","Temasek Junior College","9807","l10n_sg_statutory_board_res_partner_moe"
"l10n_sg_statutory_board_res_partner_moe_9808","Victoria Junior College","9808","l10n_sg_statutory_board_res_partner_moe"
"l10n_sg_statutory_board_res_partner_moe_9817","Eunoia Junior College","9817","l10n_sg_statutory_board_res_partner_moe"
"l10n_sg_statutory_board_res_partner_moe_9818","Anderson Serangoon JC","9818","l10n_sg_statutory_board_res_partner_moe"
"l10n_sg_statutory_board_res_partner_moe_9819","Yishun Innova Junior College","9819","l10n_sg_statutory_board_res_partner_moe"
"l10n_sg_statutory_board_res_partner_moe_9820","Millennia Institute","9820","l10n_sg_statutory_board_res_partner_moe"
"l10n_sg_statutory_board_res_partner_moe_9821","Tampines Meridian JC","9821","l10n_sg_statutory_board_res_partner_moe"
"l10n_sg_statutory_board_res_partner_moe_9822","Jurong Pioneer Junior Colleg","9822","l10n_sg_statutory_board_res_partner_moe"
"l10n_sg_statutory_board_res_partner_moe_9831","Anglo-Chinese Junior College","9831","l10n_sg_statutory_board_res_partner_moe"
"l10n_sg_statutory_board_res_partner_moe_9832","Catholic Junior College","9832","l10n_sg_statutory_board_res_partner_moe"
"l10n_sg_statutory_board_res_partner_moe_9834","Nanyang Junior College","9834","l10n_sg_statutory_board_res_partner_moe"
"l10n_sg_statutory_board_res_partner_moe_9835","St Andrew's Junior College","9835","l10n_sg_statutory_board_res_partner_moe"
"l10n_sg_statutory_board_res_partner_moe_9999","MOE HQ In Charge Of Schools","9999","l10n_sg_statutory_board_res_partner_moe"
"l10n_sg_statutory_board_res_partner_mof_mof01","Headquarters","MOF01","l10n_sg_statutory_board_res_partner_mof"
"l10n_sg_statutory_board_res_partner_mof_mof05","HQ Financial Transfer","MOF05","l10n_sg_statutory_board_res_partner_mof"
"l10n_sg_statutory_board_res_partner_mof_mof18","Integration Programme Budget","MOF18","l10n_sg_statutory_board_res_partner_mof"
"l10n_sg_statutory_board_res_partner_mof_fin01","AGD Investment Branch","FIN01","l10n_sg_statutory_board_res_partner_mof"
"l10n_sg_statutory_board_res_partner_mof_mof03","Accountant-General's Dept","MOF03","l10n_sg_statutory_board_res_partner_mof"
"l10n_sg_statutory_board_res_partner_mof_mof09","Singapore Customs","MOF09","l10n_sg_statutory_board_res_partner_mof"
"l10n_sg_statutory_board_res_partner_mof_mof17","Vital.Org","MOF17","l10n_sg_statutory_board_res_partner_mof"
"l10n_sg_statutory_board_res_partner_mof_mof20","Centre of Public Project Management","MOF20","l10n_sg_statutory_board_res_partner_mof"
"l10n_sg_statutory_board_res_partner_mof_mof21","PG Fund","MOF21","l10n_sg_statutory_board_res_partner_mof"
"l10n_sg_statutory_board_res_partner_mof_mof22","Pioneer Generation Office","MOF22","l10n_sg_statutory_board_res_partner_mof"
"l10n_sg_statutory_board_res_partner_moh_moh01","Healthcare Fin/ Shared RF Pjts","MOH01","l10n_sg_statutory_board_res_partner_moh"
"l10n_sg_statutory_board_res_partner_moh_moh02","Policy&Corp Gp-Admin/CCD/IDIC/HWPO","MOH02","l10n_sg_statutory_board_res_partner_moh"
"l10n_sg_statutory_board_res_partner_moh_moh03","People Gp-HR/StaffClub/Committees/MP&S","MOH03","l10n_sg_statutory_board_res_partner_moh"
"l10n_sg_statutory_board_res_partner_moh_moh04","Professional Gp-MS&D/NMRC","MOH04","l10n_sg_statutory_board_res_partner_moh"
"l10n_sg_statutory_board_res_partner_moh_moh05","Infocomm Division","MOH05","l10n_sg_statutory_board_res_partner_moh"
"l10n_sg_statutory_board_res_partner_moh_moh06","Health Regulation Group","MOH06","l10n_sg_statutory_board_res_partner_moh"
"l10n_sg_statutory_board_res_partner_moh_moh07","Public Health Group-CDD/E&DC/EPR","MOH07","l10n_sg_statutory_board_res_partner_moh"
"l10n_sg_statutory_board_res_partner_moh_moh08","Planning Group_SP&D/SGP","MOH08","l10n_sg_statutory_board_res_partner_moh"
"l10n_sg_statutory_board_res_partner_moh_moh09","Data Analytics Group","MOH09","l10n_sg_statutory_board_res_partner_moh"
"l10n_sg_statutory_board_res_partner_moh_moh10","Health Services Group","MOH10","l10n_sg_statutory_board_res_partner_moh"
"l10n_sg_statutory_board_res_partner_moh_moh11","Healthcare Performance Group","MOH11","l10n_sg_statutory_board_res_partner_moh"
"l10n_sg_statutory_board_res_partner_mom_mom01","Communications & Engagement","MOM01","l10n_sg_statutory_board_res_partner_mom"
"l10n_sg_statutory_board_res_partner_mom_mom02","Informatn Systems & Tech Dept","MOM02","l10n_sg_statutory_board_res_partner_mom"
"l10n_sg_statutory_board_res_partner_mom_mom03","Manpower Research & Stats","MOM03","l10n_sg_statutory_board_res_partner_mom"
"l10n_sg_statutory_board_res_partner_mom_mom04","Labour Relations & Workplaces","MOM04","l10n_sg_statutory_board_res_partner_mom"
"l10n_sg_statutory_board_res_partner_mom_mom06","Manpower Planning & Policy Div","MOM06","l10n_sg_statutory_board_res_partner_mom"
"l10n_sg_statutory_board_res_partner_mom_mom07","Occupatnl Safety & Health Div","MOM07","l10n_sg_statutory_board_res_partner_mom"
"l10n_sg_statutory_board_res_partner_mom_mom08","Internal Audit Unit","MOM08","l10n_sg_statutory_board_res_partner_mom"
"l10n_sg_statutory_board_res_partner_mom_mom09","Strategic Planning & Trsfm Dept","MOM09","l10n_sg_statutory_board_res_partner_mom"
"l10n_sg_statutory_board_res_partner_mom_mom10","ACE Group","MOM10","l10n_sg_statutory_board_res_partner_mom"
"l10n_sg_statutory_board_res_partner_mom_mom11","Foreign M'power Managemt Div","MOM11","l10n_sg_statutory_board_res_partner_mom"
"l10n_sg_statutory_board_res_partner_mom_mom14","Work Pass Division","MOM14","l10n_sg_statutory_board_res_partner_mom"
"l10n_sg_statutory_board_res_partner_mom_mom15","MOM Academy","MOM15","l10n_sg_statutory_board_res_partner_mom"
"l10n_sg_statutory_board_res_partner_mom_mom16","WINS Programme Office","MOM16","l10n_sg_statutory_board_res_partner_mom"
"l10n_sg_statutory_board_res_partner_mom_mom18","Income Security Policy Dept","MOM18","l10n_sg_statutory_board_res_partner_mom"
"l10n_sg_statutory_board_res_partner_mom_mom20","Workplace Policy & Strategy","MOM20","l10n_sg_statutory_board_res_partner_mom"
"l10n_sg_statutory_board_res_partner_mom_mom21","Human Resource Dept","MOM21","l10n_sg_statutory_board_res_partner_mom"
"l10n_sg_statutory_board_res_partner_mom_mom22","Customer eXperience Dept","MOM22","l10n_sg_statutory_board_res_partner_mom"
"l10n_sg_statutory_board_res_partner_mom_mom23","Corporate Management Dept/CM","MOM23","l10n_sg_statutory_board_res_partner_mom"
"l10n_sg_statutory_board_res_partner_mom_mom24","Legal Svc","MOM24","l10n_sg_statutory_board_res_partner_mom"
"l10n_sg_statutory_board_res_partner_mpa_mpa01","MPA Procurement and Admin","MPA01","l10n_sg_statutory_board_res_partner_mpa"
"l10n_sg_statutory_board_res_partner_mpa_mpa02","MPA Financial Planning","MPA02","l10n_sg_statutory_board_res_partner_mpa"
"l10n_sg_statutory_board_res_partner_mpa_mpa03","MPA Corp & Strategic Comms","MPA03","l10n_sg_statutory_board_res_partner_mpa"
"l10n_sg_statutory_board_res_partner_mpa_mpa04","MPA Chairman_CEs Office","MPA04","l10n_sg_statutory_board_res_partner_mpa"
"l10n_sg_statutory_board_res_partner_mpa_mpa05","MPA Comm Engt & Partnerships","MPA05","l10n_sg_statutory_board_res_partner_mpa"
"l10n_sg_statutory_board_res_partner_mpa_mpa06","MPA Port Systems","MPA06","l10n_sg_statutory_board_res_partner_mpa"
"l10n_sg_statutory_board_res_partner_mpa_mpa07","MPA Engineering and Planning","MPA07","l10n_sg_statutory_board_res_partner_mpa"
"l10n_sg_statutory_board_res_partner_mpa_mpa08","MPA Space Management","MPA08","l10n_sg_statutory_board_res_partner_mpa"
"l10n_sg_statutory_board_res_partner_mpa_mpa09","MPA Financial Accounting","MPA09","l10n_sg_statutory_board_res_partner_mpa"
"l10n_sg_statutory_board_res_partner_mpa_mpa10","MPA Human Resource","MPA10","l10n_sg_statutory_board_res_partner_mpa"
"l10n_sg_statutory_board_res_partner_mpa_mpa11","MPA Hydrographic","MPA11","l10n_sg_statutory_board_res_partner_mpa"
"l10n_sg_statutory_board_res_partner_mpa_mpa12","MPA Internal Audit","MPA12","l10n_sg_statutory_board_res_partner_mpa"
"l10n_sg_statutory_board_res_partner_mpa_mpa13","MPA Business Capability Devt","MPA13","l10n_sg_statutory_board_res_partner_mpa"
"l10n_sg_statutory_board_res_partner_mpa_mpa14","MPA International Maritime Ctr","MPA14","l10n_sg_statutory_board_res_partner_mpa"
"l10n_sg_statutory_board_res_partner_mpa_mpa15","MPA International","MPA15","l10n_sg_statutory_board_res_partner_mpa"
"l10n_sg_statutory_board_res_partner_mpa_mpa16","MPA ISC","MPA16","l10n_sg_statutory_board_res_partner_mpa"
"l10n_sg_statutory_board_res_partner_mpa_mpa17","MPA Legal","MPA17","l10n_sg_statutory_board_res_partner_mpa"
"l10n_sg_statutory_board_res_partner_mpa_mpa18","MPA Cybersecurity & Data Gov","MPA18","l10n_sg_statutory_board_res_partner_mpa"
"l10n_sg_statutory_board_res_partner_mpa_mpa19","MPA Licensing and Permits","MPA19","l10n_sg_statutory_board_res_partner_mpa"
"l10n_sg_statutory_board_res_partner_mpa_mpa20","MPA Marine Services","MPA20","l10n_sg_statutory_board_res_partner_mpa"
"l10n_sg_statutory_board_res_partner_mpa_mpa21","MPA Transformation Office","MPA21","l10n_sg_statutory_board_res_partner_mpa"
"l10n_sg_statutory_board_res_partner_mpa_mpa22","MPA Ops Planning and Pilotage","MPA22","l10n_sg_statutory_board_res_partner_mpa"
"l10n_sg_statutory_board_res_partner_mpa_mpa23","MPA Tuas MOT","MPA23","l10n_sg_statutory_board_res_partner_mpa"
"l10n_sg_statutory_board_res_partner_mpa_mpa24","MPA Vessel Traffic Management","MPA24","l10n_sg_statutory_board_res_partner_mpa"
"l10n_sg_statutory_board_res_partner_mpa_mpa25","MPA Port Master Admin","MPA25","l10n_sg_statutory_board_res_partner_mpa"
"l10n_sg_statutory_board_res_partner_mpa_mpa26","MPA Pasir Panjang Terminal Dev","MPA26","l10n_sg_statutory_board_res_partner_mpa"
"l10n_sg_statutory_board_res_partner_mpa_mpa27","MPA Environment and Safety","MPA27","l10n_sg_statutory_board_res_partner_mpa"
"l10n_sg_statutory_board_res_partner_mpa_mpa28","MPA Operations & Marine Svcs","MPA28","l10n_sg_statutory_board_res_partner_mpa"
"l10n_sg_statutory_board_res_partner_mpa_mpa29","MPA Strategy and Policy","MPA29","l10n_sg_statutory_board_res_partner_mpa"
"l10n_sg_statutory_board_res_partner_mpa_mpa30","MPA Inno Tech and Talent Devt","MPA30","l10n_sg_statutory_board_res_partner_mpa"
"l10n_sg_statutory_board_res_partner_mpa_mpa31","MPA Ops Transformation and Plg","MPA31","l10n_sg_statutory_board_res_partner_mpa"
"l10n_sg_statutory_board_res_partner_mpa_mpa32","MPA Shipping","MPA32","l10n_sg_statutory_board_res_partner_mpa"
"l10n_sg_statutory_board_res_partner_mpa_mpa33","MPA Digital & Data Science","MPA33","l10n_sg_statutory_board_res_partner_mpa"
"l10n_sg_statutory_board_res_partner_mpa_mpa34","MPA Statistics & Data Systems","MPA34","l10n_sg_statutory_board_res_partner_mpa"
"l10n_sg_statutory_board_res_partner_mpa_mpa35","MPA Building & Infra Devt","MPA35","l10n_sg_statutory_board_res_partner_mpa"
"l10n_sg_statutory_board_res_partner_mpa_mpa36","MPA Next Generation Port","MPA36","l10n_sg_statutory_board_res_partner_mpa"
"l10n_sg_statutory_board_res_partner_mpa_mpa37","MPA Ops Special Project Office","MPA37","l10n_sg_statutory_board_res_partner_mpa"
"l10n_sg_statutory_board_res_partner_mpa_mpa38","MPA Academy","MPA38","l10n_sg_statutory_board_res_partner_mpa"
"l10n_sg_statutory_board_res_partner_mpa_mpa39","MPA Content & Marketing","MPA39","l10n_sg_statutory_board_res_partner_mpa"
"l10n_sg_statutory_board_res_partner_mpa_mpa40","MPA Sustainability Office","MPA40","l10n_sg_statutory_board_res_partner_mpa"
"l10n_sg_statutory_board_res_partner_mpa_mpa41","MPA Cares","MPA41","l10n_sg_statutory_board_res_partner_mpa"
"l10n_sg_statutory_board_res_partner_mpa_mpa42","MPA ASI Dept","MPA42","l10n_sg_statutory_board_res_partner_mpa"
"l10n_sg_statutory_board_res_partner_mti_mti01","Headquarters","MTI01","l10n_sg_statutory_board_res_partner_mti"
"l10n_sg_statutory_board_res_partner_mti_mti03","Department of Stats (DOS)","MTI03","l10n_sg_statutory_board_res_partner_mti"
"l10n_sg_statutory_board_res_partner_mti_mti04","DOS- Census of Population","MTI04","l10n_sg_statutory_board_res_partner_mti"
"l10n_sg_statutory_board_res_partner_mui_mui01","Finance","MUI01","l10n_sg_statutory_board_res_partner_mui"
"l10n_sg_statutory_board_res_partner_mui_mui02","Halal Development","MUI02","l10n_sg_statutory_board_res_partner_mui"
"l10n_sg_statutory_board_res_partner_mui_mui03","Haj Office","MUI03","l10n_sg_statutory_board_res_partner_mui"
"l10n_sg_statutory_board_res_partner_mui_mui04","Community Funds","MUI04","l10n_sg_statutory_board_res_partner_mui"
"l10n_sg_statutory_board_res_partner_mui_mui05","Group Infra & Sustainability","MUI05","l10n_sg_statutory_board_res_partner_mui"
"l10n_sg_statutory_board_res_partner_mui_mui06","Human capital","MUI06","l10n_sg_statutory_board_res_partner_mui"
"l10n_sg_statutory_board_res_partner_mui_mui07","Workforce Analytics & Strategy","MUI07","l10n_sg_statutory_board_res_partner_mui"
"l10n_sg_statutory_board_res_partner_mui_mui08","Sector HR Policy","MUI08","l10n_sg_statutory_board_res_partner_mui"
"l10n_sg_statutory_board_res_partner_mui_mui09","IT & Digital Services","MUI09","l10n_sg_statutory_board_res_partner_mui"
"l10n_sg_statutory_board_res_partner_mui_mui10","Performance & Delivery","MUI10","l10n_sg_statutory_board_res_partner_mui"
"l10n_sg_statutory_board_res_partner_mui_mui11","Organisation Development","MUI11","l10n_sg_statutory_board_res_partner_mui"
"l10n_sg_statutory_board_res_partner_mui_mui12","Media Relations & Info Plan","MUI12","l10n_sg_statutory_board_res_partner_mui"
"l10n_sg_statutory_board_res_partner_mui_mui13","Community Engmt & Interfaith","MUI13","l10n_sg_statutory_board_res_partner_mui"
"l10n_sg_statutory_board_res_partner_mui_mui14","Digital Solutions","MUI14","l10n_sg_statutory_board_res_partner_mui"
"l10n_sg_statutory_board_res_partner_mui_mui15","Policy Futures","MUI15","l10n_sg_statutory_board_res_partner_mui"
"l10n_sg_statutory_board_res_partner_mui_mui16","Zakat SD","MUI16","l10n_sg_statutory_board_res_partner_mui"
"l10n_sg_statutory_board_res_partner_mui_mui17","Collaborate","MUI17","l10n_sg_statutory_board_res_partner_mui"
"l10n_sg_statutory_board_res_partner_mui_mui18","District North","MUI18","l10n_sg_statutory_board_res_partner_mui"
"l10n_sg_statutory_board_res_partner_mui_mui19","District South","MUI19","l10n_sg_statutory_board_res_partner_mui"
"l10n_sg_statutory_board_res_partner_mui_mui20","District East","MUI20","l10n_sg_statutory_board_res_partner_mui"
"l10n_sg_statutory_board_res_partner_mui_mui21","District West","MUI21","l10n_sg_statutory_board_res_partner_mui"
"l10n_sg_statutory_board_res_partner_mui_mui22","Content & Programmes","MUI22","l10n_sg_statutory_board_res_partner_mui"
"l10n_sg_statutory_board_res_partner_mui_mui23","Regulation","MUI23","l10n_sg_statutory_board_res_partner_mui"
"l10n_sg_statutory_board_res_partner_mui_mui24","Administration & Operations","MUI24","l10n_sg_statutory_board_res_partner_mui"
"l10n_sg_statutory_board_res_partner_mui_mui25","Policy","MUI25","l10n_sg_statutory_board_res_partner_mui"
"l10n_sg_statutory_board_res_partner_mui_mui26","Research","MUI26","l10n_sg_statutory_board_res_partner_mui"
"l10n_sg_statutory_board_res_partner_mui_mui27","Education Systems & Admin","MUI27","l10n_sg_statutory_board_res_partner_mui"
"l10n_sg_statutory_board_res_partner_mui_mui28","Curriculum & Assessment Policy","MUI28","l10n_sg_statutory_board_res_partner_mui"
"l10n_sg_statutory_board_res_partner_mui_mui29","People & Sector Development","MUI29","l10n_sg_statutory_board_res_partner_mui"
"l10n_sg_statutory_board_res_partner_mui_mui30","Training","MUI30","l10n_sg_statutory_board_res_partner_mui"
"l10n_sg_statutory_board_res_partner_mui_mui31","Chief Executive Office","MUI31","l10n_sg_statutory_board_res_partner_mui"
"l10n_sg_statutory_board_res_partner_mui_mui32","General","MUI32","l10n_sg_statutory_board_res_partner_mui"
"l10n_sg_statutory_board_res_partner_mui_mui33","Officer on Secondment","MUI33","l10n_sg_statutory_board_res_partner_mui"
"l10n_sg_statutory_board_res_partner_mui_mui34","Public Education & Engagement","MUI34","l10n_sg_statutory_board_res_partner_mui"
"l10n_sg_statutory_board_res_partner_mui_mui35","Governance & Statutory Affairs","MUI35","l10n_sg_statutory_board_res_partner_mui"
"l10n_sg_statutory_board_res_partner_mui_mui36","Fatwa","MUI36","l10n_sg_statutory_board_res_partner_mui"
"l10n_sg_statutory_board_res_partner_mui_mui37","Policy & Research","MUI37","l10n_sg_statutory_board_res_partner_mui"
"l10n_sg_statutory_board_res_partner_mui_mui38","Talent Management","MUI38","l10n_sg_statutory_board_res_partner_mui"
"l10n_sg_statutory_board_res_partner_mui_mui39","Sector Digital","MUI39","l10n_sg_statutory_board_res_partner_mui"
"l10n_sg_statutory_board_res_partner_mui_mui40","Exhumation Services","MUI40","l10n_sg_statutory_board_res_partner_mui"
"l10n_sg_statutory_board_res_partner_mui_mui41","Service Experience","MUI41","l10n_sg_statutory_board_res_partner_mui"
"l10n_sg_statutory_board_res_partner_mui_mui42","Data","MUI42","l10n_sg_statutory_board_res_partner_mui"
"l10n_sg_statutory_board_res_partner_mui_mui43","Research & Strategy","MUI43","l10n_sg_statutory_board_res_partner_mui"
"l10n_sg_statutory_board_res_partner_mui_mui44","Higher Education Policy","MUI44","l10n_sg_statutory_board_res_partner_mui"
"l10n_sg_statutory_board_res_partner_mui_mui45","Education Planning & Policy","MUI45","l10n_sg_statutory_board_res_partner_mui"
"l10n_sg_statutory_board_res_partner_mui_mui46","Digital Media & Analytics","MUI46","l10n_sg_statutory_board_res_partner_mui"
"l10n_sg_statutory_board_res_partner_mui_mui47","International Relations","MUI47","l10n_sg_statutory_board_res_partner_mui"
"l10n_sg_statutory_board_res_partner_nac_nac01","NAC_Workplace","NAC01","l10n_sg_statutory_board_res_partner_nac"
"l10n_sg_statutory_board_res_partner_nac_nac02","NAC_People and Culture","NAC02","l10n_sg_statutory_board_res_partner_nac"
"l10n_sg_statutory_board_res_partner_nac_nac03","NAC_Legal","NAC03","l10n_sg_statutory_board_res_partner_nac"
"l10n_sg_statutory_board_res_partner_nac_nac04","NAC_Marketing and Audience Dev","NAC04","l10n_sg_statutory_board_res_partner_nac"
"l10n_sg_statutory_board_res_partner_nac_nac05","NAC_Private and Philanthropic","NAC05","l10n_sg_statutory_board_res_partner_nac"
"l10n_sg_statutory_board_res_partner_nac_nac06","NAC_Information Technology","NAC06","l10n_sg_statutory_board_res_partner_nac"
"l10n_sg_statutory_board_res_partner_nac_nac07","NAC_Infra Planning and Develop","NAC07","l10n_sg_statutory_board_res_partner_nac"
"l10n_sg_statutory_board_res_partner_nac_nac08","NAC_Internal Audit","NAC08","l10n_sg_statutory_board_res_partner_nac"
"l10n_sg_statutory_board_res_partner_nac_nac09","NAC_Finance","NAC09","l10n_sg_statutory_board_res_partner_nac"
"l10n_sg_statutory_board_res_partner_nac_nac10","NAC_PA-Traditional Arts","NAC10","l10n_sg_statutory_board_res_partner_nac"
"l10n_sg_statutory_board_res_partner_nac_nac11","NAC_PA-Theatre","NAC11","l10n_sg_statutory_board_res_partner_nac"
"l10n_sg_statutory_board_res_partner_nac_nac12","NAC_PA-Dance","NAC12","l10n_sg_statutory_board_res_partner_nac"
"l10n_sg_statutory_board_res_partner_nac_nac13","NAC_PA-Music","NAC13","l10n_sg_statutory_board_res_partner_nac"
"l10n_sg_statutory_board_res_partner_nac_nac14","NAC_Visual Arts","NAC14","l10n_sg_statutory_board_res_partner_nac"
"l10n_sg_statutory_board_res_partner_nac_nac15","NAC_Literary Arts","NAC15","l10n_sg_statutory_board_res_partner_nac"
"l10n_sg_statutory_board_res_partner_nac_nac17","NAC_Policy and Planning","NAC17","l10n_sg_statutory_board_res_partner_nac"
"l10n_sg_statutory_board_res_partner_nac_nac18","NAC_Data and Research","NAC18","l10n_sg_statutory_board_res_partner_nac"
"l10n_sg_statutory_board_res_partner_nac_nac19","NAC_Education","NAC19","l10n_sg_statutory_board_res_partner_nac"
"l10n_sg_statutory_board_res_partner_nac_nac20","NAC_Manpower Development","NAC20","l10n_sg_statutory_board_res_partner_nac"
"l10n_sg_statutory_board_res_partner_nac_nac21","NAC_Access and Comm Engagement","NAC21","l10n_sg_statutory_board_res_partner_nac"
"l10n_sg_statutory_board_res_partner_nac_nac22","NAC_IT_Govtech","NAC22","l10n_sg_statutory_board_res_partner_nac"
"l10n_sg_statutory_board_res_partner_nac_nac23","NAC_Cultural Matching Fund-NAC","NAC23","l10n_sg_statutory_board_res_partner_nac"
"l10n_sg_statutory_board_res_partner_nac_nac24","NAC_Tech Inno Digital Strat","NAC24","l10n_sg_statutory_board_res_partner_nac"
"l10n_sg_statutory_board_res_partner_nac_nac25","NAC_People and Public","NAC25","l10n_sg_statutory_board_res_partner_nac"
"l10n_sg_statutory_board_res_partner_nac_nac26","NAC_CMF_CMF (MCCY)","NAC26","l10n_sg_statutory_board_res_partner_nac"
"l10n_sg_statutory_board_res_partner_nac_nac27","NAC_Incentive Policy","NAC27","l10n_sg_statutory_board_res_partner_nac"
"l10n_sg_statutory_board_res_partner_nac_nac28","NAC_Strategic Communications","NAC28","l10n_sg_statutory_board_res_partner_nac"
"l10n_sg_statutory_board_res_partner_ncs_ncs01","Finance","NCS01","l10n_sg_statutory_board_res_partner_ncs"
"l10n_sg_statutory_board_res_partner_ncs_ncs02","Trust Funds","NCS02","l10n_sg_statutory_board_res_partner_ncs"
"l10n_sg_statutory_board_res_partner_ncs_ncs03","Corporate Services","NCS03","l10n_sg_statutory_board_res_partner_ncs"
"l10n_sg_statutory_board_res_partner_ncs_ncs04","Human Resources","NCS04","l10n_sg_statutory_board_res_partner_ncs"
"l10n_sg_statutory_board_res_partner_ncs_ncs05","Communications","NCS05","l10n_sg_statutory_board_res_partner_ncs"
"l10n_sg_statutory_board_res_partner_ncs_ncs06","Information Technology","NCS06","l10n_sg_statutory_board_res_partner_ncs"
"l10n_sg_statutory_board_res_partner_ncs_ncs07","Internal Audit","NCS07","l10n_sg_statutory_board_res_partner_ncs"
"l10n_sg_statutory_board_res_partner_ncs_ncs08","Translational Research","NCS08","l10n_sg_statutory_board_res_partner_ncs"
"l10n_sg_statutory_board_res_partner_ncs_ncs09","Funding Outcomes and Standards","NCS09","l10n_sg_statutory_board_res_partner_ncs"
"l10n_sg_statutory_board_res_partner_ncs_ncs10","Service Planning","NCS10","l10n_sg_statutory_board_res_partner_ncs"
"l10n_sg_statutory_board_res_partner_ncs_ncs11","Service Delivery","NCS11","l10n_sg_statutory_board_res_partner_ncs"
"l10n_sg_statutory_board_res_partner_ncs_ncs12","Strategy","NCS12","l10n_sg_statutory_board_res_partner_ncs"
"l10n_sg_statutory_board_res_partner_ncs_ncs13","Membership","NCS13","l10n_sg_statutory_board_res_partner_ncs"
"l10n_sg_statutory_board_res_partner_ncs_ncs14","Philanthropic Partnerships","NCS14","l10n_sg_statutory_board_res_partner_ncs"
"l10n_sg_statutory_board_res_partner_ncs_ncs15","VRO","NCS15","l10n_sg_statutory_board_res_partner_ncs"
"l10n_sg_statutory_board_res_partner_ncs_ncs16","Philanthropic Strategy","NCS16","l10n_sg_statutory_board_res_partner_ncs"
"l10n_sg_statutory_board_res_partner_ncs_ncs17","SMSL Sun Ray","NCS17","l10n_sg_statutory_board_res_partner_ncs"
"l10n_sg_statutory_board_res_partner_ncs_ncs18","SMSL Sector Manpower","NCS18","l10n_sg_statutory_board_res_partner_ncs"
"l10n_sg_statutory_board_res_partner_ncs_ncs19","SDT","NCS19","l10n_sg_statutory_board_res_partner_ncs"
"l10n_sg_statutory_board_res_partner_ncs_ncs20","Capability Funding","NCS20","l10n_sg_statutory_board_res_partner_ncs"
"l10n_sg_statutory_board_res_partner_ncs_ncs21","SSI","NCS21","l10n_sg_statutory_board_res_partner_ncs"
"l10n_sg_statutory_board_res_partner_ncs_ncs22","Capability GD Office","NCS22","l10n_sg_statutory_board_res_partner_ncs"
"l10n_sg_statutory_board_res_partner_ncs_ncs23","Philanthropy GD Office","NCS23","l10n_sg_statutory_board_res_partner_ncs"
"l10n_sg_statutory_board_res_partner_ncs_ncs24","CEO Office","NCS24","l10n_sg_statutory_board_res_partner_ncs"
"l10n_sg_statutory_board_res_partner_ncs_ncs25","Capability Planning","NCS25","l10n_sg_statutory_board_res_partner_ncs"
"l10n_sg_statutory_board_res_partner_ncs_ncs26","Services GD Office","NCS26","l10n_sg_statutory_board_res_partner_ncs"
"l10n_sg_statutory_board_res_partner_ncs_ncs27","Strategy Research GD Office","NCS27","l10n_sg_statutory_board_res_partner_ncs"
"l10n_sg_statutory_board_res_partner_ncs_ncs28","Corporate GD Office","NCS28","l10n_sg_statutory_board_res_partner_ncs"
"l10n_sg_statutory_board_res_partner_ncs_ncs29","Philanthropic Success","NCS29","l10n_sg_statutory_board_res_partner_ncs"
"l10n_sg_statutory_board_res_partner_ncs_ncs30","Grants Management","NCS30","l10n_sg_statutory_board_res_partner_ncs"
"l10n_sg_statutory_board_res_partner_ncs_ncs31","Cap Imp and People Strat","NCS31","l10n_sg_statutory_board_res_partner_ncs"
"l10n_sg_statutory_board_res_partner_ncs_ncs32","Cap Imp and Digitalisatn Strat","NCS32","l10n_sg_statutory_board_res_partner_ncs"
"l10n_sg_statutory_board_res_partner_ncs_ncs33","Cap Imp and Volunteer Strategy","NCS33","l10n_sg_statutory_board_res_partner_ncs"
"l10n_sg_statutory_board_res_partner_nea_nea01","NEA_HQ","NEA01","l10n_sg_statutory_board_res_partner_nea"
"l10n_sg_statutory_board_res_partner_nea_nea02","NEA_GDCS_PASD","NEA02","l10n_sg_statutory_board_res_partner_nea"
"l10n_sg_statutory_board_res_partner_nea_nea03","NEA_HR N ORG DEVT DIV","NEA03","l10n_sg_statutory_board_res_partner_nea"
"l10n_sg_statutory_board_res_partner_nea_nea04","NEA_DGPH OFF","NEA04","l10n_sg_statutory_board_res_partner_nea"
"l10n_sg_statutory_board_res_partner_nea_nea05","NEA_ENV HEALTH INSTITUTE","NEA05","l10n_sg_statutory_board_res_partner_nea"
"l10n_sg_statutory_board_res_partner_nea_nea06","NEA_HAWKER CENTRES GROUP","NEA06","l10n_sg_statutory_board_res_partner_nea"
"l10n_sg_statutory_board_res_partner_nea_nea07","NEA_GDEPHO_EPHOG HQ_PHOPD_MFPD","NEA07","l10n_sg_statutory_board_res_partner_nea"
"l10n_sg_statutory_board_res_partner_nea_nea08","NEA_CENTRAL REGIONAL OFFICE","NEA08","l10n_sg_statutory_board_res_partner_nea"
"l10n_sg_statutory_board_res_partner_nea_nea09","NEA_EASTERN REGIONAL OFFICE","NEA09","l10n_sg_statutory_board_res_partner_nea"
"l10n_sg_statutory_board_res_partner_nea_nea10","NEA_NORTH WEST RO","NEA10","l10n_sg_statutory_board_res_partner_nea"
"l10n_sg_statutory_board_res_partner_nea_nea11","NEA_WESTERN REGIONAL OFFICE","NEA11","l10n_sg_statutory_board_res_partner_nea"
"l10n_sg_statutory_board_res_partner_nea_nea12","NEA_SOUTH EAST RO","NEA12","l10n_sg_statutory_board_res_partner_nea"
"l10n_sg_statutory_board_res_partner_nea_nea13","NEA_DGEP OFF","NEA13","l10n_sg_statutory_board_res_partner_nea"
"l10n_sg_statutory_board_res_partner_nea_nea14","NEA_GDIE_BESD_WIED","NEA14","l10n_sg_statutory_board_res_partner_nea"
"l10n_sg_statutory_board_res_partner_nea_nea15","NEA_WIOMD TUASONE WTE PLT","NEA15","l10n_sg_statutory_board_res_partner_nea"
"l10n_sg_statutory_board_res_partner_nea_nea16","NEA_TUAS IP","NEA16","l10n_sg_statutory_board_res_partner_nea"
"l10n_sg_statutory_board_res_partner_nea_nea17","NEA_TUAS SOUTH IP","NEA17","l10n_sg_statutory_board_res_partner_nea"
"l10n_sg_statutory_board_res_partner_nea_nea18","NEA SENOKO IP","NEA18","l10n_sg_statutory_board_res_partner_nea"
"l10n_sg_statutory_board_res_partner_nea_nea19","NEA_TMTS_LANDFILL","NEA19","l10n_sg_statutory_board_res_partner_nea"
"l10n_sg_statutory_board_res_partner_nea_nea20","NEA_GDCE_DCLD_PCD1_PCD2_EMMD","NEA20","l10n_sg_statutory_board_res_partner_nea"
"l10n_sg_statutory_board_res_partner_nea_nea21","NEA_GDRS_CMD_WMD_SD","NEA21","l10n_sg_statutory_board_res_partner_nea"
"l10n_sg_statutory_board_res_partner_nea_nea22","NEA_GDJOT_TSSD_JOD_IDPD_ETD","NEA22","l10n_sg_statutory_board_res_partner_nea"
"l10n_sg_statutory_board_res_partner_nea_nea23","NEA_MET SVC SINGAPORE","NEA23","l10n_sg_statutory_board_res_partner_nea"
"l10n_sg_statutory_board_res_partner_nea_nea24","NEA_SPORE ENV INSTITUTE","NEA24","l10n_sg_statutory_board_res_partner_nea"
"l10n_sg_statutory_board_res_partner_nea_nea25","NEA_FINANCE DIVISION","NEA25","l10n_sg_statutory_board_res_partner_nea"
"l10n_sg_statutory_board_res_partner_nea_nea26","NEA_ADMIN N FAC MGMT DEPT","NEA26","l10n_sg_statutory_board_res_partner_nea"
"l10n_sg_statutory_board_res_partner_nea_nea27","NEA_CORP COMM DIVISION","NEA27","l10n_sg_statutory_board_res_partner_nea"
"l10n_sg_statutory_board_res_partner_nea_nea28","NEA_LEGAL DIVISION","NEA28","l10n_sg_statutory_board_res_partner_nea"
"l10n_sg_statutory_board_res_partner_nea_nea29","NEA_GDPE_3P NETWORK DIV_PHCS","NEA29","l10n_sg_statutory_board_res_partner_nea"
"l10n_sg_statutory_board_res_partner_nea_nea30","NEA_INFO TECH DIVISION","NEA30","l10n_sg_statutory_board_res_partner_nea"
"l10n_sg_statutory_board_res_partner_nea_nea31","NEA_GDSPP_SPRD","NEA31","l10n_sg_statutory_board_res_partner_nea"
"l10n_sg_statutory_board_res_partner_nea_nea32","NEA_CORP DEVT DEPT","NEA32","l10n_sg_statutory_board_res_partner_nea"
"l10n_sg_statutory_board_res_partner_nea_nea33","NEA_DIV OF PUBLIC CLEANLINESS","NEA33","l10n_sg_statutory_board_res_partner_nea"
"l10n_sg_statutory_board_res_partner_nea_nea34","NEA_EPPD_PHPD_IRD","NEA34","l10n_sg_statutory_board_res_partner_nea"
"l10n_sg_statutory_board_res_partner_nea_nea35","NEA_SERVICE QUALITY DIV","NEA35","l10n_sg_statutory_board_res_partner_nea"
"l10n_sg_statutory_board_res_partner_nea_nea36","NEA_RAD PROT N NUCLEAR SCI GRP","NEA36","l10n_sg_statutory_board_res_partner_nea"
"l10n_sg_statutory_board_res_partner_nea_nea37","NEA_WIOMD KEPPEL SEGHERS TP","NEA37","l10n_sg_statutory_board_res_partner_nea"
"l10n_sg_statutory_board_res_partner_nea_nea38","NEA_WIOMD SENOKO WTE PLANT","NEA38","l10n_sg_statutory_board_res_partner_nea"
"l10n_sg_statutory_board_res_partner_nhb_nhb01","NHB CEO Office","NHB01","l10n_sg_statutory_board_res_partner_nhb"
"l10n_sg_statutory_board_res_partner_nhb_nhb02","NHB Internal Audit","NHB02","l10n_sg_statutory_board_res_partner_nhb"
"l10n_sg_statutory_board_res_partner_nhb_nhb03","NHB National Collection","NHB03","l10n_sg_statutory_board_res_partner_nhb"
"l10n_sg_statutory_board_res_partner_nhb_nhb04","NHB Heritage Conservation Ctr","NHB04","l10n_sg_statutory_board_res_partner_nhb"
"l10n_sg_statutory_board_res_partner_nhb_nhb05","NHB Preservatn of Sites n Mon","NHB05","l10n_sg_statutory_board_res_partner_nhb"
"l10n_sg_statutory_board_res_partner_nhb_nhb06","NHB Heritage Research n Assmt","NHB06","l10n_sg_statutory_board_res_partner_nhb"
"l10n_sg_statutory_board_res_partner_nhb_nhb07","NHB Intl and Museum Relations","NHB07","l10n_sg_statutory_board_res_partner_nhb"
"l10n_sg_statutory_board_res_partner_nhb_nhb08","NHB Education Comm Outreach","NHB08","l10n_sg_statutory_board_res_partner_nhb"
"l10n_sg_statutory_board_res_partner_nhb_nhb09","NHB Heritage Institutions","NHB09","l10n_sg_statutory_board_res_partner_nhb"
"l10n_sg_statutory_board_res_partner_nhb_nhb10","NHB Indian Heritage Centre","NHB10","l10n_sg_statutory_board_res_partner_nhb"
"l10n_sg_statutory_board_res_partner_nhb_nhb11","NHB Malay Heritage Centre","NHB11","l10n_sg_statutory_board_res_partner_nhb"
"l10n_sg_statutory_board_res_partner_nhb_nhb12","NHB SunYatSen Nanyang Mem Hall","NHB12","l10n_sg_statutory_board_res_partner_nhb"
"l10n_sg_statutory_board_res_partner_nhb_nhb13","NHB Language","NHB13","l10n_sg_statutory_board_res_partner_nhb"
"l10n_sg_statutory_board_res_partner_nhb_nhb14","NHB Asian Civilisations Museum","NHB14","l10n_sg_statutory_board_res_partner_nhb"
"l10n_sg_statutory_board_res_partner_nhb_nhb15","NHB The Peranakan Museum","NHB15","l10n_sg_statutory_board_res_partner_nhb"
"l10n_sg_statutory_board_res_partner_nhb_nhb16","NHB National Museum of Spore","NHB16","l10n_sg_statutory_board_res_partner_nhb"
"l10n_sg_statutory_board_res_partner_nhb_nhb17","NHB Changi Chapel Museum","NHB17","l10n_sg_statutory_board_res_partner_nhb"
"l10n_sg_statutory_board_res_partner_nhb_nhb18","NHB Reflections at Bt Chandu","NHB18","l10n_sg_statutory_board_res_partner_nhb"
"l10n_sg_statutory_board_res_partner_nhb_nhb19","NHB Festivals n Precinct Devt","NHB19","l10n_sg_statutory_board_res_partner_nhb"
"l10n_sg_statutory_board_res_partner_nhb_nhb20","NHB Devt and Partnerships","NHB20","l10n_sg_statutory_board_res_partner_nhb"
"l10n_sg_statutory_board_res_partner_nhb_nhb21","Museum Planning","NHB21","l10n_sg_statutory_board_res_partner_nhb"
"l10n_sg_statutory_board_res_partner_nhb_nhb22","NHB Strategic Comms and Devt","NHB22","l10n_sg_statutory_board_res_partner_nhb"
"l10n_sg_statutory_board_res_partner_nhb_nhb23","NHB Strat Planning n Data Mgmt","NHB23","l10n_sg_statutory_board_res_partner_nhb"
"l10n_sg_statutory_board_res_partner_nhb_nhb24","NHB Information Technology","NHB24","l10n_sg_statutory_board_res_partner_nhb"
"l10n_sg_statutory_board_res_partner_nhb_nhb25","NHB Org Design and Innovation","NHB25","l10n_sg_statutory_board_res_partner_nhb"
"l10n_sg_statutory_board_res_partner_nhb_nhb26","NHB Human Resource n Org Devt","NHB26","l10n_sg_statutory_board_res_partner_nhb"
"l10n_sg_statutory_board_res_partner_nhb_nhb27","NHB Finance and Procurement","NHB27","l10n_sg_statutory_board_res_partner_nhb"
"l10n_sg_statutory_board_res_partner_nhb_nhb28","NHB Estate Management","NHB28","l10n_sg_statutory_board_res_partner_nhb"
"l10n_sg_statutory_board_res_partner_nhb_nhb29","NHB Development Projects","NHB29","l10n_sg_statutory_board_res_partner_nhb"
"l10n_sg_statutory_board_res_partner_nhb_nhb30","NHB Legal","NHB30","l10n_sg_statutory_board_res_partner_nhb"
"l10n_sg_statutory_board_res_partner_nhb_nhb31","NHB Founders Memorial","NHB31","l10n_sg_statutory_board_res_partner_nhb"
"l10n_sg_statutory_board_res_partner_nhb_nhb32","NHB Singapore Art Museum","NHB32","l10n_sg_statutory_board_res_partner_nhb"
"l10n_sg_statutory_board_res_partner_nhb_nhb33","NHB National Gallery Singapore","NHB33","l10n_sg_statutory_board_res_partner_nhb"
"l10n_sg_statutory_board_res_partner_nlb_nlb01","National Library Board","NLB01","l10n_sg_statutory_board_res_partner_nlb"
"l10n_sg_statutory_board_res_partner_nlb_nlb02","Book Bills","NLB02","l10n_sg_statutory_board_res_partner_nlb"
"l10n_sg_statutory_board_res_partner_nlb_nlb03","Finance. Proc&Admin, CE Office","NLB03","l10n_sg_statutory_board_res_partner_nlb"
"l10n_sg_statutory_board_res_partner_nlb_nlb04","Partnership & PSG HQ","NLB04","l10n_sg_statutory_board_res_partner_nlb"
"l10n_sg_statutory_board_res_partner_nlb_nlb05","Corporate Comms","NLB05","l10n_sg_statutory_board_res_partner_nlb"
"l10n_sg_statutory_board_res_partner_nlb_nlb06","Strategy","NLB06","l10n_sg_statutory_board_res_partner_nlb"
"l10n_sg_statutory_board_res_partner_nlb_nlb07","Technology Services","NLB07","l10n_sg_statutory_board_res_partner_nlb"
"l10n_sg_statutory_board_res_partner_nlb_nlb08","National Library","NLB08","l10n_sg_statutory_board_res_partner_nlb"
"l10n_sg_statutory_board_res_partner_nlb_nlb09","Resource Discovery & Mgmt","NLB09","l10n_sg_statutory_board_res_partner_nlb"
"l10n_sg_statutory_board_res_partner_nlb_nlb10","Public Library Operations","NLB10","l10n_sg_statutory_board_res_partner_nlb"
"l10n_sg_statutory_board_res_partner_nlb_nlb11","Public Library Central Region","NLB11","l10n_sg_statutory_board_res_partner_nlb"
"l10n_sg_statutory_board_res_partner_nlb_nlb12","Public Library North Region","NLB12","l10n_sg_statutory_board_res_partner_nlb"
"l10n_sg_statutory_board_res_partner_nlb_nlb13","Public Library West Region","NLB13","l10n_sg_statutory_board_res_partner_nlb"
"l10n_sg_statutory_board_res_partner_nlb_nlb14","Public Library East Region","NLB14","l10n_sg_statutory_board_res_partner_nlb"
"l10n_sg_statutory_board_res_partner_nlb_nlb15","ALG HQ,  Planning & Admin","NLB15","l10n_sg_statutory_board_res_partner_nlb"
"l10n_sg_statutory_board_res_partner_nlb_nlb16","Service Excellence Office","NLB16","l10n_sg_statutory_board_res_partner_nlb"
"l10n_sg_statutory_board_res_partner_nlb_nlb17","NLB Children & Reading","NLB17","l10n_sg_statutory_board_res_partner_nlb"
"l10n_sg_statutory_board_res_partner_nlb_nlb18","People Matters Division","NLB18","l10n_sg_statutory_board_res_partner_nlb"
"l10n_sg_statutory_board_res_partner_nlb_nlb19","Properties & Facilities Mgmt","NLB19","l10n_sg_statutory_board_res_partner_nlb"
"l10n_sg_statutory_board_res_partner_nlb_nlb20","National Archives of Singapore","NLB20","l10n_sg_statutory_board_res_partner_nlb"
"l10n_sg_statutory_board_res_partner_nlb_nlb21","Collect. Planning&Development","NLB21","l10n_sg_statutory_board_res_partner_nlb"
"l10n_sg_statutory_board_res_partner_nlb_nlb22","NLB Marketing&Corp Solutions","NLB22","l10n_sg_statutory_board_res_partner_nlb"
"l10n_sg_statutory_board_res_partner_nlb_nlb23","NLB Adult & Seniors","NLB23","l10n_sg_statutory_board_res_partner_nlb"
"l10n_sg_statutory_board_res_partner_nlb_nlb24","NLB Academy","NLB24","l10n_sg_statutory_board_res_partner_nlb"
"l10n_sg_statutory_board_res_partner_nlb_nlb25","NLB Digital Services&Products","NLB25","l10n_sg_statutory_board_res_partner_nlb"
"l10n_sg_statutory_board_res_partner_nlb_nlb26","NLB Planning & Development","NLB26","l10n_sg_statutory_board_res_partner_nlb"
"l10n_sg_statutory_board_res_partner_npb_npba0","NPB-Facilities Mgmt","NPBA0","l10n_sg_statutory_board_res_partner_npb"
"l10n_sg_statutory_board_res_partner_npb_npba1","NPB-Finance","NPBA1","l10n_sg_statutory_board_res_partner_npb"
"l10n_sg_statutory_board_res_partner_npb_npba2","NPB-Procurement","NPBA2","l10n_sg_statutory_board_res_partner_npb"
"l10n_sg_statutory_board_res_partner_npb_npba3","NPB-Corp Policy n Planning","NPBA3","l10n_sg_statutory_board_res_partner_npb"
"l10n_sg_statutory_board_res_partner_npb_npba4","NPB-Risk Mgmt","NPBA4","l10n_sg_statutory_board_res_partner_npb"
"l10n_sg_statutory_board_res_partner_npb_npba5","NPB-CP Engagement","NPBA5","l10n_sg_statutory_board_res_partner_npb"
"l10n_sg_statutory_board_res_partner_npb_npba6","NPB-IT Branch","NPBA6","l10n_sg_statutory_board_res_partner_npb"
"l10n_sg_statutory_board_res_partner_npb_npba7","NPB-Office Admin","NPBA7","l10n_sg_statutory_board_res_partner_npb"
"l10n_sg_statutory_board_res_partner_npb_npba8","NPB-HR","NPBA8","l10n_sg_statutory_board_res_partner_npb"
"l10n_sg_statutory_board_res_partner_npb_npba9","NPB-Legal","NPBA9","l10n_sg_statutory_board_res_partner_npb"
"l10n_sg_statutory_board_res_partner_npb_npbb0","NPB-SBG Development","NPBB0","l10n_sg_statutory_board_res_partner_npb"
"l10n_sg_statutory_board_res_partner_npb_npbb1","NPB-Communication Branch","NPBB1","l10n_sg_statutory_board_res_partner_npb"
"l10n_sg_statutory_board_res_partner_npb_npbb2","NPB-Internal Audit Unit","NPBB2","l10n_sg_statutory_board_res_partner_npb"
"l10n_sg_statutory_board_res_partner_npb_npbb3","NPB-SBG Botanical Research","NPBB3","l10n_sg_statutory_board_res_partner_npb"
"l10n_sg_statutory_board_res_partner_npb_npbb4","NPB-SBG Living Collections","NPBB4","l10n_sg_statutory_board_res_partner_npb"
"l10n_sg_statutory_board_res_partner_npb_npbb5","NPB-SBG Education","NPBB5","l10n_sg_statutory_board_res_partner_npb"
"l10n_sg_statutory_board_res_partner_npb_npbb6","NPB-SBG VMS","NPBB6","l10n_sg_statutory_board_res_partner_npb"
"l10n_sg_statutory_board_res_partner_npb_npbb7","NPB-SBG Events Exhibitions","NPBB7","l10n_sg_statutory_board_res_partner_npb"
"l10n_sg_statutory_board_res_partner_npb_npbb8","NPB-SBG Festivals and Shows","NPBB8","l10n_sg_statutory_board_res_partner_npb"
"l10n_sg_statutory_board_res_partner_npb_npbb9","NPB-SBG Facilities Mgmt","NPBB9","l10n_sg_statutory_board_res_partner_npb"
"l10n_sg_statutory_board_res_partner_npb_npbc0","NPB-Wildlife Mgmt Research","NPBC0","l10n_sg_statutory_board_res_partner_npb"
"l10n_sg_statutory_board_res_partner_npb_npbc1","NPB-FCP Branch","NPBC1","l10n_sg_statutory_board_res_partner_npb"
"l10n_sg_statutory_board_res_partner_npb_npbc2","NPB-Istana Branch","NPBC2","l10n_sg_statutory_board_res_partner_npb"
"l10n_sg_statutory_board_res_partner_npb_npbc3","NPB-NPGNR Development","NPBC3","l10n_sg_statutory_board_res_partner_npb"
"l10n_sg_statutory_board_res_partner_npb_npbc4","NPB-BTNR Branch","NPBC4","l10n_sg_statutory_board_res_partner_npb"
"l10n_sg_statutory_board_res_partner_npb_npbc5","NPB-CCNR Branch","NPBC5","l10n_sg_statutory_board_res_partner_npb"
"l10n_sg_statutory_board_res_partner_npb_npbc6","NPB-Sungei Buloh Branch","NPBC6","l10n_sg_statutory_board_res_partner_npb"
"l10n_sg_statutory_board_res_partner_npb_npbc7","NPB-Pulau Ubin Branch","NPBC7","l10n_sg_statutory_board_res_partner_npb"
"l10n_sg_statutory_board_res_partner_npb_npbc8","NPB-Wildlife Trade Branch","NPBC8","l10n_sg_statutory_board_res_partner_npb"
"l10n_sg_statutory_board_res_partner_npb_npbc9","NPB-WMOUB","NPBC9","l10n_sg_statutory_board_res_partner_npb"
"l10n_sg_statutory_board_res_partner_npb_npbd0","NPB-Streetscape North East","NPBD0","l10n_sg_statutory_board_res_partner_npb"
"l10n_sg_statutory_board_res_partner_npb_npbd1","NPB-Ctr for Wildlife Rehab","NPBD1","l10n_sg_statutory_board_res_partner_npb"
"l10n_sg_statutory_board_res_partner_npb_npbd2","NPB-JLG Mgt Ctr (OP) Branch","NPBD2","l10n_sg_statutory_board_res_partner_npb"
"l10n_sg_statutory_board_res_partner_npb_npbd3","NPB-JLG Mgt Ctr (Devt) Branch","NPBD3","l10n_sg_statutory_board_res_partner_npb"
"l10n_sg_statutory_board_res_partner_npb_npbd4","NPB-Parks Planning Branch","NPBD4","l10n_sg_statutory_board_res_partner_npb"
"l10n_sg_statutory_board_res_partner_npb_npbd5","NPB-Greenery n Dev Planning","NPBD5","l10n_sg_statutory_board_res_partner_npb"
"l10n_sg_statutory_board_res_partner_npb_npbd6","NPB-Streetscape South West","NPBD6","l10n_sg_statutory_board_res_partner_npb"
"l10n_sg_statutory_board_res_partner_npb_npbd7","NPB-Streetscape North West","NPBD7","l10n_sg_statutory_board_res_partner_npb"
"l10n_sg_statutory_board_res_partner_npb_npbd8","NPB-Streetscape Central North","NPBD8","l10n_sg_statutory_board_res_partner_npb"
"l10n_sg_statutory_board_res_partner_npb_npbd9","NPB-Streetscape Central South","NPBD9","l10n_sg_statutory_board_res_partner_npb"
"l10n_sg_statutory_board_res_partner_npb_npbe0","NPB-Terrestrial Mgmt","NPBE0","l10n_sg_statutory_board_res_partner_npb"
"l10n_sg_statutory_board_res_partner_npb_npbe1","NPB-Streetscape South East","NPBE1","l10n_sg_statutory_board_res_partner_npb"
"l10n_sg_statutory_board_res_partner_npb_npbe2","NPB-Streetscape Landscape","NPBE2","l10n_sg_statutory_board_res_partner_npb"
"l10n_sg_statutory_board_res_partner_npb_npbe3","NPB-Streetscape Arborist","NPBE3","l10n_sg_statutory_board_res_partner_npb"
"l10n_sg_statutory_board_res_partner_npb_npbe4","NPB-Industry Devt n Grants","NPBE4","l10n_sg_statutory_board_res_partner_npb"
"l10n_sg_statutory_board_res_partner_npb_npbe5","NPB-Nursery and Horticulture","NPBE5","l10n_sg_statutory_board_res_partner_npb"
"l10n_sg_statutory_board_res_partner_npb_npbe6","NPB-Horticulture Park Mgt","NPBE6","l10n_sg_statutory_board_res_partner_npb"
"l10n_sg_statutory_board_res_partner_npb_npbe7","NPB-Plant Science and Health","NPBE7","l10n_sg_statutory_board_res_partner_npb"
"l10n_sg_statutory_board_res_partner_npb_npbe8","NPB-Biodiversity Info Outreach","NPBE8","l10n_sg_statutory_board_res_partner_npb"
"l10n_sg_statutory_board_res_partner_npb_npbe9","NPB-Coastal n Marine (TCCME)","NPBE9","l10n_sg_statutory_board_res_partner_npb"
"l10n_sg_statutory_board_res_partner_npb_npbf0","NPB-Parks South East","NPBF0","l10n_sg_statutory_board_res_partner_npb"
"l10n_sg_statutory_board_res_partner_npb_npbf1","NPB-IBC Branch","NPBF1","l10n_sg_statutory_board_res_partner_npb"
"l10n_sg_statutory_board_res_partner_npb_npbf2","NPB-CUGE MD","NPBF2","l10n_sg_statutory_board_res_partner_npb"
"l10n_sg_statutory_board_res_partner_npb_npbf3","NPB-Land Planning n Devt","NPBF3","l10n_sg_statutory_board_res_partner_npb"
"l10n_sg_statutory_board_res_partner_npb_npbf4","NPB-CUGE Research","NPBF4","l10n_sg_statutory_board_res_partner_npb"
"l10n_sg_statutory_board_res_partner_npb_npbf5","NPB-Prosecution Branch","NPBF5","l10n_sg_statutory_board_res_partner_npb"
"l10n_sg_statutory_board_res_partner_npb_npbf6","NPB-Enforcement Branch","NPBF6","l10n_sg_statutory_board_res_partner_npb"
"l10n_sg_statutory_board_res_partner_npb_npbf7","NPB-Programming n Events","NPBF7","l10n_sg_statutory_board_res_partner_npb"
"l10n_sg_statutory_board_res_partner_npb_npbf8","NPB-Parks East","NPBF8","l10n_sg_statutory_board_res_partner_npb"
"l10n_sg_statutory_board_res_partner_npb_npbf9","NPB-Parks North East","NPBF9","l10n_sg_statutory_board_res_partner_npb"
"l10n_sg_statutory_board_res_partner_npb_npbg0","NPB-PQA Branch","NPBG0","l10n_sg_statutory_board_res_partner_npb"
"l10n_sg_statutory_board_res_partner_npb_npbg1","NPB-Parks North West","NPBG1","l10n_sg_statutory_board_res_partner_npb"
"l10n_sg_statutory_board_res_partner_npb_npbg2","NPB-Parks South West","NPBG2","l10n_sg_statutory_board_res_partner_npb"
"l10n_sg_statutory_board_res_partner_npb_npbg3","NPB-Parks Central South","NPBG3","l10n_sg_statutory_board_res_partner_npb"
"l10n_sg_statutory_board_res_partner_npb_npbg4","NPB-Parks Central North","NPBG4","l10n_sg_statutory_board_res_partner_npb"
"l10n_sg_statutory_board_res_partner_npb_npbg5","NPB-Parks Dev Mgmt 1","NPBG5","l10n_sg_statutory_board_res_partner_npb"
"l10n_sg_statutory_board_res_partner_npb_npbg6","NPB-Parks Dev Mgmt 2","NPBG6","l10n_sg_statutory_board_res_partner_npb"
"l10n_sg_statutory_board_res_partner_npb_npbg7","NPB-Landscape Architecture","NPBG7","l10n_sg_statutory_board_res_partner_npb"
"l10n_sg_statutory_board_res_partner_npb_npbg8","NPB-Design R and D","NPBG8","l10n_sg_statutory_board_res_partner_npb"
"l10n_sg_statutory_board_res_partner_npb_npbg9","NPB-Lifestyle Business Branch","NPBG9","l10n_sg_statutory_board_res_partner_npb"
"l10n_sg_statutory_board_res_partner_npb_npbh0","NPB-Biorisk n Biosurvelliance","NPBH0","l10n_sg_statutory_board_res_partner_npb"
"l10n_sg_statutory_board_res_partner_npb_npbh1","NPB-CAVS Branch","NPBH1","l10n_sg_statutory_board_res_partner_npb"
"l10n_sg_statutory_board_res_partner_npb_npbh2","NPB-AVPO Branch","NPBH2","l10n_sg_statutory_board_res_partner_npb"
"l10n_sg_statutory_board_res_partner_npb_npbh3","NPB-CAR Branch","NPBH3","l10n_sg_statutory_board_res_partner_npb"
"l10n_sg_statutory_board_res_partner_npb_npbh4","NPB-Education n Engagemt Br","NPBH4","l10n_sg_statutory_board_res_partner_npb"
"l10n_sg_statutory_board_res_partner_npb_npbh5","NPB-CAMO Branch","NPBH5","l10n_sg_statutory_board_res_partner_npb"
"l10n_sg_statutory_board_res_partner_npb_npbh6","NPB-Vet Science Prog Branch","NPBH6","l10n_sg_statutory_board_res_partner_npb"
"l10n_sg_statutory_board_res_partner_npb_npbh7","NPB-Licensing  Branch","NPBH7","l10n_sg_statutory_board_res_partner_npb"
"l10n_sg_statutory_board_res_partner_npb_npbh8","NPB-Compliance Mgmt Branch","NPBH8","l10n_sg_statutory_board_res_partner_npb"
"l10n_sg_statutory_board_res_partner_npb_npbh9","NPB-Investigation Branch","NPBH9","l10n_sg_statutory_board_res_partner_npb"
"l10n_sg_statutory_board_res_partner_npb_npbi0","NPB-GCF-IT Branch","NPBI0","l10n_sg_statutory_board_res_partner_npb"
"l10n_sg_statutory_board_res_partner_npb_npbi1","NPB-Quarantine n Biosecurity","NPBI1","l10n_sg_statutory_board_res_partner_npb"
"l10n_sg_statutory_board_res_partner_npb_npbi2","NPB-Maven II interface","NPBI2","l10n_sg_statutory_board_res_partner_npb"
"l10n_sg_statutory_board_res_partner_npb_npbi3","NPB-Science n Tech Planning","NPBI3","l10n_sg_statutory_board_res_partner_npb"
"l10n_sg_statutory_board_res_partner_npb_npbi4","NPB-Singapore Garden Festival","NPBI4","l10n_sg_statutory_board_res_partner_npb"
"l10n_sg_statutory_board_res_partner_npb_npbi5","NPB-GCF-Finance","NPBI5","l10n_sg_statutory_board_res_partner_npb"
"l10n_sg_statutory_board_res_partner_npb_npbi6","NPB-GCF-Procurement","NPBI6","l10n_sg_statutory_board_res_partner_npb"
"l10n_sg_statutory_board_res_partner_npb_npbi7","NPB-GCF-Corp Policy n Planning","NPBI7","l10n_sg_statutory_board_res_partner_npb"
"l10n_sg_statutory_board_res_partner_npb_npbi8","NPB-GCF-Risk Mgmt","NPBI8","l10n_sg_statutory_board_res_partner_npb"
"l10n_sg_statutory_board_res_partner_npb_npbi9","NPB-GCF-CP Engagement","NPBI9","l10n_sg_statutory_board_res_partner_npb"
"l10n_sg_statutory_board_res_partner_npb_npbj0","NPB-GCF-SBG VMS","NPBJ0","l10n_sg_statutory_board_res_partner_npb"
"l10n_sg_statutory_board_res_partner_npb_npbj1","NPB-GCF-Office Admin","NPBJ1","l10n_sg_statutory_board_res_partner_npb"
"l10n_sg_statutory_board_res_partner_npb_npbj2","NPB-GCF-HR","NPBJ2","l10n_sg_statutory_board_res_partner_npb"
"l10n_sg_statutory_board_res_partner_npb_npbj3","NPB-GCF-Legal","NPBJ3","l10n_sg_statutory_board_res_partner_npb"
"l10n_sg_statutory_board_res_partner_npb_npbj4","NPB-GCF-Facilities Mgmt","NPBJ4","l10n_sg_statutory_board_res_partner_npb"
"l10n_sg_statutory_board_res_partner_npb_npbj5","NPB-GCF-Communication Branch","NPBJ5","l10n_sg_statutory_board_res_partner_npb"
"l10n_sg_statutory_board_res_partner_npb_npbj6","NPB-GCF-Internal Audit Unit","NPBJ6","l10n_sg_statutory_board_res_partner_npb"
"l10n_sg_statutory_board_res_partner_npb_npbj7","NPB-GCF-SBG Botanical Research","NPBJ7","l10n_sg_statutory_board_res_partner_npb"
"l10n_sg_statutory_board_res_partner_npb_npbj8","NPB-GCF-SBG LivingCollectn","NPBJ8","l10n_sg_statutory_board_res_partner_npb"
"l10n_sg_statutory_board_res_partner_npb_npbj9","NPB-GCF-SBG Education","NPBJ9","l10n_sg_statutory_board_res_partner_npb"
"l10n_sg_statutory_board_res_partner_npb_npbk0","NPB-GCF-Sungei Buloh Branch","NPBK0","l10n_sg_statutory_board_res_partner_npb"
"l10n_sg_statutory_board_res_partner_npb_npbk1","NPB-GCF-SBG Events Exhibitions","NPBK1","l10n_sg_statutory_board_res_partner_npb"
"l10n_sg_statutory_board_res_partner_npb_npbk2","NPB-GCF-SBG Festivals n Shows","NPBK2","l10n_sg_statutory_board_res_partner_npb"
"l10n_sg_statutory_board_res_partner_npb_npbk3","NPB-GCF-SBG Facilities Mgmt","NPBK3","l10n_sg_statutory_board_res_partner_npb"
"l10n_sg_statutory_board_res_partner_npb_npbk4","NPB-GCF-SBG Development","NPBK4","l10n_sg_statutory_board_res_partner_npb"
"l10n_sg_statutory_board_res_partner_npb_npbk5","NPB-GCF-FCP Branch","NPBK5","l10n_sg_statutory_board_res_partner_npb"
"l10n_sg_statutory_board_res_partner_npb_npbk6","NPB-GCF-Istana Branch","NPBK6","l10n_sg_statutory_board_res_partner_npb"
"l10n_sg_statutory_board_res_partner_npb_npbk7","NPB-GCF-NPGNR Development","NPBK7","l10n_sg_statutory_board_res_partner_npb"
"l10n_sg_statutory_board_res_partner_npb_npbk8","NPB-GCF-BTNR Branch","NPBK8","l10n_sg_statutory_board_res_partner_npb"
"l10n_sg_statutory_board_res_partner_npb_npbk9","NPB-GCF-CCNR Branch","NPBK9","l10n_sg_statutory_board_res_partner_npb"
"l10n_sg_statutory_board_res_partner_npb_npbl0","NPB-GCF-Streetscape SW","NPBL0","l10n_sg_statutory_board_res_partner_npb"
"l10n_sg_statutory_board_res_partner_npb_npbl1","NPB-GCF-Pulau Ubin Branch","NPBL1","l10n_sg_statutory_board_res_partner_npb"
"l10n_sg_statutory_board_res_partner_npb_npbl2","NPB-GCF-Wildlife Trade Branch","NPBL2","l10n_sg_statutory_board_res_partner_npb"
"l10n_sg_statutory_board_res_partner_npb_npbl3","NPB-GCF- WMOUB","NPBL3","l10n_sg_statutory_board_res_partner_npb"
"l10n_sg_statutory_board_res_partner_npb_npbl4","NPB-GCF-WildlifeMgmtResearch","NPBL4","l10n_sg_statutory_board_res_partner_npb"
"l10n_sg_statutory_board_res_partner_npb_npbl5","NPB-GCF-Ctr for Wildlife Rehab","NPBL5","l10n_sg_statutory_board_res_partner_npb"
"l10n_sg_statutory_board_res_partner_npb_npbl6","NPB-GCF-JLG Mgt Ctr OP Branch","NPBL6","l10n_sg_statutory_board_res_partner_npb"
"l10n_sg_statutory_board_res_partner_npb_npbl7","NPB-GCF-JLG Mgt Ctr Devt Br","NPBL7","l10n_sg_statutory_board_res_partner_npb"
"l10n_sg_statutory_board_res_partner_npb_npbl8","NPB-GCF-Parks Planning Branch","NPBL8","l10n_sg_statutory_board_res_partner_npb"
"l10n_sg_statutory_board_res_partner_npb_npbl9","NPB-GCF-GreenerynDevPlanning","NPBL9","l10n_sg_statutory_board_res_partner_npb"
"l10n_sg_statutory_board_res_partner_npb_npbm0","NPB-GCF-Horticulture Park Mgt","NPBM0","l10n_sg_statutory_board_res_partner_npb"
"l10n_sg_statutory_board_res_partner_npb_npbm1","NPB-GCF-Streetscape NW","NPBM1","l10n_sg_statutory_board_res_partner_npb"
"l10n_sg_statutory_board_res_partner_npb_npbm2","NPB-GCF-Streetscape CN","NPBM2","l10n_sg_statutory_board_res_partner_npb"
"l10n_sg_statutory_board_res_partner_npb_npbm3","NPB-GCF-Streetscape CS","NPBM3","l10n_sg_statutory_board_res_partner_npb"
"l10n_sg_statutory_board_res_partner_npb_npbm4","NPB-GCF-Streetscape NE","NPBM4","l10n_sg_statutory_board_res_partner_npb"
"l10n_sg_statutory_board_res_partner_npb_npbm5","NPB-GCF-Streetscape SE","NPBM5","l10n_sg_statutory_board_res_partner_npb"
"l10n_sg_statutory_board_res_partner_npb_npbm6","NPB-GCF-Streetscape Landscape","NPBM6","l10n_sg_statutory_board_res_partner_npb"
"l10n_sg_statutory_board_res_partner_npb_npbm7","NPB-GCF-Streetscape Arborist","NPBM7","l10n_sg_statutory_board_res_partner_npb"
"l10n_sg_statutory_board_res_partner_npb_npbm8","NPB-GCF-Industry Devt n Grants","NPBM8","l10n_sg_statutory_board_res_partner_npb"
"l10n_sg_statutory_board_res_partner_npb_npbm9","NPB-GCF-Nursery n Horticulture","NPBM9","l10n_sg_statutory_board_res_partner_npb"
"l10n_sg_statutory_board_res_partner_npb_npbn0","NPB-GCF-Enforcement Branch","NPBN0","l10n_sg_statutory_board_res_partner_npb"
"l10n_sg_statutory_board_res_partner_npb_npbn1","NPB-GCF-Plant Science Health","NPBN1","l10n_sg_statutory_board_res_partner_npb"
"l10n_sg_statutory_board_res_partner_npb_npbn2","NPB-GCF-BioDi Info Outreach","NPBN2","l10n_sg_statutory_board_res_partner_npb"
"l10n_sg_statutory_board_res_partner_npb_npbn3","NPB-GCF-Coastal n Marine","NPBN3","l10n_sg_statutory_board_res_partner_npb"
"l10n_sg_statutory_board_res_partner_npb_npbn4","NPB-GCF-Terrestrial Mgmt","NPBN4","l10n_sg_statutory_board_res_partner_npb"
"l10n_sg_statutory_board_res_partner_npb_npbn5","NPB-GCF-IBC Branch","NPBN5","l10n_sg_statutory_board_res_partner_npb"
"l10n_sg_statutory_board_res_partner_npb_npbn6","NPB-GCF-CUGE MD","NPBN6","l10n_sg_statutory_board_res_partner_npb"
"l10n_sg_statutory_board_res_partner_npb_npbn7","NPB-GCF-Land Planning n Devt","NPBN7","l10n_sg_statutory_board_res_partner_npb"
"l10n_sg_statutory_board_res_partner_npb_npbn8","NPB-GCF-CUGE Research","NPBN8","l10n_sg_statutory_board_res_partner_npb"
"l10n_sg_statutory_board_res_partner_npb_npbn9","NPB-GCF-Prosecution Branch","NPBN9","l10n_sg_statutory_board_res_partner_npb"
"l10n_sg_statutory_board_res_partner_npb_npbo0","NPB-GCF-Parks Dev Mgmt 2","NPBO0","l10n_sg_statutory_board_res_partner_npb"
"l10n_sg_statutory_board_res_partner_npb_npbo1","NPB-GCF-Programming n Events","NPBO1","l10n_sg_statutory_board_res_partner_npb"
"l10n_sg_statutory_board_res_partner_npb_npbo2","NPB-GCF-Parks East","NPBO2","l10n_sg_statutory_board_res_partner_npb"
"l10n_sg_statutory_board_res_partner_npb_npbo3","NPB-GCF-Parks North East","NPBO3","l10n_sg_statutory_board_res_partner_npb"
"l10n_sg_statutory_board_res_partner_npb_npbo4","NPB-GCF-Parks South East","NPBO4","l10n_sg_statutory_board_res_partner_npb"
"l10n_sg_statutory_board_res_partner_npb_npbo5","NPB-GCF-Parks North West","NPBO5","l10n_sg_statutory_board_res_partner_npb"
"l10n_sg_statutory_board_res_partner_npb_npbo6","NPB-GCF-Parks South West","NPBO6","l10n_sg_statutory_board_res_partner_npb"
"l10n_sg_statutory_board_res_partner_npb_npbo7","NPB-GCF-Parks Central South","NPBO7","l10n_sg_statutory_board_res_partner_npb"
"l10n_sg_statutory_board_res_partner_npb_npbo8","NPB-GCF-Parks Central North","NPBO8","l10n_sg_statutory_board_res_partner_npb"
"l10n_sg_statutory_board_res_partner_npb_npbo9","NPB-GCF-Parks Dev Mgmt 1","NPBO9","l10n_sg_statutory_board_res_partner_npb"
"l10n_sg_statutory_board_res_partner_npb_npbp0","NPB-GCF-Vet Science Prog Br","NPBP0","l10n_sg_statutory_board_res_partner_npb"
"l10n_sg_statutory_board_res_partner_npb_npbp1","NPB-GCF-Landscape Architecture","NPBP1","l10n_sg_statutory_board_res_partner_npb"
"l10n_sg_statutory_board_res_partner_npb_npbp2","NPB-GCF-Design R and D","NPBP2","l10n_sg_statutory_board_res_partner_npb"
"l10n_sg_statutory_board_res_partner_npb_npbp3","NPB-GCF-Lifestyle Business Br","NPBP3","l10n_sg_statutory_board_res_partner_npb"
"l10n_sg_statutory_board_res_partner_npb_npbp4","NPB-GCF-PQA Branch","NPBP4","l10n_sg_statutory_board_res_partner_npb"
"l10n_sg_statutory_board_res_partner_npb_npbp5","NPB-GCF-CAVS Branch","NPBP5","l10n_sg_statutory_board_res_partner_npb"
"l10n_sg_statutory_board_res_partner_npb_npbp6","NPB-GCF-AVPO Branch","NPBP6","l10n_sg_statutory_board_res_partner_npb"
"l10n_sg_statutory_board_res_partner_npb_npbp7","NPB-GCF-CAR Branch","NPBP7","l10n_sg_statutory_board_res_partner_npb"
"l10n_sg_statutory_board_res_partner_npb_npbp8","NPB-GCF-Educatn_Engagemt Br","NPBP8","l10n_sg_statutory_board_res_partner_npb"
"l10n_sg_statutory_board_res_partner_npb_npbp9","NPB-GCF-CAMO Branch","NPBP9","l10n_sg_statutory_board_res_partner_npb"
"l10n_sg_statutory_board_res_partner_npb_npbq0","NPB-GCF-Parks Planning Ctr Br","NPBQ0","l10n_sg_statutory_board_res_partner_npb"
"l10n_sg_statutory_board_res_partner_npb_npbq1","NPB-GCF-Licensing  Branch","NPBQ1","l10n_sg_statutory_board_res_partner_npb"
"l10n_sg_statutory_board_res_partner_npb_npbq2","NPB-GCF-Compliance Mgmt Br","NPBQ2","l10n_sg_statutory_board_res_partner_npb"
"l10n_sg_statutory_board_res_partner_npb_npbq3","NPB-GCF-Investigation Branch","NPBQ3","l10n_sg_statutory_board_res_partner_npb"
"l10n_sg_statutory_board_res_partner_npb_npbq4","NPB-GCF-Bio Risk_Survelliance","NPBQ4","l10n_sg_statutory_board_res_partner_npb"
"l10n_sg_statutory_board_res_partner_npb_npbq5","NPB-GCF-Quarantine_Biosecurity","NPBQ5","l10n_sg_statutory_board_res_partner_npb"
"l10n_sg_statutory_board_res_partner_npb_npbq6","NPB-GCF-Science_Tech Planning","NPBQ6","l10n_sg_statutory_board_res_partner_npb"
"l10n_sg_statutory_board_res_partner_npb_npbq7","NPB-GCF-CP Planning n Prog","NPBQ7","l10n_sg_statutory_board_res_partner_npb"
"l10n_sg_statutory_board_res_partner_npb_npbq8","NPB-GCF-Conservation DM Br","NPBQ8","l10n_sg_statutory_board_res_partner_npb"
"l10n_sg_statutory_board_res_partner_npb_npbq9","NPB-GCF-Parks(SpecialProjects)","NPBQ9","l10n_sg_statutory_board_res_partner_npb"
"l10n_sg_statutory_board_res_partner_npb_npbr1","NPB-GCF-Parks Planning East Br","NPBR1","l10n_sg_statutory_board_res_partner_npb"
"l10n_sg_statutory_board_res_partner_npb_npbr2","NPB-GCF-Parks Planning West Br","NPBR2","l10n_sg_statutory_board_res_partner_npb"
"l10n_sg_statutory_board_res_partner_npb_npbr3","NPB-CP Planning n Prog","NPBR3","l10n_sg_statutory_board_res_partner_npb"
"l10n_sg_statutory_board_res_partner_npb_npbr4","NPB-Conservation DM Br","NPBR4","l10n_sg_statutory_board_res_partner_npb"
"l10n_sg_statutory_board_res_partner_npb_npbr5","NPB-Parks(SpecialProjects)","NPBR5","l10n_sg_statutory_board_res_partner_npb"
"l10n_sg_statutory_board_res_partner_npb_npbr6","NPB-Parks Planning Ctr Br","NPBR6","l10n_sg_statutory_board_res_partner_npb"
"l10n_sg_statutory_board_res_partner_npb_npbr7","NPB-Parks Planning East Br","NPBR7","l10n_sg_statutory_board_res_partner_npb"
"l10n_sg_statutory_board_res_partner_npb_npbr8","NPB-Parks Planning West Br","NPBR8","l10n_sg_statutory_board_res_partner_npb"
"l10n_sg_statutory_board_res_partner_npb_npbr9","NPB-CP Community Stewardship","NPBR9","l10n_sg_statutory_board_res_partner_npb"
"l10n_sg_statutory_board_res_partner_npb_npbs0","NPB-GCF-CPCommunityStewardship","NPBS0","l10n_sg_statutory_board_res_partner_npb"
"l10n_sg_statutory_board_res_partner_npb_npbs1","NPB-Staff Welfare Committee","NPBS1","l10n_sg_statutory_board_res_partner_npb"
"l10n_sg_statutory_board_res_partner_npb_npbs2","NPB-IT Branch (App1)","NPBS2","l10n_sg_statutory_board_res_partner_npb"
"l10n_sg_statutory_board_res_partner_npb_npbs3","NPB-IT Branch (App2)","NPBS3","l10n_sg_statutory_board_res_partner_npb"
"l10n_sg_statutory_board_res_partner_npb_npbs4","NPB-IT Branch (GS)","NPBS4","l10n_sg_statutory_board_res_partner_npb"
"l10n_sg_statutory_board_res_partner_npb_npbs5","NPB-IT Branch (Infra)","NPBS5","l10n_sg_statutory_board_res_partner_npb"
"l10n_sg_statutory_board_res_partner_npb_npbs6","NPB-IT Branch (DMA)","NPBS6","l10n_sg_statutory_board_res_partner_npb"
"l10n_sg_statutory_board_res_partner_npb_npbs7","NPB-GCF-Plant-A-Tree Programme","NPBS7","l10n_sg_statutory_board_res_partner_npb"
"l10n_sg_statutory_board_res_partner_npb_npbs8","NPB- WMOWL","NPBS8","l10n_sg_statutory_board_res_partner_npb"
"l10n_sg_statutory_board_res_partner_npb_npbs9","NPB-GCF- WMOWL","NPBS9","l10n_sg_statutory_board_res_partner_npb"
"l10n_sg_statutory_board_res_partner_npb_npbt0","NPB-CUGE IPP","NPBT0","l10n_sg_statutory_board_res_partner_npb"
"l10n_sg_statutory_board_res_partner_npb_npbt1","NPB-GCF-CUGE IPP","NPBT1","l10n_sg_statutory_board_res_partner_npb"
"l10n_sg_statutory_board_res_partner_npb_npbt2","NPB-SBG Forest & Tree Research","NPBT2","l10n_sg_statutory_board_res_partner_npb"
"l10n_sg_statutory_board_res_partner_npb_npbt3","GCF-SBG Forest & Tree Research","NPBT3","l10n_sg_statutory_board_res_partner_npb"
"l10n_sg_statutory_board_res_partner_npb_npbt4","NPB-Ops Tech (CDS) Branch","NPBT4","l10n_sg_statutory_board_res_partner_npb"
"l10n_sg_statutory_board_res_partner_npb_npbt5","NPB-GCF-Ops Tech (CDS) Branch","NPBT5","l10n_sg_statutory_board_res_partner_npb"
"l10n_sg_statutory_board_res_partner_npb_npbt6","NPB-Ops Tech (PDS) Branch","NPBT6","l10n_sg_statutory_board_res_partner_npb"
"l10n_sg_statutory_board_res_partner_npb_npbt7","NPB-GCF-Ops Tech (PDS) Branch","NPBT7","l10n_sg_statutory_board_res_partner_npb"
"l10n_sg_statutory_board_res_partner_npb_npbt8","NPB-Horticulture & Estate Mgmt","NPBT8","l10n_sg_statutory_board_res_partner_npb"
"l10n_sg_statutory_board_res_partner_npb_npbt9","GCF-Horticulture & Estate Mgmt","NPBT9","l10n_sg_statutory_board_res_partner_npb"
"l10n_sg_statutory_board_res_partner_npb_npbu0","NPB-Hortic. & Gardn'g Outreach","NPBU0","l10n_sg_statutory_board_res_partner_npb"
"l10n_sg_statutory_board_res_partner_npb_npbu1","GCF-Hortic. & Gardn'g Outreach","NPBU1","l10n_sg_statutory_board_res_partner_npb"
"l10n_sg_statutory_board_res_partner_npb_npbu3","NPB-Contract Governance Branch","NPBU3","l10n_sg_statutory_board_res_partner_npb"
"l10n_sg_statutory_board_res_partner_npb_npbu4","GCF-Contract Governance Branch","NPBU4","l10n_sg_statutory_board_res_partner_npb"
"l10n_sg_statutory_board_res_partner_npo_npo10","Acad Affairs & Planning Office","NPO10","l10n_sg_statutory_board_res_partner_npo"
"l10n_sg_statutory_board_res_partner_npo_npo11","Digital Services & Tech Office","NPO11","l10n_sg_statutory_board_res_partner_npo"
"l10n_sg_statutory_board_res_partner_npo_npo12","Corporate Communication Office","NPO12","l10n_sg_statutory_board_res_partner_npo"
"l10n_sg_statutory_board_res_partner_npo_npo14","Finance Office","NPO14","l10n_sg_statutory_board_res_partner_npo"
"l10n_sg_statutory_board_res_partner_npo_npo15","HR & Organ'l Devt Office","NPO15","l10n_sg_statutory_board_res_partner_npo"
"l10n_sg_statutory_board_res_partner_npo_npo17","Library","NPO17","l10n_sg_statutory_board_res_partner_npo"
"l10n_sg_statutory_board_res_partner_npo_npo18","Planning and Risk Mgmt Office","NPO18","l10n_sg_statutory_board_res_partner_npo"
"l10n_sg_statutory_board_res_partner_npo_npo19","Student Development Office","NPO19","l10n_sg_statutory_board_res_partner_npo"
"l10n_sg_statutory_board_res_partner_npo_npo20","Student & Alumni Svcs Office","NPO20","l10n_sg_statutory_board_res_partner_npo"
"l10n_sg_statutory_board_res_partner_npo_npo21","Ctr for Learng & Teachg Excel","NPO21","l10n_sg_statutory_board_res_partner_npo"
"l10n_sg_statutory_board_res_partner_npo_npo22","Ctr for Environ'tl Sustain'lty","NPO22","l10n_sg_statutory_board_res_partner_npo"
"l10n_sg_statutory_board_res_partner_npo_npo23","Estate, Eco & Safety Office","NPO23","l10n_sg_statutory_board_res_partner_npo"
"l10n_sg_statutory_board_res_partner_npo_npo24","The Sandbox","NPO24","l10n_sg_statutory_board_res_partner_npo"
"l10n_sg_statutory_board_res_partner_npo_npo25","Office of Immersion & Careers","NPO25","l10n_sg_statutory_board_res_partner_npo"
"l10n_sg_statutory_board_res_partner_npo_npo27","Office of Service-Learning","NPO27","l10n_sg_statutory_board_res_partner_npo"
"l10n_sg_statutory_board_res_partner_npo_npo28","Centre for Southeast Asia","NPO28","l10n_sg_statutory_board_res_partner_npo"
"l10n_sg_statutory_board_res_partner_npo_npo29","Industry & Partnership Office","NPO29","l10n_sg_statutory_board_res_partner_npo"
"l10n_sg_statutory_board_res_partner_npo_npo01","Business & Accountancy","NPO01","l10n_sg_statutory_board_res_partner_npo"
"l10n_sg_statutory_board_res_partner_npo_npo02","Design & Environment","NPO02","l10n_sg_statutory_board_res_partner_npo"
"l10n_sg_statutory_board_res_partner_npo_npo03","Film & Media Studies","NPO03","l10n_sg_statutory_board_res_partner_npo"
"l10n_sg_statutory_board_res_partner_npo_npo04","Humanities & Interdisciplinary","NPO04","l10n_sg_statutory_board_res_partner_npo"
"l10n_sg_statutory_board_res_partner_npo_npo05","Health Sciences","NPO05","l10n_sg_statutory_board_res_partner_npo"
"l10n_sg_statutory_board_res_partner_npo_npo06","Infocomm Technology","NPO06","l10n_sg_statutory_board_res_partner_npo"
"l10n_sg_statutory_board_res_partner_npo_npo07","Interdisciplinary Studies","NPO07","l10n_sg_statutory_board_res_partner_npo"
"l10n_sg_statutory_board_res_partner_npo_npo08","Life Sciences & Chemical Tech","NPO08","l10n_sg_statutory_board_res_partner_npo"
"l10n_sg_statutory_board_res_partner_npo_npo09","School of Engineering","NPO09","l10n_sg_statutory_board_res_partner_npo"
"l10n_sg_statutory_board_res_partner_npo_npo13","CET Academy","NPO13","l10n_sg_statutory_board_res_partner_npo"
"l10n_sg_statutory_board_res_partner_nyp_nyp09","Sg Institute of Retail Studies","NYP09","l10n_sg_statutory_board_res_partner_nyp"
"l10n_sg_statutory_board_res_partner_nyp_nyp10","Asian Culinary Institute","NYP10","l10n_sg_statutory_board_res_partner_nyp"
"l10n_sg_statutory_board_res_partner_nyp_nyp11","NACE","NYP11","l10n_sg_statutory_board_res_partner_nyp"
"l10n_sg_statutory_board_res_partner_nyp_nyp12","Communications & Outreach","NYP12","l10n_sg_statutory_board_res_partner_nyp"
"l10n_sg_statutory_board_res_partner_nyp_nyp13","Ctr for Ind & Lifelong Lrning","NYP13","l10n_sg_statutory_board_res_partner_nyp"
"l10n_sg_statutory_board_res_partner_nyp_nyp14","Digital Solutions & Svs","NYP14","l10n_sg_statutory_board_res_partner_nyp"
"l10n_sg_statutory_board_res_partner_nyp_nyp16","Ctr for Teaching & Lrning Dev","NYP16","l10n_sg_statutory_board_res_partner_nyp"
"l10n_sg_statutory_board_res_partner_nyp_nyp17","D/Principal (Acad)'s Office","NYP17","l10n_sg_statutory_board_res_partner_nyp"
"l10n_sg_statutory_board_res_partner_nyp_nyp18","D/Principal (Sustnabtly&Tech)","NYP18","l10n_sg_statutory_board_res_partner_nyp"
"l10n_sg_statutory_board_res_partner_nyp_nyp19","D/Prin (Lfelng lrning&EnprSvs)","NYP19","l10n_sg_statutory_board_res_partner_nyp"
"l10n_sg_statutory_board_res_partner_nyp_nyp20","Eco-Campus Solution&Svc","NYP20","l10n_sg_statutory_board_res_partner_nyp"
"l10n_sg_statutory_board_res_partner_nyp_nyp21","Ctr for Innovtn & Life Skills","NYP21","l10n_sg_statutory_board_res_partner_nyp"
"l10n_sg_statutory_board_res_partner_nyp_nyp22","Finance","NYP22","l10n_sg_statutory_board_res_partner_nyp"
"l10n_sg_statutory_board_res_partner_nyp_nyp23","Human Resource","NYP23","l10n_sg_statutory_board_res_partner_nyp"
"l10n_sg_statutory_board_res_partner_nyp_nyp24","Ctr for Svc Excellence","NYP24","l10n_sg_statutory_board_res_partner_nyp"
"l10n_sg_statutory_board_res_partner_nyp_nyp25","SD (Std Afrs & Rgistar) Off","NYP25","l10n_sg_statutory_board_res_partner_nyp"
"l10n_sg_statutory_board_res_partner_nyp_nyp26","SD (Org Excellence) Off","NYP26","l10n_sg_statutory_board_res_partner_nyp"
"l10n_sg_statutory_board_res_partner_nyp_nyp27","Library","NYP27","l10n_sg_statutory_board_res_partner_nyp"
"l10n_sg_statutory_board_res_partner_nyp_nyp28","Principal's Office","NYP28","l10n_sg_statutory_board_res_partner_nyp"
"l10n_sg_statutory_board_res_partner_nyp_nyp30","Procurement & General Admin","NYP30","l10n_sg_statutory_board_res_partner_nyp"
"l10n_sg_statutory_board_res_partner_nyp_nyp31","Planning & Risk Mgmt","NYP31","l10n_sg_statutory_board_res_partner_nyp"
"l10n_sg_statutory_board_res_partner_nyp_nyp32","Adms & Academic Affairs","NYP32","l10n_sg_statutory_board_res_partner_nyp"
"l10n_sg_statutory_board_res_partner_nyp_nyp33","Student Dev & Alumni Relations","NYP33","l10n_sg_statutory_board_res_partner_nyp"
"l10n_sg_statutory_board_res_partner_nyp_nyp34","Ctr for Std Sup & Int Rltns","NYP34","l10n_sg_statutory_board_res_partner_nyp"
"l10n_sg_statutory_board_res_partner_nyp_nyp36","Organisational Transformation","NYP36","l10n_sg_statutory_board_res_partner_nyp"
"l10n_sg_statutory_board_res_partner_nyp_nyp37","Eco-Campus Planning & Devt","NYP37","l10n_sg_statutory_board_res_partner_nyp"
"l10n_sg_statutory_board_res_partner_nyp_nyp01","Business Management","NYP01","l10n_sg_statutory_board_res_partner_nyp"
"l10n_sg_statutory_board_res_partner_nyp_nyp02","Applied Science","NYP02","l10n_sg_statutory_board_res_partner_nyp"
"l10n_sg_statutory_board_res_partner_nyp_nyp03","Design & Media","NYP03","l10n_sg_statutory_board_res_partner_nyp"
"l10n_sg_statutory_board_res_partner_nyp_nyp04","Engineering","NYP04","l10n_sg_statutory_board_res_partner_nyp"
"l10n_sg_statutory_board_res_partner_nyp_nyp06","Information Technology","NYP06","l10n_sg_statutory_board_res_partner_nyp"
"l10n_sg_statutory_board_res_partner_nyp_nyp07","Health & Social Science","NYP07","l10n_sg_statutory_board_res_partner_nyp"
"l10n_sg_statutory_board_res_partner_nyp_nyp08","Nanyang Polytechnic Intnl","NYP08","l10n_sg_statutory_board_res_partner_nyp"
"l10n_sg_statutory_board_res_partner_par_par01","Parliament of Singapore","PAR01","l10n_sg_statutory_board_res_partner_par"
"l10n_sg_statutory_board_res_partner_pas_pas01","Active Ageing and Family Life","PAS01","l10n_sg_statutory_board_res_partner_pas"
"l10n_sg_statutory_board_res_partner_pas_pas02","Administration and Procurement","PAS02","l10n_sg_statutory_board_res_partner_pas"
"l10n_sg_statutory_board_res_partner_pas_pas03","Estates Management","PAS03","l10n_sg_statutory_board_res_partner_pas"
"l10n_sg_statutory_board_res_partner_pas_pas04","Ntnal Community Leadershp Inst","PAS04","l10n_sg_statutory_board_res_partner_pas"
"l10n_sg_statutory_board_res_partner_pas_pas05","CDC Planning and Development","PAS05","l10n_sg_statutory_board_res_partner_pas"
"l10n_sg_statutory_board_res_partner_pas_pas06","Central Singapore CDC","PAS06","l10n_sg_statutory_board_res_partner_pas"
"l10n_sg_statutory_board_res_partner_pas_pas07","North East CDC","PAS07","l10n_sg_statutory_board_res_partner_pas"
"l10n_sg_statutory_board_res_partner_pas_pas08","North West CDC","PAS08","l10n_sg_statutory_board_res_partner_pas"
"l10n_sg_statutory_board_res_partner_pas_pas09","South East CDC","PAS09","l10n_sg_statutory_board_res_partner_pas"
"l10n_sg_statutory_board_res_partner_pas_pas10","South West CDC","PAS10","l10n_sg_statutory_board_res_partner_pas"
"l10n_sg_statutory_board_res_partner_pas_pas12","Our Tampines Hub","PAS12","l10n_sg_statutory_board_res_partner_pas"
"l10n_sg_statutory_board_res_partner_pas_pas13","Heartbeat At Bedok","PAS13","l10n_sg_statutory_board_res_partner_pas"
"l10n_sg_statutory_board_res_partner_pas_pas14","Wisma Geylang Serai","PAS14","l10n_sg_statutory_board_res_partner_pas"
"l10n_sg_statutory_board_res_partner_pas_pas15","One Punggol","PAS15","l10n_sg_statutory_board_res_partner_pas"
"l10n_sg_statutory_board_res_partner_pas_pas17","Grassroots Services","PAS17","l10n_sg_statutory_board_res_partner_pas"
"l10n_sg_statutory_board_res_partner_pas_pas18","Corporate Finance","PAS18","l10n_sg_statutory_board_res_partner_pas"
"l10n_sg_statutory_board_res_partner_pas_pas20","Operations Devt and Planning","PAS20","l10n_sg_statutory_board_res_partner_pas"
"l10n_sg_statutory_board_res_partner_pas_pas21","PA Human Resources","PAS21","l10n_sg_statutory_board_res_partner_pas"
"l10n_sg_statutory_board_res_partner_pas_pas22","Infocomm Technology","PAS22","l10n_sg_statutory_board_res_partner_pas"
"l10n_sg_statutory_board_res_partner_pas_pas23","Data Management","PAS23","l10n_sg_statutory_board_res_partner_pas"
"l10n_sg_statutory_board_res_partner_pas_pas24","PA Integration","PAS24","l10n_sg_statutory_board_res_partner_pas"
"l10n_sg_statutory_board_res_partner_pas_pas25","PA Internal Audit","PAS25","l10n_sg_statutory_board_res_partner_pas"
"l10n_sg_statutory_board_res_partner_pas_pas26","Legal Service Office","PAS26","l10n_sg_statutory_board_res_partner_pas"
"l10n_sg_statutory_board_res_partner_pas_pas27","Lifeskills and Lifestyle","PAS27","l10n_sg_statutory_board_res_partner_pas"
"l10n_sg_statutory_board_res_partner_pas_pas28","Membership and Partnership","PAS28","l10n_sg_statutory_board_res_partner_pas"
"l10n_sg_statutory_board_res_partner_pas_pas29","North East CDD","PAS29","l10n_sg_statutory_board_res_partner_pas"
"l10n_sg_statutory_board_res_partner_pas_pas30","North West CDD","PAS30","l10n_sg_statutory_board_res_partner_pas"
"l10n_sg_statutory_board_res_partner_pas_pas32","Communications Development","PAS32","l10n_sg_statutory_board_res_partner_pas"
"l10n_sg_statutory_board_res_partner_pas_pas35","PA Strategic Planning","PAS35","l10n_sg_statutory_board_res_partner_pas"
"l10n_sg_statutory_board_res_partner_pas_pas37","Integrated Development","PAS37","l10n_sg_statutory_board_res_partner_pas"
"l10n_sg_statutory_board_res_partner_pas_pas38","Messaging & Outreach Division","PAS38","l10n_sg_statutory_board_res_partner_pas"
"l10n_sg_statutory_board_res_partner_pas_pas39","MarketingDigitalCommunication","PAS39","l10n_sg_statutory_board_res_partner_pas"
"l10n_sg_statutory_board_res_partner_pas_pas40","Organisational Svs Excellence","PAS40","l10n_sg_statutory_board_res_partner_pas"
"l10n_sg_statutory_board_res_partner_pas_pas41","Residents Network","PAS41","l10n_sg_statutory_board_res_partner_pas"
"l10n_sg_statutory_board_res_partner_pas_pas43","Arts and Culture","PAS43","l10n_sg_statutory_board_res_partner_pas"
"l10n_sg_statutory_board_res_partner_pas_pas44","South East CDD","PAS44","l10n_sg_statutory_board_res_partner_pas"
"l10n_sg_statutory_board_res_partner_pas_pas45","South West CDD","PAS45","l10n_sg_statutory_board_res_partner_pas"
"l10n_sg_statutory_board_res_partner_pas_pas46","Integrated Community Hub","PAS46","l10n_sg_statutory_board_res_partner_pas"
"l10n_sg_statutory_board_res_partner_pas_pas47","Volunteer Management","PAS47","l10n_sg_statutory_board_res_partner_pas"
"l10n_sg_statutory_board_res_partner_pas_pas52","Communications Analytics","PAS52","l10n_sg_statutory_board_res_partner_pas"
"l10n_sg_statutory_board_res_partner_pas_pas54","Youth and Sports","PAS54","l10n_sg_statutory_board_res_partner_pas"
"l10n_sg_statutory_board_res_partner_pas_pas55","Grassroots Policy Programmes","PAS55","l10n_sg_statutory_board_res_partner_pas"
"l10n_sg_statutory_board_res_partner_pas_pas56","Central Singapore CDD","PAS56","l10n_sg_statutory_board_res_partner_pas"
"l10n_sg_statutory_board_res_partner_pas_pas57","Strategic Communications","PAS57","l10n_sg_statutory_board_res_partner_pas"
"l10n_sg_statutory_board_res_partner_pas_pas58","PA Emergency Preparedness","PAS58","l10n_sg_statutory_board_res_partner_pas"
"l10n_sg_statutory_board_res_partner_pas_pas59","PAssion WaVe_Bedok Reservoir","PAS59","l10n_sg_statutory_board_res_partner_pas"
"l10n_sg_statutory_board_res_partner_pas_pas60","PAssion WaVe_East Coast","PAS60","l10n_sg_statutory_board_res_partner_pas"
"l10n_sg_statutory_board_res_partner_pas_pas61","PAssion WaVe_Jurong Lake","PAS61","l10n_sg_statutory_board_res_partner_pas"
"l10n_sg_statutory_board_res_partner_pas_pas62","PAssion WaVe_Outpost@Bayfront","PAS62","l10n_sg_statutory_board_res_partner_pas"
"l10n_sg_statutory_board_res_partner_pas_pas63","PAssion WaVe_Marina Bay","PAS63","l10n_sg_statutory_board_res_partner_pas"
"l10n_sg_statutory_board_res_partner_pas_pas64","PAssion WaVe_Pasir Ris","PAS64","l10n_sg_statutory_board_res_partner_pas"
"l10n_sg_statutory_board_res_partner_pas_pas65","PAssion WaVe_Sembawang","PAS65","l10n_sg_statutory_board_res_partner_pas"
"l10n_sg_statutory_board_res_partner_pas_pas66","Development Proj_Building","PAS66","l10n_sg_statutory_board_res_partner_pas"
"l10n_sg_statutory_board_res_partner_pas_pas67","Development Proj_ICT","PAS67","l10n_sg_statutory_board_res_partner_pas"
"l10n_sg_statutory_board_res_partner_pas_pas68","Development Proj_NACLI","PAS68","l10n_sg_statutory_board_res_partner_pas"
"l10n_sg_statutory_board_res_partner_pas_pas69","Development Proj_ODP","PAS69","l10n_sg_statutory_board_res_partner_pas"
"l10n_sg_statutory_board_res_partner_pas_pas70","Development Proj_RND","PAS70","l10n_sg_statutory_board_res_partner_pas"
"l10n_sg_statutory_board_res_partner_pas_pas71","Development Proj_HBB","PAS71","l10n_sg_statutory_board_res_partner_pas"
"l10n_sg_statutory_board_res_partner_pas_pas72","Development Proj_OP","PAS72","l10n_sg_statutory_board_res_partner_pas"
"l10n_sg_statutory_board_res_partner_pas_pas73","Development Proj_WGS","PAS73","l10n_sg_statutory_board_res_partner_pas"
"l10n_sg_statutory_board_res_partner_pas_pas74","Building","PAS74","l10n_sg_statutory_board_res_partner_pas"
"l10n_sg_statutory_board_res_partner_pas_pas75","Development Proj_Estates Mgt","PAS75","l10n_sg_statutory_board_res_partner_pas"
"l10n_sg_statutory_board_res_partner_pas_pas76","PA Transformation Office","PAS76","l10n_sg_statutory_board_res_partner_pas"
"l10n_sg_statutory_board_res_partner_pas_pas77","Development Proj_OSE","PAS77","l10n_sg_statutory_board_res_partner_pas"
"l10n_sg_statutory_board_res_partner_pas_pas78","Development Proj_NW CDC","PAS78","l10n_sg_statutory_board_res_partner_pas"
"l10n_sg_statutory_board_res_partner_pas_pas79","PAssion WaVe_HQ","PAS79","l10n_sg_statutory_board_res_partner_pas"
"l10n_sg_statutory_board_res_partner_pas_pas80","Development Proj_NE CDC","PAS80","l10n_sg_statutory_board_res_partner_pas"
"l10n_sg_statutory_board_res_partner_pas_pas81","Dev Proj_PW_Outpost@Bayfront","PAS81","l10n_sg_statutory_board_res_partner_pas"
"l10n_sg_statutory_board_res_partner_pbs_pbs01","Singapore Dental Council","PBS01","l10n_sg_statutory_board_res_partner_pbs"
"l10n_sg_statutory_board_res_partner_pbs_pbs02","Singapore Medical Council","PBS02","l10n_sg_statutory_board_res_partner_pbs"
"l10n_sg_statutory_board_res_partner_pbs_pbs03","Singapore Nursing Board","PBS03","l10n_sg_statutory_board_res_partner_pbs"
"l10n_sg_statutory_board_res_partner_pbs_pbs04","Singapore Pharmacy Council","PBS04","l10n_sg_statutory_board_res_partner_pbs"
"l10n_sg_statutory_board_res_partner_pbs_pbs05","TCM Practitioners Board","PBS05","l10n_sg_statutory_board_res_partner_pbs"
"l10n_sg_statutory_board_res_partner_pco_pco01","Presco for Minority Rights","PCO01","l10n_sg_statutory_board_res_partner_pco"
"l10n_sg_statutory_board_res_partner_pco_pco02","Council of Presidential Advise","PCO02","l10n_sg_statutory_board_res_partner_pco"
"l10n_sg_statutory_board_res_partner_pco_pco03","Presco for Religious Harmony","PCO03","l10n_sg_statutory_board_res_partner_pco"
"l10n_sg_statutory_board_res_partner_peb_peb01","Professional Engrs Board (PEB)","PEB01","l10n_sg_statutory_board_res_partner_peb"
"l10n_sg_statutory_board_res_partner_pfa_pfa01","Producitvity Funds Admin Board","PFA01","l10n_sg_statutory_board_res_partner_pfa"
"l10n_sg_statutory_board_res_partner_pmo_pmo02","CS / HC / SPR","PMO02","l10n_sg_statutory_board_res_partner_pmo"
"l10n_sg_statutory_board_res_partner_pmo_pmo03","IT","PMO03","l10n_sg_statutory_board_res_partner_pmo"
"l10n_sg_statutory_board_res_partner_pmo_pmo04","HRP / LD / PSL","PMO04","l10n_sg_statutory_board_res_partner_pmo"
"l10n_sg_statutory_board_res_partner_pmo_pmo09","PSTC","PMO09","l10n_sg_statutory_board_res_partner_pmo"
"l10n_sg_statutory_board_res_partner_pmo_pmo10","PSC Secretariat","PMO10","l10n_sg_statutory_board_res_partner_pmo"
"l10n_sg_statutory_board_res_partner_pmo_pmo17","Communications","PMO17","l10n_sg_statutory_board_res_partner_pmo"
"l10n_sg_statutory_board_res_partner_pmo_pmo20","WD & EPO","PMO20","l10n_sg_statutory_board_res_partner_pmo"
"l10n_sg_statutory_board_res_partner_pmo_pmo25","HRMIS","PMO25","l10n_sg_statutory_board_res_partner_pmo"
"l10n_sg_statutory_board_res_partner_pmo_pmo01","PMO HQ","PMO01","l10n_sg_statutory_board_res_partner_pmo"
"l10n_sg_statutory_board_res_partner_pmo_pmo12","Elections Department","PMO12","l10n_sg_statutory_board_res_partner_pmo"
"l10n_sg_statutory_board_res_partner_pmo_pmo13","Corrupt Practices Investigatn","PMO13","l10n_sg_statutory_board_res_partner_pmo"
"l10n_sg_statutory_board_res_partner_pmo_pmo15","PSC Scholarships","PMO15","l10n_sg_statutory_board_res_partner_pmo"
"l10n_sg_statutory_board_res_partner_pmo_pmo16","National Security Co-ordinatn","PMO16","l10n_sg_statutory_board_res_partner_pmo"
"l10n_sg_statutory_board_res_partner_pmo_pmo19","National Research Foundation","PMO19","l10n_sg_statutory_board_res_partner_pmo"
"l10n_sg_statutory_board_res_partner_pmo_pmo21","National Research Fund","PMO21","l10n_sg_statutory_board_res_partner_pmo"
"l10n_sg_statutory_board_res_partner_pmo_pmo27","Communications Group","PMO27","l10n_sg_statutory_board_res_partner_pmo"
"l10n_sg_statutory_board_res_partner_pmo_pmo28","Strategy Group","PMO28","l10n_sg_statutory_board_res_partner_pmo"
"l10n_sg_statutory_board_res_partner_pmo_pmo29","S&T Policy and Plans Office","PMO29","l10n_sg_statutory_board_res_partner_pmo"
"l10n_sg_statutory_board_res_partner_ptc_ptc01","Public Transport Council","PTC01","l10n_sg_statutory_board_res_partner_ptc"
"l10n_sg_statutory_board_res_partner_pub_pub01","Organisational Excellence","PUB01","l10n_sg_statutory_board_res_partner_pub"
"l10n_sg_statutory_board_res_partner_pub_pub02","Singapore Water Academy","PUB02","l10n_sg_statutory_board_res_partner_pub"
"l10n_sg_statutory_board_res_partner_pub_pub03","Defunct","PUB03","l10n_sg_statutory_board_res_partner_pub"
"l10n_sg_statutory_board_res_partner_pub_pub04","Human Resources","PUB04","l10n_sg_statutory_board_res_partner_pub"
"l10n_sg_statutory_board_res_partner_pub_pub05","Industry Development","PUB05","l10n_sg_statutory_board_res_partner_pub"
"l10n_sg_statutory_board_res_partner_pub_pub06","Water Supply Network","PUB06","l10n_sg_statutory_board_res_partner_pub"
"l10n_sg_statutory_board_res_partner_pub_pub07","Water Reclamation (Network)","PUB07","l10n_sg_statutory_board_res_partner_pub"
"l10n_sg_statutory_board_res_partner_pub_pub08","Water Supply Plant","PUB08","l10n_sg_statutory_board_res_partner_pub"
"l10n_sg_statutory_board_res_partner_pub_pub09","Technology","PUB09","l10n_sg_statutory_board_res_partner_pub"
"l10n_sg_statutory_board_res_partner_pub_pub10","Water Reclamation (Plant)","PUB10","l10n_sg_statutory_board_res_partner_pub"
"l10n_sg_statutory_board_res_partner_pub_pub11","Infotech&Digital Transformatn","PUB11","l10n_sg_statutory_board_res_partner_pub"
"l10n_sg_statutory_board_res_partner_pub_pub12","Catchment & Waterways","PUB12","l10n_sg_statutory_board_res_partner_pub"
"l10n_sg_statutory_board_res_partner_pub_pub13","Special Projects & Procurement","PUB13","l10n_sg_statutory_board_res_partner_pub"
"l10n_sg_statutory_board_res_partner_pub_pub14","3P Network","PUB14","l10n_sg_statutory_board_res_partner_pub"
"l10n_sg_statutory_board_res_partner_pub_pub15","Jurong WRP","PUB15","l10n_sg_statutory_board_res_partner_pub"
"l10n_sg_statutory_board_res_partner_pub_pub16","Kranji Newater Factory","PUB16","l10n_sg_statutory_board_res_partner_pub"
"l10n_sg_statutory_board_res_partner_pub_pub17","Ulu Pandan WRP","PUB17","l10n_sg_statutory_board_res_partner_pub"
"l10n_sg_statutory_board_res_partner_pub_pub18","Kranji WRP","PUB18","l10n_sg_statutory_board_res_partner_pub"
"l10n_sg_statutory_board_res_partner_pub_pub19","Bedok Newater Factory","PUB19","l10n_sg_statutory_board_res_partner_pub"
"l10n_sg_statutory_board_res_partner_pub_pub20","Changi WRP","PUB20","l10n_sg_statutory_board_res_partner_pub"
"l10n_sg_statutory_board_res_partner_pub_pub21","DTSS 2","PUB21","l10n_sg_statutory_board_res_partner_pub"
"l10n_sg_statutory_board_res_partner_pub_pub22","Sewer Maintenance Unit-WRN","PUB22","l10n_sg_statutory_board_res_partner_pub"
"l10n_sg_statutory_board_res_partner_pub_pub23","Kolam Ayer Centl Monitg Stn","PUB23","l10n_sg_statutory_board_res_partner_pub"
"l10n_sg_statutory_board_res_partner_pub_pub24","Coastal Protection Dept","PUB24","l10n_sg_statutory_board_res_partner_pub"
"l10n_sg_statutory_board_res_partner_pub_pub25","Joint Operations","PUB25","l10n_sg_statutory_board_res_partner_pub"
"l10n_sg_statutory_board_res_partner_pub_pub26","Enterprise Risk Management","PUB26","l10n_sg_statutory_board_res_partner_pub"
"l10n_sg_statutory_board_res_partner_pub_pub27","Internal Audit","PUB27","l10n_sg_statutory_board_res_partner_pub"
"l10n_sg_statutory_board_res_partner_pub_pub28","Legal Office","PUB28","l10n_sg_statutory_board_res_partner_pub"
"l10n_sg_statutory_board_res_partner_pub_pub29","Policy and Planning","PUB29","l10n_sg_statutory_board_res_partner_pub"
"l10n_sg_statutory_board_res_partner_pub_pub30","MEICA Department","PUB30","l10n_sg_statutory_board_res_partner_pub"
"l10n_sg_statutory_board_res_partner_pub_pub31","Water Quality","PUB31","l10n_sg_statutory_board_res_partner_pub"
"l10n_sg_statutory_board_res_partner_pub_pub32","Centralised Services","PUB32","l10n_sg_statutory_board_res_partner_pub"
"l10n_sg_statutory_board_res_partner_pub_pub33","SS Div","PUB33","l10n_sg_statutory_board_res_partner_pub"
"l10n_sg_statutory_board_res_partner_pub_pub34","Public Private Partnership Mgt","PUB34","l10n_sg_statutory_board_res_partner_pub"
"l10n_sg_statutory_board_res_partner_pub_pub35","Water Systems Department","PUB35","l10n_sg_statutory_board_res_partner_pub"
"l10n_sg_statutory_board_res_partner_pub_pub36","Flood Resilience Design Dept","PUB36","l10n_sg_statutory_board_res_partner_pub"
"l10n_sg_statutory_board_res_partner_rpo_rpo02","RPO Central cost center","RPO02","l10n_sg_statutory_board_res_partner_rpo"
"l10n_sg_statutory_board_res_partner_rpo_rpo03","Library","RPO03","l10n_sg_statutory_board_res_partner_rpo"
"l10n_sg_statutory_board_res_partner_rpo_rpo05","OCC Corporate Communications","RPO05","l10n_sg_statutory_board_res_partner_rpo"
"l10n_sg_statutory_board_res_partner_rpo_rpo06","OED Entrepreneurship Devt","RPO06","l10n_sg_statutory_board_res_partner_rpo"
"l10n_sg_statutory_board_res_partner_rpo_rpo07","OES Estates","RPO07","l10n_sg_statutory_board_res_partner_rpo"
"l10n_sg_statutory_board_res_partner_rpo_rpo08","OFN Finance","RPO08","l10n_sg_statutory_board_res_partner_rpo"
"l10n_sg_statutory_board_res_partner_rpo_rpo09","OHR Human Resource","RPO09","l10n_sg_statutory_board_res_partner_rpo"
"l10n_sg_statutory_board_res_partner_rpo_rpo10","OIC Office of Industry Collab","RPO10","l10n_sg_statutory_board_res_partner_rpo"
"l10n_sg_statutory_board_res_partner_rpo_rpo11","OIR International Relations","RPO11","l10n_sg_statutory_board_res_partner_rpo"
"l10n_sg_statutory_board_res_partner_rpo_rpo12","OIS Information Services","RPO12","l10n_sg_statutory_board_res_partner_rpo"
"l10n_sg_statutory_board_res_partner_rpo_rpo13","OPT Procurement","RPO13","l10n_sg_statutory_board_res_partner_rpo"
"l10n_sg_statutory_board_res_partner_rpo_rpo14","OPC Principal","RPO14","l10n_sg_statutory_board_res_partner_rpo"
"l10n_sg_statutory_board_res_partner_rpo_rpo15","OPN Planning","RPO15","l10n_sg_statutory_board_res_partner_rpo"
"l10n_sg_statutory_board_res_partner_rpo_rpo16","ORG Registrar","RPO16","l10n_sg_statutory_board_res_partner_rpo"
"l10n_sg_statutory_board_res_partner_rpo_rpo17","OSE Org and Service Excellence","RPO17","l10n_sg_statutory_board_res_partner_rpo"
"l10n_sg_statutory_board_res_partner_rpo_rpo18","OSG Student and Grad Affairs","RPO18","l10n_sg_statutory_board_res_partner_rpo"
"l10n_sg_statutory_board_res_partner_rpo_rpo19","OSS Student Support","RPO19","l10n_sg_statutory_board_res_partner_rpo"
"l10n_sg_statutory_board_res_partner_rpo_rpo20","OTD Technology Development","RPO20","l10n_sg_statutory_board_res_partner_rpo"
"l10n_sg_statutory_board_res_partner_rpo_rpo21","TRCC The Republic Cultural Ctr","RPO21","l10n_sg_statutory_board_res_partner_rpo"
"l10n_sg_statutory_board_res_partner_rpo_rpo23","CED Ctr for Educational Devt","RPO23","l10n_sg_statutory_board_res_partner_rpo"
"l10n_sg_statutory_board_res_partner_rpo_rpo24","COI SCM Centre of Innovation","RPO24","l10n_sg_statutory_board_res_partner_rpo"
"l10n_sg_statutory_board_res_partner_rpo_rpo25","CFS Foundational Studies","RPO25","l10n_sg_statutory_board_res_partner_rpo"
"l10n_sg_statutory_board_res_partner_rpo_rpo26","SAS School of Applied Science","RPO26","l10n_sg_statutory_board_res_partner_rpo"
"l10n_sg_statutory_board_res_partner_rpo_rpo27","SEG School of Engineering","RPO27","l10n_sg_statutory_board_res_partner_rpo"
"l10n_sg_statutory_board_res_partner_rpo_rpo29","SSH School of Sports & Health","RPO29","l10n_sg_statutory_board_res_partner_rpo"
"l10n_sg_statutory_board_res_partner_rpo_rpo30","SOI School of Infocomm","RPO30","l10n_sg_statutory_board_res_partner_rpo"
"l10n_sg_statutory_board_res_partner_rpo_rpo31","SBZ School of Business","RPO31","l10n_sg_statutory_board_res_partner_rpo"
"l10n_sg_statutory_board_res_partner_rpo_rpo32","SOH School of Hospitality","RPO32","l10n_sg_statutory_board_res_partner_rpo"
"l10n_sg_statutory_board_res_partner_rpo_rpo34","STA School of Tech for Arts","RPO34","l10n_sg_statutory_board_res_partner_rpo"
"l10n_sg_statutory_board_res_partner_rpo_rpo35","ACE Academy for Continuing Edu","RPO35","l10n_sg_statutory_board_res_partner_rpo"
"l10n_sg_statutory_board_res_partner_rpo_rpo37","Officer on Secondment","RPO37","l10n_sg_statutory_board_res_partner_rpo"
"l10n_sg_statutory_board_res_partner_rpo_rpo38","OSD Staff Development","RPO38","l10n_sg_statutory_board_res_partner_rpo"
"l10n_sg_statutory_board_res_partner_rpo_rpo40","AGRI Centre","RPO40","l10n_sg_statutory_board_res_partner_rpo"
"l10n_sg_statutory_board_res_partner_rpo_rpo41","DDU Digitalisation & Data Unit","RPO41","l10n_sg_statutory_board_res_partner_rpo"
"l10n_sg_statutory_board_res_partner_scb_scb01","SCB_Science Centre Board","SCB01","l10n_sg_statutory_board_res_partner_scb"
"l10n_sg_statutory_board_res_partner_sdc_sdc01","SDC_Balance Sheet","SDC01","l10n_sg_statutory_board_res_partner_sdc"
"l10n_sg_statutory_board_res_partner_sdc_sdc02","SDC_CEO OFFICE","SDC02","l10n_sg_statutory_board_res_partner_sdc"
"l10n_sg_statutory_board_res_partner_sdc_sdc03","SDC_INTERNAL AUDIT","SDC03","l10n_sg_statutory_board_res_partner_sdc"
"l10n_sg_statutory_board_res_partner_sdc_sdc04","SDC_CORPORATE PLANNING","SDC04","l10n_sg_statutory_board_res_partner_sdc"
"l10n_sg_statutory_board_res_partner_sdc_sdc05","SDC_GUEST INSIGHTS n EXP","SDC05","l10n_sg_statutory_board_res_partner_sdc"
"l10n_sg_statutory_board_res_partner_sdc_sdc06","SDC_ASSET MANAGEMENT","SDC06","l10n_sg_statutory_board_res_partner_sdc"
"l10n_sg_statutory_board_res_partner_sdc_sdc07","SDC_ISLAND INVESTMENT","SDC07","l10n_sg_statutory_board_res_partner_sdc"
"l10n_sg_statutory_board_res_partner_sdc_sdc08","SDC_FINANCE","SDC08","l10n_sg_statutory_board_res_partner_sdc"
"l10n_sg_statutory_board_res_partner_sdc_sdc09","SDC_BLDG ENGRG COASTAL PROTECT","SDC09","l10n_sg_statutory_board_res_partner_sdc"
"l10n_sg_statutory_board_res_partner_sdc_sdc10","SDC_PLANNING n ARCHITECTURE","SDC10","l10n_sg_statutory_board_res_partner_sdc"
"l10n_sg_statutory_board_res_partner_sdc_sdc11","SDC_PROCUREMENT","SDC11","l10n_sg_statutory_board_res_partner_sdc"
"l10n_sg_statutory_board_res_partner_sdc_sdc12","SDC_INTERCO","SDC12","l10n_sg_statutory_board_res_partner_sdc"
"l10n_sg_statutory_board_res_partner_sdc_sdc13","SDC_MAJOR INFRA n CONSTRUCTION","SDC13","l10n_sg_statutory_board_res_partner_sdc"
"l10n_sg_statutory_board_res_partner_sdc_sdc14","SDC_LEGAL","SDC14","l10n_sg_statutory_board_res_partner_sdc"
"l10n_sg_statutory_board_res_partner_sdc_sdc15","SDC_SPECIAL PROJECTS","SDC15","l10n_sg_statutory_board_res_partner_sdc"
"l10n_sg_statutory_board_res_partner_sdc_sdc16","SDC_BRAND MARKETING","SDC16","l10n_sg_statutory_board_res_partner_sdc"
"l10n_sg_statutory_board_res_partner_sdc_sdc17","SDC_LAND ADMINISTRATION","SDC17","l10n_sg_statutory_board_res_partner_sdc"
"l10n_sg_statutory_board_res_partner_sdc_sdc18","SDC_DIGITAL MARKETING","SDC18","l10n_sg_statutory_board_res_partner_sdc"
"l10n_sg_statutory_board_res_partner_sdc_sdc19","SDC_HUMAN RESOURCE","SDC19","l10n_sg_statutory_board_res_partner_sdc"
"l10n_sg_statutory_board_res_partner_sdc_sdc20","SDC_ADMINISTRATION","SDC20","l10n_sg_statutory_board_res_partner_sdc"
"l10n_sg_statutory_board_res_partner_sdc_sdc21","SDC_PLANNING LOYALTY CHNL MKTG","SDC21","l10n_sg_statutory_board_res_partner_sdc"
"l10n_sg_statutory_board_res_partner_sdc_sdc22","SDC_EVENTS MGT","SDC22","l10n_sg_statutory_board_res_partner_sdc"
"l10n_sg_statutory_board_res_partner_sdc_sdc23","SDC_BRAND EXPERIENCE","SDC23","l10n_sg_statutory_board_res_partner_sdc"
"l10n_sg_statutory_board_res_partner_sdc_sdc24","SDC_SERVICE AMBASSADORS","SDC24","l10n_sg_statutory_board_res_partner_sdc"
"l10n_sg_statutory_board_res_partner_sdc_sdc25","SDC_ANIMAL ENCOUNTERS","SDC25","l10n_sg_statutory_board_res_partner_sdc"
"l10n_sg_statutory_board_res_partner_sdc_sdc26","SDC_BEACH OPERATIONS","SDC26","l10n_sg_statutory_board_res_partner_sdc"
"l10n_sg_statutory_board_res_partner_sdc_sdc27","SDC_EVENTS PRODUCTION","SDC27","l10n_sg_statutory_board_res_partner_sdc"
"l10n_sg_statutory_board_res_partner_sdc_sdc28","SDC_ISLAND SVC n FACILITY MGMT","SDC28","l10n_sg_statutory_board_res_partner_sdc"
"l10n_sg_statutory_board_res_partner_sdc_sdc29","SDC_RECREATIONAL NODES UNIT","SDC29","l10n_sg_statutory_board_res_partner_sdc"
"l10n_sg_statutory_board_res_partner_sdc_sdc30","SDC_INTEGRATED TRANSPORT HUB","SDC30","l10n_sg_statutory_board_res_partner_sdc"
"l10n_sg_statutory_board_res_partner_sdc_sdc31","SDC_TRANSPORT","SDC31","l10n_sg_statutory_board_res_partner_sdc"
"l10n_sg_statutory_board_res_partner_sdc_sdc32","SDC_ISLAND TECHNICAL SERVICES","SDC32","l10n_sg_statutory_board_res_partner_sdc"
"l10n_sg_statutory_board_res_partner_sdc_sdc33","SDC_CIVIL n STRUCTURAL","SDC33","l10n_sg_statutory_board_res_partner_sdc"
"l10n_sg_statutory_board_res_partner_sdc_sdc34","SDC_CARPARK.GANTRY.GAC","SDC34","l10n_sg_statutory_board_res_partner_sdc"
"l10n_sg_statutory_board_res_partner_sdc_sdc35","SDC_FORT SILOSO","SDC35","l10n_sg_statutory_board_res_partner_sdc"
"l10n_sg_statutory_board_res_partner_sdc_sdc36","SDC_FLEET MANAGEMENT","SDC36","l10n_sg_statutory_board_res_partner_sdc"
"l10n_sg_statutory_board_res_partner_sdc_sdc37","SDC_LANDSCAPE","SDC37","l10n_sg_statutory_board_res_partner_sdc"
"l10n_sg_statutory_board_res_partner_sdc_sdc38","SDC_ENVIRONMENTAL CONTROL","SDC38","l10n_sg_statutory_board_res_partner_sdc"
"l10n_sg_statutory_board_res_partner_sdc_sdc39","SDC_SOUTHERN ISLANDS","SDC39","l10n_sg_statutory_board_res_partner_sdc"
"l10n_sg_statutory_board_res_partner_sdc_sdc40","SDC_OPS PLANNING n DEVELOPMENT","SDC40","l10n_sg_statutory_board_res_partner_sdc"
"l10n_sg_statutory_board_res_partner_sdc_sdc41","SDC_PRECINCT MANAGEMENT","SDC41","l10n_sg_statutory_board_res_partner_sdc"
"l10n_sg_statutory_board_res_partner_sdc_sdc42","SDC_SALES BIZ n CHANNELS DEV","SDC42","l10n_sg_statutory_board_res_partner_sdc"
"l10n_sg_statutory_board_res_partner_sdc_sdc43","SDC_SENTOSA RESILIENCE","SDC43","l10n_sg_statutory_board_res_partner_sdc"
"l10n_sg_statutory_board_res_partner_sdc_sdc44","SDC_PALAWAN KIDZ CITY","SDC44","l10n_sg_statutory_board_res_partner_sdc"
"l10n_sg_statutory_board_res_partner_sdc_sdc45","SDC_INTEGRATED OPERATIONS HUB","SDC45","l10n_sg_statutory_board_res_partner_sdc"
"l10n_sg_statutory_board_res_partner_sdc_sdc46","SDC_PARTNERSHIPS n EVENTS","SDC46","l10n_sg_statutory_board_res_partner_sdc"
"l10n_sg_statutory_board_res_partner_sdc_sdc47","SDC_DIGITAL ENT ENABLEMENT","SDC47","l10n_sg_statutory_board_res_partner_sdc"
"l10n_sg_statutory_board_res_partner_sdc_sdc48","SDC_ARCHITECTURE n INFRA SVCS","SDC48","l10n_sg_statutory_board_res_partner_sdc"
"l10n_sg_statutory_board_res_partner_sdc_sdc49","SDC_SECURITY PROCESS n GOVN","SDC49","l10n_sg_statutory_board_res_partner_sdc"
"l10n_sg_statutory_board_res_partner_sdc_sdc50","SDC_DIGITAL BIZ ENABLEMENT","SDC50","l10n_sg_statutory_board_res_partner_sdc"
"l10n_sg_statutory_board_res_partner_sdc_sdc51","SDC_GOLF CLUB-ADMIN","SDC51","l10n_sg_statutory_board_res_partner_sdc"
"l10n_sg_statutory_board_res_partner_sdc_sdc52","SDC_GOLF CLUB-COURSE MAINT","SDC52","l10n_sg_statutory_board_res_partner_sdc"
"l10n_sg_statutory_board_res_partner_sdc_sdc53","SDC_GOLF CLUB-FnB GOLF TERRACE","SDC53","l10n_sg_statutory_board_res_partner_sdc"
"l10n_sg_statutory_board_res_partner_sdc_sdc54","SDC_GOLF CLUB-FnB PAVILION","SDC54","l10n_sg_statutory_board_res_partner_sdc"
"l10n_sg_statutory_board_res_partner_sdc_sdc55","SDC_GOLF CLUB-FnB BANQUET","SDC55","l10n_sg_statutory_board_res_partner_sdc"
"l10n_sg_statutory_board_res_partner_sdc_sdc56","SDC_GOLF CLUB-FnB MEMBERS BAR","SDC56","l10n_sg_statutory_board_res_partner_sdc"
"l10n_sg_statutory_board_res_partner_sdc_sdc57","SDC_GOLF CLUB-GOLFING","SDC57","l10n_sg_statutory_board_res_partner_sdc"
"l10n_sg_statutory_board_res_partner_sdc_sdc58","SDC_GOLF CLUB-CLUBHOUSE","SDC58","l10n_sg_statutory_board_res_partner_sdc"
"l10n_sg_statutory_board_res_partner_sdc_sdc59","SDC_SENTOSA COVE RESORT MGT","SDC59","l10n_sg_statutory_board_res_partner_sdc"
"l10n_sg_statutory_board_res_partner_sdc_sdc60","SDC_RESORT DEVELOPMENT","SDC60","l10n_sg_statutory_board_res_partner_sdc"
"l10n_sg_statutory_board_res_partner_sdc_sdc61","SDC_ATTRACTIONS - IOS","SDC61","l10n_sg_statutory_board_res_partner_sdc"
"l10n_sg_statutory_board_res_partner_sdc_sdc62","SDC_ATTRACTIONS - FORT SILOSO","SDC62","l10n_sg_statutory_board_res_partner_sdc"
"l10n_sg_statutory_board_res_partner_sdc_sdc63","SDC_ATTRACTIONS-WINGS OF TIME","SDC63","l10n_sg_statutory_board_res_partner_sdc"
"l10n_sg_statutory_board_res_partner_sdc_sdc64","SDC_OUTDOOR ATTRACTIONS","SDC64","l10n_sg_statutory_board_res_partner_sdc"
"l10n_sg_statutory_board_res_partner_sdc_sdc65","SDC_BEACH OPS - PALAWAN BEACH","SDC65","l10n_sg_statutory_board_res_partner_sdc"
"l10n_sg_statutory_board_res_partner_sdc_sdc66","SDC_BEACH OPS - TANJONG BEACH","SDC66","l10n_sg_statutory_board_res_partner_sdc"
"l10n_sg_statutory_board_res_partner_sdc_sdc67","SDC_SENSORYSCAPE","SDC67","l10n_sg_statutory_board_res_partner_sdc"
"l10n_sg_statutory_board_res_partner_sdc_sdc68","SDC_SENTOSA EXPRESS ONM","SDC68","l10n_sg_statutory_board_res_partner_sdc"
"l10n_sg_statutory_board_res_partner_sdc_sdc69","SDC_ARRIVAL PLAZA - COVE","SDC69","l10n_sg_statutory_board_res_partner_sdc"
"l10n_sg_statutory_board_res_partner_sdc_sdc70","SDC_COVE IN SDC","SDC70","l10n_sg_statutory_board_res_partner_sdc"
"l10n_sg_statutory_board_res_partner_sdc_sdc71","SDC_O2O N COMMERCIAL","SDC71","l10n_sg_statutory_board_res_partner_sdc"
"l10n_sg_statutory_board_res_partner_sdc_sdc72","SDC_GOLF CLUB-FnB PYRAMID","SDC72","l10n_sg_statutory_board_res_partner_sdc"
"l10n_sg_statutory_board_res_partner_sdc_sdc73","SDC_GOLF CLUB-RENTAL","SDC73","l10n_sg_statutory_board_res_partner_sdc"
"l10n_sg_statutory_board_res_partner_sdc_sdc74","SDC_RESIDENTIAL","SDC74","l10n_sg_statutory_board_res_partner_sdc"
"l10n_sg_statutory_board_res_partner_sdc_sdc75","SDC_CENTRAL","SDC75","l10n_sg_statutory_board_res_partner_sdc"
"l10n_sg_statutory_board_res_partner_sdc_sdc76","SDC_FORESHORE","SDC76","l10n_sg_statutory_board_res_partner_sdc"
"l10n_sg_statutory_board_res_partner_sdc_sdc77","SDC_CORP SVCS-ISLD CELEBRATION","SDC77","l10n_sg_statutory_board_res_partner_sdc"
"l10n_sg_statutory_board_res_partner_sdc_sdc78","SDC_STRATEGIC COMMS n PR","SDC78","l10n_sg_statutory_board_res_partner_sdc"
"l10n_sg_statutory_board_res_partner_sdc_sdc79","SDC_Officer on Secondment","SDC79","l10n_sg_statutory_board_res_partner_sdc"
"l10n_sg_statutory_board_res_partner_seb_seb01","SEAB","SEB01","l10n_sg_statutory_board_res_partner_seb"
"l10n_sg_statutory_board_res_partner_sfa_sfa01","SFA Corporate Development","SFA01","l10n_sg_statutory_board_res_partner_sfa"
"l10n_sg_statutory_board_res_partner_sfa_sfa02","SFA Administration","SFA02","l10n_sg_statutory_board_res_partner_sfa"
"l10n_sg_statutory_board_res_partner_sfa_sfa03","SFA Digital Infra & Resilency","SFA03","l10n_sg_statutory_board_res_partner_sfa"
"l10n_sg_statutory_board_res_partner_sfa_sfa04","SFA Human Resource","SFA04","l10n_sg_statutory_board_res_partner_sfa"
"l10n_sg_statutory_board_res_partner_sfa_sfa05","SFA Corporate Legal","SFA05","l10n_sg_statutory_board_res_partner_sfa"
"l10n_sg_statutory_board_res_partner_sfa_sfa06","SFA Comms and Service Quality","SFA06","l10n_sg_statutory_board_res_partner_sfa"
"l10n_sg_statutory_board_res_partner_sfa_sfa07","SFA Strategic & Corp Planning","SFA07","l10n_sg_statutory_board_res_partner_sfa"
"l10n_sg_statutory_board_res_partner_sfa_sfa08","SFA Intl Coop & Trade P'ships","SFA08","l10n_sg_statutory_board_res_partner_sfa"
"l10n_sg_statutory_board_res_partner_sfa_sfa09","SFA System and Proj Management","SFA09","l10n_sg_statutory_board_res_partner_sfa"
"l10n_sg_statutory_board_res_partner_sfa_sfa10","SFA Infrastructure Plan & Devt","SFA10","l10n_sg_statutory_board_res_partner_sfa"
"l10n_sg_statutory_board_res_partner_sfa_sfa11","SFA Research Planning & Mgmt","SFA11","l10n_sg_statutory_board_res_partner_sfa"
"l10n_sg_statutory_board_res_partner_sfa_sfa12","SFA Infrastructure Management","SFA12","l10n_sg_statutory_board_res_partner_sfa"
"l10n_sg_statutory_board_res_partner_sfa_sfa13","SFA Local Prod Strategy & Devt","SFA13","l10n_sg_statutory_board_res_partner_sfa"
"l10n_sg_statutory_board_res_partner_sfa_sfa14","SFA Agrifood Technology","SFA14","l10n_sg_statutory_board_res_partner_sfa"
"l10n_sg_statutory_board_res_partner_sfa_sfa15","SFA Food Safety Policy","SFA15","l10n_sg_statutory_board_res_partner_sfa"
"l10n_sg_statutory_board_res_partner_sfa_sfa16","SFA National Ctr Food Science","SFA16","l10n_sg_statutory_board_res_partner_sfa"
"l10n_sg_statutory_board_res_partner_sfa_sfa17","SFA Authorisations","SFA17","l10n_sg_statutory_board_res_partner_sfa"
"l10n_sg_statutory_board_res_partner_sfa_sfa18","SFA Regulatory Operations","SFA18","l10n_sg_statutory_board_res_partner_sfa"
"l10n_sg_statutory_board_res_partner_sfa_sfa19","SFA Joint Operations","SFA19","l10n_sg_statutory_board_res_partner_sfa"
"l10n_sg_statutory_board_res_partner_sfa_sfa20","SFA Trg & Operations Risk","SFA20","l10n_sg_statutory_board_res_partner_sfa"
"l10n_sg_statutory_board_res_partner_sfa_sfa21","SFA DGT and Tech & DMP","SFA21","l10n_sg_statutory_board_res_partner_sfa"
"l10n_sg_statutory_board_res_partner_sfa_sfa22","SFA SC Resilience & Cont Mgmt","SFA22","l10n_sg_statutory_board_res_partner_sfa"
"l10n_sg_statutory_board_res_partner_sfa_sfa23","SFA Food Supply Operations","SFA23","l10n_sg_statutory_board_res_partner_sfa"
"l10n_sg_statutory_board_res_partner_sfa_sfa24","SFA Violations Management","SFA24","l10n_sg_statutory_board_res_partner_sfa"
"l10n_sg_statutory_board_res_partner_sfa_sfa25","SFA Resource Strategy","SFA25","l10n_sg_statutory_board_res_partner_sfa"
"l10n_sg_statutory_board_res_partner_sla_sla01","Singapore Land Authority","SLA01","l10n_sg_statutory_board_res_partner_sla"
"l10n_sg_statutory_board_res_partner_slf_slf01","SLF_SLF Group","SLF01","l10n_sg_statutory_board_res_partner_slf"
"l10n_sg_statutory_board_res_partner_spo_spo05","ACAD","SPO05","l10n_sg_statutory_board_res_partner_spo"
"l10n_sg_statutory_board_res_partner_spo_spo06","Development","SPO06","l10n_sg_statutory_board_res_partner_spo"
"l10n_sg_statutory_board_res_partner_spo_spo07","Dept of Academic Services","SPO07","l10n_sg_statutory_board_res_partner_spo"
"l10n_sg_statutory_board_res_partner_spo_spo09","Dept of Info & Digital Tech","SPO09","l10n_sg_statutory_board_res_partner_spo"
"l10n_sg_statutory_board_res_partner_spo_spo12","Dept of Estates & Development","SPO12","l10n_sg_statutory_board_res_partner_spo"
"l10n_sg_statutory_board_res_partner_spo_spo13","Department of Communications","SPO13","l10n_sg_statutory_board_res_partner_spo"
"l10n_sg_statutory_board_res_partner_spo_spo15","Dept of Finance","SPO15","l10n_sg_statutory_board_res_partner_spo"
"l10n_sg_statutory_board_res_partner_spo_spo1a","Principal's Office","SPO1A","l10n_sg_statutory_board_res_partner_spo"
"l10n_sg_statutory_board_res_partner_spo_spo21","Dept of Internal Audit","SPO21","l10n_sg_statutory_board_res_partner_spo"
"l10n_sg_statutory_board_res_partner_spo_spo24","Dept of Acad Quality&Resources","SPO24","l10n_sg_statutory_board_res_partner_spo"
"l10n_sg_statutory_board_res_partner_spo_spo26","Dept of Planning,Org Dev & Sus","SPO26","l10n_sg_statutory_board_res_partner_spo"
"l10n_sg_statutory_board_res_partner_spo_spo27","Dept of Human Resources","SPO27","l10n_sg_statutory_board_res_partner_spo"
"l10n_sg_statutory_board_res_partner_spo_spo28","Student Services","SPO28","l10n_sg_statutory_board_res_partner_spo"
"l10n_sg_statutory_board_res_partner_spo_spo29","Student & Acad Aff Cluster","SPO29","l10n_sg_statutory_board_res_partner_spo"
"l10n_sg_statutory_board_res_partner_spo_spo30","Dept of Student Devt","SPO30","l10n_sg_statutory_board_res_partner_spo"
"l10n_sg_statutory_board_res_partner_spo_spo34","Dept of Industry & Partnership","SPO34","l10n_sg_statutory_board_res_partner_spo"
"l10n_sg_statutory_board_res_partner_spo_spo35","Professional & Adult Cont Edu","SPO35","l10n_sg_statutory_board_res_partner_spo"
"l10n_sg_statutory_board_res_partner_spo_spo36","Research & Development","SPO36","l10n_sg_statutory_board_res_partner_spo"
"l10n_sg_statutory_board_res_partner_spo_spo40","SP Business School","SPO40","l10n_sg_statutory_board_res_partner_spo"
"l10n_sg_statutory_board_res_partner_spo_spo45","Sch of Chemical & Life Sci","SPO45","l10n_sg_statutory_board_res_partner_spo"
"l10n_sg_statutory_board_res_partner_spo_spo47","Media_Arts & Design School","SPO47","l10n_sg_statutory_board_res_partner_spo"
"l10n_sg_statutory_board_res_partner_spo_spo50","Sch of Architecture Built Env","SPO50","l10n_sg_statutory_board_res_partner_spo"
"l10n_sg_statutory_board_res_partner_spo_spo60","Dept of Edu Development","SPO60","l10n_sg_statutory_board_res_partner_spo"
"l10n_sg_statutory_board_res_partner_spo_spo66","Sch of Electl & Electc Engg","SPO66","l10n_sg_statutory_board_res_partner_spo"
"l10n_sg_statutory_board_res_partner_spo_spo71","Dept of Tech_Inno & Enterprise","SPO71","l10n_sg_statutory_board_res_partner_spo"
"l10n_sg_statutory_board_res_partner_spo_spo75","Sch of Life Skills & Comm","SPO75","l10n_sg_statutory_board_res_partner_spo"
"l10n_sg_statutory_board_res_partner_spo_spo80","Singapore Maritime Academy","SPO80","l10n_sg_statutory_board_res_partner_spo"
"l10n_sg_statutory_board_res_partner_spo_spo85","Sch of Math Sci & Analytics","SPO85","l10n_sg_statutory_board_res_partner_spo"
"l10n_sg_statutory_board_res_partner_spo_spo86","Built Env & Maritime","SPO86","l10n_sg_statutory_board_res_partner_spo"
"l10n_sg_statutory_board_res_partner_spo_spo87","Computing_Chemical & Life Sci","SPO87","l10n_sg_statutory_board_res_partner_spo"
"l10n_sg_statutory_board_res_partner_spo_spo89","Common Core","SPO89","l10n_sg_statutory_board_res_partner_spo"
"l10n_sg_statutory_board_res_partner_spo_spo90","Sch of Mech & Aeronautical Eng","SPO90","l10n_sg_statutory_board_res_partner_spo"
"l10n_sg_statutory_board_res_partner_spo_spo92","Special Projects","SPO92","l10n_sg_statutory_board_res_partner_spo"
"l10n_sg_statutory_board_res_partner_spo_spo93","Business & The Creatives","SPO93","l10n_sg_statutory_board_res_partner_spo"
"l10n_sg_statutory_board_res_partner_spo_spo94","Engineering Cluster","SPO94","l10n_sg_statutory_board_res_partner_spo"
"l10n_sg_statutory_board_res_partner_spo_spo97","Admin","SPO97","l10n_sg_statutory_board_res_partner_spo"
"l10n_sg_statutory_board_res_partner_spo_spo98","School of Computing","SPO98","l10n_sg_statutory_board_res_partner_spo"
"l10n_sg_statutory_board_res_partner_ssc_ceo03","SEA REG ANTI-DOPING ORG","CEO03","l10n_sg_statutory_board_res_partner_ssc"
"l10n_sg_statutory_board_res_partner_ssc_dce05","ANTI-DOPING SINGAPORE","DCE05","l10n_sg_statutory_board_res_partner_ssc"
"l10n_sg_statutory_board_res_partner_ssc_dce06","SEA REG ANTI-DOPING ORG","DCE06","l10n_sg_statutory_board_res_partner_ssc"
"l10n_sg_statutory_board_res_partner_ssc_sig04","KALLANG ALIVE","SIG04","l10n_sg_statutory_board_res_partner_ssc"
"l10n_sg_statutory_board_res_partner_ssc_ssi","SINGAPORE SPORTS INSTITUTE","SSI","l10n_sg_statutory_board_res_partner_ssc"
"l10n_sg_statutory_board_res_partner_ssc_ssc01","SSC Finance","SSC01","l10n_sg_statutory_board_res_partner_ssc"
"l10n_sg_statutory_board_res_partner_ssc_ssc02","SSC Procurement","SSC02","l10n_sg_statutory_board_res_partner_ssc"
"l10n_sg_statutory_board_res_partner_ssc_ssc03","SSC Legal","SSC03","l10n_sg_statutory_board_res_partner_ssc"
"l10n_sg_statutory_board_res_partner_ssc_ssc04","SSC Organisation Development","SSC04","l10n_sg_statutory_board_res_partner_ssc"
"l10n_sg_statutory_board_res_partner_ssc_ssc06","SSC Centralised Payment","SSC06","l10n_sg_statutory_board_res_partner_ssc"
"l10n_sg_statutory_board_res_partner_ssc_ssc07","SSC Human Capital","SSC07","l10n_sg_statutory_board_res_partner_ssc"
"l10n_sg_statutory_board_res_partner_ssc_ssc09","SSC Information Technology","SSC09","l10n_sg_statutory_board_res_partner_ssc"
"l10n_sg_statutory_board_res_partner_ssc_ssc10","SSC Marketing","SSC10","l10n_sg_statutory_board_res_partner_ssc"
"l10n_sg_statutory_board_res_partner_ssc_ssc11","SSC Anti-Doping Singapore","SSC11","l10n_sg_statutory_board_res_partner_ssc"
"l10n_sg_statutory_board_res_partner_ssc_ssc12","SSC SEA Reg Anti-Doping Org","SSC12","l10n_sg_statutory_board_res_partner_ssc"
"l10n_sg_statutory_board_res_partner_ssc_ssc13","SSC Sport Development","SSC13","l10n_sg_statutory_board_res_partner_ssc"
"l10n_sg_statutory_board_res_partner_ssc_ssc14","SSC Sportcares","SSC14","l10n_sg_statutory_board_res_partner_ssc"
"l10n_sg_statutory_board_res_partner_ssc_ssc15","SSC Activehealth","SSC15","l10n_sg_statutory_board_res_partner_ssc"
"l10n_sg_statutory_board_res_partner_ssc_ssc16","SSC Central Programme Office","SSC16","l10n_sg_statutory_board_res_partner_ssc"
"l10n_sg_statutory_board_res_partner_ssc_ssc18","SSC Infrastructure Development","SSC18","l10n_sg_statutory_board_res_partner_ssc"
"l10n_sg_statutory_board_res_partner_ssc_ssc19","SSC Infrastructure Standards","SSC19","l10n_sg_statutory_board_res_partner_ssc"
"l10n_sg_statutory_board_res_partner_ssc_ssc20","SSC Infra Devt Kallang Alive","SSC20","l10n_sg_statutory_board_res_partner_ssc"
"l10n_sg_statutory_board_res_partner_ssc_ssc21","SSC Land Planning & Management","SSC21","l10n_sg_statutory_board_res_partner_ssc"
"l10n_sg_statutory_board_res_partner_ssc_ssc22","SSC HPS Gov & Assurance","SSC22","l10n_sg_statutory_board_res_partner_ssc"
"l10n_sg_statutory_board_res_partner_ssc_ssc23","SSC HPS Business Devt","SSC23","l10n_sg_statutory_board_res_partner_ssc"
"l10n_sg_statutory_board_res_partner_ssc_ssc24","SSC CoachSG","SSC24","l10n_sg_statutory_board_res_partner_ssc"
"l10n_sg_statutory_board_res_partner_ssc_ssc25","SSC HPS Science & Medicine","SSC25","l10n_sg_statutory_board_res_partner_ssc"
"l10n_sg_statutory_board_res_partner_ssc_ssc26","SSC STG Planning N Resourcing","SSC26","l10n_sg_statutory_board_res_partner_ssc"
"l10n_sg_statutory_board_res_partner_ssc_ssc27","SSC Industry Dev N Partnership","SSC27","l10n_sg_statutory_board_res_partner_ssc"
"l10n_sg_statutory_board_res_partner_ssc_ssc28","SSC Data Hub","SSC28","l10n_sg_statutory_board_res_partner_ssc"
"l10n_sg_statutory_board_res_partner_ssc_ssc29","SSC Strategic Comms & Eng","SSC29","l10n_sg_statutory_board_res_partner_ssc"
"l10n_sg_statutory_board_res_partner_ssc_ssc30","SSC Ind Dev & Spec Proj","SSC30","l10n_sg_statutory_board_res_partner_ssc"
"l10n_sg_statutory_board_res_partner_ssc_ssc31","SSC SPPI","SSC31","l10n_sg_statutory_board_res_partner_ssc"
"l10n_sg_statutory_board_res_partner_ssc_ssc33","SSC Unleash the Roar!","SSC33","l10n_sg_statutory_board_res_partner_ssc"
"l10n_sg_statutory_board_res_partner_ssc_ssc34","SSC Sports Heritage","SSC34","l10n_sg_statutory_board_res_partner_ssc"
"l10n_sg_statutory_board_res_partner_ssc_ssc35","SSC Kallang Alive Mgmt Office","SSC35","l10n_sg_statutory_board_res_partner_ssc"
"l10n_sg_statutory_board_res_partner_ssc_ssc36","SSC HPS Strategy & Policy","SSC36","l10n_sg_statutory_board_res_partner_ssc"
"l10n_sg_statutory_board_res_partner_ssc_ssc37","SSC Community Partnerships","SSC37","l10n_sg_statutory_board_res_partner_ssc"
"l10n_sg_statutory_board_res_partner_ssc_ssc38","SSC WAC","SSC38","l10n_sg_statutory_board_res_partner_ssc"
"l10n_sg_statutory_board_res_partner_ssc_ssc39","SSC SEARADO","SSC39","l10n_sg_statutory_board_res_partner_ssc"
"l10n_sg_statutory_board_res_partner_ssc_ssc40","SSC HPS Management","SSC40","l10n_sg_statutory_board_res_partner_ssc"
"l10n_sg_statutory_board_res_partner_ssc_ssc41","SSC HPAL","SSC41","l10n_sg_statutory_board_res_partner_ssc"
"l10n_sg_statutory_board_res_partner_ssc_ssc42","SSC Transformation Prj Office","SSC42","l10n_sg_statutory_board_res_partner_ssc"
"l10n_sg_statutory_board_res_partner_ssc_ssc43","SSC CEOO Special Projects","SSC43","l10n_sg_statutory_board_res_partner_ssc"
"l10n_sg_statutory_board_res_partner_ssg_ssg01","Chief Executive Office","SSG01","l10n_sg_statutory_board_res_partner_ssg"
"l10n_sg_statutory_board_res_partner_ssg_ssg02","Human Resource Div","SSG02","l10n_sg_statutory_board_res_partner_ssg"
"l10n_sg_statutory_board_res_partner_ssg_ssg03","Internal Audit Division","SSG03","l10n_sg_statutory_board_res_partner_ssg"
"l10n_sg_statutory_board_res_partner_ssg_ssg04","Shared Services Mgmt Div","SSG04","l10n_sg_statutory_board_res_partner_ssg"
"l10n_sg_statutory_board_res_partner_ssg_ssg05","Levy & Incentive Mgmt Div","SSG05","l10n_sg_statutory_board_res_partner_ssg"
"l10n_sg_statutory_board_res_partner_ssg_ssg06","Corporate Svcs Div","SSG06","l10n_sg_statutory_board_res_partner_ssg"
"l10n_sg_statutory_board_res_partner_ssg_ssg07","Corporate Mktg & Comms Div","SSG07","l10n_sg_statutory_board_res_partner_ssg"
"l10n_sg_statutory_board_res_partner_ssg_ssg09","DE & Ops Div (Trg Prov /Ind)","SSG09","l10n_sg_statutory_board_res_partner_ssg"
"l10n_sg_statutory_board_res_partner_ssg_ssg10","DE & Ops Div (Ent /Corp)","SSG10","l10n_sg_statutory_board_res_partner_ssg"
"l10n_sg_statutory_board_res_partner_ssg_ssg11","Cyber Security & Infra Div","SSG11","l10n_sg_statutory_board_res_partner_ssg"
"l10n_sg_statutory_board_res_partner_ssg_ssg12","PPD-Training Grant Sys Unit","SSG12","l10n_sg_statutory_board_res_partner_ssg"
"l10n_sg_statutory_board_res_partner_ssg_ssg13","Planning and Programmes Div","SSG13","l10n_sg_statutory_board_res_partner_ssg"
"l10n_sg_statutory_board_res_partner_ssg_ssg14","Industry Development Div 1","SSG14","l10n_sg_statutory_board_res_partner_ssg"
"l10n_sg_statutory_board_res_partner_ssg_ssg15","Industry Development Div 2","SSG15","l10n_sg_statutory_board_res_partner_ssg"
"l10n_sg_statutory_board_res_partner_ssg_ssg16","Quality Management Div","SSG16","l10n_sg_statutory_board_res_partner_ssg"
"l10n_sg_statutory_board_res_partner_ssg_ssg17","Enterprise Engagement Office","SSG17","l10n_sg_statutory_board_res_partner_ssg"
"l10n_sg_statutory_board_res_partner_ssg_ssg18","Manpower & Infra Planning Div","SSG18","l10n_sg_statutory_board_res_partner_ssg"
"l10n_sg_statutory_board_res_partner_ssg_ssg19","Office of Lifelong Learning","SSG19","l10n_sg_statutory_board_res_partner_ssg"
"l10n_sg_statutory_board_res_partner_ssg_ssg20","Lifelong Learning Singapore","SSG20","l10n_sg_statutory_board_res_partner_ssg"
"l10n_sg_statutory_board_res_partner_ssg_ssg21","WorldSkills Singapore Office","SSG21","l10n_sg_statutory_board_res_partner_ssg"
"l10n_sg_statutory_board_res_partner_ssg_ssg22","Strategic Planning Div (SSG)","SSG22","l10n_sg_statutory_board_res_partner_ssg"
"l10n_sg_statutory_board_res_partner_ssg_ssg23","Resource Planning Div","SSG23","l10n_sg_statutory_board_res_partner_ssg"
"l10n_sg_statutory_board_res_partner_ssg_ssg24","Jobs-Skills Insights Division","SSG24","l10n_sg_statutory_board_res_partner_ssg"
"l10n_sg_statutory_board_res_partner_ssg_ssg25","Skills Intelligence & Planning","SSG25","l10n_sg_statutory_board_res_partner_ssg"
"l10n_sg_statutory_board_res_partner_ssg_ssg26","Enforcement & Compliance Div","SSG26","l10n_sg_statutory_board_res_partner_ssg"
"l10n_sg_statutory_board_res_partner_ssg_ssg27","Regulation Division","SSG27","l10n_sg_statutory_board_res_partner_ssg"
"l10n_sg_statutory_board_res_partner_ssg_ssg28","Regulation Div - Assessment Tm","SSG28","l10n_sg_statutory_board_res_partner_ssg"
"l10n_sg_statutory_board_res_partner_ssg_ssg29","Planning & Intelligence Div","SSG29","l10n_sg_statutory_board_res_partner_ssg"
"l10n_sg_statutory_board_res_partner_ssg_ssg30","Public Engagement Div","SSG30","l10n_sg_statutory_board_res_partner_ssg"
"l10n_sg_statutory_board_res_partner_ssg_ssg31","Strategic Planning Div (SFJF)","SSG31","l10n_sg_statutory_board_res_partner_ssg"
"l10n_sg_statutory_board_res_partner_ssg_ssg32","IT Augmented Resource","SSG32","l10n_sg_statutory_board_res_partner_ssg"
"l10n_sg_statutory_board_res_partner_ssg_ssg33","GovTech Manpower","SSG33","l10n_sg_statutory_board_res_partner_ssg"
"l10n_sg_statutory_board_res_partner_ssg_ssg34","CIO Office","SSG34","l10n_sg_statutory_board_res_partner_ssg"
"l10n_sg_statutory_board_res_partner_ssg_ssg35","Data Strategy & Analytics Div","SSG35","l10n_sg_statutory_board_res_partner_ssg"
"l10n_sg_statutory_board_res_partner_ssg_ssg36","Corporate Resilience Office","SSG36","l10n_sg_statutory_board_res_partner_ssg"
"l10n_sg_statutory_board_res_partner_ssg_ssg37","Customer Experience & Data Ofc","SSG37","l10n_sg_statutory_board_res_partner_ssg"
"l10n_sg_statutory_board_res_partner_ssg_ssg38","SSG-Officers seconded into SSG","SSG38","l10n_sg_statutory_board_res_partner_ssg"
"l10n_sg_statutory_board_res_partner_ssg_ssg39","Skillaris Ecosystem Excel Div","SSG39","l10n_sg_statutory_board_res_partner_ssg"
"l10n_sg_statutory_board_res_partner_stb_stb01","STB_Mail Box","STB01","l10n_sg_statutory_board_res_partner_stb"
"l10n_sg_statutory_board_res_partner_stb_stb02","STB_Land Concept Development","STB02","l10n_sg_statutory_board_res_partner_stb"
"l10n_sg_statutory_board_res_partner_stb_stb03","STB_Leisure Events","STB03","l10n_sg_statutory_board_res_partner_stb"
"l10n_sg_statutory_board_res_partner_stb_stb04","STB_Lifestyle and Attractions","STB04","l10n_sg_statutory_board_res_partner_stb"
"l10n_sg_statutory_board_res_partner_stb_stb05","STB_Sports","STB05","l10n_sg_statutory_board_res_partner_stb"
"l10n_sg_statutory_board_res_partner_stb_stb06","STB_Convs_Mtgs_Incentive Trvl","STB06","l10n_sg_statutory_board_res_partner_stb"
"l10n_sg_statutory_board_res_partner_stb_stb07","STB_Exhibitions_Conferences","STB07","l10n_sg_statutory_board_res_partner_stb"
"l10n_sg_statutory_board_res_partner_stb_stb08","STB_Infra Planning_Management","STB08","l10n_sg_statutory_board_res_partner_stb"
"l10n_sg_statutory_board_res_partner_stb_stb09","STB_Strategic_Corporate_Plng","STB09","l10n_sg_statutory_board_res_partner_stb"
"l10n_sg_statutory_board_res_partner_stb_stb10","STB_Trvl Agents_Tourist Guides","STB10","l10n_sg_statutory_board_res_partner_stb"
"l10n_sg_statutory_board_res_partner_stb_stb11","STB_Hospitality_Tourism_Talent","STB11","l10n_sg_statutory_board_res_partner_stb"
"l10n_sg_statutory_board_res_partner_stb_stb12","STB_Cruise","STB12","l10n_sg_statutory_board_res_partner_stb"
"l10n_sg_statutory_board_res_partner_stb_stb14","STB_Sustainable_Tourism_Office","STB14","l10n_sg_statutory_board_res_partner_stb"
"l10n_sg_statutory_board_res_partner_stb_stb15","STB_International Group HQ","STB15","l10n_sg_statutory_board_res_partner_stb"
"l10n_sg_statutory_board_res_partner_stb_stb16","STB_Oceania","STB16","l10n_sg_statutory_board_res_partner_stb"
"l10n_sg_statutory_board_res_partner_stb_stb17","STB_IN_Mid East_South Asia_Afr","STB17","l10n_sg_statutory_board_res_partner_stb"
"l10n_sg_statutory_board_res_partner_stb_stb18","STB_Americas","STB18","l10n_sg_statutory_board_res_partner_stb"
"l10n_sg_statutory_board_res_partner_stb_stb19","STB_Southeast Asia","STB19","l10n_sg_statutory_board_res_partner_stb"
"l10n_sg_statutory_board_res_partner_stb_stb20","STB_Europe","STB20","l10n_sg_statutory_board_res_partner_stb"
"l10n_sg_statutory_board_res_partner_stb_stb21","STB_Greater China","STB21","l10n_sg_statutory_board_res_partner_stb"
"l10n_sg_statutory_board_res_partner_stb_stb22","STB_North Asia","STB22","l10n_sg_statutory_board_res_partner_stb"
"l10n_sg_statutory_board_res_partner_stb_stb23","STB_World Expo","STB23","l10n_sg_statutory_board_res_partner_stb"
"l10n_sg_statutory_board_res_partner_stb_stb24","STB_Finance","STB24","l10n_sg_statutory_board_res_partner_stb"
"l10n_sg_statutory_board_res_partner_stb_stb25","STB_Human Resources_Org Dev","STB25","l10n_sg_statutory_board_res_partner_stb"
"l10n_sg_statutory_board_res_partner_stb_stb26","STB_Human Resource (HRD PR)","STB26","l10n_sg_statutory_board_res_partner_stb"
"l10n_sg_statutory_board_res_partner_stb_stb27","STB_Legal","STB27","l10n_sg_statutory_board_res_partner_stb"
"l10n_sg_statutory_board_res_partner_stb_stb28","STB_Finance_Corporate_Services","STB28","l10n_sg_statutory_board_res_partner_stb"
"l10n_sg_statutory_board_res_partner_stb_stb29","STB_Compliance_IncentivePolicy","STB29","l10n_sg_statutory_board_res_partner_stb"
"l10n_sg_statutory_board_res_partner_stb_stb30","STB_Communications","STB30","l10n_sg_statutory_board_res_partner_stb"
"l10n_sg_statutory_board_res_partner_stb_stb31","STB_Segment Mktg_Visitor Exp","STB31","l10n_sg_statutory_board_res_partner_stb"
"l10n_sg_statutory_board_res_partner_stb_stb32","STB_Marketing Activation","STB32","l10n_sg_statutory_board_res_partner_stb"
"l10n_sg_statutory_board_res_partner_stb_stb33","STB_Brand","STB33","l10n_sg_statutory_board_res_partner_stb"
"l10n_sg_statutory_board_res_partner_stb_stb34","STB_Mktg Ptrship_Plnng_Cap Dev","STB34","l10n_sg_statutory_board_res_partner_stb"
"l10n_sg_statutory_board_res_partner_stb_stb35","STB_Industry Tech Transformatn","STB35","l10n_sg_statutory_board_res_partner_stb"
"l10n_sg_statutory_board_res_partner_stb_stb38","STB_Data Strategy_Gov Office","STB38","l10n_sg_statutory_board_res_partner_stb"
"l10n_sg_statutory_board_res_partner_stb_stb39","STB_The Collaboratory","STB39","l10n_sg_statutory_board_res_partner_stb"
"l10n_sg_statutory_board_res_partner_stb_stb40","STB_Data Science_Analytics","STB40","l10n_sg_statutory_board_res_partner_stb"
"l10n_sg_statutory_board_res_partner_stb_stb41","STB_Information Technology","STB41","l10n_sg_statutory_board_res_partner_stb"
"l10n_sg_statutory_board_res_partner_stb_stb42","STB_CE Office","STB42","l10n_sg_statutory_board_res_partner_stb"
"l10n_sg_statutory_board_res_partner_stb_stb43","STB_ACE_EDG Office","STB43","l10n_sg_statutory_board_res_partner_stb"
"l10n_sg_statutory_board_res_partner_stb_stb44","STB_ACE_IDG Office","STB44","l10n_sg_statutory_board_res_partner_stb"
"l10n_sg_statutory_board_res_partner_stb_stb45","STB_ACE_IG Office","STB45","l10n_sg_statutory_board_res_partner_stb"
"l10n_sg_statutory_board_res_partner_stb_stb46","STB_ACE_CG Office","STB46","l10n_sg_statutory_board_res_partner_stb"
"l10n_sg_statutory_board_res_partner_stb_stb47","STB_ACE_MG Office","STB47","l10n_sg_statutory_board_res_partner_stb"
"l10n_sg_statutory_board_res_partner_stb_stb48","STB_CTO_TTG Office","STB48","l10n_sg_statutory_board_res_partner_stb"
"l10n_sg_statutory_board_res_partner_stb_stb49","STB_Internal Audit","STB49","l10n_sg_statutory_board_res_partner_stb"
"l10n_sg_statutory_board_res_partner_stc_accl","Accelerate Technologies P L","ACCL","l10n_sg_statutory_board_res_partner_stc"
"l10n_sg_statutory_board_res_partner_stc_acrc","A*STAR Computational Res Ctr","ACRC","l10n_sg_statutory_board_res_partner_stc"
"l10n_sg_statutory_board_res_partner_stc_aedo","Adv Energy&Decarbonisation Off","AEDO","l10n_sg_statutory_board_res_partner_stc"
"l10n_sg_statutory_board_res_partner_stc_aga","ASTAR Graduate Academy","AGA","l10n_sg_statutory_board_res_partner_stc"
"l10n_sg_statutory_board_res_partner_stc_aidd","AI in Drug Discovery","AIDD","l10n_sg_statutory_board_res_partner_stc"
"l10n_sg_statutory_board_res_partner_stc_aimfg","AI Ctr of Excellence for Mfg","AIMFG","l10n_sg_statutory_board_res_partner_stc"
"l10n_sg_statutory_board_res_partner_stc_ares","ASTAR Research Entities","ARES","l10n_sg_statutory_board_res_partner_stc"
"l10n_sg_statutory_board_res_partner_stc_artc","Adv Remfg and Technology Ctre","ARTC","l10n_sg_statutory_board_res_partner_stc"
"l10n_sg_statutory_board_res_partner_stc_asrl","A*STAR SKIN RESEARCH LABS","ASRL","l10n_sg_statutory_board_res_partner_stc"
"l10n_sg_statutory_board_res_partner_stc_bdh","Biomedical Data Hub","BDH","l10n_sg_statutory_board_res_partner_stc"
"l10n_sg_statutory_board_res_partner_stc_bii","Bioinformatics Institutes","BII","l10n_sg_statutory_board_res_partner_stc"
"l10n_sg_statutory_board_res_partner_stc_bmipo","Biomedical Sci Ind Pship Ofc","BMIPO","l10n_sg_statutory_board_res_partner_stc"
"l10n_sg_statutory_board_res_partner_stc_bmrc","Biomed Res Council Cluster","BMRC","l10n_sg_statutory_board_res_partner_stc"
"l10n_sg_statutory_board_res_partner_stc_brc","Biological Resource Centre","BRC","l10n_sg_statutory_board_res_partner_stc"
"l10n_sg_statutory_board_res_partner_stc_bti","Bioprocessing Technology Inst","BTI","l10n_sg_statutory_board_res_partner_stc"
"l10n_sg_statutory_board_res_partner_stc_cg","Corporate Group","CG","l10n_sg_statutory_board_res_partner_stc"
"l10n_sg_statutory_board_res_partner_stc_cmo","Consortium Management Office","CMO","l10n_sg_statutory_board_res_partner_stc"
"l10n_sg_statutory_board_res_partner_stc_core","Ctr for Ops &Research Enablers","CORE","l10n_sg_statutory_board_res_partner_stc"
"l10n_sg_statutory_board_res_partner_stc_cspo","Ctr for Strategic Proj and Ops","CSPO","l10n_sg_statutory_board_res_partner_stc"
"l10n_sg_statutory_board_res_partner_stc_ctl","Connectivity Trade & Logistics","CTL","l10n_sg_statutory_board_res_partner_stc"
"l10n_sg_statutory_board_res_partner_stc_ddh","DIAGNOSTICS DEVELOPMENT HUB","DDH","l10n_sg_statutory_board_res_partner_stc"
"l10n_sg_statutory_board_res_partner_stc_eddc","Experimental Drug Dev Ctr","EDDC","l10n_sg_statutory_board_res_partner_stc"
"l10n_sg_statutory_board_res_partner_stc_feat","Future Energy Acc &Translation","FEAT","l10n_sg_statutory_board_res_partner_stc"
"l10n_sg_statutory_board_res_partner_stc_gaipo","Graduate Academy IPO Res Ofc","GAIPO","l10n_sg_statutory_board_res_partner_stc"
"l10n_sg_statutory_board_res_partner_stc_gis","Genome Institute of Singapore","GIS","l10n_sg_statutory_board_res_partner_stc"
"l10n_sg_statutory_board_res_partner_stc_hhpm","HHP MISSION","HHPM","l10n_sg_statutory_board_res_partner_stc"
"l10n_sg_statutory_board_res_partner_stc_i2r","Inst for Infocomm Research","I2R","l10n_sg_statutory_board_res_partner_stc"
"l10n_sg_statutory_board_res_partner_stc_iand","Innovation & Enterprise","IAND","l10n_sg_statutory_board_res_partner_stc"
"l10n_sg_statutory_board_res_partner_stc_idl","A*STAR Infectious Diseases Lab","IDL","l10n_sg_statutory_board_res_partner_stc"
"l10n_sg_statutory_board_res_partner_stc_ihdp","INST FOR HUMAN DEVT.&POTENTIAL","IHDP","l10n_sg_statutory_board_res_partner_stc"
"l10n_sg_statutory_board_res_partner_stc_ihpc","Inst of High Perf Computing","IHPC","l10n_sg_statutory_board_res_partner_stc"
"l10n_sg_statutory_board_res_partner_stc_imcb","Inst Molecular n Cell Biology","IMCB","l10n_sg_statutory_board_res_partner_stc"
"l10n_sg_statutory_board_res_partner_stc_ime","Institute of Microelectronics","IME","l10n_sg_statutory_board_res_partner_stc"
"l10n_sg_statutory_board_res_partner_stc_imre","Inst of Mat Research n Engrg","IMRE","l10n_sg_statutory_board_res_partner_stc"
"l10n_sg_statutory_board_res_partner_stc_infra","Infrastructure","INFRA","l10n_sg_statutory_board_res_partner_stc"
"l10n_sg_statutory_board_res_partner_stc_ipo","Industry Partnership Office","IPO","l10n_sg_statutory_board_res_partner_stc"
"l10n_sg_statutory_board_res_partner_stc_isce","Inst of Sust for Chem,Engr&Env","ISCE","l10n_sg_statutory_board_res_partner_stc"
"l10n_sg_statutory_board_res_partner_stc_lcam","Lab Cleanroom & Management","LCAM","l10n_sg_statutory_board_res_partner_stc"
"l10n_sg_statutory_board_res_partner_stc_mtc","MedTech Catapult","MTC","l10n_sg_statutory_board_res_partner_stc"
"l10n_sg_statutory_board_res_partner_stc_namic","Natl Additive Mfg Inno Cluster","NAMIC","l10n_sg_statutory_board_res_partner_stc"
"l10n_sg_statutory_board_res_partner_stc_nati","Nucleic Acid Therap Initiative","NATi","l10n_sg_statutory_board_res_partner_stc"
"l10n_sg_statutory_board_res_partner_stc_ngtc","NSTIC GaN","NGTC","l10n_sg_statutory_board_res_partner_stc"
"l10n_sg_statutory_board_res_partner_stc_nmc","National Metrology Centre","NMC","l10n_sg_statutory_board_res_partner_stc"
"l10n_sg_statutory_board_res_partner_stc_nqo","National Quantum Office","NQO","l10n_sg_statutory_board_res_partner_stc"
"l10n_sg_statutory_board_res_partner_stc_nrdf","NSTIC R&D Fab","NRDF","l10n_sg_statutory_board_res_partner_stc"
"l10n_sg_statutory_board_res_partner_stc_nrp","National Robotics Programme","NRP","l10n_sg_statutory_board_res_partner_stc"
"l10n_sg_statutory_board_res_partner_stc_nscc","Natl Supercomputing Ctr Spore","NSCC","l10n_sg_statutory_board_res_partner_stc"
"l10n_sg_statutory_board_res_partner_stc_nstic","NSTIC Advanced Photonics","NSTIC","l10n_sg_statutory_board_res_partner_stc"
"l10n_sg_statutory_board_res_partner_stc_qinc","Quantum Innovation Centre","QINC","l10n_sg_statutory_board_res_partner_stc"
"l10n_sg_statutory_board_res_partner_stc_rieto","RIE Trust Office","RIETO","l10n_sg_statutory_board_res_partner_stc"
"l10n_sg_statutory_board_res_partner_stc_ro","Research Office","RO","l10n_sg_statutory_board_res_partner_stc"
"l10n_sg_statutory_board_res_partner_stc_sdso","ASTAR Sci Data Strategy Office","SDSO","l10n_sg_statutory_board_res_partner_stc"
"l10n_sg_statutory_board_res_partner_stc_serc","Sci & Engrg Research Council","SERC","l10n_sg_statutory_board_res_partner_stc"
"l10n_sg_statutory_board_res_partner_stc_sgbio","Singapore Biodesign","SGBIO","l10n_sg_statutory_board_res_partner_stc"
"l10n_sg_statutory_board_res_partner_stc_siber","Spore Integr Biosys&Engrg Res","SIBER","l10n_sg_statutory_board_res_partner_stc"
"l10n_sg_statutory_board_res_partner_stc_sifbi","Spore Inst of Food&Biotech Inn","SIFBI","l10n_sg_statutory_board_res_partner_stc"
"l10n_sg_statutory_board_res_partner_stc_sign","Singapore Immunology Network","SIGN","l10n_sg_statutory_board_res_partner_stc"
"l10n_sg_statutory_board_res_partner_stc_simt","Spore Inst of Mfg Tech","SIMT","l10n_sg_statutory_board_res_partner_stc"
"l10n_sg_statutory_board_res_partner_stc_sris","Skin Research Inst of Spore","SRIS","l10n_sg_statutory_board_res_partner_stc"
"l10n_sg_statutory_board_res_partner_stc_ussie","Urban Solutn & Sust Inno&Ent O","USSIE","l10n_sg_statutory_board_res_partner_stc"
"l10n_sg_statutory_board_res_partner_stc_tcom","Tech Ctr Offshore n Marine SG","TCOM","l10n_sg_statutory_board_res_partner_stc"
"l10n_sg_statutory_board_res_partner_str_ops","A*Star Ops","OPS","l10n_sg_statutory_board_res_partner_str"
"l10n_sg_statutory_board_res_partner_str_rdf","A*Star RDF","RDF","l10n_sg_statutory_board_res_partner_str"
"l10n_sg_statutory_board_res_partner_tot_tot01","Tote Board","TOT01","l10n_sg_statutory_board_res_partner_tot"
"l10n_sg_statutory_board_res_partner_tpo_tpo01","Principal's Office","TPO01","l10n_sg_statutory_board_res_partner_tpo"
"l10n_sg_statutory_board_res_partner_tpo_tpo02","Corporate Communications","TPO02","l10n_sg_statutory_board_res_partner_tpo"
"l10n_sg_statutory_board_res_partner_tpo_tpo03","Human Resource","TPO03","l10n_sg_statutory_board_res_partner_tpo"
"l10n_sg_statutory_board_res_partner_tpo_tpo04","Staff Capability Devt","TPO04","l10n_sg_statutory_board_res_partner_tpo"
"l10n_sg_statutory_board_res_partner_tpo_tpo05","Temasek SkillsFuture Academy","TPO05","l10n_sg_statutory_board_res_partner_tpo"
"l10n_sg_statutory_board_res_partner_tpo_tpo07","Estates & Facilities Mgmt","TPO07","l10n_sg_statutory_board_res_partner_tpo"
"l10n_sg_statutory_board_res_partner_tpo_tpo08","IT Services","TPO08","l10n_sg_statutory_board_res_partner_tpo"
"l10n_sg_statutory_board_res_partner_tpo_tpo09","Learning Academy","TPO09","l10n_sg_statutory_board_res_partner_tpo"
"l10n_sg_statutory_board_res_partner_tpo_tpo10","Library","TPO10","l10n_sg_statutory_board_res_partner_tpo"
"l10n_sg_statutory_board_res_partner_tpo_tpo11","Academic Affairs","TPO11","l10n_sg_statutory_board_res_partner_tpo"
"l10n_sg_statutory_board_res_partner_tpo_tpo12","Student Devt & Alumni Affairs","TPO12","l10n_sg_statutory_board_res_partner_tpo"
"l10n_sg_statutory_board_res_partner_tpo_tpo13","Student Support & Career Svcs","TPO13","l10n_sg_statutory_board_res_partner_tpo"
"l10n_sg_statutory_board_res_partner_tpo_tpo14","Enterprise Risk Mgmt","TPO14","l10n_sg_statutory_board_res_partner_tpo"
"l10n_sg_statutory_board_res_partner_tpo_tpo15","Corporate Procurement","TPO15","l10n_sg_statutory_board_res_partner_tpo"
"l10n_sg_statutory_board_res_partner_tpo_tpo16","Finance","TPO16","l10n_sg_statutory_board_res_partner_tpo"
"l10n_sg_statutory_board_res_partner_tpo_tpo17","Strategic & Quality Devt","TPO17","l10n_sg_statutory_board_res_partner_tpo"
"l10n_sg_statutory_board_res_partner_tpo_tpo18","Project Office","TPO18","l10n_sg_statutory_board_res_partner_tpo"
"l10n_sg_statutory_board_res_partner_tpo_tpo19","Innovation & Entrepreneurship","TPO19","l10n_sg_statutory_board_res_partner_tpo"
"l10n_sg_statutory_board_res_partner_tpo_tpo20","International Relations","TPO20","l10n_sg_statutory_board_res_partner_tpo"
"l10n_sg_statutory_board_res_partner_tpo_tpo21","RIE & Partnership Development","TPO21","l10n_sg_statutory_board_res_partner_tpo"
"l10n_sg_statutory_board_res_partner_tpo_tpo22","Aquaculture Innovation Centre","TPO22","l10n_sg_statutory_board_res_partner_tpo"
"l10n_sg_statutory_board_res_partner_tpo_tpo23","School of Applied Science","TPO23","l10n_sg_statutory_board_res_partner_tpo"
"l10n_sg_statutory_board_res_partner_tpo_tpo24","School of Business","TPO24","l10n_sg_statutory_board_res_partner_tpo"
"l10n_sg_statutory_board_res_partner_tpo_tpo25","School of Design","TPO25","l10n_sg_statutory_board_res_partner_tpo"
"l10n_sg_statutory_board_res_partner_tpo_tpo26","School of Engineering","TPO26","l10n_sg_statutory_board_res_partner_tpo"
"l10n_sg_statutory_board_res_partner_tpo_tpo27","Sch of Humanities & Social Sc","TPO27","l10n_sg_statutory_board_res_partner_tpo"
"l10n_sg_statutory_board_res_partner_tpo_tpo28","School of Informatics & IT","TPO28","l10n_sg_statutory_board_res_partner_tpo"
"l10n_sg_statutory_board_res_partner_ura_ura01","URA Corporate Services","URA01","l10n_sg_statutory_board_res_partner_ura"
"l10n_sg_statutory_board_res_partner_ura_ura02","URA Human Resource","URA02","l10n_sg_statutory_board_res_partner_ura"
"l10n_sg_statutory_board_res_partner_ura_ura03","URA Finance","URA03","l10n_sg_statutory_board_res_partner_ura"
"l10n_sg_statutory_board_res_partner_ura_ura04","URA Investment","URA04","l10n_sg_statutory_board_res_partner_ura"
"l10n_sg_statutory_board_res_partner_ura_ura05","URA Legal","URA05","l10n_sg_statutory_board_res_partner_ura"
"l10n_sg_statutory_board_res_partner_ura_ura06","URA Strat Comm Media Relations","URA06","l10n_sg_statutory_board_res_partner_ura"
"l10n_sg_statutory_board_res_partner_ura_ura07","URA Organisation Excellence","URA07","l10n_sg_statutory_board_res_partner_ura"
"l10n_sg_statutory_board_res_partner_ura_ura08","URA CEO Office","URA08","l10n_sg_statutory_board_res_partner_ura"
"l10n_sg_statutory_board_res_partner_ura_ura09","URA Internal Audit","URA09","l10n_sg_statutory_board_res_partner_ura"
"l10n_sg_statutory_board_res_partner_ura_ura10","URA DPLab","URA10","l10n_sg_statutory_board_res_partner_ura"
"l10n_sg_statutory_board_res_partner_ura_ura11","URA Info Sys (Infrastructure)","URA11","l10n_sg_statutory_board_res_partner_ura"
"l10n_sg_statutory_board_res_partner_ura_ura12","URA Info Sys (Apps)","URA12","l10n_sg_statutory_board_res_partner_ura"
"l10n_sg_statutory_board_res_partner_ura_ura13","URA DC East","URA13","l10n_sg_statutory_board_res_partner_ura"
"l10n_sg_statutory_board_res_partner_ura_ura14","URA DC Ops Tech","URA14","l10n_sg_statutory_board_res_partner_ura"
"l10n_sg_statutory_board_res_partner_ura_ura15","URA DC West 1","URA15","l10n_sg_statutory_board_res_partner_ura"
"l10n_sg_statutory_board_res_partner_ura_ura16","URA DC West 2","URA16","l10n_sg_statutory_board_res_partner_ura"
"l10n_sg_statutory_board_res_partner_ura_ura17","URA DC Central","URA17","l10n_sg_statutory_board_res_partner_ura"
"l10n_sg_statutory_board_res_partner_ura_ura18","URA DC City","URA18","l10n_sg_statutory_board_res_partner_ura"
"l10n_sg_statutory_board_res_partner_ura_ura19","URA Car Parks Admin Policies","URA19","l10n_sg_statutory_board_res_partner_ura"
"l10n_sg_statutory_board_res_partner_ura_ura20","URA Car Parks Operations","URA20","l10n_sg_statutory_board_res_partner_ura"
"l10n_sg_statutory_board_res_partner_ura_ura21","URA Land Sales","URA21","l10n_sg_statutory_board_res_partner_ura"
"l10n_sg_statutory_board_res_partner_ura_ura22","URA Property Research","URA22","l10n_sg_statutory_board_res_partner_ura"
"l10n_sg_statutory_board_res_partner_ura_ura23","URA Controller of Housing","URA23","l10n_sg_statutory_board_res_partner_ura"
"l10n_sg_statutory_board_res_partner_ura_ura24","URA Development Coordination 1","URA24","l10n_sg_statutory_board_res_partner_ura"
"l10n_sg_statutory_board_res_partner_ura_ura25","URA Development Coordination 2","URA25","l10n_sg_statutory_board_res_partner_ura"
"l10n_sg_statutory_board_res_partner_ura_ura26","URA Projects","URA26","l10n_sg_statutory_board_res_partner_ura"
"l10n_sg_statutory_board_res_partner_ura_ura28","URA Engineering Services","URA28","l10n_sg_statutory_board_res_partner_ura"
"l10n_sg_statutory_board_res_partner_ura_ura30","URA Knowledge Management","URA30","l10n_sg_statutory_board_res_partner_ura"
"l10n_sg_statutory_board_res_partner_ura_ura31","URA Professional Industry Devt","URA31","l10n_sg_statutory_board_res_partner_ura"
"l10n_sg_statutory_board_res_partner_ura_ura32","URA Urban Design Strat Project","URA32","l10n_sg_statutory_board_res_partner_ura"
"l10n_sg_statutory_board_res_partner_ura_ura33","URA Urban Design East","URA33","l10n_sg_statutory_board_res_partner_ura"
"l10n_sg_statutory_board_res_partner_ura_ura34","URA Urban Design West","URA34","l10n_sg_statutory_board_res_partner_ura"
"l10n_sg_statutory_board_res_partner_ura_ura35","URA Architecture UD Excellence","URA35","l10n_sg_statutory_board_res_partner_ura"
"l10n_sg_statutory_board_res_partner_ura_ura36","URA Conservation Plng 1","URA36","l10n_sg_statutory_board_res_partner_ura"
"l10n_sg_statutory_board_res_partner_ura_ura37","URA Conservation Mgt","URA37","l10n_sg_statutory_board_res_partner_ura"
"l10n_sg_statutory_board_res_partner_ura_ura38","URA Place Mgt","URA38","l10n_sg_statutory_board_res_partner_ura"
"l10n_sg_statutory_board_res_partner_ura_ura39","URA Urban Design CA East","URA39","l10n_sg_statutory_board_res_partner_ura"
"l10n_sg_statutory_board_res_partner_ura_ura40","URA Urban Design CA West","URA40","l10n_sg_statutory_board_res_partner_ura"
"l10n_sg_statutory_board_res_partner_ura_ura41","URA PP Central West","URA41","l10n_sg_statutory_board_res_partner_ura"
"l10n_sg_statutory_board_res_partner_ura_ura42","URA PP Central East","URA42","l10n_sg_statutory_board_res_partner_ura"
"l10n_sg_statutory_board_res_partner_ura_ura43","URA PP North East","URA43","l10n_sg_statutory_board_res_partner_ura"
"l10n_sg_statutory_board_res_partner_ura_ura44","URA PP North","URA44","l10n_sg_statutory_board_res_partner_ura"
"l10n_sg_statutory_board_res_partner_ura_ura45","URA PP West","URA45","l10n_sg_statutory_board_res_partner_ura"
"l10n_sg_statutory_board_res_partner_ura_ura46","URA PP East","URA46","l10n_sg_statutory_board_res_partner_ura"
"l10n_sg_statutory_board_res_partner_ura_ura48","URA Strategic Planning","URA48","l10n_sg_statutory_board_res_partner_ura"
"l10n_sg_statutory_board_res_partner_ura_ura49","URA Planning Policies","URA49","l10n_sg_statutory_board_res_partner_ura"
"l10n_sg_statutory_board_res_partner_ura_ura50","URA Strategic Research","URA50","l10n_sg_statutory_board_res_partner_ura"
"l10n_sg_statutory_board_res_partner_ura_ura52","URA Infra Planning Authority 1","URA52","l10n_sg_statutory_board_res_partner_ura"
"l10n_sg_statutory_board_res_partner_ura_ura53","URA Infra Planning Authority 2","URA53","l10n_sg_statutory_board_res_partner_ura"
"l10n_sg_statutory_board_res_partner_ura_ura54","URA Conservation Plng 2","URA54","l10n_sg_statutory_board_res_partner_ura"
"l10n_sg_statutory_board_res_partner_ura_ura55","URA Outreach and Engagement","URA55","l10n_sg_statutory_board_res_partner_ura"
"l10n_sg_statutory_board_res_partner_ura_ura56","URA Arch UD Industry and Innov","URA56","l10n_sg_statutory_board_res_partner_ura"
"l10n_sg_statutory_board_res_partner_ura_ura57","URA DCG Group Director Office","URA57","l10n_sg_statutory_board_res_partner_ura"
"l10n_sg_statutory_board_res_partner_ura_ura58","URA CUDG Group Director Office","URA58","l10n_sg_statutory_board_res_partner_ura"
"l10n_sg_statutory_board_res_partner_ura_ura59","URA PPG Group Director Office","URA59","l10n_sg_statutory_board_res_partner_ura"
"l10n_sg_statutory_board_res_partner_ura_ura60","URA AUDG Group Director Office","URA60","l10n_sg_statutory_board_res_partner_ura"
"l10n_sg_statutory_board_res_partner_ura_ura61","URA DSG Group Director Office","URA61","l10n_sg_statutory_board_res_partner_ura"
"l10n_sg_statutory_board_res_partner_ura_ura62","URA SPG Group Director Office","URA62","l10n_sg_statutory_board_res_partner_ura"
"l10n_sg_statutory_board_res_partner_ura_ura63","URA LSAG Group Director Office","URA63","l10n_sg_statutory_board_res_partner_ura"
"l10n_sg_statutory_board_res_partner_ura_ura64","URA CDG Group Director Office","URA64","l10n_sg_statutory_board_res_partner_ura"
"l10n_sg_statutory_board_res_partner_ura_ura65","URA ISGG Group Director Office","URA65","l10n_sg_statutory_board_res_partner_ura"
"l10n_sg_statutory_board_res_partner_ura_ura66","URA Academy Dean Office","URA66","l10n_sg_statutory_board_res_partner_ura"
"l10n_sg_statutory_board_res_partner_ura_ura67","URA DCEO Office","URA67","l10n_sg_statutory_board_res_partner_ura"
"l10n_sg_statutory_board_res_partner_ura_ura68","URA DPLab Grp Director Office","URA68","l10n_sg_statutory_board_res_partner_ura"
"l10n_sg_statutory_board_res_partner_ura_ura69","URA IPAG Group Director Office","URA69","l10n_sg_statutory_board_res_partner_ura"
"l10n_sg_statutory_board_res_partner_ura_ura70","URA SCOG Group Director Office","URA70","l10n_sg_statutory_board_res_partner_ura"
"l10n_sg_statutory_board_res_partner_ura_ura71","URA UD IT and Admin Support","URA71","l10n_sg_statutory_board_res_partner_ura"
"l10n_sg_statutory_board_res_partner_ura_ura72","URA Planning Systems Support","URA72","l10n_sg_statutory_board_res_partner_ura"
"l10n_sg_statutory_board_res_partner_ura_ura73","URA Urban Design OCA","URA73","l10n_sg_statutory_board_res_partner_ura"
"l10n_sg_statutory_board_res_partner_ura_ura74","URA Info Sys (Security)","URA74","l10n_sg_statutory_board_res_partner_ura"
"l10n_sg_statutory_board_res_partner_ura_ura75","URA DC Enforcement","URA75","l10n_sg_statutory_board_res_partner_ura"
"l10n_sg_statutory_board_res_partner_wsg_wsg01","Chief Executive Office","WSG01","l10n_sg_statutory_board_res_partner_wsg"
"l10n_sg_statutory_board_res_partner_wsg_wsg02","Internal Audit Unit","WSG02","l10n_sg_statutory_board_res_partner_wsg"
"l10n_sg_statutory_board_res_partner_wsg_wsg03","Corporate & Marketing Comms","WSG03","l10n_sg_statutory_board_res_partner_wsg"
"l10n_sg_statutory_board_res_partner_wsg_wsg04","Resource Policy","WSG04","l10n_sg_statutory_board_res_partner_wsg"
"l10n_sg_statutory_board_res_partner_wsg_wsg05","Human Resource Division","WSG05","l10n_sg_statutory_board_res_partner_wsg"
"l10n_sg_statutory_board_res_partner_wsg_wsg06","Central Pool Human Resource","WSG06","l10n_sg_statutory_board_res_partner_wsg"
"l10n_sg_statutory_board_res_partner_wsg_wsg07","Corporate Services Division","WSG07","l10n_sg_statutory_board_res_partner_wsg"
"l10n_sg_statutory_board_res_partner_wsg_wsg08","Central Pool Admin","WSG08","l10n_sg_statutory_board_res_partner_wsg"
"l10n_sg_statutory_board_res_partner_wsg_wsg09","Central Pool Finance","WSG09","l10n_sg_statutory_board_res_partner_wsg"
"l10n_sg_statutory_board_res_partner_wsg_wsg10","Central Pool Shared Svcs","WSG10","l10n_sg_statutory_board_res_partner_wsg"
"l10n_sg_statutory_board_res_partner_wsg_wsg11","Central Pool Shared Svcs Admin","WSG11","l10n_sg_statutory_board_res_partner_wsg"
"l10n_sg_statutory_board_res_partner_wsg_wsg12","Enterprise Programmes","WSG12","l10n_sg_statutory_board_res_partner_wsg"
"l10n_sg_statutory_board_res_partner_wsg_wsg13","Creative & Professional Svcs","WSG13","l10n_sg_statutory_board_res_partner_wsg"
"l10n_sg_statutory_board_res_partner_wsg_wsg14","Healthcare, Social & Biz Svcs","WSG14","l10n_sg_statutory_board_res_partner_wsg"
"l10n_sg_statutory_board_res_partner_wsg_wsg15","Manufacturing & Connectivity","WSG15","l10n_sg_statutory_board_res_partner_wsg"
"l10n_sg_statutory_board_res_partner_wsg_wsg16","Trade & Lifestyle","WSG16","l10n_sg_statutory_board_res_partner_wsg"
"l10n_sg_statutory_board_res_partner_wsg_wsg17","Career Guidance Division","WSG17","l10n_sg_statutory_board_res_partner_wsg"
"l10n_sg_statutory_board_res_partner_wsg_wsg18","Careers Connect (Tampines)","WSG18","l10n_sg_statutory_board_res_partner_wsg"
"l10n_sg_statutory_board_res_partner_wsg_wsg19","Careers Connect (LLI)","WSG19","l10n_sg_statutory_board_res_partner_wsg"
"l10n_sg_statutory_board_res_partner_wsg_wsg20","Careers Connect (Woodlands)","WSG20","l10n_sg_statutory_board_res_partner_wsg"
"l10n_sg_statutory_board_res_partner_wsg_wsg21","Career Practitioners","WSG21","l10n_sg_statutory_board_res_partner_wsg"
"l10n_sg_statutory_board_res_partner_wsg_wsg22","Planning and Design","WSG22","l10n_sg_statutory_board_res_partner_wsg"
"l10n_sg_statutory_board_res_partner_wsg_wsg23","Partners and Operations","WSG23","l10n_sg_statutory_board_res_partner_wsg"
"l10n_sg_statutory_board_res_partner_wsg_wsg24","Operations_Technology Team","WSG24","l10n_sg_statutory_board_res_partner_wsg"
"l10n_sg_statutory_board_res_partner_wsg_wsg25","Digital Technology Division","WSG25","l10n_sg_statutory_board_res_partner_wsg"
"l10n_sg_statutory_board_res_partner_wsg_wsg26","IT Proj Dev and Ops & Support","WSG26","l10n_sg_statutory_board_res_partner_wsg"
"l10n_sg_statutory_board_res_partner_wsg_wsg27","IT Infra Dev and Ops & Support","WSG27","l10n_sg_statutory_board_res_partner_wsg"
"l10n_sg_statutory_board_res_partner_wsg_wsg28","New Ops Division","WSG28","l10n_sg_statutory_board_res_partner_wsg"
"l10n_sg_statutory_board_res_partner_wsg_wsg32","Fraud and Enforcement Unit","WSG32","l10n_sg_statutory_board_res_partner_wsg"
"l10n_sg_statutory_board_res_partner_wsg_wsg34","Data Strategy and Analytics","WSG34","l10n_sg_statutory_board_res_partner_wsg"
"l10n_sg_statutory_board_res_partner_wsg_wsg35","Strategic Planning","WSG35","l10n_sg_statutory_board_res_partner_wsg"
"l10n_sg_statutory_board_res_partner_wsg_wsg36","Employer Strategy Office","WSG36","l10n_sg_statutory_board_res_partner_wsg"
"l10n_sg_statutory_board_res_partner_wsg_wsg37","EWTP Project Office","WSG37","l10n_sg_statutory_board_res_partner_wsg"
"l10n_sg_statutory_board_res_partner_yrf_yrf01","Yellow Ribbon Fund","YRF01","l10n_sg_statutory_board_res_partner_yrf"
"l10n_sg_statutory_board_res_partner_yrs_yrs01","Yellow Ribbon Singapore","YRS01","l10n_sg_statutory_board_res_partner_yrs"
