"id","code","name","parent_id","active","account_type","reconcile","non_trade","tag_ids","depreciation_model_id","description","name@lo_LA","description@lo_LA"
"l10n_la_account_10","10","Cash on Hand, Petty Cash, Cash in Banks, Financial Institutions and National Treasury","","False","asset_cash","False","","","","Group of accounts: post entries to its sub-accounts.","ເງິນສົດໃນຄັງ, ເງິນຍ່ອຍ, ເງິນຝາກທະນາຄານ, ສະຖາບັນການເງິນ, ເງິນຝາກຄັງເງິນແຫ່ງຊາດ,","ໝວດບັນຊີ: ໃຫ້ບັນທຶກລາຍການໃສ່ບັນຊີຍ່ອຍ."
"l10n_la_account_101","101","Cash on Hand","l10n_la_account_10","False","asset_cash","False","","","","Group of accounts: post entries to its sub-accounts.","ເງິນສົດໃນຄັງ","ໝວດບັນຊີ: ໃຫ້ບັນທຶກລາຍການໃສ່ບັນຊີຍ່ອຍ."
"l10n_la_account_1011","1011","Cash on hand - Kip","l10n_la_account_101","True","asset_cash","False","","","","Kip banknotes and coins held in the entity's cash box.","ເງິນສົດເປັນເງິນກີບ","ທະນະບັດ ແລະ ຫຼຽນ ເງິນກີບ ທີ່ຮັກສາໄວ້ໃນຄັງເງິນສົດຂອງວິສາຫະກິດ."
"l10n_la_account_1012","1012","Cash on hand - Foreign currencies","l10n_la_account_101","True","asset_cash","False","","","","Foreign currency cash held in the cash box, valued in kip at the exchange rate.","ເງິນສົດເປັນເງິນຕາຕ່າງປະເທດ","ເງິນສົດເປັນເງິນຕາຕ່າງປະເທດ ທີ່ຮັກສາໄວ້ໃນຄັງເງິນສົດ, ຕີລາຄາເປັນເງິນກີບຕາມອັດຕາແລກປ່ຽນ."
"l10n_la_account_1013","1013","Petty cash","l10n_la_account_101","True","asset_cash","False","","","","Small cash fund kept for minor day-to-day expenses.","ເງິນສົດຍ່ອຍ","ເງິນສົດຍ່ອຍ ສຳລັບລາຍຈ່າຍນ້ອຍໆປະຈຳວັນ."
"account_journal_payment_debit_account_id","1014","Cash in deposit - not yet recorded in banks' accounting","l10n_la_account_101","True","asset_current","True","","","","Cash deposited or payments received, not yet on the bank statement. Used by Odoo as outstanding receipts.","ເງິນສົດກຳລັງນຳຝາກ - ທະນາຄານບໍ່ທັນໄດ້ຈົດເຂົ້າບັນຊີ","ເງິນສົດທີ່ນຳຝາກ ຫຼື ເງິນທີ່ໄດ້ຮັບແລ້ວ ແຕ່ທະນາຄານຍັງບໍ່ທັນຈົດເຂົ້າບັນຊີ. Odoo ໃຊ້ເປັນບັນຊີໃບຮັບເງິນທີ່ຍັງຄ້າງ."
"l10n_la_account_1017","1017","Cash advance","l10n_la_account_101","True","asset_current","True","","","","Cash advanced for expenses, to be justified later.","ລ່ວງໜ້າເງິນສົດ","ເງິນສົດທີ່ລ່ວງໜ້າ ເພື່ອໃຊ້ຈ່າຍ ແລະ ຕ້ອງສະສາງພາຍຫຼັງ."
"l10n_la_account_102","102","Banks, Financial and Similar Institutions","l10n_la_account_10","False","asset_cash","False","","","","Group of accounts: post entries to its sub-accounts.","ເງິນຝາກທະນາຄານ, ສະຖາບັນການເງິນ ແລະ ສະຖາບັນທີ່ຄ້າຍຄືກັນ","ໝວດບັນຊີ: ໃຫ້ບັນທຶກລາຍການໃສ່ບັນຊີຍ່ອຍ."
"l10n_la_account_1021","1021","Bank accounts in Kip","l10n_la_account_102","True","asset_cash","False","","","","Current accounts in kip with banks. Default account of the bank journal.","ເງິນຝາກທະນາຄານເປັນເງິນກີບ","ບັນຊີເງິນຝາກກະແສລາຍວັນ ເປັນເງິນກີບ ຢູ່ທະນາຄານ. ບັນຊີເລີ່ມຕົ້ນຂອງປຶ້ມບັນຊີທະນາຄານ."
"l10n_la_account_1022","1022","Bank accounts in foreign currencies","l10n_la_account_102","True","asset_cash","False","","","","Bank accounts in foreign currencies, valued in kip at the exchange rate.","ເງິນຝາກທະນາຄານເປັນເງິນຕາຕ່າງປະເທດ","ບັນຊີເງິນຝາກທະນາຄານ ເປັນເງິນຕາຕ່າງປະເທດ, ຕີລາຄາເປັນເງິນກີບຕາມອັດຕາແລກປ່ຽນ."
"l10n_la_account_1023","1023","National treasury","l10n_la_account_102","True","asset_cash","False","","","","Deposits with the National Treasury.","ເງິນຝາກຄັງເງິນແຫ່ງຊາດ","ເງິນຝາກຢູ່ຄັງເງິນແຫ່ງຊາດ."
"l10n_la_account_1024","1024","Other financial institutions","l10n_la_account_102","True","asset_cash","False","","","","Deposits with financial institutions other than banks.","ເງິນຝາກສະຖາບັນການເງິນອື່ນໆ","ເງິນຝາກຢູ່ສະຖາບັນການເງິນອື່ນ ທີ່ບໍ່ແມ່ນທະນາຄານ."
"l10n_la_account_1028","1028","Accrued interest receivable","l10n_la_account_102","True","asset_current","False","","","","Interest earned on bank deposits, not yet received.","ດອກເບ້ຽ ຄິດໄລ່ - ຕ້ອງຮັບ","ດອກເບ້ຽເງິນຝາກທະນາຄານ ທີ່ຄິດໄລ່ແລ້ວ ແຕ່ຍັງບໍ່ທັນໄດ້ຮັບ."
"l10n_la_account_109","109","Impairment of Petty Cash, Cash in Transit","l10n_la_account_10","False","asset_current","False","","","","Group of accounts: post entries to its sub-accounts.","ຄ່າສູນເສຍມູນຄ່າ ເງິນສົດຍ່ອຍ, ເງິນກຳລັງນຳຝາກທະນາຄານ","ໝວດບັນຊີ: ໃຫ້ບັນທຶກລາຍການໃສ່ບັນຊີຍ່ອຍ."
"l10n_la_account_1091","1091","Impairment of petty cash, advances","l10n_la_account_109","True","asset_current","False","","","","Impairment of petty cash and cash advances.","ຄ່າສູນເສຍມູນຄ່າ ເງິນສົດຍ່ອຍ, ເງິນລ່ວງໜ້າ","ຄ່າສູນເສຍມູນຄ່າ ຂອງເງິນສົດຍ່ອຍ ແລະ ເງິນລ່ວງໜ້າ."
"l10n_la_account_1092","1092","Impairment of cash in deposit - not yet recorded in banks' accounting","l10n_la_account_109","True","asset_current","False","","","","Impairment of cash deposited but not yet recorded by the bank.","ຄ່າສູນເສຍມູນຄ່າ ເງິນກຳລັງນຳຝາກທະນາຄານ","ຄ່າສູນເສຍມູນຄ່າ ຂອງເງິນທີ່ນຳຝາກ ແຕ່ທະນາຄານຍັງບໍ່ທັນຈົດເຂົ້າບັນຊີ."
"l10n_la_account_11","11","Financial Instruments, Financial Instruments on Hand and for Collection, Short-Term Investment Securities","","False","asset_current","False","","account.account_tag_investing","","Group of accounts: post entries to its sub-accounts.","ເຄື່ອງມືການເງິນ, ເຄື່ອງມືການເງິນໃນກຳມື ແລະ ເພື່ອຮຽກເກັບ, ຫຼັກຊັບລົງທຶນ ໄລຍະສັ້ນ","ໝວດບັນຊີ: ໃຫ້ບັນທຶກລາຍການໃສ່ບັນຊີຍ່ອຍ."
"l10n_la_account_111","111","Basic Financial Instruments - Current Assets","l10n_la_account_11","False","asset_current","False","","account.account_tag_investing","","Group of accounts: post entries to its sub-accounts.","ເຄື່ອງມືການເງິນຂັ້ນພື້ນຖານ - ຊັບສິນໝູນວຽນ","ໝວດບັນຊີ: ໃຫ້ບັນທຶກລາຍການໃສ່ບັນຊີຍ່ອຍ."
"l10n_la_account_1111","1111","Loans receivable","l10n_la_account_111","True","asset_current","False","","account.account_tag_investing","","Short-term loans granted, due within twelve months.","ໜີ້ຕ້ອງຮັບ ຈາກການໃຫ້ເງິນກູ້","ເງິນໃຫ້ກູ້ຢືມໄລຍະສັ້ນ ທີ່ຮອດກຳນົດພາຍໃນ 12 ເດືອນ."
"l10n_la_account_1112","1112","Bills receivable","l10n_la_account_111","True","asset_current","False","","account.account_tag_investing","","Bills and promissory notes receivable held as current assets.","ໜີ້ຕ້ອງຮັບ ຈາກໃບຢັ້ງຢືນໜີ້","ໃບຢັ້ງຢືນໜີ້ຕ້ອງຮັບ ທີ່ຖືເປັນຊັບສິນໝູນວຽນ."
"l10n_la_account_1113","1113","Shares","l10n_la_account_111","True","asset_current","False","","account.account_tag_investing","","Shares held for short-term purposes.","ຮຸ້ນ","ຮຸ້ນທີ່ຖືໄວ້ ເພື່ອຈຸດປະສົງໄລຍະສັ້ນ."
"l10n_la_account_1114","1114","Bonds","l10n_la_account_111","True","asset_current","False","","account.account_tag_investing","","Bonds held as current assets.","ພັນທະບັດ","ພັນທະບັດ ທີ່ຖືເປັນຊັບສິນໝູນວຽນ."
"l10n_la_account_1116","1116","Other basic financial instruments","l10n_la_account_111","True","asset_current","False","","account.account_tag_investing","","Other basic financial instruments held as current assets.","ເຄື່ອງມືການເງິນຂັ້ນພື້ນຖານອື່ນໆ","ເຄື່ອງມືການເງິນຂັ້ນພື້ນຖານອື່ນໆ ທີ່ຖືເປັນຊັບສິນໝູນວຽນ."
"l10n_la_account_1118","1118","Accrued interest receivable","l10n_la_account_111","True","asset_current","False","","account.account_tag_investing","","Interest accrued on current financial instruments, not yet received.","ດອກເບ້ຽ ຄິດໄລ່ - ຕ້ອງຮັບ","ດອກເບ້ຽຄິດໄລ່ ຂອງເຄື່ອງມືການເງິນໝູນວຽນ ທີ່ຍັງບໍ່ທັນໄດ້ຮັບ."
"l10n_la_account_112","112","Other Financial Instruments - Current Assets","l10n_la_account_11","True","asset_current","False","","account.account_tag_investing","","Financial instruments other than basic ones, held as current assets.","ເຄື່ອງມືການເງິນອື່ນໆ - ຊັບສິນໝູນວຽນ","ເຄື່ອງມືການເງິນອື່ນໆ ທີ່ບໍ່ແມ່ນຂັ້ນພື້ນຖານ, ຖືເປັນຊັບສິນໝູນວຽນ."
"l10n_la_account_113","113","Financial Instruments on Hand and for Collection","l10n_la_account_11","False","asset_current","False","","","","Group of accounts: post entries to its sub-accounts.","ເຄື່ອງມືການເງິນໃນກຳມື ແລະ ເພື່ອຮຽກເກັບ","ໝວດບັນຊີ: ໃຫ້ບັນທຶກລາຍການໃສ່ບັນຊີຍ່ອຍ."
"l10n_la_account_1131","1131","Accrued commercial paper for collection","l10n_la_account_113","True","asset_current","False","","","","Commercial bills due and being collected.","ໃບຢັ້ງຢືນການຄ້າ ຮອດກຳນົດ ແລະ ພວມຮຽກເກັບ","ໃບຢັ້ງຢືນການຄ້າ ທີ່ຮອດກຳນົດ ແລະ ພວມຮຽກເກັບ."
"l10n_la_account_1132","1132","Discounted bills","l10n_la_account_113","True","asset_current","False","","","","Commercial bills discounted with a bank before maturity.","ໃບຢັ້ງຢືນການຄ້າ ມອບຂາຍຊຳລະ ຕາມອັດຕາຫຼຸດຜ່ອນ","ໃບຢັ້ງຢືນການຄ້າ ທີ່ມອບຂາຍໃຫ້ທະນາຄານ ກ່ອນຮອດກຳນົດ."
"l10n_la_account_1133","1133","Cheques on hand","l10n_la_account_113","True","asset_current","True","","","","Cheques received and held, not yet deposited.","ແຊ໋ກໃນຄັງ","ແຊ໋ກທີ່ໄດ້ຮັບ ແລະ ຍັງຖືໄວ້, ຍັງບໍ່ທັນນຳຝາກ."
"l10n_la_account_1134","1134","Cheques for collection","l10n_la_account_113","True","asset_current","True","","","","Cheques deposited with the bank for collection.","ແຊ໋ກພວມຮຽກເກັບ","ແຊ໋ກທີ່ນຳຝາກທະນາຄານ ເພື່ອຮຽກເກັບ."
"l10n_la_account_1135","1135","Credit Card for collection","l10n_la_account_113","True","asset_current","True","","","","Card payments received, being collected through the bank.","ບັດສິນເຊື່ອທະນາຄານພວມຮຽກເກັບ","ການຊຳລະດ້ວຍບັດ ທີ່ໄດ້ຮັບ ແລະ ພວມຮຽກເກັບຜ່ານທະນາຄານ."
"l10n_la_account_1136","1136","Other bills for collection","l10n_la_account_113","True","asset_current","False","","","","Other negotiable documents being collected.","ເອກະສານຢັ້ງຢືນມີຄ່າອື່ນໆພວມຮຽກເກັບ","ເອກະສານມີຄ່າອື່ນໆ ທີ່ພວມຮຽກເກັບ."
"account_journal_payment_credit_account_id","1139","Cheques issued - not yet sent for collection","l10n_la_account_113","True","asset_current","True","","","","Cheques and transfers issued by the entity, not yet collected by the payee. Used by Odoo as outstanding payments.","ແຊ໋ກທີ່ໄດ້ສັ່ງຈ່າຍ-ຜູ້ມີສິດຮັບເງິນ ບໍ່ທັນຮຽກເກັບນຳທະນາຄານ","ແຊ໋ກ ແລະ ການໂອນເງິນ ທີ່ວິສາຫະກິດໄດ້ສັ່ງຈ່າຍ ແຕ່ຜູ້ມີສິດຮັບເງິນຍັງບໍ່ທັນຮຽກເກັບນຳທະນາຄານ. Odoo ໃຊ້ເປັນບັນຊີການຊຳລະເງິນທີ່ຍັງຄ້າງ."
"l10n_la_account_114","114","Short-Term Investment Securities","l10n_la_account_11","False","asset_current","False","","account.account_tag_investing","","Group of accounts: post entries to its sub-accounts.","ຫຼັກຊັບລົງທຶນ ໄລຍະສັ້ນ","ໝວດບັນຊີ: ໃຫ້ບັນທຶກລາຍການໃສ່ບັນຊີຍ່ອຍ."
"l10n_la_account_1141","1141","Investment securities in repurchased shares","l10n_la_account_114","True","asset_current","False","","account.account_tag_investing","","Own shares bought back by the entity.","ຫຼັກຊັບລົງທຶນ ໃນຮຸ້ນຕົນເອງທີ່ໄດ້ຊື້ຄືນ","ຮຸ້ນຂອງວິສາຫະກິດເອງ ທີ່ໄດ້ຊື້ຄືນ."
"l10n_la_account_1142","1142","Investment securities in the stock market shares","l10n_la_account_114","True","asset_current","False","","account.account_tag_investing","","Listed shares held as short-term investments.","ຫຼັກຊັບລົງທຶນ ໃນຮຸ້ນຈົດທະບຽນຕະຫຼາດຫຼັກຊັບ","ຮຸ້ນທີ່ຈົດທະບຽນໃນຕະຫຼາດຫຼັກຊັບ ທີ່ຖືເປັນການລົງທຶນໄລຍະສັ້ນ."
"l10n_la_account_1143","1143","Investment securities in other shares","l10n_la_account_114","True","asset_current","False","","account.account_tag_investing","","Other shares held as short-term investments.","ຫຼັກຊັບລົງທຶນ ໃນຮຸ້ນອື່ນໆ","ຮຸ້ນອື່ນໆ ທີ່ຖືເປັນການລົງທຶນໄລຍະສັ້ນ."
"l10n_la_account_1144","1144","Investment securities in treasury bond","l10n_la_account_114","True","asset_current","False","","account.account_tag_investing","","Treasury bonds held as short-term investments.","ຫຼັກຊັບລົງທຶນ ພັນທະບັດຄັງເງິນ","ພັນທະບັດຄັງເງິນ ທີ່ຖືເປັນການລົງທຶນໄລຍະສັ້ນ."
"l10n_la_account_1145","1145","Treasury bond listed in the stock market","l10n_la_account_114","True","asset_current","False","","account.account_tag_investing","","Listed treasury bonds held as short-term investments.","ຫຼັກຊັບລົງທຶນ ພັນທະບັດຄັງເງິນ ຈົດທະບຽນໃນຕະຫຼາດຫຼັກຊັບ","ພັນທະບັດຄັງເງິນ ທີ່ຈົດທະບຽນໃນຕະຫຼາດຫຼັກຊັບ, ຖືເປັນການລົງທຶນໄລຍະສັ້ນ."
"l10n_la_account_1146","1146","Other treasury bonds","l10n_la_account_114","True","asset_current","False","","account.account_tag_investing","","Other treasury bonds held as short-term investments.","ຫຼັກຊັບລົງທຶນ ພັນທະບັດຄັງເງິນອື່ນໆ","ພັນທະບັດຄັງເງິນອື່ນໆ ທີ່ຖືເປັນການລົງທຶນໄລຍະສັ້ນ."
"l10n_la_account_1147","1147","Accrued interest receivable","l10n_la_account_114","True","asset_current","False","","account.account_tag_investing","","Interest accrued on short-term securities, not yet received.","ດອກເບ້ຽຄິດໄລ່-ຕ້ອງຮັບ","ດອກເບ້ຽຄິດໄລ່ ຂອງຫຼັກຊັບລົງທຶນໄລຍະສັ້ນ ທີ່ຍັງບໍ່ທັນໄດ້ຮັບ."
"l10n_la_account_1148","1148","Other short-term investment securities","l10n_la_account_114","True","asset_current","False","","account.account_tag_investing","","Other short-term investment securities.","ຫຼັກຊັບໄລຍະສັ້ນອື່ນໆ","ຫຼັກຊັບລົງທຶນໄລຍະສັ້ນອື່ນໆ."
"l10n_la_account_119","119","Impairment of Financial Instruments","l10n_la_account_11","False","asset_current","False","","account.account_tag_investing","","Group of accounts: post entries to its sub-accounts.","ຄ່າສູນເສຍມູນຄ່າ ເຄື່ອງມືການເງິນ","ໝວດບັນຊີ: ໃຫ້ບັນທຶກລາຍການໃສ່ບັນຊີຍ່ອຍ."
"l10n_la_account_1191","1191","Impairment - Basic financial instruments","l10n_la_account_119","True","asset_current","False","","account.account_tag_investing","","Impairment of basic financial instruments held as current assets.","ຄ່າສູນເສຍມູນຄ່າ - ເຄື່ອງມືການເງິນຂັ້ນພື້ນຖານ","ຄ່າສູນເສຍມູນຄ່າ ຂອງເຄື່ອງມືການເງິນຂັ້ນພື້ນຖານ."
"l10n_la_account_1192","1192","Impairment - Other financial instruments","l10n_la_account_119","True","asset_current","False","","account.account_tag_investing","","Impairment of other current financial instruments.","ຄ່າສູນເສຍມູນຄ່າ - ເຄື່ອງມືການເງິນອື່ນໆ","ຄ່າສູນເສຍມູນຄ່າ ຂອງເຄື່ອງມືການເງິນອື່ນໆ."
"l10n_la_account_1193","1193","Impairment - Financial instruments on hand and for collection","l10n_la_account_119","True","asset_current","False","","account.account_tag_investing","","Impairment of bills and cheques on hand and for collection.","ຄ່າສູນເສຍມູນຄ່າ - ເຄື່ອງມືການເງິນໃນກຳມື ແລະ ເພື່ອຮຽກເກັບ","ຄ່າສູນເສຍມູນຄ່າ ຂອງເຄື່ອງມືການເງິນໃນກຳມື ແລະ ເພື່ອຮຽກເກັບ."
"l10n_la_account_1194","1194","Impairment - Short-term investment securities","l10n_la_account_119","True","asset_current","False","","account.account_tag_investing","","Impairment of short-term investment securities.","ຄ່າສູນເສຍມູນຄ່າ - ຫຼັກຊັບລົງທຶນໄລຍະສັ້ນ","ຄ່າສູນເສຍມູນຄ່າ ຂອງຫຼັກຊັບລົງທຶນໄລຍະສັ້ນ."
"l10n_la_account_12","12","Customers - Accounts Receivable","","False","asset_receivable","True","","account.account_tag_operating","","Group of accounts: post entries to its sub-accounts.","ລູກຄ້າ ຕິດໜີ້","ໝວດບັນຊີ: ໃຫ້ບັນທຶກລາຍການໃສ່ບັນຊີຍ່ອຍ."
"l10n_la_account_121","121","Customers - Goods, Products, Rendering services","l10n_la_account_12","False","asset_receivable","True","","account.account_tag_operating","","Group of accounts: post entries to its sub-accounts.","ລູກຄ້າ - ຄ່າສິນຄ້າ, ຜະລິດຕະພັນ, ບໍລິການ","ໝວດບັນຊີ: ໃຫ້ບັນທຶກລາຍການໃສ່ບັນຊີຍ່ອຍ."
"l10n_la_account_1211","1211","Customers - Goods","l10n_la_account_121","True","asset_receivable","True","","account.account_tag_operating","","Amounts due from customers for goods sold. Default receivable account.","ລູກຄ້າ - ຄ່າສິນຄ້າ","ຈຳນວນເງິນທີ່ລູກຄ້າຕິດໜີ້ ຈາກການຂາຍສິນຄ້າ. ບັນຊີລູກໜີ້ເລີ່ມຕົ້ນ."
"l10n_la_account_1212","1212","Customers - Products","l10n_la_account_121","True","asset_receivable","True","","account.account_tag_operating","","Amounts due from customers for products sold.","ລູກຄ້າ - ຄ່າຜະລິດຕະພັນ","ຈຳນວນເງິນທີ່ລູກຄ້າຕິດໜີ້ ຈາກການຂາຍຜະລິດຕະພັນ."
"l10n_la_account_1213","1213","Customers - Rendering services","l10n_la_account_121","True","asset_receivable","True","","account.account_tag_operating","","Amounts due from customers for services rendered.","ລູກຄ້າ - ຄ່າບໍລິການ","ຈຳນວນເງິນທີ່ລູກຄ້າຕິດໜີ້ ຈາກການໃຫ້ບໍລິການ."
"l10n_la_account_122","122","Customers - Bills receivable","l10n_la_account_12","False","asset_receivable","True","","account.account_tag_operating","","Group of accounts: post entries to its sub-accounts.","ລູກຄ້າ - ໃບຢັ້ງຢືນການຄ້າຕ້ອງຮັບ","ໝວດບັນຊີ: ໃຫ້ບັນທຶກລາຍການໃສ່ບັນຊີຍ່ອຍ."
"l10n_la_account_1221","1221","Customers - Bills receivable for goods","l10n_la_account_122","True","asset_receivable","True","","account.account_tag_operating","","Bills receivable accepted by customers for goods sold.","ລູກຄ້າ - ໃບຢັ້ງຢືນການຄ້າຕ້ອງຮັບ ຄ່າສິນຄ້າ","ໃບຢັ້ງຢືນການຄ້າຕ້ອງຮັບ ຈາກລູກຄ້າ ຄ່າສິນຄ້າ."
"l10n_la_account_1222","1222","Customers - Bills receivable for products","l10n_la_account_122","True","asset_receivable","True","","account.account_tag_operating","","Bills receivable accepted by customers for products sold.","ລູກຄ້າ - ໃບຢັ້ງຢືນການຄ້າຕ້ອງຮັບ ຄ່າຜະລິດຕະພັນ","ໃບຢັ້ງຢືນການຄ້າຕ້ອງຮັບ ຈາກລູກຄ້າ ຄ່າຜະລິດຕະພັນ."
"l10n_la_account_1223","1223","Customers - Bills receivable for rendering services","l10n_la_account_122","True","asset_receivable","True","","account.account_tag_operating","","Bills receivable accepted by customers for services rendered.","ລູກຄ້າ - ໃບຢັ້ງຢືນການຄ້າຕ້ອງຮັບ ຄ່າບໍລິການ","ໃບຢັ້ງຢືນການຄ້າຕ້ອງຮັບ ຈາກລູກຄ້າ ຄ່າບໍລິການ."
"l10n_la_account_124","124","Customers - Doubtful or contested accounts","l10n_la_account_12","True","asset_receivable","True","","account.account_tag_operating","","Customer balances whose collection is doubtful or disputed.","ລູກຄ້າ - ໜີ້ຕ້ອງຮັບທວງຍາກ","ໜີ້ຕ້ອງຮັບຈາກລູກຄ້າ ທີ່ທວງຍາກ ຫຼື ມີຂໍ້ຂັດແຍ່ງ."
"l10n_la_account_125","125","Customers - Debts receivable for work not yet chargeable","l10n_la_account_12","True","asset_current","False","","account.account_tag_operating","","Construction work or services performed, not yet billable to the customer.","ໜີ້ຕ້ອງຮັບ - ບ້ວງວຽກງານກໍ່ສ້າງ ຫຼື ບໍລິການທີ່ບໍ່ທັນໄດ້ ອອກໃບເກັບເງິນ","ວຽກງານກໍ່ສ້າງ ຫຼື ການບໍລິການ ທີ່ໄດ້ປະຕິບັດແລ້ວ ແຕ່ຍັງບໍ່ທັນອອກໃບເກັບເງິນ."
"l10n_la_account_126","126","Customers - Sale of products, goods, not yet invoiced","l10n_la_account_12","True","asset_current","False","","account.account_tag_operating","","Goods or products delivered, invoice not yet issued.","ລູກຄ້າ - ຂາຍຜະລິດຕະພັນ, ສິນຄ້າ ທີ່ບໍ່ທັນໄດ້ອອກໃບເກັບເງິນ","ສິນຄ້າ ຫຼື ຜະລິດຕະພັນ ທີ່ສົ່ງມອບແລ້ວ ແຕ່ຍັງບໍ່ທັນອອກໃບເກັບເງິນ."
"l10n_la_account_129","129","Impairment of debts receivable from customers","l10n_la_account_12","True","asset_current","False","","account.account_tag_operating","","Allowance for doubtful customer receivables.","ຄ່າສູນເສຍມູນຄ່າ ຂອງບັນຊີລູກຄ້າ","ຄ່າສູນເສຍມູນຄ່າ ຂອງໜີ້ຕ້ອງຮັບຈາກລູກຄ້າ."
"l10n_la_account_13","13","Inventories","","False","asset_current","False","","account.account_tag_operating","","Group of accounts: post entries to its sub-accounts.","ເຄື່ອງໃນສາງ","ໝວດບັນຊີ: ໃຫ້ບັນທຶກລາຍການໃສ່ບັນຊີຍ່ອຍ."
"l10n_la_account_131","131","Raw materials and supplies","l10n_la_account_13","False","asset_current","False","","account.account_tag_operating","","Group of accounts: post entries to its sub-accounts.","ວັດຖຸດິບ ແລະ ວັດຖຸປະກອບ","ໝວດບັນຊີ: ໃຫ້ບັນທຶກລາຍການໃສ່ບັນຊີຍ່ອຍ."
"l10n_la_account_1311","1311","Raw materials","l10n_la_account_131","True","asset_current","False","","account.account_tag_operating","","Raw materials held for production.","ວັດຖຸດິບ","ວັດຖຸດິບ ທີ່ມີໄວ້ເພື່ອການຜະລິດ."
"l10n_la_account_1312","1312","Raw supplies","l10n_la_account_131","True","asset_current","False","","account.account_tag_operating","","Supplies that become part of the products during production.","ວັດຖຸປະກອບ","ວັດຖຸປະກອບ ທີ່ໃຊ້ເຂົ້າໃນການຜະລິດ."
"l10n_la_account_132","132","Other Consumable materials","l10n_la_account_13","False","asset_current","False","","account.account_tag_operating","","Group of accounts: post entries to its sub-accounts.","ວັດຖຸອື່ນໆ ຮັບໃຊ້ການຜະລິດ","ໝວດບັນຊີ: ໃຫ້ບັນທຶກລາຍການໃສ່ບັນຊີຍ່ອຍ."
"l10n_la_account_1321","1321","Consumable materials","l10n_la_account_132","True","asset_current","False","","account.account_tag_operating","","Consumable materials used in operations.","ວັດຖຸຊົມໃຊ້","ວັດຖຸຊົມໃຊ້ ໃນການດຳເນີນງານ."
"l10n_la_account_1322","1322","Consumable supplies","l10n_la_account_132","True","asset_current","False","","account.account_tag_operating","","Consumable supplies used in operations.","ວັດຖຸປະກອບຊົມໃຊ້","ວັດຖຸປະກອບຊົມໃຊ້ ໃນການດຳເນີນງານ."
"l10n_la_account_1323","1323","Non-returnable Packages","l10n_la_account_132","True","asset_current","False","","account.account_tag_operating","","Packaging delivered with the goods and not returned.","ເຄື່ອງຫຸ້ມຫໍ່ຖິ້ມເລີຍ","ເຄື່ອງຫຸ້ມຫໍ່ ທີ່ສົ່ງໄປພ້ອມສິນຄ້າ ແລະ ບໍ່ສົ່ງຄືນ."
"l10n_la_account_1324","1324","Unidentifiable guarantee packages","l10n_la_account_132","True","asset_current","False","","account.account_tag_operating","","Returnable packaging under deposit that cannot be identified item by item.","ເຄື່ອງຫຸ້ມຫໍ່ມັດຈຳ ຈຳແນກບໍ່ໄດ້","ເຄື່ອງຫຸ້ມຫໍ່ມັດຈຳ ທີ່ຈຳແນກເປັນລາຍການບໍ່ໄດ້."
"l10n_la_account_133","133","Work in progress (Goods)","l10n_la_account_13","False","asset_current","False","","account.account_tag_operating","","Group of accounts: post entries to its sub-accounts.","ຜົນຜະລິດ ພວມປຸງແຕ່ງ","ໝວດບັນຊີ: ໃຫ້ບັນທຶກລາຍການໃສ່ບັນຊີຍ່ອຍ."
"l10n_la_account_1331","1331","Products in progress","l10n_la_account_133","True","asset_current","False","","account.account_tag_operating","","Products still in production at the closing date.","ຜະລິດຕະພັນ ພວມຜະລິດ","ຜະລິດຕະພັນ ທີ່ຍັງພວມຜະລິດ ໃນມື້ປິດບັນຊີ."
"l10n_la_account_1332","1332","Construction contracts in progress","l10n_la_account_133","True","asset_current","False","","account.account_tag_operating","","Construction contracts in progress, not yet completed.","ວຽກງານກໍ່ສ້າງ ພວມດຳເນີນງານ","ວຽກງານກໍ່ສ້າງ ທີ່ພວມດຳເນີນ ແລະ ຍັງບໍ່ທັນສຳເລັດ."
"l10n_la_account_134","134","Work in Progress (Services)","l10n_la_account_13","False","asset_current","False","","account.account_tag_operating","","Group of accounts: post entries to its sub-accounts.","ການບໍລິການ ພວມດຳເນີນງານ","ໝວດບັນຊີ: ໃຫ້ບັນທຶກລາຍການໃສ່ບັນຊີຍ່ອຍ."
"l10n_la_account_1341","1341","Project studies in progress","l10n_la_account_134","True","asset_current","False","","account.account_tag_operating","","Research and study projects in progress.","ການຄົ້ນຄວ້າ ພວມດຳເນີນງານ","ວຽກງານຄົ້ນຄວ້າ ທີ່ພວມດຳເນີນງານ."
"l10n_la_account_1342","1342","Rendering of services in progress","l10n_la_account_134","True","asset_current","False","","account.account_tag_operating","","Services in progress, not yet completed.","ການໃຫ້ບໍລິການ ພວມດຳເນີນງານ","ການໃຫ້ບໍລິການ ທີ່ພວມດຳເນີນ ແລະ ຍັງບໍ່ທັນສຳເລັດ."
"l10n_la_account_135","135","Biological assets - Current","l10n_la_account_13","False","asset_current","False","","account.account_tag_operating","","Group of accounts: post entries to its sub-accounts.","ຊັບສິນ ຊີວະພາບ-ໝູນວຽນ","ໝວດບັນຊີ: ໃຫ້ບັນທຶກລາຍການໃສ່ບັນຊີຍ່ອຍ."
"l10n_la_account_1351","1351","Livestock","l10n_la_account_135","True","asset_current","False","","account.account_tag_operating","","Livestock held for sale or production within the year.","ສັດ","ສັດ ທີ່ລ້ຽງໄວ້ເພື່ອຂາຍ ຫຼື ເພື່ອການຜະລິດພາຍໃນປີ."
"l10n_la_account_1352","1352","Plants","l10n_la_account_135","True","asset_current","False","","account.account_tag_operating","","Plants and crops held for sale or harvest within the year.","ຕົ້ນໄມ້","ຕົ້ນໄມ້ ແລະ ພືດ ທີ່ປູກໄວ້ເພື່ອຂາຍ ຫຼື ເກັບກ່ຽວພາຍໃນປີ."
"l10n_la_account_1358","1358","Other biological assets - current","l10n_la_account_135","True","asset_current","False","","account.account_tag_operating","","Other current biological assets.","ຊັບສິນຊີວະພາບອື່ນໆ-ໝູນວຽນ","ຊັບສິນຊີວະພາບໝູນວຽນອື່ນໆ."
"l10n_la_account_136","136","Products in Stock","l10n_la_account_13","False","asset_current","False","","account.account_tag_operating","","Group of accounts: post entries to its sub-accounts.","ຜະລິດຕະພັນ ໃນສາງ","ໝວດບັນຊີ: ໃຫ້ບັນທຶກລາຍການໃສ່ບັນຊີຍ່ອຍ."
"l10n_la_account_1361","1361","Semi-finished products","l10n_la_account_136","True","asset_current","False","","account.account_tag_operating","","Semi-finished products held in stock.","ຜະລິດຕະພັນ ລະຫວ່າງກາງ","ຜະລິດຕະພັນລະຫວ່າງກາງ ທີ່ມີໃນສາງ."
"l10n_la_account_1365","1365","Finished products","l10n_la_account_136","True","asset_current","False","","account.account_tag_operating","","Finished products held in stock.","ຜະລິດຕະພັນ ສຳເລັດຮູບ","ຜະລິດຕະພັນສຳເລັດຮູບ ທີ່ມີໃນສາງ."
"l10n_la_account_1368","1368","Residual products or recoverable products","l10n_la_account_136","True","asset_current","False","","account.account_tag_operating","","Residual and recoverable products.","ຜະລິດຕະພັນ ເສດເຫຼືອ ຫຼື ຜະລິດຕະພັນ ເກັບຄືນໄດ້","ຜະລິດຕະພັນເສດເຫຼືອ ແລະ ຜະລິດຕະພັນ ທີ່ເກັບຄືນໄດ້."
"l10n_la_account_137","137","Stocks of goods for resale","l10n_la_account_13","True","asset_current","False","","account.account_tag_operating","","Goods bought for resale. Default stock valuation account.","ສິນຄ້າ ໃນສາງ","ສິນຄ້າ ທີ່ຊື້ມາເພື່ອຂາຍຕໍ່. ບັນຊີມູນຄ່າສິນຄ້າໃນສາງເລີ່ມຕົ້ນ."
"l10n_la_account_138","138","Inventories in transit, warehoused or sent on consignment","l10n_la_account_13","True","asset_current","False","","account.account_tag_operating","","Inventories in transit, in third-party warehouses or on consignment.","ເຄື່ອງໃນສາງ ຢູ່ທາງນອກ ( ພວມຢູ່ລະຫວ່າງທາງ ຫຼື ຝາກ ຫຼື ຄ້ຳປະກັນ )","ເຄື່ອງໃນສາງ ທີ່ພວມຂົນສົ່ງ, ຝາກໄວ້ນຳພາກສ່ວນອື່ນ ຫຼື ຝາກຂາຍ."
"l10n_la_account_139","139","Impairment of Inventories and Inventories in transit","l10n_la_account_13","False","asset_current","False","","account.account_tag_operating","","Group of accounts: post entries to its sub-accounts.","ຄ່າສູນເສຍມູນຄ່າ ເຄື່ອງໃນສາງ ແລະ ພວມຢູ່ລະຫວ່າງທາງ","ໝວດບັນຊີ: ໃຫ້ບັນທຶກລາຍການໃສ່ບັນຊີຍ່ອຍ."
"l10n_la_account_1391","1391","Impairment of raw materials and supplies","l10n_la_account_139","True","asset_current","False","","account.account_tag_operating","","Impairment of raw materials and supplies.","ຄ່າສູນເສຍມູນຄ່າ ວັດຖຸດິບ ແລະ ວັດຖຸປະກອບ","ຄ່າສູນເສຍມູນຄ່າ ຂອງວັດຖຸດິບ ແລະ ວັດຖຸປະກອບ."
"l10n_la_account_1392","1392","Impairment of other consumable materials","l10n_la_account_139","True","asset_current","False","","account.account_tag_operating","","Impairment of other consumable materials.","ຄ່າສູນເສຍມູນຄ່າ ວັດຖຸຮັບໃຊ້ໃນການຜະລິດອື່ນໆ","ຄ່າສູນເສຍມູນຄ່າ ຂອງວັດຖຸຮັບໃຊ້ການຜະລິດອື່ນໆ."
"l10n_la_account_1393","1393","Impairment of products in progress (goods)","l10n_la_account_139","True","asset_current","False","","account.account_tag_operating","","Impairment of goods in progress.","ຄ່າສູນເສຍມູນຄ່າ ຜົນຜະລິດພວມປຸງແຕ່ງ","ຄ່າສູນເສຍມູນຄ່າ ຂອງຜົນຜະລິດ ທີ່ພວມປຸງແຕ່ງ."
"l10n_la_account_1394","1394","Impairment of rendering services in progress","l10n_la_account_139","True","asset_current","False","","account.account_tag_operating","","Impairment of services in progress.","ຄ່າສູນເສຍມູນຄ່າ ການບໍລິການພວມດຳເນີນງານ","ຄ່າສູນເສຍມູນຄ່າ ຂອງການບໍລິການ ທີ່ພວມດຳເນີນງານ."
"l10n_la_account_1395","1395","Impairment of biological assets","l10n_la_account_139","True","asset_current","False","","account.account_tag_operating","","Impairment of current biological assets.","ຄ່າສູນເສຍມູນຄ່າ ຊັບສິນຊີວະພາບ","ຄ່າສູນເສຍມູນຄ່າ ຂອງຊັບສິນຊີວະພາບໝູນວຽນ."
"l10n_la_account_1396","1396","Impairment of products","l10n_la_account_139","True","asset_current","False","","account.account_tag_operating","","Impairment of products in stock.","ຄ່າສູນເສຍມູນຄ່າ ຜະລິດຕະພັນໃນສາງ","ຄ່າສູນເສຍມູນຄ່າ ຂອງຜະລິດຕະພັນໃນສາງ."
"l10n_la_account_1397","1397","Impairment of goods for resale","l10n_la_account_139","True","asset_current","False","","account.account_tag_operating","","Impairment of goods for resale.","ຄ່າສູນເສຍມູນຄ່າ ສິນຄ້າໃນສາງ","ຄ່າສູນເສຍມູນຄ່າ ຂອງສິນຄ້າໃນສາງ."
"l10n_la_account_1398","1398","Impairment of inventories in transit","l10n_la_account_139","True","asset_current","False","","account.account_tag_operating","","Impairment of inventories in transit or held outside.","ຄ່າສູນເສຍມູນຄ່າ ເຄື່ອງໃນສາງທາງນອກ","ຄ່າສູນເສຍມູນຄ່າ ຂອງເຄື່ອງໃນສາງ ທີ່ຢູ່ທາງນອກ."
"l10n_la_account_14","14","Other Debts Receivable","","False","asset_current","False","","account.account_tag_operating","","Group of accounts: post entries to its sub-accounts.","ລູກໜີ້ອື່ນໆ","ໝວດບັນຊີ: ໃຫ້ບັນທຶກລາຍການໃສ່ບັນຊີຍ່ອຍ."
"l10n_la_account_141","141","Debts receivable on disposal of fixed assets","l10n_la_account_14","True","asset_current","False","","account.account_tag_investing","","Amounts due from the sale of fixed assets.","ໜີ້ຕ້ອງຮັບ ຈາກການຂາຍ ຊັບສົມບັດຄົງທີ່","ໜີ້ຕ້ອງຮັບ ຈາກການຂາຍຊັບສົມບັດຄົງທີ່."
"l10n_la_account_142","142","Debts receivable on disposal of investment property","l10n_la_account_14","True","asset_current","False","","account.account_tag_investing","","Amounts due from the sale of investment property.","ໜີ້ຕ້ອງຮັບ ຈາກການຂາຍ ອະສັງຫາລິມະຊັບເພື່ອການລົງທຶນ","ໜີ້ຕ້ອງຮັບ ຈາກການຂາຍອະສັງຫາລິມະຊັບ ເພື່ອການລົງທຶນ."
"l10n_la_account_143","143","Debts receivable from sale of biological assets","l10n_la_account_14","True","asset_current","False","","account.account_tag_investing","","Amounts due from the sale of biological assets.","ໜີ້ຕ້ອງຮັບ ຈາກການຂາຍ ຊັບສິນຊີວະພາບ","ໜີ້ຕ້ອງຮັບ ຈາກການຂາຍຊັບສິນຊີວະພາບ."
"l10n_la_account_145","145","Debts receivable from financial instruments","l10n_la_account_14","True","asset_current","False","","account.account_tag_investing","","Amounts due on financial instruments.","ໜີ້ຕ້ອງຮັບ ເຄື່ອງມືການເງິນ","ໜີ້ຕ້ອງຮັບ ກ່ຽວກັບເຄື່ອງມືການເງິນ."
"l10n_la_account_146","146","Prepayments","l10n_la_account_14","True","asset_prepayments","False","","account.account_tag_operating","","Expenses paid in advance for later periods. Default deferred expense account.","ລາຍຈ່າຍ ຈ່າຍລ່ວງໜ້າ","ລາຍຈ່າຍ ທີ່ຈ່າຍລ່ວງໜ້າ ສຳລັບໄລຍະຕໍ່ໄປ. ບັນຊີລາຍຈ່າຍລ່ວງໜ້າເລີ່ມຕົ້ນ."
"l10n_la_account_148","148","Other debts receivable","l10n_la_account_14","True","asset_current","False","","account.account_tag_operating","","Other amounts receivable not recorded elsewhere.","ລູກໜີ້ອື່ນໆ","ລູກໜີ້ອື່ນໆ ທີ່ບໍ່ໄດ້ບັນທຶກໃນບັນຊີອື່ນ."
"l10n_la_account_149","149","Impairment of other debts receivable","l10n_la_account_14","True","asset_current","False","","account.account_tag_operating","","Impairment of other receivables.","ຄ່າສູນເສຍມູນຄ່າ ລູກໜີ້ອື່ນໆ","ຄ່າສູນເສຍມູນຄ່າ ຂອງລູກໜີ້ອື່ນໆ."
"l10n_la_account_15","15","Shareholder or Associates/Group - Accounts Receivable","","False","asset_current","False","","account.account_tag_financing","","Group of accounts: post entries to its sub-accounts.","ຜູ້ຖືຮຸ້ນ ຫຼື ບໍລິສັດໃນກຸ່ມ ຕິດໜີ້","ໝວດບັນຊີ: ໃຫ້ບັນທຶກລາຍການໃສ່ບັນຊີຍ່ອຍ."
"l10n_la_account_151","151","Accounts receivable on associates/group","l10n_la_account_15","True","asset_current","False","","account.account_tag_financing","","Amounts due from group companies and associates.","ໜີ້ຕ້ອງຮັບ ບໍລິສັດໃນກຸ່ມ","ໜີ້ຕ້ອງຮັບ ຈາກບໍລິສັດໃນກຸ່ມ ແລະ ບໍລິສັດຮ່ວມ."
"l10n_la_account_153","153","Shareholder - Subscribed capital - called up, unpaid","l10n_la_account_15","True","asset_current","False","","account.account_tag_financing","","Capital subscribed and called up, not yet paid by shareholders.","ຂາຮຸ້ນ - ທຶນກຳລັງຈະປະກອບ","ທຶນທີ່ຂາຮຸ້ນໄດ້ຈອງ ແລະ ຮຽກໃຫ້ປະກອບແລ້ວ ແຕ່ຍັງບໍ່ທັນຖອກ."
"l10n_la_account_154","154","Shareholder - Dividends advance","l10n_la_account_15","True","asset_current","False","","account.account_tag_financing","","Dividends paid to shareholders in advance.","ຂາຮຸ້ນ - ລ່ວງໜ້າເງິນປັນຜົນ","ເງິນປັນຜົນ ທີ່ຈ່າຍລ່ວງໜ້າໃຫ້ຂາຮຸ້ນ."
"l10n_la_account_155","155","Shareholder - Affiliated companies, joint or group transactions","l10n_la_account_15","True","asset_current","False","","account.account_tag_financing","","Amounts due from shareholders for joint or group transactions.","ຂາຮຸ້ນ - ການເຄື່ອນໄຫວຮ່ວມກັນ ຫຼື ເປັນກຸ່ມ","ໜີ້ຕ້ອງຮັບ ຈາກຂາຮຸ້ນ ກ່ຽວກັບການເຄື່ອນໄຫວຮ່ວມກັນ ຫຼື ເປັນກຸ່ມ."
"l10n_la_account_159","159","Impairment of group and associated accounts","l10n_la_account_15","True","asset_current","False","","account.account_tag_financing","","Impairment of group and shareholder receivables.","ຄ່າສູນເສຍມູນຄ່າ ຂອງບັນຊີກຸ່ມບໍລິສັດ ແລະ ຂາຮຸ້ນ","ຄ່າສູນເສຍມູນຄ່າ ຂອງໜີ້ຕ້ອງຮັບ ຈາກກຸ່ມບໍລິສັດ ແລະ ຂາຮຸ້ນ."
"l10n_la_account_16","16","Employees, Suppliers, Social security, State - Accounts receivable","","False","asset_current","False","","account.account_tag_operating","","Group of accounts: post entries to its sub-accounts.","ພະນັກງານ, ຜູ້ສະໜອງ, ອົງການປະກັນສັງຄົມ, ລັດ ຕິດໜີ້","ໝວດບັນຊີ: ໃຫ້ບັນທຶກລາຍການໃສ່ບັນຊີຍ່ອຍ."
"l10n_la_account_160","160","Employees - Accounts Receivable","l10n_la_account_16","False","asset_current","False","","account.account_tag_operating","","Group of accounts: post entries to its sub-accounts.","ພະນັກງານ - ຕິດໜີ້","ໝວດບັນຊີ: ໃຫ້ບັນທຶກລາຍການໃສ່ບັນຊີຍ່ອຍ."
"l10n_la_account_1601","1601","Employee - Authorized advances to personnel","l10n_la_account_160","True","asset_current","True","","account.account_tag_operating","","Authorised advances and partial payments to employees.","ພະນັກງານ - ເງິນລ່ວງໜ້າ ແລະ ຈ່າຍກ່ອນສ່ວນໜຶ່ງທີ່ໄດ້ ອະນຸມັດ","ເງິນລ່ວງໜ້າ ແລະ ເງິນຈ່າຍກ່ອນສ່ວນໜຶ່ງ ທີ່ໄດ້ອະນຸມັດໃຫ້ພະນັກງານ."
"l10n_la_account_1602","1602","Employee - Bonus in advances","l10n_la_account_160","True","asset_current","False","","account.account_tag_operating","","Bonuses paid to employees in advance.","ພະນັກງານ - ລ່ວງໜ້າເງິນບຳເນັດ","ເງິນບຳເນັດ ທີ່ຈ່າຍລ່ວງໜ້າໃຫ້ພະນັກງານ."
"l10n_la_account_1608","1608","Employee - Other debts receivable","l10n_la_account_160","True","asset_current","False","","account.account_tag_operating","","Other amounts due from employees.","ພະນັກງານ - ໜີ້ຕ້ອງຮັບອື່ນໆ","ໜີ້ຕ້ອງຮັບອື່ນໆ ຈາກພະນັກງານ."
"l10n_la_account_161","161","Suppliers - Accounts receivable","l10n_la_account_16","False","asset_current","False","","account.account_tag_operating","","Group of accounts: post entries to its sub-accounts.","ຜູ້ສະໜອງ - ຕິດໜີ້","ໝວດບັນຊີ: ໃຫ້ບັນທຶກລາຍການໃສ່ບັນຊີຍ່ອຍ."
"l10n_la_account_1611","1611","Prepayments to suppliers","l10n_la_account_161","True","asset_current","True","","account.account_tag_operating","","Advances and partial payments to suppliers before their invoice.","ເງິນຈ່າຍລ່ວງໜ້າ ໃຫ້ຜູ້ສະໜອງ ແລະ ເງິນຈ່າຍກ່ອນສ່ວນໜຶ່ງ","ເງິນຈ່າຍລ່ວງໜ້າ ແລະ ເງິນຈ່າຍກ່ອນສ່ວນໜຶ່ງ ໃຫ້ຜູ້ສະໜອງ ກ່ອນໄດ້ຮັບໃບເກັບເງິນ."
"l10n_la_account_1612","1612","Purchase rebates, discounts, allowances","l10n_la_account_161","True","asset_current","False","","account.account_tag_operating","","Rebates and discounts to be received from suppliers.","ສ່ວນຫຼຸດຕ້ອງຮັບ ຈາກຜູ້ສະໜອງ","ສ່ວນຫຼຸດ ທີ່ຕ້ອງໄດ້ຮັບຈາກຜູ້ສະໜອງ."
"l10n_la_account_1613","1613","Suppliers - Debts receivable for returnable packages","l10n_la_account_161","True","asset_current","False","","account.account_tag_operating","","Returnable packaging to be sent back to suppliers.","ຜູ້ສະໜອງ-ໜີ້ຕ້ອງຮັບ ບ້ວງເຄື່ອງຫຸ້ມຫໍ່ ທີ່ຕ້ອງສົ່ງຄືນ","ເຄື່ອງຫຸ້ມຫໍ່ ທີ່ຕ້ອງສົ່ງຄືນໃຫ້ຜູ້ສະໜອງ."
"l10n_la_account_1618","1618","Other debts receivable","l10n_la_account_161","True","asset_current","False","","account.account_tag_operating","","Other amounts due from suppliers.","ໜີ້ຕ້ອງຮັບອື່ນໆ ນຳຜູ້ສະໜອງ","ໜີ້ຕ້ອງຮັບອື່ນໆ ຈາກຜູ້ສະໜອງ."
"l10n_la_account_162","162","Social security, Prepayments","l10n_la_account_16","True","asset_current","False","","account.account_tag_operating","","Amounts paid in advance to the social security organisation.","ອົງການປະກັນສັງຄົມ, ລາຍຈ່າຍ ຈ່າຍລ່ວງໜ້າ","ລາຍຈ່າຍ ທີ່ຈ່າຍລ່ວງໜ້າໃຫ້ອົງການປະກັນສັງຄົມ."
"l10n_la_account_163","163","State - Grants receivable","l10n_la_account_16","True","asset_current","False","","account.account_tag_operating","","Government grants receivable.","ລັດ - ເງິນຊ່ວຍໜູນຕ້ອງຮັບ","ເງິນຊ່ວຍໜູນຈາກລັດ ທີ່ຕ້ອງໄດ້ຮັບ."
"l10n_la_account_164","164","State - Income tax prepaid or overpaid","l10n_la_account_16","True","asset_current","False","","account.account_tag_operating","","Income tax paid in advance or overpaid.","ລັດ - ອາກອນກຳໄລ ຈ່າຍລ່ວງໜ້າ ຫຼື ຈ່າຍເກີນ","ອາກອນກຳໄລ ທີ່ຈ່າຍລ່ວງໜ້າ ຫຼື ຈ່າຍເກີນ."
"l10n_la_account_165","165","State - VAT deductible on fixed assets","l10n_la_account_16","True","asset_current","False","","account.account_tag_operating","","Deductible VAT on purchases of fixed assets.","ລັດ - ອມພ ທີ່ສາມາດຫັກໄດ້ ສຳລັບ ຊັບສົມບັດຄົງທີ່","ອມພ ທີ່ສາມາດຫັກໄດ້ ຈາກການຊື້ຊັບສົມບັດຄົງທີ່."
"l10n_la_account_166","166","State - VAT deductible on goods and services","l10n_la_account_16","True","asset_current","False","","account.account_tag_operating","","Deductible VAT on purchases of goods and services.","ລັດ - ອມພ ທີ່ສາມາດຫັກໄດ້ ສຳລັບ ສິນຄ້າ, ການບໍລິການ","ອມພ ທີ່ສາມາດຫັກໄດ້ ຈາກການຊື້ສິນຄ້າ ແລະ ການບໍລິການ."
"l10n_la_account_167","167","State - VAT credit to be carried forward","l10n_la_account_16","False","asset_current","False","","account.account_tag_operating","","Group of accounts: post entries to its sub-accounts.","ລັດ - ອມພ ຍົກໄປຫັກຕໍ່ ຫຼື ສິນເຊື່ອ ອມພ","ໝວດບັນຊີ: ໃຫ້ບັນທຶກລາຍການໃສ່ບັນຊີຍ່ອຍ."
"l10n_la_account_1671","1671","State - VAT credit to be carried forward","l10n_la_account_167","True","asset_receivable","True","True","account.account_tag_operating","","VAT credit carried forward to the next returns. Receivable account of Odoo's VAT return.","ລັດ - ອມພ ຍົກໄປຫັກຕໍ່","ສິນເຊື່ອ ອມພ ທີ່ຍົກໄປຫັກໃນງວດຕໍ່ໄປ. ບັນຊີ ອມພ ຕ້ອງຮັບຄືນ ຂອງການແຈ້ງ ອມພ ໃນ Odoo."
"l10n_la_account_1672","1672","State - VAT paid in advance","l10n_la_account_167","True","asset_current","False","","account.account_tag_operating","","VAT paid to the State before filing the return. Advance payment account of Odoo's VAT return.","ລັດ - ອມພ ມອບລ່ວງໜ້າ","ອມພ ທີ່ໄດ້ມອບໃຫ້ລັດ ກ່ອນການແຈ້ງ. ບັນຊີ ອມພ ມອບລ່ວງໜ້າ ຂອງການແຈ້ງ ອມພ ໃນ Odoo."
"l10n_la_account_1673","1673","State - VAT refund requested","l10n_la_account_167","True","asset_current","True","","account.account_tag_operating","","VAT credit claimed back from the State (form 01/ອມພ line 25), until the refund is received.","ລັດ - ອມພ ທີ່ຂໍຄືນ","ອມພ ທີ່ຂໍຄືນຈາກລັດ (ແຖວ 25 ຂອງແບບຟອມ 01/ອມພ), ຈົນກວ່າຈະໄດ້ຮັບເງິນຄືນ."
"l10n_la_account_168","168","State - VAT not yet invoiced","l10n_la_account_16","True","asset_current","False","","account.account_tag_operating","","VAT on purchases whose invoice has not yet been received.","ລັດ - ອມພ ບ້ວງໃບເກັບເງິນບໍ່ທັນມາຮອດ","ອມພ ຂອງການຊື້ ທີ່ຍັງບໍ່ທັນໄດ້ຮັບໃບເກັບເງິນ."
"l10n_la_account_169","169","Impairment of Debts receivable from Employees, Suppliers, Social Security and State","l10n_la_account_16","False","asset_current","False","","account.account_tag_operating","","Group of accounts: post entries to its sub-accounts.","ຄ່າສູນເສຍມູນຄ່າ ພະນັກງານ, ຜູ້ສະໜອງ, ອົງການປະກັນສັງຄົມ ແລະ ລັດ ຕິດໜີ້.","ໝວດບັນຊີ: ໃຫ້ບັນທຶກລາຍການໃສ່ບັນຊີຍ່ອຍ."
"l10n_la_account_1690","1690","Impairment of debts receivable from employees","l10n_la_account_169","True","asset_current","False","","account.account_tag_operating","","Impairment of amounts due from employees.","ຄ່າສູນເສຍມູນຄ່າ ພະນັກງານຕິດໜີ້","ຄ່າສູນເສຍມູນຄ່າ ຂອງໜີ້ຕ້ອງຮັບຈາກພະນັກງານ."
"l10n_la_account_1691","1691","Impairment of debts receivable from suppliers","l10n_la_account_169","True","asset_current","False","","account.account_tag_operating","","Impairment of amounts due from suppliers.","ຄ່າສູນເສຍມູນຄ່າ ຜູ້ສະໜອງຕິດໜີ້","ຄ່າສູນເສຍມູນຄ່າ ຂອງໜີ້ຕ້ອງຮັບຈາກຜູ້ສະໜອງ."
"l10n_la_account_1692","1692","Impairment of debts receivable from social security debt","l10n_la_account_169","True","asset_current","False","","account.account_tag_operating","","Impairment of amounts due from the social security organisation.","ຄ່າສູນເສຍມູນຄ່າ ອົງການປະກັນສັງຄົມຕິດໜີ້","ຄ່າສູນເສຍມູນຄ່າ ຂອງໜີ້ຕ້ອງຮັບຈາກອົງການປະກັນສັງຄົມ."
"l10n_la_account_1693","1693","Impairment of debts receivable from state","l10n_la_account_169","True","asset_current","False","","account.account_tag_operating","","Impairment of amounts due from the State.","ຄ່າສູນເສຍມູນຄ່າ ລັດຕິດໜີ້","ຄ່າສູນເສຍມູນຄ່າ ຂອງໜີ້ຕ້ອງຮັບຈາກລັດ."
"l10n_la_account_20","20","Other Financial Fixed Assets","","False","asset_non_current","False","","account.account_tag_investing","","Group of accounts: post entries to its sub-accounts.","ຊັບສົມບັດຄົງທີ່ການເງິນອື່ນໆ","ໝວດບັນຊີ: ໃຫ້ບັນທຶກລາຍການໃສ່ບັນຊີຍ່ອຍ."
"l10n_la_account_201","201","Investments held for sale","l10n_la_account_20","True","asset_non_current","False","","account.account_tag_investing","","Investments held for sale beyond twelve months.","ເງິນລົງທຶນ ແນ່ໃສ່ເພື່ອຂາຍອອກ","ເງິນລົງທຶນ ທີ່ແນ່ໃສ່ເພື່ອຂາຍອອກ ເກີນ 12 ເດືອນ."
"l10n_la_account_202","202","Investments held to maturity","l10n_la_account_20","True","asset_non_current","False","","account.account_tag_investing","","Investments held until their maturity date.","ເງິນລົງທຶນ ຖືໄວ້ຈົນຄົບກຳນົດ","ເງິນລົງທຶນ ທີ່ຖືໄວ້ຈົນຮອດກຳນົດ."
"l10n_la_account_203","203","Investments in government bonds","l10n_la_account_20","True","asset_non_current","False","","account.account_tag_investing","","Investments in government bonds.","ເງິນລົງທຶນ ໃນພັນທະບັດລັດຖະບານ","ເງິນລົງທຶນ ໃນພັນທະບັດລັດຖະບານ."
"l10n_la_account_204","204","Loans","l10n_la_account_20","True","asset_non_current","False","","account.account_tag_investing","","Long-term loans granted to third parties.","ເງິນໃຫ້ກູ້ຢືມ","ເງິນໃຫ້ກູ້ຢືມໄລຍະຍາວ ແກ່ພາກສ່ວນອື່ນ."
"l10n_la_account_205","205","Deposits and sureties advanced","l10n_la_account_20","True","asset_non_current","False","","account.account_tag_investing","","Deposits and guarantees paid, recoverable after more than twelve months.","ເງິນວາງ ແລະ ເງິນຄ້ຳປະກັນ ທີ່ໄດ້ຈ່າຍ","ເງິນວາງ ແລະ ເງິນຄ້ຳປະກັນ ທີ່ໄດ້ຈ່າຍ, ຈະໄດ້ຄືນເກີນ 12 ເດືອນ."
"l10n_la_account_206","206","Investments in real estate","l10n_la_account_20","True","asset_non_current","False","","account.account_tag_investing","","Real estate held to earn rentals or for capital appreciation.","ເງິນລົງທຶນ ໃນອະສັງຫາລິມະຊັບ","ອະສັງຫາລິມະຊັບ ທີ່ຖືໄວ້ເພື່ອຫາລາຍຮັບຄ່າເຊົ່າ ຫຼື ເພື່ອການເພີ່ມມູນຄ່າ."
"l10n_la_account_207","207","Accrued interest receivable","l10n_la_account_20","True","asset_non_current","False","","account.account_tag_investing","","Interest accrued on non-current financial assets, not yet received.","ດອກເບ້ຽຄິດໄລ່ ຕ້ອງຮັບ","ດອກເບ້ຽຄິດໄລ່ ຂອງຊັບສົມບັດຄົງທີ່ການເງິນ ທີ່ຍັງບໍ່ທັນໄດ້ຮັບ."
"l10n_la_account_208","208","Other financial fixed accounts receivable","l10n_la_account_20","True","asset_non_current","False","","account.account_tag_investing","","Other non-current financial receivables.","ໜີ້ຕ້ອງຮັບຄົງທີ່ການເງິນອື່ນໆ","ໜີ້ຕ້ອງຮັບຄົງທີ່ການເງິນອື່ນໆ."
"l10n_la_account_209","209","Unpaid installments on unpaid long-term equity interests","l10n_la_account_20","True","asset_non_current","False","","account.account_tag_investing","","Unpaid instalments on long-term equity investments not yet called.","ເງິນທີ່ຕ້ອງຖອກຕື່ມ ບ້ວງໃບຢັ້ງຢືນຊັບຄົງທີ່ ທີ່ຍັງບໍ່ທັນຮຽກໃຫ້ປະກອບ","ເງິນທີ່ຕ້ອງຖອກຕື່ມ ບ້ວງການລົງທຶນໄລຍະຍາວ ທີ່ຍັງບໍ່ທັນຮຽກໃຫ້ປະກອບ."
"l10n_la_account_21","21","Investments and Related Debts Receivable","","False","asset_non_current","False","","account.account_tag_investing","","Group of accounts: post entries to its sub-accounts.","ເງິນລົງທຶນ ແລະ ໜີ້ຕ້ອງຮັບ ທີ່ຕິດພັນ","ໝວດບັນຊີ: ໃຫ້ບັນທຶກລາຍການໃສ່ບັນຊີຍ່ອຍ."
"l10n_la_account_210","210","Investment in subsidiaries","l10n_la_account_21","True","asset_non_current","False","","account.account_tag_investing","","Investments in subsidiaries.","ເງິນລົງທຶນ ບໍລິສັດໃນເຄື່ອ","ເງິນລົງທຶນ ໃນບໍລິສັດໃນເຄືອ."
"l10n_la_account_211","211","Investment in associates","l10n_la_account_21","True","asset_non_current","False","","account.account_tag_investing","","Investments in associates.","ເງິນລົງທຶນ ໃນບໍລິສັດຮ່ວມທຶນ ( ວິສາຫະກິດປະສົມ )","ເງິນລົງທຶນ ໃນບໍລິສັດຮ່ວມທຶນ."
"l10n_la_account_212","212","Investment in jointly controlled entities","l10n_la_account_21","True","asset_non_current","False","","account.account_tag_investing","","Investments in jointly controlled entities.","ເງິນລົງທຶນ ໃນບໍລິສັດຄວບຄຸມຮ່ວມກັນ","ເງິນລົງທຶນ ໃນບໍລິສັດຄວບຄຸມຮ່ວມກັນ."
"l10n_la_account_213","213","Loans to subsidiaries","l10n_la_account_21","True","asset_non_current","False","","account.account_tag_investing","","Loans granted to subsidiaries.","ເງິນໃຫ້ ບໍລິສັດໃນກຸ່ມ (ໃນເຄືອ) ກູ້ຢືມ","ເງິນໃຫ້ກູ້ຢືມ ແກ່ບໍລິສັດໃນເຄືອ."
"l10n_la_account_214","214","Shares in entities purchased net assets","l10n_la_account_21","True","asset_non_current","False","","account.account_tag_investing","","Shares in entities acquired by purchase of net assets.","ພູດສ່ວນຮຸ້ນໃນວິສາຫະກິດ ທີ່ຊື້ຊັບສິນສຸດທິ","ພູດສ່ວນຮຸ້ນ ໃນວິສາຫະກິດ ທີ່ໄດ້ມາຈາກການຊື້ຊັບສິນສຸດທິ."
"l10n_la_account_216","216","Other debts receivable related to participating interests of subsidiaries","l10n_la_account_21","True","asset_non_current","False","","account.account_tag_investing","","Other receivables related to participating interests in subsidiaries.","ໜີ້ຕ້ອງຮັບອື່ນໆ ທີ່ຕິດພັນກັບການຮ່ວມປະກອບທຶນ ບໍລິສັດໃນເຄື່ອ","ໜີ້ຕ້ອງຮັບອື່ນໆ ທີ່ຕິດພັນກັບການຮ່ວມປະກອບທຶນ ໃນບໍລິສັດໃນເຄືອ."
"l10n_la_account_217","217","Other debts receivable related to associates","l10n_la_account_21","True","asset_non_current","False","","account.account_tag_investing","","Other receivables related to associates.","ໜີ້ຕ້ອງຮັບອື່ນໆ ທີ່ຕິດພັນກັບ ບໍລິສັດ ຮຸ້ນສ່ວນ","ໜີ້ຕ້ອງຮັບອື່ນໆ ທີ່ຕິດພັນກັບບໍລິສັດຮ່ວມທຶນ."
"l10n_la_account_218","218","Other debts receivables related to investments in net assets at fair value","l10n_la_account_21","True","asset_non_current","False","","account.account_tag_investing","","Other receivables related to investments in net assets at fair value.","ໜີ້ຕ້ອງຮັບອື່ນໆ ທີ່ຕິດພັນກັບ ເງິນລົງທຶນໃນຊັບສິນສຸດທິ ຕາມມູນຄ່າຍຸຕິທຳ","ໜີ້ຕ້ອງຮັບອື່ນໆ ທີ່ຕິດພັນກັບເງິນລົງທຶນໃນຊັບສິນສຸດທິ ຕາມມູນຄ່າຍຸຕິທຳ."
"l10n_la_account_219","219","Unpaid installments related to participating interests - Uncalled","l10n_la_account_21","False","asset_non_current","False","","account.account_tag_investing","","Group of accounts: post entries to its sub-accounts.","ເງິນທີ່ຕ້ອງຖອກຕື່ມ ບ້ວງຮ່ວມປະກອບທຶນ ທີ່ຍັງບໍ່ທັນຮຽກໃຫ້ປະກອບ","ໝວດບັນຊີ: ໃຫ້ບັນທຶກລາຍການໃສ່ບັນຊີຍ່ອຍ."
"l10n_la_account_2190","2190","Unpaid installments related to participating interests of subsidiaries - Uncalled","l10n_la_account_219","True","asset_non_current","False","","account.account_tag_investing","","Unpaid uncalled instalments on investments in subsidiaries.","ເງິນທີ່ຕ້ອງຖອກຕື່ມ ບ້ວງຮ່ວມປະກອບທຶນ ບໍລິສັດໃນເຄືອ ທີ່ຍັງບໍ່ທັນຮຽກໃຫ້ປະກອບ","ເງິນທີ່ຕ້ອງຖອກຕື່ມ ບ້ວງການຮ່ວມປະກອບທຶນ ໃນບໍລິສັດໃນເຄືອ ທີ່ຍັງບໍ່ທັນຮຽກໃຫ້ປະກອບ."
"l10n_la_account_2191","2191","Unpaid installments related to participating interests of associates - Uncalled","l10n_la_account_219","True","asset_non_current","False","","account.account_tag_investing","","Unpaid uncalled instalments on investments in associates.","ເງິນທີ່ຕ້ອງຖອກຕື່ມ ບ້ວງຮ່ວມປະກອບທຶນ ໃນບໍລິສັດຮ່ວມ ທີ່ຍັງບໍ່ທັນຮຽກໃຫ້ປະກອບ","ເງິນທີ່ຕ້ອງຖອກຕື່ມ ບ້ວງການຮ່ວມປະກອບທຶນ ໃນບໍລິສັດຮ່ວມທຶນ ທີ່ຍັງບໍ່ທັນຮຽກໃຫ້ປະກອບ."
"l10n_la_account_2192","2192","Unpaid installments related to participating interests of jointly controlled entities - Uncalled","l10n_la_account_219","True","asset_non_current","False","","account.account_tag_investing","","Unpaid uncalled instalments on investments in jointly controlled entities.","ເງິນທີ່ຕ້ອງຖອກຕື່ມ ບ້ວງຮ່ວມປະກອບທຶນ ໃນບໍລິສັດຄວບຄຸມຮ່ວມກັນ ທີ່ຍັງບໍ່ທັນຮຽກໃຫ້ປະກອບ","ເງິນທີ່ຕ້ອງຖອກຕື່ມ ບ້ວງການຮ່ວມປະກອບທຶນ ໃນບໍລິສັດຄວບຄຸມຮ່ວມກັນ ທີ່ຍັງບໍ່ທັນຮຽກໃຫ້ປະກອບ."
"l10n_la_account_2194","2194","Unpaid installments related to investments in net assets - Uncalled","l10n_la_account_219","True","asset_non_current","False","","account.account_tag_investing","","Unpaid uncalled instalments on investments in net assets.","ເງິນທີ່ຕ້ອງຖອກຕື່ມ ບ້ວງເງິນລົງທຶນໃນຊັບສິນສຸດທິ ທີ່ຍັງບໍ່ທັນຮຽກໃຫ້ປະກອບ","ເງິນທີ່ຕ້ອງຖອກຕື່ມ ບ້ວງເງິນລົງທຶນໃນຊັບສິນສຸດທິ ທີ່ຍັງບໍ່ທັນຮຽກໃຫ້ປະກອບ."
"l10n_la_account_22","22","Lease of Fixed Assets","","False","asset_fixed","False","","account.account_tag_investing","","Group of accounts: post entries to its sub-accounts.","ຊັບສົມບັດຄົງທີ່ ເຊົ່າສິນເຊື່ອ","ໝວດບັນຊີ: ໃຫ້ບັນທຶກລາຍການໃສ່ບັນຊີຍ່ອຍ."
"l10n_la_account_221","221","Lease - land use rights","l10n_la_account_22","True","asset_fixed","False","","account.account_tag_investing","asset_no_depreciation","Land use rights held under a finance lease.","ເຊົ່າສິນເຊື່ອ - ສິດນຳໃຊ້ທີ່ດິນ","ສິດນຳໃຊ້ທີ່ດິນ ທີ່ໄດ້ມາດ້ວຍສັນຍາເຊົ່າສິນເຊື່ອ."
"l10n_la_account_222","222","Lease - buildings","l10n_la_account_22","True","asset_fixed","False","","account.account_tag_investing","asset_20_year_linear","Buildings held under a finance lease.","ເຊົ່າສິນເຊື່ອ - ສິ່ງປຸກສ້າງ","ສິ່ງປຸກສ້າງ ທີ່ໄດ້ມາດ້ວຍສັນຍາເຊົ່າສິນເຊື່ອ."
"l10n_la_account_223","223","Lease - machinery and material","l10n_la_account_22","True","asset_fixed","False","","account.account_tag_investing","asset_5_year_linear","Machinery and equipment held under a finance lease.","ເຊົ່າສິນເຊື່ອ - ເຄື່ອງຈັກ ແລະ ອຸປະກອນ","ເຄື່ອງຈັກ ແລະ ອຸປະກອນ ທີ່ໄດ້ມາດ້ວຍສັນຍາເຊົ່າສິນເຊື່ອ."
"l10n_la_account_224","224","Lease - transport equipment","l10n_la_account_22","True","asset_fixed","False","","account.account_tag_investing","asset_5_year_linear","Vehicles held under a finance lease.","ເຊົ່າສິນເຊື່ອ - ພາຫະນະ","ພາຫະນະ ທີ່ໄດ້ມາດ້ວຍສັນຍາເຊົ່າສິນເຊື່ອ."
"l10n_la_account_225","225","Lease - other fixed assets","l10n_la_account_22","True","asset_fixed","False","","account.account_tag_investing","asset_5_year_linear","Other fixed assets held under a finance lease.","ເຊົ່າສິນເຊື່ອ - ຊັບສົມບັດຄົງທີ່ອື່ນໆ","ຊັບສົມບັດຄົງທີ່ອື່ນໆ ທີ່ໄດ້ມາດ້ວຍສັນຍາເຊົ່າສິນເຊື່ອ."
"l10n_la_account_226","226","Debts receivable from leases","l10n_la_account_22","True","asset_non_current","False","","account.account_tag_investing","","Amounts receivable from finance leases granted by the entity.","ໜີ້ຕ້ອງຮັບ ຈາກການໃຫ້ເຊົ່າສິນເຊື່ອ","ໜີ້ຕ້ອງຮັບ ຈາກສັນຍາເຊົ່າສິນເຊື່ອ ທີ່ວິສາຫະກິດໄດ້ໃຫ້ເຊົ່າ."
"l10n_la_account_23","23","Fixed Assets in Progress","","False","asset_non_current","False","","account.account_tag_investing","","Group of accounts: post entries to its sub-accounts.","ຊັບສົມບັດຄົງທີ່ ພວມຊື້ ຫຼື ພວມຜະລິດ","ໝວດບັນຊີ: ໃຫ້ບັນທຶກລາຍການໃສ່ບັນຊີຍ່ອຍ."
"l10n_la_account_231","231","Tangible fixed assets","l10n_la_account_23","True","asset_non_current","False","","account.account_tag_investing","","Costs of tangible fixed assets being acquired or built, not yet in use.","ຊັບສົມບັດຄົງທີ່ ມີຕົວຕົນ ພວມຊື້ ຫຼື ພວມຜະລິດ","ມູນຄ່າຊັບສົມບັດຄົງທີ່ມີຕົວຕົນ ທີ່ພວມຊື້ ຫຼື ພວມຜະລິດ, ຍັງບໍ່ທັນນຳໃຊ້."
"l10n_la_account_232","232","Intangible fixed assets","l10n_la_account_23","True","asset_non_current","False","","account.account_tag_investing","","Costs of intangible fixed assets being acquired or developed, not yet in use.","ຊັບສົມບັດຄົງທີ່ ບໍ່ມີຕົວຕົນ ພວມຊື້ ຫຼື ພວມຜະລິດ","ມູນຄ່າຊັບສົມບັດຄົງທີ່ບໍ່ມີຕົວຕົນ ທີ່ພວມຊື້ ຫຼື ພວມຜະລິດ, ຍັງບໍ່ທັນນຳໃຊ້."
"l10n_la_account_237","237","Financial fixed assets advances","l10n_la_account_23","True","asset_non_current","False","","account.account_tag_investing","","Advances paid for the purchase of financial fixed assets.","ເງິນລ່ວງໜ້າ ແລະ ຈ່າຍສັ່ງຊື້ ຊັບສົມບັດຄົງທີ່ ການເງິນ","ເງິນລ່ວງໜ້າ ທີ່ຈ່າຍເພື່ອຊື້ຊັບສົມບັດຄົງທີ່ການເງິນ."
"l10n_la_account_238","238","Tangible and intangible fixed assets advances","l10n_la_account_23","False","asset_non_current","False","","account.account_tag_investing","","Group of accounts: post entries to its sub-accounts.","ເງິນລ່ວງໜ້າ ແລະ ຈ່າຍສັ່ງຊື້ ຊັບສົມບັດຄົງທີ່ ມີຕົວຕົນ ແລະ ບໍ່ມີຕົວຕົນ","ໝວດບັນຊີ: ໃຫ້ບັນທຶກລາຍການໃສ່ບັນຊີຍ່ອຍ."
"l10n_la_account_2381","2381","Tangible fixed assets advances","l10n_la_account_238","True","asset_non_current","False","","account.account_tag_investing","","Advances paid for the purchase of tangible fixed assets.","ເງິນລ່ວງໜ້າ ແລະ ຈ່າຍສັ່ງຊື້ ຊັບສົມບັດຄົງທີ່ ມີຕົວຕົນ","ເງິນລ່ວງໜ້າ ທີ່ຈ່າຍເພື່ອຊື້ຊັບສົມບັດຄົງທີ່ມີຕົວຕົນ."
"l10n_la_account_2382","2382","Intangible Fixed assets advances","l10n_la_account_238","True","asset_non_current","False","","account.account_tag_investing","","Advances paid for the purchase of intangible fixed assets.","ເງິນລ່ວງໜ້າ ແລະ ຈ່າຍສັ່ງຊື້ ຊັບສົມບັດຄົງທີ່ ບໍ່ມີຕົວຕົນ","ເງິນລ່ວງໜ້າ ທີ່ຈ່າຍເພື່ອຊື້ຊັບສົມບັດຄົງທີ່ບໍ່ມີຕົວຕົນ."
"l10n_la_account_24","24","Tangible and intangible fixed assets and concessions","","False","asset_fixed","False","","account.account_tag_investing","","Group of accounts: post entries to its sub-accounts.","ຊັບສົມບັດຄົງທີ່ ມີຕົວຕົນ, ບໍ່ມີຕົວຕົນ ແລະ ສຳປະທານ","ໝວດບັນຊີ: ໃຫ້ບັນທຶກລາຍການໃສ່ບັນຊີຍ່ອຍ."
"l10n_la_account_241","241","Tangible Fixed Assets","l10n_la_account_24","False","asset_fixed","False","","account.account_tag_investing","","Group of accounts: post entries to its sub-accounts.","ຊັບສົມບັດຄົງທີ່ ມີຕົວຕົນ","ໝວດບັນຊີ: ໃຫ້ບັນທຶກລາຍການໃສ່ບັນຊີຍ່ອຍ."
"l10n_la_account_2411","2411","Furniture and office equipment","l10n_la_account_241","True","asset_fixed","False","","account.account_tag_investing","asset_5_year_linear","Furniture and office equipment owned by the entity.","ເຟີນີເຈີ ແລະ ອຸປະກອນສຳນັກງານ","ເຟີນີເຈີ ແລະ ອຸປະກອນສຳນັກງານ ຂອງວິສາຫະກິດ."
"l10n_la_account_2412","2412","Buildings","l10n_la_account_241","True","asset_fixed","False","","account.account_tag_investing","asset_20_year_linear","Buildings and structures owned by the entity.","ສິ່ງປຸກສ້າງ","ສິ່ງປຸກສ້າງ ຂອງວິສາຫະກິດ."
"l10n_la_account_2413","2413","Machinery and material","l10n_la_account_241","True","asset_fixed","False","","account.account_tag_investing","asset_5_year_linear","Machinery and equipment owned by the entity.","ເຄື່ອງຈັກ ແລະ ອຸປະກອນ","ເຄື່ອງຈັກ ແລະ ອຸປະກອນ ຂອງວິສາຫະກິດ."
"l10n_la_account_2414","2414","Transport equipment","l10n_la_account_241","True","asset_fixed","False","","account.account_tag_investing","asset_5_year_linear","Vehicles owned by the entity.","ພາຫະນະ","ພາຫະນະ ຂອງວິສາຫະກິດ."
"l10n_la_account_2417","2417","Fungible fixed assets","l10n_la_account_241","True","asset_fixed","False","","account.account_tag_investing","asset_5_year_linear","Fixed assets that can be replaced by identical items.","ຊັບສົມບັດຄົງທີ່ ປ່ຽນແທນກັນໄດ້","ຊັບສົມບັດຄົງທີ່ ທີ່ປ່ຽນແທນກັນໄດ້."
"l10n_la_account_2418","2418","Other tangible assets","l10n_la_account_241","True","asset_fixed","False","","account.account_tag_investing","asset_5_year_linear","Other tangible fixed assets.","ຊັບສົມບັດຄົງທີ່ ມີຕົວຕົນອື່ນໆ","ຊັບສົມບັດຄົງທີ່ມີຕົວຕົນອື່ນໆ."
"l10n_la_account_242","242","Intangible Fixed Assets","l10n_la_account_24","False","asset_fixed","False","","account.account_tag_investing","","Group of accounts: post entries to its sub-accounts.","ຊັບສົມບັດຄົງທີ່ ບໍ່ມີຕົວຕົນ","ໝວດບັນຊີ: ໃຫ້ບັນທຶກລາຍການໃສ່ບັນຊີຍ່ອຍ."
"l10n_la_account_2420","2420","Land use rights","l10n_la_account_242","True","asset_fixed","False","","account.account_tag_investing","asset_no_depreciation","Land use rights owned by the entity.","ສິດນຳໃຊ້ທີ່ດິນ","ສິດນຳໃຊ້ທີ່ດິນ ຂອງວິສາຫະກິດ."
"l10n_la_account_2421","2421","Capitalized development costs","l10n_la_account_242","True","asset_fixed","False","","account.account_tag_investing","asset_5_year_linear","Development costs recognised as an intangible asset.","ຄ່າໃຊ້ຈ່າຍໃນການພັດທະນາ ທີ່ຈົດເປັນມູນຄ່າຄົງທີ່","ຄ່າໃຊ້ຈ່າຍໃນການພັດທະນາ ທີ່ຈົດເປັນຊັບສົມບັດຄົງທີ່ບໍ່ມີຕົວຕົນ."
"l10n_la_account_2422","2422","Software, rights and similar assets","l10n_la_account_242","True","asset_fixed","False","","account.account_tag_investing","asset_5_year_linear","Software, licences and similar rights.","ໂປຣແກມ, ສິດນຳໃຊ້ ແລະ ຊັບສິນທີ່ຄ້າຍຄືກັນ","ໂປຣແກມ, ສິດນຳໃຊ້ ແລະ ຊັບສິນທີ່ຄ້າຍຄືກັນ."
"l10n_la_account_2423","2423","Concession and similar rights","l10n_la_account_242","True","asset_fixed","False","","account.account_tag_investing","","Concession rights and similar rights.","ສິດທິສຳປະທານ ແລະ ສິດທິປະເພດດຽວກັນ","ສິດທິສຳປະທານ ແລະ ສິດທິປະເພດດຽວກັນ."
"l10n_la_account_2427","2427","Goodwill","l10n_la_account_242","True","asset_fixed","False","","account.account_tag_investing","asset_no_depreciation","Goodwill acquired in a business combination.","ຊັບສົມບັດຮ້ານຄ້າ (ຄ່ານິຍົມ)","ຄ່ານິຍົມ ທີ່ໄດ້ມາຈາກການຊື້ ຫຼື ການຄວບທຸລະກິດ."
"l10n_la_account_2428","2428","Other intangible assets","l10n_la_account_242","True","asset_fixed","False","","account.account_tag_investing","","Other intangible fixed assets.","ຊັບສົມບັດຄົງທີ່ ບໍ່ມີຕົວຕົນອື່ນໆ","ຊັບສົມບັດຄົງທີ່ບໍ່ມີຕົວຕົນອື່ນໆ."
"l10n_la_account_243","243","Fixed Assets - Concession","l10n_la_account_24","False","asset_fixed","False","","account.account_tag_investing","","Group of accounts: post entries to its sub-accounts.","ຊັບສົມບັດຄົງທີ່ - ສຳປະທານ","ໝວດບັນຊີ: ໃຫ້ບັນທຶກລາຍການໃສ່ບັນຊີຍ່ອຍ."
"l10n_la_account_2430","2430","Land use rights - concession","l10n_la_account_243","True","asset_fixed","False","","account.account_tag_investing","asset_no_depreciation","Land use rights under a concession.","ສິດນຳໃຊ້ທີ່ດິນ - ສຳປະທານ","ສິດນຳໃຊ້ທີ່ດິນ ພາຍໃຕ້ສັນຍາສຳປະທານ."
"l10n_la_account_2431","2431","Furniture and office equipment - concession","l10n_la_account_243","True","asset_fixed","False","","account.account_tag_investing","asset_5_year_linear","Furniture and office equipment under a concession.","ເຟີນີເຈີ ແລະ ອຸປະກອນສຳນັກງານ - ສຳປະທານ","ເຟີນີເຈີ ແລະ ອຸປະກອນສຳນັກງານ ພາຍໃຕ້ສັນຍາສຳປະທານ."
"l10n_la_account_2432","2432","Buildings - concession","l10n_la_account_243","True","asset_fixed","False","","account.account_tag_investing","asset_20_year_linear","Buildings under a concession.","ສິ່ງປຸກສ້າງ - ສຳປະທານ","ສິ່ງປຸກສ້າງ ພາຍໃຕ້ສັນຍາສຳປະທານ."
"l10n_la_account_2433","2433","Machinery and material - concession","l10n_la_account_243","True","asset_fixed","False","","account.account_tag_investing","asset_5_year_linear","Machinery and equipment under a concession.","ເຄື່ອງຈັກ ແລະ ອຸປະກອນ - ສຳປະທານ","ເຄື່ອງຈັກ ແລະ ອຸປະກອນ ພາຍໃຕ້ສັນຍາສຳປະທານ."
"l10n_la_account_2434","2434","Transport equipment - concession","l10n_la_account_243","True","asset_fixed","False","","account.account_tag_investing","asset_5_year_linear","Vehicles under a concession.","ພາຫະນະ - ສຳປະທານ","ພາຫະນະ ພາຍໃຕ້ສັນຍາສຳປະທານ."
"l10n_la_account_2438","2438","Other tangible fixed assets - concession","l10n_la_account_243","True","asset_fixed","False","","account.account_tag_investing","asset_5_year_linear","Other fixed assets under a concession.","ຊັບສົມບັດຄົງທີ່ອື່ນໆ - ສຳປະທານ","ຊັບສົມບັດຄົງທີ່ອື່ນໆ ພາຍໃຕ້ສັນຍາສຳປະທານ."
"l10n_la_account_25","25","Biological Assets - Non-Current","","False","asset_fixed","False","","account.account_tag_investing","","Group of accounts: post entries to its sub-accounts.","ຊັບສິນ ຊີວະພາບ-ບໍ່ໝູນວຽນ","ໝວດບັນຊີ: ໃຫ້ບັນທຶກລາຍການໃສ່ບັນຊີຍ່ອຍ."
"l10n_la_account_251","251","Livestock (Breeders)","l10n_la_account_25","True","asset_fixed","False","","account.account_tag_investing","","Breeding livestock used over several years.","ສັດລ້ຽງ ( ພໍ່ແມ່ພັນ )","ສັດລ້ຽງ ພໍ່ແມ່ພັນ ທີ່ນຳໃຊ້ຫຼາຍປີ."
"l10n_la_account_252","252","Plants (fruit trees and plantations)","l10n_la_account_25","True","asset_fixed","False","","account.account_tag_investing","","Fruit trees and plantations producing over several years.","ຕົ້ນໄມ້ ( ຕົ້ນໄມ້ກິນໝາກ ແລະ ສວນປູກຝັງ )","ຕົ້ນໄມ້ກິນໝາກ ແລະ ສວນປູກຝັງ ທີ່ໃຫ້ຜົນຫຼາຍປີ."
"l10n_la_account_258","258","Other biological assets - non current","l10n_la_account_25","True","asset_fixed","False","","account.account_tag_investing","","Other non-current biological assets.","ຊັບສິນຊີວະພາບອື່ນໆ-ບໍ່ໝູນວຽນ","ຊັບສິນຊີວະພາບບໍ່ໝູນວຽນອື່ນໆ."
"l10n_la_account_27","27","Deferred Account for non operating - Asset","","False","asset_non_current","False","","account.account_tag_operating","","Group of accounts: post entries to its sub-accounts.","ເງິນເຍື້ອນຊຳລະ ນອກຮອບວຽນທຸລະກິດ - ຊັບສິນ","ໝວດບັນຊີ: ໃຫ້ບັນທຶກລາຍການໃສ່ບັນຊີຍ່ອຍ."
"l10n_la_account_271","271","Deferred tax - asset","l10n_la_account_27","True","asset_non_current","False","","account.account_tag_operating","","Deferred tax assets.","ອາກອນເຍື້ອນຊຳລະ - ຊັບສິນ","ອາກອນເຍື້ອນຊຳລະ ທີ່ເປັນຊັບສິນ."
"l10n_la_account_28","28","Depreciation on Fixed Assets","","False","asset_non_current","False","","account.account_tag_investing","","Group of accounts: post entries to its sub-accounts.","ຄ່າຫຼຸ້ຍຫ້ຽນ ຊັບສົມບັດຄົງທີ່","ໝວດບັນຊີ: ໃຫ້ບັນທຶກລາຍການໃສ່ບັນຊີຍ່ອຍ."
"l10n_la_account_282","282","Depreciation on lease of fixed assets","l10n_la_account_28","False","asset_non_current","False","","account.account_tag_investing","","Group of accounts: post entries to its sub-accounts.","ຄ່າຫຼຸ້ຍຫ້ຽນ ຊັບສົມບັດຄົງທີ່ ເຊົ່າສິນເຊື່ອ","ໝວດບັນຊີ: ໃຫ້ບັນທຶກລາຍການໃສ່ບັນຊີຍ່ອຍ."
"l10n_la_account_2822","2822","Accumulated depreciation - Lease - buildings","l10n_la_account_282","True","asset_non_current","False","","account.account_tag_investing","","Accumulated depreciation of account 222 (Lease - buildings).","ຄ່າຫຼຸ້ຍຫ້ຽນ - ເຊົ່າສິນເຊື່ອ - ສິ່ງປຸກສ້າງ","ຄ່າຫຼຸ້ຍຫ້ຽນສະສົມ ຂອງບັນຊີ 222 (ເຊົ່າສິນເຊື່ອ - ສິ່ງປຸກສ້າງ)."
"l10n_la_account_2823","2823","Accumulated depreciation - Lease - machinery and material","l10n_la_account_282","True","asset_non_current","False","","account.account_tag_investing","","Accumulated depreciation of account 223 (Lease - machinery and material).","ຄ່າຫຼຸ້ຍຫ້ຽນ - ເຊົ່າສິນເຊື່ອ - ເຄື່ອງຈັກ ແລະ ອຸປະກອນ","ຄ່າຫຼຸ້ຍຫ້ຽນສະສົມ ຂອງບັນຊີ 223 (ເຊົ່າສິນເຊື່ອ - ເຄື່ອງຈັກ ແລະ ອຸປະກອນ)."
"l10n_la_account_2824","2824","Accumulated depreciation - Lease - transport equipment","l10n_la_account_282","True","asset_non_current","False","","account.account_tag_investing","","Accumulated depreciation of account 224 (Lease - transport equipment).","ຄ່າຫຼຸ້ຍຫ້ຽນ - ເຊົ່າສິນເຊື່ອ - ພາຫະນະ","ຄ່າຫຼຸ້ຍຫ້ຽນສະສົມ ຂອງບັນຊີ 224 (ເຊົ່າສິນເຊື່ອ - ພາຫະນະ)."
"l10n_la_account_2825","2825","Accumulated depreciation - Lease - other fixed assets","l10n_la_account_282","True","asset_non_current","False","","account.account_tag_investing","","Accumulated depreciation of account 225 (Lease - other fixed assets).","ຄ່າຫຼຸ້ຍຫ້ຽນ - ເຊົ່າສິນເຊື່ອ - ຊັບສົມບັດຄົງທີ່ອື່ນໆ","ຄ່າຫຼຸ້ຍຫ້ຽນສະສົມ ຂອງບັນຊີ 225 (ເຊົ່າສິນເຊື່ອ - ຊັບສົມບັດຄົງທີ່ອື່ນໆ)."
"l10n_la_account_284","284","Depreciation on tangible and intangible fixed assets and concession","l10n_la_account_28","False","asset_non_current","False","","account.account_tag_investing","","Group of accounts: post entries to its sub-accounts.","ຄ່າຫຼຸ້ຍຫ້ຽນ ຊັບສົມບັດຄົງທີ່ ມີຕົວຕົນ, ບໍ່ມີຕົວຕົນ ແລະ ສຳປະທານ","ໝວດບັນຊີ: ໃຫ້ບັນທຶກລາຍການໃສ່ບັນຊີຍ່ອຍ."
"l10n_la_account_2841","2841","Depreciation on tangible fixed assets","l10n_la_account_284","False","asset_non_current","False","","account.account_tag_investing","","Group of accounts: post entries to its sub-accounts.","ຄ່າຫຼຸ້ຍຫ້ຽນ ຊັບສົມບັດຄົງທີ່ ມີຕົວຕົນ","ໝວດບັນຊີ: ໃຫ້ບັນທຶກລາຍການໃສ່ບັນຊີຍ່ອຍ."
"l10n_la_account_28411","28411","Accumulated depreciation - Furniture and office equipment","l10n_la_account_2841","True","asset_non_current","False","","account.account_tag_investing","","Accumulated depreciation of account 2411 (Furniture and office equipment).","ຄ່າຫຼຸ້ຍຫ້ຽນ - ເຟີນີເຈີ ແລະ ອຸປະກອນສຳນັກງານ","ຄ່າຫຼຸ້ຍຫ້ຽນສະສົມ ຂອງບັນຊີ 2411 (ເຟີນີເຈີ ແລະ ອຸປະກອນສຳນັກງານ)."
"l10n_la_account_28412","28412","Accumulated depreciation - Buildings","l10n_la_account_2841","True","asset_non_current","False","","account.account_tag_investing","","Accumulated depreciation of account 2412 (Buildings).","ຄ່າຫຼຸ້ຍຫ້ຽນ - ສິ່ງປຸກສ້າງ","ຄ່າຫຼຸ້ຍຫ້ຽນສະສົມ ຂອງບັນຊີ 2412 (ສິ່ງປຸກສ້າງ)."
"l10n_la_account_28413","28413","Accumulated depreciation - Machinery and material","l10n_la_account_2841","True","asset_non_current","False","","account.account_tag_investing","","Accumulated depreciation of account 2413 (Machinery and material).","ຄ່າຫຼຸ້ຍຫ້ຽນ - ເຄື່ອງຈັກ ແລະ ອຸປະກອນ","ຄ່າຫຼຸ້ຍຫ້ຽນສະສົມ ຂອງບັນຊີ 2413 (ເຄື່ອງຈັກ ແລະ ອຸປະກອນ)."
"l10n_la_account_28414","28414","Accumulated depreciation - Transport equipment","l10n_la_account_2841","True","asset_non_current","False","","account.account_tag_investing","","Accumulated depreciation of account 2414 (Transport equipment).","ຄ່າຫຼຸ້ຍຫ້ຽນ - ພາຫະນະ","ຄ່າຫຼຸ້ຍຫ້ຽນສະສົມ ຂອງບັນຊີ 2414 (ພາຫະນະ)."
"l10n_la_account_28417","28417","Accumulated depreciation - Fungible fixed assets","l10n_la_account_2841","True","asset_non_current","False","","account.account_tag_investing","","Accumulated depreciation of account 2417 (Fungible fixed assets).","ຄ່າຫຼຸ້ຍຫ້ຽນ - ຊັບສົມບັດຄົງທີ່ ປ່ຽນແທນກັນໄດ້","ຄ່າຫຼຸ້ຍຫ້ຽນສະສົມ ຂອງບັນຊີ 2417 (ຊັບສົມບັດຄົງທີ່ ປ່ຽນແທນກັນໄດ້)."
"l10n_la_account_28418","28418","Accumulated depreciation - Other tangible assets","l10n_la_account_2841","True","asset_non_current","False","","account.account_tag_investing","","Accumulated depreciation of account 2418 (Other tangible assets).","ຄ່າຫຼຸ້ຍຫ້ຽນ - ຊັບສົມບັດຄົງທີ່ ມີຕົວຕົນອື່ນໆ","ຄ່າຫຼຸ້ຍຫ້ຽນສະສົມ ຂອງບັນຊີ 2418 (ຊັບສົມບັດຄົງທີ່ ມີຕົວຕົນອື່ນໆ)."
"l10n_la_account_2842","2842","Depreciation on intangible fixed assets","l10n_la_account_284","False","asset_non_current","False","","account.account_tag_investing","","Group of accounts: post entries to its sub-accounts.","ຄ່າຫຼຸ້ຍຫ້ຽນ ຊັບສົມບັດຄົງທີ່ ບໍ່ມີຕົວຕົນ","ໝວດບັນຊີ: ໃຫ້ບັນທຶກລາຍການໃສ່ບັນຊີຍ່ອຍ."
"l10n_la_account_28421","28421","Accumulated depreciation - Capitalized development costs","l10n_la_account_2842","True","asset_non_current","False","","account.account_tag_investing","","Accumulated depreciation of account 2421 (Capitalized development costs).","ຄ່າຫຼຸ້ຍຫ້ຽນ - ຄ່າໃຊ້ຈ່າຍໃນການພັດທະນາ ທີ່ຈົດເປັນມູນຄ່າຄົງທີ່","ຄ່າຫຼຸ້ຍຫ້ຽນສະສົມ ຂອງບັນຊີ 2421 (ຄ່າໃຊ້ຈ່າຍໃນການພັດທະນາ ທີ່ຈົດເປັນມູນຄ່າຄົງທີ່)."
"l10n_la_account_28422","28422","Accumulated depreciation - Software, rights and similar assets","l10n_la_account_2842","True","asset_non_current","False","","account.account_tag_investing","","Accumulated depreciation of account 2422 (Software, rights and similar assets).","ຄ່າຫຼຸ້ຍຫ້ຽນ - ໂປຣແກມ, ສິດນຳໃຊ້ ແລະ ຊັບສິນທີ່ຄ້າຍຄືກັນ","ຄ່າຫຼຸ້ຍຫ້ຽນສະສົມ ຂອງບັນຊີ 2422 (ໂປຣແກມ, ສິດນຳໃຊ້ ແລະ ຊັບສິນທີ່ຄ້າຍຄືກັນ)."
"l10n_la_account_28423","28423","Accumulated depreciation - Concession and similar rights","l10n_la_account_2842","True","asset_non_current","False","","account.account_tag_investing","","Accumulated depreciation of account 2423 (Concession and similar rights).","ຄ່າຫຼຸ້ຍຫ້ຽນ - ສິດທິສຳປະທານ ແລະ ສິດທິປະເພດດຽວກັນ","ຄ່າຫຼຸ້ຍຫ້ຽນສະສົມ ຂອງບັນຊີ 2423 (ສິດທິສຳປະທານ ແລະ ສິດທິປະເພດດຽວກັນ)."
"l10n_la_account_28428","28428","Accumulated depreciation - Other intangible assets","l10n_la_account_2842","True","asset_non_current","False","","account.account_tag_investing","","Accumulated depreciation of account 2428 (Other intangible assets).","ຄ່າຫຼຸ້ຍຫ້ຽນ - ຊັບສົມບັດຄົງທີ່ ບໍ່ມີຕົວຕົນອື່ນໆ","ຄ່າຫຼຸ້ຍຫ້ຽນສະສົມ ຂອງບັນຊີ 2428 (ຊັບສົມບັດຄົງທີ່ ບໍ່ມີຕົວຕົນອື່ນໆ)."
"l10n_la_account_2843","2843","Depreciation on fixed assets - concession","l10n_la_account_284","False","asset_non_current","False","","account.account_tag_investing","","Group of accounts: post entries to its sub-accounts.","ຄ່າຫຼຸ້ຍຫ້ຽນ ຊັບສົມບັດຄົງທີ່ ສຳປະທານ","ໝວດບັນຊີ: ໃຫ້ບັນທຶກລາຍການໃສ່ບັນຊີຍ່ອຍ."
"l10n_la_account_28431","28431","Accumulated depreciation - Furniture and office equipment - concession","l10n_la_account_2843","True","asset_non_current","False","","account.account_tag_investing","","Accumulated depreciation of account 2431 (Furniture and office equipment - concession).","ຄ່າຫຼຸ້ຍຫ້ຽນ - ເຟີນີເຈີ ແລະ ອຸປະກອນສຳນັກງານ - ສຳປະທານ","ຄ່າຫຼຸ້ຍຫ້ຽນສະສົມ ຂອງບັນຊີ 2431 (ເຟີນີເຈີ ແລະ ອຸປະກອນສຳນັກງານ - ສຳປະທານ)."
"l10n_la_account_28432","28432","Accumulated depreciation - Buildings - concession","l10n_la_account_2843","True","asset_non_current","False","","account.account_tag_investing","","Accumulated depreciation of account 2432 (Buildings - concession).","ຄ່າຫຼຸ້ຍຫ້ຽນ - ສິ່ງປຸກສ້າງ - ສຳປະທານ","ຄ່າຫຼຸ້ຍຫ້ຽນສະສົມ ຂອງບັນຊີ 2432 (ສິ່ງປຸກສ້າງ - ສຳປະທານ)."
"l10n_la_account_28433","28433","Accumulated depreciation - Machinery and material - concession","l10n_la_account_2843","True","asset_non_current","False","","account.account_tag_investing","","Accumulated depreciation of account 2433 (Machinery and material - concession).","ຄ່າຫຼຸ້ຍຫ້ຽນ - ເຄື່ອງຈັກ ແລະ ອຸປະກອນ - ສຳປະທານ","ຄ່າຫຼຸ້ຍຫ້ຽນສະສົມ ຂອງບັນຊີ 2433 (ເຄື່ອງຈັກ ແລະ ອຸປະກອນ - ສຳປະທານ)."
"l10n_la_account_28434","28434","Accumulated depreciation - Transport equipment - concession","l10n_la_account_2843","True","asset_non_current","False","","account.account_tag_investing","","Accumulated depreciation of account 2434 (Transport equipment - concession).","ຄ່າຫຼຸ້ຍຫ້ຽນ - ພາຫະນະ - ສຳປະທານ","ຄ່າຫຼຸ້ຍຫ້ຽນສະສົມ ຂອງບັນຊີ 2434 (ພາຫະນະ - ສຳປະທານ)."
"l10n_la_account_28438","28438","Accumulated depreciation - Other tangible fixed assets - concession","l10n_la_account_2843","True","asset_non_current","False","","account.account_tag_investing","","Accumulated depreciation of account 2438 (Other tangible fixed assets - concession).","ຄ່າຫຼຸ້ຍຫ້ຽນ - ຊັບສົມບັດຄົງທີ່ອື່ນໆ - ສຳປະທານ","ຄ່າຫຼຸ້ຍຫ້ຽນສະສົມ ຂອງບັນຊີ 2438 (ຊັບສົມບັດຄົງທີ່ອື່ນໆ - ສຳປະທານ)."
"l10n_la_account_285","285","Depreciation on biological assets","l10n_la_account_28","False","asset_non_current","False","","account.account_tag_investing","","Group of accounts: post entries to its sub-accounts.","ຄ່າຫຼຸ້ຍຫ້ຽນ ຊັບສິນຊີວະພາບ","ໝວດບັນຊີ: ໃຫ້ບັນທຶກລາຍການໃສ່ບັນຊີຍ່ອຍ."
"l10n_la_account_2851","2851","Accumulated depreciation - Livestock (Breeders)","l10n_la_account_285","True","asset_non_current","False","","account.account_tag_investing","","Accumulated depreciation of account 251 (Livestock (Breeders)).","ຄ່າຫຼຸ້ຍຫ້ຽນ - ສັດລ້ຽງ ( ພໍ່ແມ່ພັນ )","ຄ່າຫຼຸ້ຍຫ້ຽນສະສົມ ຂອງບັນຊີ 251 (ສັດລ້ຽງ ( ພໍ່ແມ່ພັນ ))."
"l10n_la_account_2852","2852","Accumulated depreciation - Plants (fruit trees and plantations)","l10n_la_account_285","True","asset_non_current","False","","account.account_tag_investing","","Accumulated depreciation of account 252 (Plants (fruit trees and plantations)).","ຄ່າຫຼຸ້ຍຫ້ຽນ - ຕົ້ນໄມ້ ( ຕົ້ນໄມ້ກິນໝາກ ແລະ ສວນປູກຝັງ )","ຄ່າຫຼຸ້ຍຫ້ຽນສະສົມ ຂອງບັນຊີ 252 (ຕົ້ນໄມ້ ( ຕົ້ນໄມ້ກິນໝາກ ແລະ ສວນປູກຝັງ ))."
"l10n_la_account_2858","2858","Accumulated depreciation - Other biological assets - non current","l10n_la_account_285","True","asset_non_current","False","","account.account_tag_investing","","Accumulated depreciation of account 258 (Other biological assets - non current).","ຄ່າຫຼຸ້ຍຫ້ຽນ - ຊັບສິນຊີວະພາບອື່ນໆ-ບໍ່ໝູນວຽນ","ຄ່າຫຼຸ້ຍຫ້ຽນສະສົມ ຂອງບັນຊີ 258 (ຊັບສິນຊີວະພາບອື່ນໆ-ບໍ່ໝູນວຽນ)."
"l10n_la_account_29","29","Impairment of Fixed Assets","","False","asset_non_current","False","","account.account_tag_investing","","Group of accounts: post entries to its sub-accounts.","ຄ່າສູນເສຍມູນຄ່າ ຊັບສົມບັດຄົງທີ່","ໝວດບັນຊີ: ໃຫ້ບັນທຶກລາຍການໃສ່ບັນຊີຍ່ອຍ."
"l10n_la_account_290","290","Impairment of other financial fixed assets","l10n_la_account_29","True","asset_non_current","False","","account.account_tag_investing","","Impairment of other financial fixed assets.","ຄ່າສູນເສຍມູນຄ່າ ຊັບສົມບັດຄົງທີ່ ການເງິນອື່ນໆ","ຄ່າສູນເສຍມູນຄ່າ ຂອງຊັບສົມບັດຄົງທີ່ການເງິນອື່ນໆ."
"l10n_la_account_291","291","Impairment of investment","l10n_la_account_29","False","asset_non_current","False","","account.account_tag_investing","","Group of accounts: post entries to its sub-accounts.","ຄ່າສູນເສຍມູນຄ່າ ເງິນລົງທຶນ","ໝວດບັນຊີ: ໃຫ້ບັນທຶກລາຍການໃສ່ບັນຊີຍ່ອຍ."
"l10n_la_account_2910","2910","Impairment of investment in subsidiaries","l10n_la_account_291","True","asset_non_current","False","","account.account_tag_investing","","Impairment of investments in subsidiaries.","ຄ່າສູນເສຍມູນຄ່າ ເງິນລົງທຶນ ບໍລິສັດໃນເຄື່ອ","ຄ່າສູນເສຍມູນຄ່າ ຂອງເງິນລົງທຶນໃນບໍລິສັດໃນເຄືອ."
"l10n_la_account_2911","2911","Impairment of investment in associates","l10n_la_account_291","True","asset_non_current","False","","account.account_tag_investing","","Impairment of investments in associates.","ຄ່າສູນເສຍມູນຄ່າ ເງິນລົງທຶນ ໃນບໍລິສັດຮ່ວມ","ຄ່າສູນເສຍມູນຄ່າ ຂອງເງິນລົງທຶນໃນບໍລິສັດຮ່ວມທຶນ."
"l10n_la_account_2912","2912","Impairment of investment in jointly controlled entities","l10n_la_account_291","True","asset_non_current","False","","account.account_tag_investing","","Impairment of investments in jointly controlled entities.","ຄ່າສູນເສຍມູນຄ່າ ເງິນລົງທຶນ ໃນບໍລິສັດຄວບຄຸມຮ່ວມກັນ","ຄ່າສູນເສຍມູນຄ່າ ຂອງເງິນລົງທຶນໃນບໍລິສັດຄວບຄຸມຮ່ວມກັນ."
"l10n_la_account_2914","2914","Impairment of investment in assets under equity method","l10n_la_account_291","True","asset_non_current","False","","account.account_tag_investing","","Impairment of investments accounted for by the equity method.","ຄ່າສູນເສຍມູນຄ່າ ເງິນລົງທຶນ ໃນຊັບສິນຕາມມູນຄ່າທຽບເທົ່າ","ຄ່າສູນເສຍມູນຄ່າ ຂອງເງິນລົງທຶນໃນຊັບສິນ ຕາມມູນຄ່າທຽບເທົ່າ."
"l10n_la_account_292","292","Impairment of lease of fixed assets","l10n_la_account_29","True","asset_non_current","False","","account.account_tag_investing","","Impairment of fixed assets held under a finance lease.","ຄ່າສູນເສຍມູນຄ່າ ຊັບສົມບັດຄົງທີ່ ເຊົ່າສິນເຊື່ອ","ຄ່າສູນເສຍມູນຄ່າ ຂອງຊັບສົມບັດຄົງທີ່ເຊົ່າສິນເຊື່ອ."
"l10n_la_account_294","294","Impairment of tangible and intangible fixed assets and concession","l10n_la_account_29","False","asset_non_current","False","","account.account_tag_investing","","Group of accounts: post entries to its sub-accounts.","ຄ່າສູນເສຍມູນຄ່າ ຊັບສົມບັດຄົງທີ່ ມີຕົວຕົນ, ບໍ່ມີຕົວຕົນ ແລະ ສຳປະທານ","ໝວດບັນຊີ: ໃຫ້ບັນທຶກລາຍການໃສ່ບັນຊີຍ່ອຍ."
"l10n_la_account_2941","2941","Impairment of tangible fixed assets","l10n_la_account_294","True","asset_non_current","False","","account.account_tag_investing","","Impairment of tangible fixed assets.","ຄ່າສູນເສຍມູນຄ່າ ຊັບສົມບັດຄົງທີ່ ມີຕົວຕົນ","ຄ່າສູນເສຍມູນຄ່າ ຂອງຊັບສົມບັດຄົງທີ່ມີຕົວຕົນ."
"l10n_la_account_2942","2942","Impairment of intangible fixed assets","l10n_la_account_294","True","asset_non_current","False","","account.account_tag_investing","","Impairment of intangible fixed assets.","ຄ່າສູນເສຍມູນຄ່າ ຊັບສົມບັດຄົງທີ່ ບໍ່ມີຕົວຕົນ","ຄ່າສູນເສຍມູນຄ່າ ຂອງຊັບສົມບັດຄົງທີ່ບໍ່ມີຕົວຕົນ."
"l10n_la_account_2943","2943","Impairment of fixed assets - concession","l10n_la_account_294","True","asset_non_current","False","","account.account_tag_investing","","Impairment of fixed assets under a concession.","ຄ່າສູນເສຍມູນຄ່າ ຊັບສົມບັດຄົງທີ່ ສຳປະທານ","ຄ່າສູນເສຍມູນຄ່າ ຂອງຊັບສົມບັດຄົງທີ່ສຳປະທານ."
"l10n_la_account_295","295","Impairment of biological assets","l10n_la_account_29","True","asset_non_current","False","","account.account_tag_investing","","Impairment of non-current biological assets.","ຄ່າສູນເສຍມູນຄ່າ ຊັບສິນຊີວະພາບ","ຄ່າສູນເສຍມູນຄ່າ ຂອງຊັບສິນຊີວະພາບ."
"l10n_la_account_30","30","Capital and Related Accounts","","False","equity","False","","account.account_tag_financing","","Group of accounts: post entries to its sub-accounts.","ທຶນ ແລະ ບັນຊີ ປະເພດດຽວກັນ","ໝວດບັນຊີ: ໃຫ້ບັນທຶກລາຍການໃສ່ບັນຊີຍ່ອຍ."
"l10n_la_account_301","301","Subscribed capital - uncalled","l10n_la_account_30","True","equity","False","","account.account_tag_financing","","Registered capital subscribed but not yet called.","ທຶນຈົດທະບຽນ-ບໍ່ທັນຮຽກໃຫ້ປະກອບ","ທຶນຈົດທະບຽນ ທີ່ໄດ້ຈອງ ແຕ່ຍັງບໍ່ທັນຮຽກໃຫ້ປະກອບ."
"l10n_la_account_302","302","Subscribed capital - called up, unpaid","l10n_la_account_30","True","equity","False","","account.account_tag_financing","","Registered capital called up but not yet paid in.","ທຶນຈົດທະບຽນຮຽກໃຫ້ປະກອບ-ບໍ່ທັນຖອກ","ທຶນຈົດທະບຽນ ທີ່ຮຽກໃຫ້ປະກອບແລ້ວ ແຕ່ຍັງບໍ່ທັນຖອກ."
"l10n_la_account_303","303","Subscribed capital - paid","l10n_la_account_30","True","equity","False","","account.account_tag_financing","","Registered capital fully paid in.","ທຶນຈົດທະບຽນ-ຖອກແລ້ວ","ທຶນຈົດທະບຽນ ທີ່ຖອກແລ້ວ."
"l10n_la_account_304","304","Premiums on share capital","l10n_la_account_30","True","equity","False","","account.account_tag_financing","","Share premium: amount received above the nominal value of shares issued.","ສ່ວນເພີ່ມມູນຄ່າຮຸ້ນ","ສ່ວນເພີ່ມມູນຄ່າຮຸ້ນ: ຈຳນວນເງິນທີ່ໄດ້ຮັບ ເກີນມູນຄ່າຕາມໜ້າຮຸ້ນ."
"l10n_la_account_308","308","Drawings account","l10n_la_account_30","True","equity","False","","account.account_tag_financing","","Owner's account of a sole proprietorship: contributions and drawings.","ບັນຊີທຶນຂອງເຈົ້າຂອງທຸລະກິດ","ບັນຊີທຶນຂອງເຈົ້າຂອງທຸລະກິດ: ການປະກອບທຶນ ແລະ ການຖອນທຶນ."
"l10n_la_account_309","309","Shareholders - Subscribed capital uncalled","l10n_la_account_30","True","equity","False","","account.account_tag_financing","","Shareholders: subscribed capital not yet called (contra account).","ຜູ້ຖືຮຸ້ນ ທຶນຈົດທະບຽນທີ່ບໍ່ທັນຮຽກໃຫ້ປະກອບ","ຜູ້ຖືຮຸ້ນ: ທຶນຈົດທະບຽນ ທີ່ຍັງບໍ່ທັນຮຽກໃຫ້ປະກອບ."
"l10n_la_account_31","31","Reserves","","False","equity","False","","account.account_tag_financing","","Group of accounts: post entries to its sub-accounts.","ຄັງສຳຮອງ","ໝວດບັນຊີ: ໃຫ້ບັນທຶກລາຍການໃສ່ບັນຊີຍ່ອຍ."
"l10n_la_account_311","311","Legal reserve","l10n_la_account_31","True","equity","False","","account.account_tag_financing","","Legal reserve set aside from profit as required by law.","ຄັງສຳຮອງຕາມລະບຽບການ","ຄັງສຳຮອງຕາມລະບຽບການ ທີ່ຫັກຈາກກຳໄລ ຕາມກົດໝາຍກຳນົດ."
"l10n_la_account_312","312","Other reserves","l10n_la_account_31","True","equity","False","","account.account_tag_financing","","Other reserves decided by the shareholders.","ຄັງສຳຮອງອື່ນໆ","ຄັງສຳຮອງອື່ນໆ ທີ່ຂາຮຸ້ນໄດ້ຕົກລົງ."
"l10n_la_account_32","32","Carried Forward Accounts","","False","equity","False","","account.account_tag_financing","","Group of accounts: post entries to its sub-accounts.","ຍອດຍົກມາ","ໝວດບັນຊີ: ໃຫ້ບັນທຶກລາຍການໃສ່ບັນຊີຍ່ອຍ."
"l10n_la_account_321","321","Profit carried forward","l10n_la_account_32","True","equity","False","","account.account_tag_financing","","Profits of previous years not yet distributed.","ກຳໄລຍົກມາ (ເຫຼືອມີ)","ກຳໄລຂອງປີຜ່ານມາ ທີ່ຍັງບໍ່ທັນແບ່ງປັນ."
"l10n_la_account_329","329","Loss carried forward","l10n_la_account_32","True","equity","False","","account.account_tag_financing","","Losses of previous years carried forward.","ຂາດທຶນຍົກມາ (ເຫຼືອໜີ້)","ຂາດທຶນຂອງປີຜ່ານມາ ທີ່ຍົກມາ."
"l10n_la_account_33","33","Profit or loss for the financial year","","False","equity","False","","account.account_tag_financing","","Group of accounts: post entries to its sub-accounts.","ຜົນໄດ້ຮັບໃນປີ","ໝວດບັນຊີ: ໃຫ້ບັນທຶກລາຍການໃສ່ບັນຊີຍ່ອຍ."
"l10n_la_account_331","331","Profit for the financial year","l10n_la_account_33","True","equity","False","","account.account_tag_financing","","Profit of the year, credited by the year-end closing entry (counterpart: 999999). Cleared when the shareholders allocate it (to 31, 32 or dividends payable 454).","ກຳໄລພາຍໃນປີ","ກຳໄລຂອງປີ, ບັນທຶກເບື້ອງມີ ໂດຍລາຍການປິດບັນຊີທ້າຍປີ (ຄູ່ບັນຊີ: 999999). ລ້າງອອກ ເມື່ອຜູ້ຖືຮຸ້ນຕົກລົງແບ່ງປັນ (ໄປບັນຊີ 31, 32 ຫຼື ເງິນປັນຜົນຕ້ອງຈ່າຍ 454)."
"l10n_la_account_339","339","Loss for the financial year","l10n_la_account_33","True","equity","False","","account.account_tag_financing","","Loss of the year, debited by the year-end closing entry (counterpart: 999999).","ຂາດທຶນພາຍໃນປີ","ຂາດທຶນຂອງປີ, ບັນທຶກເບື້ອງໜີ້ ໂດຍລາຍການປິດບັນຊີທ້າຍປີ (ຄູ່ບັນຊີ: 999999)."
"l10n_la_account_40","40","Accounts Payable - Suppliers","","False","liability_payable","True","","account.account_tag_operating","","Group of accounts: post entries to its sub-accounts.","ຜູ້ສະໜອງ ເປັນເຈົ້າໜີ້","ໝວດບັນຊີ: ໃຫ້ບັນທຶກລາຍການໃສ່ບັນຊີຍ່ອຍ."
"l10n_la_account_401","401","Suppliers - Goods, materials","l10n_la_account_40","True","liability_payable","True","","account.account_tag_operating","","Amounts owed to suppliers of goods and materials. Default payable account.","ໜີ້ຕ້ອງສົ່ງ ຜູ້ສະໜອງ ສິນຄ້າ, ວັດຖຸ","ຈຳນວນເງິນທີ່ຕ້ອງຈ່າຍໃຫ້ຜູ້ສະໜອງ ສິນຄ້າ ແລະ ວັດຖຸ. ບັນຊີເຈົ້າໜີ້ເລີ່ມຕົ້ນ."
"l10n_la_account_402","402","Suppliers - Services","l10n_la_account_40","True","liability_payable","True","","account.account_tag_operating","","Amounts owed to suppliers of services.","ໜີ້ຕ້ອງສົ່ງ ຜູ້ສະໜອງ ການບໍລິການ","ຈຳນວນເງິນທີ່ຕ້ອງຈ່າຍໃຫ້ຜູ້ສະໜອງ ການບໍລິການ."
"l10n_la_account_403","403","Suppliers - Goods and services - Bills payable","l10n_la_account_40","False","liability_payable","True","","account.account_tag_operating","","Group of accounts: post entries to its sub-accounts.","ໜີ້ຕ້ອງສົ່ງ ຜູ້ສະໜອງ ສິນຄ້າ ແລະ ການບໍລິການ ໃບຢັ້ງຢືນການຄ້າຕ້ອງຈ່າຍ","ໝວດບັນຊີ: ໃຫ້ບັນທຶກລາຍການໃສ່ບັນຊີຍ່ອຍ."
"l10n_la_account_4031","4031","Suppliers - Goods, materials - Bills payable","l10n_la_account_403","True","liability_payable","True","","account.account_tag_operating","","Bills payable accepted for supplies of goods and materials.","ໜີ້ຕ້ອງສົ່ງ ຜູ້ສະໜອງ ສິນຄ້າ, ວັດຖຸ - ໃບຢັ້ງຢືນການຄ້າຕ້ອງຈ່າຍ","ໃບຢັ້ງຢືນການຄ້າຕ້ອງຈ່າຍ ໃຫ້ຜູ້ສະໜອງ ສິນຄ້າ ແລະ ວັດຖຸ."
"l10n_la_account_4032","4032","Suppliers - Services - Bills payable","l10n_la_account_403","True","liability_payable","True","","account.account_tag_operating","","Bills payable accepted for supplies of services.","ໜີ້ຕ້ອງສົ່ງ ຜູ້ສະໜອງ ການບໍລິການ - ໃບຢັ້ງຢືນການຄ້າຕ້ອງຈ່າຍ","ໃບຢັ້ງຢືນການຄ້າຕ້ອງຈ່າຍ ໃຫ້ຜູ້ສະໜອງ ການບໍລິການ."
"l10n_la_account_404","404","Suppliers - Fixed assets","l10n_la_account_40","False","liability_payable","True","","account.account_tag_investing","","Group of accounts: post entries to its sub-accounts.","ໜີ້ຕ້ອງສົ່ງ ຜູ້ສະໜອງ ຊັບສົມບັດຄົງທີ່","ໝວດບັນຊີ: ໃຫ້ບັນທຶກລາຍການໃສ່ບັນຊີຍ່ອຍ."
"l10n_la_account_4041","4041","Suppliers - Financial fixed assets","l10n_la_account_404","True","liability_payable","True","True","account.account_tag_investing","","Amounts owed to suppliers of financial fixed assets.","ໜີ້ຕ້ອງສົ່ງ ຜູ້ສະໜອງ - ຊັບສົມບັດຄົງທີ່ ການເງິນ","ຈຳນວນເງິນທີ່ຕ້ອງຈ່າຍໃຫ້ຜູ້ສະໜອງ ຊັບສົມບັດຄົງທີ່ການເງິນ."
"l10n_la_account_4042","4042","Suppliers - Tangible fixed assets","l10n_la_account_404","True","liability_payable","True","True","account.account_tag_investing","","Amounts owed to suppliers of tangible fixed assets.","ໜີ້ຕ້ອງສົ່ງ ຜູ້ສະໜອງ - ຊັບສົມບັດຄົງທີ່ ມີຕົວຕົນ","ຈຳນວນເງິນທີ່ຕ້ອງຈ່າຍໃຫ້ຜູ້ສະໜອງ ຊັບສົມບັດຄົງທີ່ມີຕົວຕົນ."
"l10n_la_account_4043","4043","Suppliers - Intangible fixed assets","l10n_la_account_404","True","liability_payable","True","True","account.account_tag_investing","","Amounts owed to suppliers of intangible fixed assets.","ໜີ້ຕ້ອງສົ່ງ ຜູ້ສະໜອງ - ຊັບສົມບັດຄົງທີ່ ບໍ່ມີຕົວຕົນ","ຈຳນວນເງິນທີ່ຕ້ອງຈ່າຍໃຫ້ຜູ້ສະໜອງ ຊັບສົມບັດຄົງທີ່ບໍ່ມີຕົວຕົນ."
"l10n_la_account_405","405","Suppliers - Fixed assets - Bills payable","l10n_la_account_40","True","liability_payable","True","True","account.account_tag_investing","","Bills payable accepted for purchases of fixed assets.","ໜີ້ຕ້ອງສົ່ງ ຜູ້ສະໜອງ ຊັບສົມບັດຄົງທີ່ ໃບຢັ້ງຢືນການຄ້າຕ້ອງຈ່າຍ","ໃບຢັ້ງຢືນການຄ້າຕ້ອງຈ່າຍ ສຳລັບການຊື້ຊັບສົມບັດຄົງທີ່."
"l10n_la_account_408","408","Suppliers - Invoices outstanding","l10n_la_account_40","True","liability_current","False","","account.account_tag_operating","","Goods or services received, supplier invoice not yet received.","ໜີ້ຕ້ອງສົ່ງ ຜູ້ສະໜອງ ໃບເກັບເງິນບໍ່ທັນມາຮອດ","ສິນຄ້າ ຫຼື ການບໍລິການ ທີ່ໄດ້ຮັບແລ້ວ ແຕ່ຍັງບໍ່ທັນໄດ້ຮັບໃບເກັບເງິນຈາກຜູ້ສະໜອງ."
"l10n_la_account_41","41","Financial Instruments - Current Liabilities","","False","liability_current","False","","account.account_tag_financing","","Group of accounts: post entries to its sub-accounts.","ເຄື່ອງມືການເງິນ - ໜີ້ສິນໝູນວຽນ","ໝວດບັນຊີ: ໃຫ້ບັນທຶກລາຍການໃສ່ບັນຊີຍ່ອຍ."
"l10n_la_account_411","411","Bank overdraft","l10n_la_account_41","True","liability_current","False","","account.account_tag_financing","","Bank overdrafts.","ເງິນເບີກເກີນບັນຊີ","ເງິນເບີກເກີນບັນຊີທະນາຄານ."
"l10n_la_account_412","412","Short-term loans from credit institutions","l10n_la_account_41","True","liability_current","False","","account.account_tag_financing","","Loans from credit institutions repayable within twelve months.","ເງິນກູ້ຢືມ ນຳສະຖາບັນການເງິນ ໄລຍະສັ້ນ","ເງິນກູ້ຢືມ ນຳສະຖາບັນການເງິນ ທີ່ຕ້ອງຊຳລະພາຍໃນ 12 ເດືອນ."
"l10n_la_account_413","413","Short-term bonds","l10n_la_account_41","True","liability_current","False","","account.account_tag_financing","","Short-term bonds issued by the entity.","ພັນທະບັດກູ້ຢືມໄລຍະສັ້ນ ທີ່ໄດ້ອອກ","ພັນທະບັດກູ້ຢືມໄລຍະສັ້ນ ທີ່ວິສາຫະກິດໄດ້ອອກ."
"l10n_la_account_417","417","Accrued interest payable","l10n_la_account_41","True","liability_current","False","","account.account_tag_financing","","Interest accrued on short-term borrowings, not yet paid.","ດອກເບ້ຽ ເຄື່ອງມືການເງິນ ຄິດໄລ່ແລ້ວຕ້ອງຈ່າຍ","ດອກເບ້ຽ ຂອງເງິນກູ້ຢືມໄລຍະສັ້ນ ທີ່ຄິດໄລ່ແລ້ວ ແຕ່ຍັງບໍ່ທັນຈ່າຍ."
"l10n_la_account_418","418","Other financial instruments debts payable in short-term","l10n_la_account_41","True","liability_current","False","","account.account_tag_financing","","Other short-term financial liabilities.","ໜີ້ຕ້ອງສົ່ງ ເຄື່ອງມືການເງິນອື່ນໆ ໄລຍະສັ້ນ","ໜີ້ຕ້ອງສົ່ງ ເຄື່ອງມືການເງິນອື່ນໆ ໄລຍະສັ້ນ."
"l10n_la_account_42","42","Employees, Customers, Social security - Accounts Payable","","False","liability_current","False","","account.account_tag_operating","","Group of accounts: post entries to its sub-accounts.","ພະນັກງານ, ລູກຄ້າ, ອົງການປະກັນສັງຄົມ ເປັນເຈົ້າໜີ້","ໝວດບັນຊີ: ໃຫ້ບັນທຶກລາຍການໃສ່ບັນຊີຍ່ອຍ."
"l10n_la_account_420","420","Employees","l10n_la_account_42","False","liability_current","False","","account.account_tag_operating","","Group of accounts: post entries to its sub-accounts.","ໜີ້ຕ້ອງສົ່ງ ພະນັກງານ","ໝວດບັນຊີ: ໃຫ້ບັນທຶກລາຍການໃສ່ບັນຊີຍ່ອຍ."
"l10n_la_account_4201","4201","Employees - Remuneration payable","l10n_la_account_420","True","liability_current","True","","account.account_tag_operating","","Salaries and wages owed to employees.","ພະນັກງານ - ຄ່າທົດແທນແຮງງານຕ້ອງສະສາງ","ເງິນເດືອນ ແລະ ຄ່າແຮງງານ ທີ່ຕ້ອງຈ່າຍໃຫ້ພະນັກງານ."
"l10n_la_account_4202","4202","Employees - Bonus and gratification","l10n_la_account_420","True","liability_current","False","","account.account_tag_operating","","Bonuses and rewards owed to employees.","ພະນັກງານ - ເງິນບຳເນັດ ແລະ ຍ້ອງຍໍ","ເງິນບຳເນັດ ແລະ ຍ້ອງຍໍ ທີ່ຕ້ອງຈ່າຍໃຫ້ພະນັກງານ."
"l10n_la_account_4203","4203","Employees - Accrued charges payable for holiday pay","l10n_la_account_420","True","liability_current","False","","account.account_tag_operating","","Holiday pay and welfare benefits accrued for employees.","ພະນັກງານ - ເງິນນະໂຍບາຍພັກຜ່ອນ ແລະ ສະຫວັດດີການຕ້ອງສະສາງ","ເງິນນະໂຍບາຍພັກຜ່ອນ ແລະ ສະຫວັດດີການ ທີ່ຄິດໄລ່ແລ້ວ ຕ້ອງຈ່າຍໃຫ້ພະນັກງານ."
"l10n_la_account_4204","4204","Employees - Accrued charges payable deducted for holiday pay","l10n_la_account_420","True","liability_current","False","","account.account_tag_operating","","Holiday pay withheld from employees.","ພະນັກງານ - ເງິນນະໂຍບາຍພັກຜ່ອນ ທີ່ໄດ້ຫັກໄວ້","ເງິນນະໂຍບາຍພັກຜ່ອນ ທີ່ໄດ້ຫັກໄວ້ຈາກພະນັກງານ."
"l10n_la_account_4205","4205","Employees - Defined contribution for employee benefit","l10n_la_account_420","True","liability_current","False","","account.account_tag_operating","","Contributions to defined contribution employee benefit plans, payable.","ໜີ້ຕ້ອງສົ່ງ ບ້ວງເງິນສົມທົບ ຜົນປະໂຫຍດພະນັກງານ ຕາມກົດລະບຽບທີ່ກຳນົດໄວ້","ເງິນສົມທົບ ຜົນປະໂຫຍດພະນັກງານ ຕາມກົດລະບຽບທີ່ກຳນົດໄວ້ ທີ່ຕ້ອງຈ່າຍ."
"l10n_la_account_4206","4206","Employees - Deposits","l10n_la_account_420","True","liability_current","False","","account.account_tag_operating","","Deposits received from employees.","ພະນັກງານ - ເງິນມັດຈຳທີ່ໄດ້ຮັບ","ເງິນມັດຈຳ ທີ່ໄດ້ຮັບຈາກພະນັກງານ."
"l10n_la_account_4207","4207","Employees - Stoppages of payment","l10n_la_account_420","True","liability_current","False","","account.account_tag_operating","","Amounts withheld from employees' pay.","ພະນັກງານ - ເງິນຕັດໄວ້","ເງິນທີ່ຕັດໄວ້ ຈາກເງິນເດືອນຂອງພະນັກງານ."
"l10n_la_account_4208","4208","Employees - Other accrued charges payable","l10n_la_account_420","True","liability_current","False","","account.account_tag_operating","","Other amounts accrued for employees.","ພະນັກງານ - ຄ່າທົດແທນອື່ນໆຕ້ອງສະສາງ","ຄ່າທົດແທນອື່ນໆ ທີ່ຕ້ອງຈ່າຍໃຫ້ພະນັກງານ."
"l10n_la_account_421","421","Customers - Accounts Payable","l10n_la_account_42","False","liability_current","False","","account.account_tag_operating","","Group of accounts: post entries to its sub-accounts.","ລູກຄ້າ ເປັນເຈົ້າໜີ້","ໝວດບັນຊີ: ໃຫ້ບັນທຶກລາຍການໃສ່ບັນຊີຍ່ອຍ."
"l10n_la_account_4211","4211","Customers - Deferred income","l10n_la_account_421","True","liability_current","False","","account.account_tag_operating","","Advances received from customers before delivery or invoice.","ລູກຄ້າ - ລາຍຮັບຮັບລ່ວງໜ້າ","ເງິນທີ່ໄດ້ຮັບລ່ວງໜ້າຈາກລູກຄ້າ ກ່ອນການສົ່ງມອບ ຫຼື ອອກໃບເກັບເງິນ."
"l10n_la_account_4212","4212","Customers - Guaranteed Packages","l10n_la_account_421","True","liability_current","False","","account.account_tag_operating","","Deposits received from customers for returnable packaging.","ລູກຄ້າ - ໜີ້ຕ້ອງສົ່ງບ້ວງເຄື່ອງຫຸ້ມຫໍ່ ທີ່ໄດ້ມັດຈຳ","ເງິນມັດຈຳ ທີ່ໄດ້ຮັບຈາກລູກຄ້າ ສຳລັບເຄື່ອງຫຸ້ມຫໍ່ ທີ່ຕ້ອງສົ່ງຄືນ."
"l10n_la_account_4213","4213","Customers - Sales rebates, discounts, allowances, refund payable","l10n_la_account_421","True","liability_current","False","","account.account_tag_operating","","Rebates, discounts and refunds to be granted to customers.","ລູກຄ້າ - ສ່ວນຫຼຸດຕ້ອງຜ່ອນ, ເງິນສົ່ງຄືນຕ້ອງຈ່າຍ","ສ່ວນຫຼຸດ ແລະ ເງິນສົ່ງຄືນ ທີ່ຕ້ອງໃຫ້ລູກຄ້າ."
"l10n_la_account_4218","4218","Customers - Other refund payable","l10n_la_account_421","True","liability_current","False","","account.account_tag_operating","","Other refunds owed to customers.","ລູກຄ້າ - ເງິນສົ່ງຄືນອື່ນໆ","ເງິນສົ່ງຄືນອື່ນໆ ທີ່ຕ້ອງຈ່າຍໃຫ້ລູກຄ້າ."
"l10n_la_account_422","422","Social Security and Related Accounts - Accounts Payable","l10n_la_account_42","False","liability_current","False","","account.account_tag_operating","","Group of accounts: post entries to its sub-accounts.","ໜີ້ຕ້ອງສົ່ງ ອົງການປະກັນສັງຄົມ ແລະ ບັນຊີພົວພັນ","ໝວດບັນຊີ: ໃຫ້ບັນທຶກລາຍການໃສ່ບັນຊີຍ່ອຍ."
"l10n_la_account_4221","4221","Social security - Employees contribution","l10n_la_account_422","True","liability_current","False","","account.account_tag_operating","","Employees' social security contributions withheld, to be paid to the social security organisation.","ອົງການປະກັນສັງຄົມ - (ບ້ວງລູກຈ້າງ)","ເງິນປະກັນສັງຄົມ ບ້ວງລູກຈ້າງ ທີ່ຫັກໄວ້ ແລະ ຕ້ອງມອບໃຫ້ອົງການປະກັນສັງຄົມ."
"l10n_la_account_4222","4222","Social security - Employers contribution","l10n_la_account_422","True","liability_current","False","","account.account_tag_operating","","Employer's social security contributions payable.","ອົງການປະກັນສັງຄົມ - (ບ້ວງນາຍຈ້າງ)","ເງິນປະກັນສັງຄົມ ບ້ວງນາຍຈ້າງ ທີ່ຕ້ອງມອບໃຫ້ອົງການປະກັນສັງຄົມ."
"l10n_la_account_4226","4226","Social security - Accrued charges payable","l10n_la_account_422","True","liability_current","False","","account.account_tag_operating","","Social security charges accrued, not yet paid.","ອົງການປະກັນສັງຄົມ, ລາຍຈ່າຍ ຕ້ອງຈ່າຍ","ລາຍຈ່າຍປະກັນສັງຄົມ ທີ່ຄິດໄລ່ແລ້ວ ແຕ່ຍັງບໍ່ທັນຈ່າຍ."
"l10n_la_account_4228","4228","International Organizations","l10n_la_account_422","True","liability_current","False","","account.account_tag_operating","","Amounts payable to international organisations.","ອົງການຈັດຕັ້ງ ສາກົນ","ໜີ້ຕ້ອງສົ່ງ ໃຫ້ອົງການຈັດຕັ້ງສາກົນ."
"l10n_la_account_43","43","Taxes - Accounts Payable","","False","liability_current","False","","account.account_tag_operating","","Group of accounts: post entries to its sub-accounts.","ໜີ້ຕ້ອງສົ່ງ ພາສີ-ອາກອນ ຕ່າງໆ","ໝວດບັນຊີ: ໃຫ້ບັນທຶກລາຍການໃສ່ບັນຊີຍ່ອຍ."
"l10n_la_account_430","430","State - Tax collected by the entity","l10n_la_account_43","False","liability_current","False","","account.account_tag_operating","","Group of accounts: post entries to its sub-accounts.","ລັດ - ອາກອນ ເກັບຈາກພາກສ່ວນອື່ນ","ໝວດບັນຊີ: ໃຫ້ບັນທຶກລາຍການໃສ່ບັນຊີຍ່ອຍ."
"l10n_la_account_4301","4301","State - VAT withheld on services from non-residents","l10n_la_account_430","True","liability_current","False","","account.account_tag_operating","","VAT withheld when paying for services from non-residents, to be paid to the State.","ລັດ - ອມພ ທີ່ຫັກໄວ້ຈາກການຊື້ບໍລິການ ຈາກຜູ້ບໍ່ມີພູມລຳເນົາ","ອມພ ທີ່ຫັກໄວ້ ເວລາຈ່າຍຄ່າບໍລິການ ໃຫ້ຜູ້ບໍ່ມີພູມລຳເນົາ, ຕ້ອງມອບໃຫ້ລັດ."
"l10n_la_account_431","431","State - Income tax payable","l10n_la_account_43","True","liability_current","False","","account.account_tag_operating","","Income tax payable to the State.","ລັດ - ອາກອນກຳໄລ ຕ້ອງມອບ","ອາກອນກຳໄລ ທີ່ຕ້ອງມອບໃຫ້ລັດ."
"l10n_la_account_432","432","State - VAT collected","l10n_la_account_43","True","liability_current","False","","account.account_tag_operating","","VAT collected on sales.","ລັດ - ອມພ ທີ່ເກັບໄດ້ ຫຼື ອມພ ສົ້ນອອກ","ອມພ ທີ່ເກັບໄດ້ຈາກການຂາຍ."
"l10n_la_account_433","433","State - VAT payable","l10n_la_account_43","True","liability_payable","True","True","account.account_tag_operating","","VAT due to the State after deduction of input VAT. Payable account of Odoo's VAT return.","ລັດ - ອມພ ທີ່ຕ້ອງມອບ","ອມພ ທີ່ຕ້ອງມອບໃຫ້ລັດ ຫຼັງຈາກຫັກ ອມພ ຂາເຂົ້າ. ບັນຊີ ອມພ ຕ້ອງມອບ ຂອງການແຈ້ງ ອມພ ໃນ Odoo."
"l10n_la_account_434","434","State - VAT to be invoiced","l10n_la_account_43","True","liability_current","False","","account.account_tag_operating","","VAT on sales whose invoice has not yet been issued.","ລັດ - ອມພ ບ້ວງໃບເກັບເງິນຕ້ອງອອກ","ອມພ ຂອງການຂາຍ ທີ່ຍັງບໍ່ທັນອອກໃບເກັບເງິນ."
"l10n_la_account_435","435","State - VAT other transactions to be adjusted","l10n_la_account_43","True","liability_current","False","","account.account_tag_operating","","VAT on other transactions pending adjustment.","ລັດ - ອມພ ບ້ວງອື່ນໆ ລໍຖ້າສະສາງ","ອມພ ຂອງລາຍການອື່ນໆ ທີ່ລໍຖ້າສະສາງ."
"l10n_la_account_436","436","State - Specific operation with the state and other state agencies","l10n_la_account_43","True","liability_current","False","","account.account_tag_operating","","Specific transactions with the State and other state bodies.","ລັດ - ລາຍການເຄື່ອນໄຫວສະເພາະກັບລັດ ແລະ ອົງການອື່ນໆຂອງລັດ","ລາຍການເຄື່ອນໄຫວສະເພາະ ກັບລັດ ແລະ ອົງການອື່ນໆຂອງລັດ."
"l10n_la_account_437","437","State - Other taxes and similar charges","l10n_la_account_43","True","liability_current","False","","account.account_tag_operating","","Other taxes and similar charges payable to the State.","ລັດ - ອາກອນອື່ນໆ ແລະ ລາຍຈ່າຍປະເພດດຽວກັນ ຕ້ອງມອບ","ອາກອນອື່ນໆ ແລະ ລາຍຈ່າຍປະເພດດຽວກັນ ທີ່ຕ້ອງມອບໃຫ້ລັດ."
"l10n_la_account_438","438","State - Other charges payable","l10n_la_account_43","True","liability_current","False","","account.account_tag_operating","","Other charges payable to the State.","ລັດ - ລາຍຈ່າຍອື່ນໆຕ້ອງຈ່າຍ","ລາຍຈ່າຍອື່ນໆ ທີ່ຕ້ອງຈ່າຍໃຫ້ລັດ."
"l10n_la_account_44","44","Others Accounts Payable","","False","liability_payable","True","","account.account_tag_operating","","Group of accounts: post entries to its sub-accounts.","ເຈົ້າໜີ້ອື່ນໆ","ໝວດບັນຊີ: ໃຫ້ບັນທຶກລາຍການໃສ່ບັນຊີຍ່ອຍ."
"l10n_la_account_441","441","Suppliers - Short-term investment","l10n_la_account_44","True","liability_payable","True","True","account.account_tag_investing","","Amounts owed to suppliers of short-term investments.","ໜີ້ຕ້ອງສົ່ງ ຜູ້ສະໜອງ ການລົງທຶນໄລຍະສັ້ນ","ຈຳນວນເງິນທີ່ຕ້ອງຈ່າຍໃຫ້ຜູ້ສະໜອງ ການລົງທຶນໄລຍະສັ້ນ."
"l10n_la_account_442","442","Suppliers - Biological assets","l10n_la_account_44","True","liability_payable","True","True","account.account_tag_investing","","Amounts owed to suppliers of biological assets.","ໜີ້ຕ້ອງສົ່ງ ຜູ້ສະໜອງ ຊັບສິນຊີວະພາບ ໄລຍະສັ້ນ","ຈຳນວນເງິນທີ່ຕ້ອງຈ່າຍໃຫ້ຜູ້ສະໜອງ ຊັບສິນຊີວະພາບ."
"l10n_la_account_443","443","Suppliers - Short-term lease","l10n_la_account_44","True","liability_payable","True","True","account.account_tag_financing","","Amounts owed to lessors under short-term finance leases.","ໜີ້ຕ້ອງສົ່ງ ຜູ້ສະໜອງ ສັນຍາເຊົ່າສິນເຊື່ອ ໄລຍະສັ້ນ","ຈຳນວນເງິນທີ່ຕ້ອງຈ່າຍ ຕາມສັນຍາເຊົ່າສິນເຊື່ອໄລຍະສັ້ນ."
"l10n_la_account_447","447","Deferred income","l10n_la_account_44","True","liability_current","False","","account.account_tag_operating","","Revenue received in advance for later periods. Default deferred revenue account.","ລາຍຮັບ ຮັບລ່ວງໜ້າ","ລາຍຮັບ ທີ່ໄດ້ຮັບລ່ວງໜ້າ ສຳລັບໄລຍະຕໍ່ໄປ. ບັນຊີລາຍຮັບລ່ວງໜ້າເລີ່ມຕົ້ນ."
"l10n_la_account_448","448","Others payable","l10n_la_account_44","True","liability_current","False","","account.account_tag_operating","","Other amounts payable not recorded elsewhere.","ເຈົ້າໜີ້ອື່ນໆ","ເຈົ້າໜີ້ອື່ນໆ ທີ່ບໍ່ໄດ້ບັນທຶກໃນບັນຊີອື່ນ."
"l10n_la_account_45","45","Shareholder and Partners/Associates","","False","liability_current","False","","account.account_tag_financing","","Group of accounts: post entries to its sub-accounts.","ຜູ້ຖືຮຸ້ນ ແລະ ຄູ່ສັນຍາ ເປັນເຈົ້າໜີ້","ໝວດບັນຊີ: ໃຫ້ບັນທຶກລາຍການໃສ່ບັນຊີຍ່ອຍ."
"l10n_la_account_451","451","Intra-group transactions","l10n_la_account_45","True","liability_current","False","","account.account_tag_financing","","Amounts owed to group companies.","ການເຄື່ອນໄຫວບໍລິສັດໃນກຸ່ມ","ໜີ້ຕ້ອງສົ່ງ ໃຫ້ບໍລິສັດໃນກຸ່ມ."
"l10n_la_account_452","452","Shareholder - Current accounts","l10n_la_account_45","True","liability_current","False","","account.account_tag_financing","","Shareholders' current accounts: amounts lent to the entity.","ຂາຮຸ້ນ-ບັນຊີເງິນຝາກກະແສລາຍວັນ","ບັນຊີເງິນຝາກກະແສລາຍວັນ ຂອງຂາຮຸ້ນ: ເງິນທີ່ຂາຮຸ້ນໃຫ້ວິສາຫະກິດຢືມ."
"l10n_la_account_453","453","Shareholder - Company contribution accounts","l10n_la_account_45","True","liability_current","False","","account.account_tag_financing","","Shareholders: transactions related to capital.","ຂາຮຸ້ນ-ການເຄື່ອນໄຫວ ກ່ຽວກັບທຶນ","ຂາຮຸ້ນ: ການເຄື່ອນໄຫວ ກ່ຽວກັບທຶນ."
"l10n_la_account_454","454","Shareholder - Dividends payable","l10n_la_account_45","True","liability_current","False","","account.account_tag_financing","","Dividends declared, payable to shareholders.","ຂາຮຸ້ນ-ເງິນປັນຜົນ ຕ້ອງຈ່າຍ","ເງິນປັນຜົນ ທີ່ໄດ້ປະກາດແລ້ວ ແລະ ຕ້ອງຈ່າຍໃຫ້ຂາຮຸ້ນ."
"l10n_la_account_455","455","Shareholder - Affiliated companies - joint or group transactions","l10n_la_account_45","True","liability_current","False","","account.account_tag_financing","","Amounts owed to shareholders for joint or group transactions.","ຂາຮຸ້ນ-ການເຄື່ອນໄຫວຮ່ວມກັນ ຫຼື ເປັນກຸ່ມ","ໜີ້ຕ້ອງສົ່ງ ໃຫ້ຂາຮຸ້ນ ກ່ຽວກັບການເຄື່ອນໄຫວຮ່ວມກັນ ຫຼື ເປັນກຸ່ມ."
"l10n_la_account_456","456","Shareholder - Capital to be reimbursed","l10n_la_account_45","True","liability_current","False","","account.account_tag_financing","","Capital to be reimbursed or settled with shareholders.","ຂາຮຸ້ນ-ທຶນທີ່ຕ້ອງທົດແທນຄືນ ຫຼື ຊຳລະສະສາງ","ທຶນ ທີ່ຕ້ອງທົດແທນຄືນ ຫຼື ຊຳລະສະສາງ ໃຫ້ຂາຮຸ້ນ."
"l10n_la_account_457","457","Shareholder - Deferred income","l10n_la_account_45","True","liability_current","False","","account.account_tag_financing","","Revenue received in advance from shareholders.","ຂາຮຸ້ນ - ລາຍຮັບຮັບລ່ວງໜ້າ","ລາຍຮັບ ທີ່ໄດ້ຮັບລ່ວງໜ້າ ຈາກຂາຮຸ້ນ."
"l10n_la_account_458","458","Other shareholder and partners/associates","l10n_la_account_45","True","liability_current","False","","account.account_tag_financing","","Other amounts owed to shareholders and partners.","ຜູ້ຖືຮຸ້ນ ແລະ ຄູ່ສັນຍາອື່ນໆ ເປັນເຈົ້າໜີ້","ໜີ້ຕ້ອງສົ່ງອື່ນໆ ໃຫ້ຜູ້ຖືຮຸ້ນ ແລະ ຄູ່ສັນຍາ."
"l10n_la_account_46","46","Provisions for Current Liabilities","","False","liability_current","False","","account.account_tag_operating","","Group of accounts: post entries to its sub-accounts.","ເງິນແຮ ໜີ້ສິນໝູນວຽນ","ໝວດບັນຊີ: ໃຫ້ບັນທຶກລາຍການໃສ່ບັນຊີຍ່ອຍ."
"l10n_la_account_461","461","Provision for litigation","l10n_la_account_46","True","liability_current","False","","account.account_tag_operating","","Provision for litigation expected to be settled within twelve months.","ເງິນແຮ ສຳລັບການດຳເນີນຄະດີ","ເງິນແຮ ສຳລັບການດຳເນີນຄະດີ ທີ່ຄາດວ່າຈະສະສາງພາຍໃນ 12 ເດືອນ."
"l10n_la_account_462","462","Provision for pensions","l10n_la_account_46","True","liability_current","False","","account.account_tag_operating","","Provision for pensions payable within twelve months.","ເງິນແຮ ສຳລັບເບ້ຽບຳນານ","ເງິນແຮ ສຳລັບເບ້ຽບຳນານ ທີ່ຕ້ອງຈ່າຍພາຍໃນ 12 ເດືອນ."
"l10n_la_account_463","463","Provision for other post - employment benefit","l10n_la_account_46","True","liability_current","False","","account.account_tag_operating","","Provision for other post-employment benefits payable within twelve months.","ເງິນແຮ ສຳລັບຕຳແໜ່ງງານອື່ນ-ຜົນປະໂຫຍດຂອງພະນັກງານ","ເງິນແຮ ສຳລັບຜົນປະໂຫຍດອື່ນຂອງພະນັກງານ ຫຼັງການຈ້າງງານ, ຕ້ອງຈ່າຍພາຍໃນ 12 ເດືອນ."
"l10n_la_account_464","464","Provision for restructurings","l10n_la_account_46","True","liability_current","False","","account.account_tag_operating","","Provision for restructuring costs.","ເງິນແຮ ສຳລັບການປັບປຸງໂຄງສ້າງ ວິສາຫະກິດ","ເງິນແຮ ສຳລັບການປັບປຸງໂຄງສ້າງວິສາຫະກິດ."
"l10n_la_account_465","465","Provision for warranties","l10n_la_account_46","True","liability_current","False","","account.account_tag_operating","","Provision for product and service warranties.","ເງິນແຮ ສຳລັບການຄ້ຳປະກັນ","ເງິນແຮ ສຳລັບການຄ້ຳປະກັນສິນຄ້າ ແລະ ການບໍລິການ."
"l10n_la_account_466","466","Provision for onerous contracts","l10n_la_account_46","True","liability_current","False","","account.account_tag_operating","","Provision for onerous contracts.","ເງິນແຮ ສຳລັບສັນຍາທີ່ສ້າງພາລະ","ເງິນແຮ ສຳລັບສັນຍາທີ່ສ້າງພາລະ."
"l10n_la_account_468","468","Other current provisions","l10n_la_account_46","True","liability_current","False","","account.account_tag_operating","","Other current provisions.","ເງິນແຮ ໜີ້ສິນໝູນວຽນອື່ນໆ","ເງິນແຮ ໜີ້ສິນໝູນວຽນອື່ນໆ."
"l10n_la_account_47","47","Financial Instruments, Loans and Similar Payable","","False","liability_non_current","False","","account.account_tag_financing","","Group of accounts: post entries to its sub-accounts.","ເຄື່ອງມືການເງິນ, ເງິນກູ້ຢືມ ແລະ ໜີ້ຕ້ອງສົ່ງປະເພດດຽວກັນ","ໝວດບັນຊີ: ໃຫ້ບັນທຶກລາຍການໃສ່ບັນຊີຍ່ອຍ."
"l10n_la_account_471","471","Convertible bonds to shares","l10n_la_account_47","True","liability_non_current","False","","account.account_tag_financing","","Bonds issued by the entity that can be converted into shares.","ພັນທະບັດ ປ່ຽນເປັນຮຸ້ນໄດ້","ພັນທະບັດ ທີ່ວິສາຫະກິດໄດ້ອອກ ແລະ ປ່ຽນເປັນຮຸ້ນໄດ້."
"l10n_la_account_472","472","Other bonds","l10n_la_account_47","True","liability_non_current","False","","account.account_tag_financing","","Other bonds issued by the entity.","ພັນທະບັດອື່ນໆ ທີ່ໄດ້ອອກ","ພັນທະບັດອື່ນໆ ທີ່ວິສາຫະກິດໄດ້ອອກ."
"l10n_la_account_473","473","Loans from credit institutions","l10n_la_account_47","True","liability_non_current","False","","account.account_tag_financing","","Long-term loans from credit institutions.","ເງິນກູ້ຢືມ ນຳສະຖາບັນສິນເຊື່ອ","ເງິນກູ້ຢືມໄລຍະຍາວ ນຳສະຖາບັນສິນເຊື່ອ."
"l10n_la_account_474","474","Deposits and sureties received","l10n_la_account_47","True","liability_non_current","False","","account.account_tag_financing","","Deposits and guarantees received, repayable after more than twelve months.","ເງິນວາງ ແລະ ເງິນຄ້ຳປະກັນ ທີ່ໄດ້ຮັບ","ເງິນວາງ ແລະ ເງິນຄ້ຳປະກັນ ທີ່ໄດ້ຮັບ, ຕ້ອງສົ່ງຄືນເກີນ 12 ເດືອນ."
"l10n_la_account_475","475","Debts payable for lease","l10n_la_account_47","True","liability_non_current","False","","account.account_tag_financing","","Liabilities under finance leases.","ໜີ້ຕ້ອງສົ່ງ ສັນຍາເຊົ່າສິນເຊື່ອ","ໜີ້ຕ້ອງສົ່ງ ຕາມສັນຍາເຊົ່າສິນເຊື່ອ."
"l10n_la_account_477","477","Accrued interests","l10n_la_account_47","True","liability_non_current","False","","account.account_tag_financing","","Interest accrued on long-term borrowings.","ດອກເບ້ຽຄິດໄລ່ ເຖິງກຳນົດ","ດອກເບ້ຽຄິດໄລ່ ຂອງເງິນກູ້ຢືມໄລຍະຍາວ."
"l10n_la_account_478","478","Financial instruments and other similar accounts payable","l10n_la_account_47","True","liability_non_current","False","","account.account_tag_financing","","Other long-term financial liabilities.","ເຄື່ອງມືການເງິນ ແລະ ໜີ້ຕ້ອງສົ່ງອື່ນໆ ປະເພດດຽວກັນ","ເຄື່ອງມືການເງິນ ແລະ ໜີ້ຕ້ອງສົ່ງອື່ນໆ ໄລຍະຍາວ."
"l10n_la_account_48","48","Debts Payable related to participating interests, Grants, Deferred Account","","False","liability_non_current","False","","account.account_tag_operating","","Group of accounts: post entries to its sub-accounts.","ໜີ້ຕ້ອງສົ່ງ ທີ່ຕິດພັນກັບການຮ່ວມປະກອບທຶນ, ເງິນຊ່ວຍໜູນ, ເງິນເຍື້ອນຊຳລະ","ໝວດບັນຊີ: ໃຫ້ບັນທຶກລາຍການໃສ່ບັນຊີຍ່ອຍ."
"l10n_la_account_481","481","Debts payable related to participating interests","l10n_la_account_48","False","liability_non_current","False","","account.account_tag_financing","","Group of accounts: post entries to its sub-accounts.","ໜີ້ຕ້ອງສົ່ງ ທີ່ຕິດພັນກັບການຮ່ວມປະກອບທຶນ","ໝວດບັນຊີ: ໃຫ້ບັນທຶກລາຍການໃສ່ບັນຊີຍ່ອຍ."
"l10n_la_account_4811","4811","Debts payable - Participating interests (group)","l10n_la_account_481","True","liability_non_current","False","","account.account_tag_financing","","Amounts owed on participating interests within the group.","ໜີ້ຕ້ອງສົ່ງ - ການຮ່ວມປະກອບທຶນ ໃນກຸ່ມບໍລິສັດ","ໜີ້ຕ້ອງສົ່ງ ກ່ຽວກັບການຮ່ວມປະກອບທຶນ ໃນກຸ່ມບໍລິສັດ."
"l10n_la_account_4812","4812","Debts payable - Participating interests (apart from group)","l10n_la_account_481","True","liability_non_current","False","","account.account_tag_financing","","Amounts owed on participating interests outside the group.","ໜີ້ຕ້ອງສົ່ງ - ການຮ່ວມປະກອບທຶນ ນອກກຸ່ມບໍລິສັດ","ໜີ້ຕ້ອງສົ່ງ ກ່ຽວກັບການຮ່ວມປະກອບທຶນ ນອກກຸ່ມບໍລິສັດ."
"l10n_la_account_4813","4813","Debts payable - Related to joint ventures","l10n_la_account_481","True","liability_non_current","False","","account.account_tag_financing","","Amounts owed to joint ventures.","ໜີ້ຕ້ອງສົ່ງ - ທີ່ຕິດພັນກັບ ບໍລິສັດຮ່ວມປະກອບທຶນ","ໜີ້ຕ້ອງສົ່ງ ໃຫ້ບໍລິສັດຮ່ວມປະກອບທຶນ."
"l10n_la_account_4816","4816","Accrued interests payable","l10n_la_account_481","True","liability_non_current","False","","account.account_tag_financing","","Interest accrued on amounts owed for participating interests.","ດອກເບັ້ຍຄິດໄລ່ ຕ້ອງຈ່າຍ","ດອກເບ້ຽຄິດໄລ່ ທີ່ຕ້ອງຈ່າຍ ກ່ຽວກັບການຮ່ວມປະກອບທຶນ."
"l10n_la_account_4818","4818","Other payable related to participating interests","l10n_la_account_481","True","liability_non_current","False","","account.account_tag_financing","","Other amounts owed related to participating interests.","ໜີ້ຕ້ອງສົ່ງອື່ນໆ ທີ່ຕິດພັນກັບການຮ່ວມປະກອບທຶນ","ໜີ້ຕ້ອງສົ່ງອື່ນໆ ທີ່ຕິດພັນກັບການຮ່ວມປະກອບທຶນ."
"l10n_la_account_482","482","Government Grants","l10n_la_account_48","False","liability_non_current","False","","account.account_tag_financing","","Group of accounts: post entries to its sub-accounts.","ເງິນຊ່ວຍໜູນຂອງລັດ","ໝວດບັນຊີ: ໃຫ້ບັນທຶກລາຍການໃສ່ບັນຊີຍ່ອຍ."
"l10n_la_account_4821","4821","Equipment grants","l10n_la_account_482","True","liability_non_current","False","","account.account_tag_financing","","Government grants received to finance equipment.","ເງິນຊ່ວຍໜູນ ປະກອບພາຫະນະ","ເງິນຊ່ວຍໜູນຈາກລັດ ທີ່ໄດ້ຮັບເພື່ອປະກອບອຸປະກອນ."
"l10n_la_account_4822","4822","Other Investment grants","l10n_la_account_482","True","liability_non_current","False","","account.account_tag_financing","","Other government investment grants received.","ເງິນຊ່ວຍໜູນ ລົງທຶນອື່ນໆ","ເງິນຊ່ວຍໜູນການລົງທຶນອື່ນໆ ທີ່ໄດ້ຮັບຈາກລັດ."
"l10n_la_account_4829","4829","Grants credited to the profit and loss account","l10n_la_account_482","True","liability_non_current","False","","account.account_tag_financing","","Part of government grants already transferred to profit or loss.","ພູດສ່ວນເງິນຊ່ວຍໜູນຂອງລັດ ຈົດເຂົ້າບັນຊີຜົນໄດ້ຮັບໃນປີ","ພູດສ່ວນເງິນຊ່ວຍໜູນຂອງລັດ ທີ່ໄດ້ຈົດເຂົ້າບັນຊີຜົນໄດ້ຮັບໃນປີແລ້ວ."
"l10n_la_account_483","483","Deferred tax - Liability","l10n_la_account_48","True","liability_non_current","False","","account.account_tag_operating","","Deferred tax liabilities.","ອາກອນເຍື້ອນຊຳລະ - ໜີ້ສິນ","ອາກອນເຍື້ອນຊຳລະ ທີ່ເປັນໜີ້ສິນ."
"l10n_la_account_49","49","Provisions for Non-Current Liabilities","","False","liability_non_current","False","","account.account_tag_operating","","Group of accounts: post entries to its sub-accounts.","ເງິນແຮ ເພື່ອໜີ້ສິນບໍ່ໝູນວຽນ","ໝວດບັນຊີ: ໃຫ້ບັນທຶກລາຍການໃສ່ບັນຊີຍ່ອຍ."
"l10n_la_account_491","491","Provisions for Employee in Long-Term","l10n_la_account_49","False","liability_non_current","False","","account.account_tag_operating","","Group of accounts: post entries to its sub-accounts.","ເງິນແຮ ສຳລັບພະນັກງານ ໄລຍະຍາວ","ໝວດບັນຊີ: ໃຫ້ບັນທຶກລາຍການໃສ່ບັນຊີຍ່ອຍ."
"l10n_la_account_4911","4911","Provisions for treatment","l10n_la_account_491","True","liability_non_current","False","","account.account_tag_operating","","Long-term provision for employees' medical care.","ເງິນແຮ ເພື່ອການປິ່ນປົວ","ເງິນແຮໄລຍະຍາວ ເພື່ອການປິ່ນປົວພະນັກງານ."
"l10n_la_account_4912","4912","Provisions for holidays","l10n_la_account_491","True","liability_non_current","False","","account.account_tag_operating","","Long-term provision for annual leave.","ເງິນແຮ ເພື່ອການພັກຜ່ອນປະຈຳປີ","ເງິນແຮໄລຍະຍາວ ເພື່ອການພັກຜ່ອນປະຈຳປີ."
"l10n_la_account_4913","4913","Provisions for long-term working","l10n_la_account_491","True","liability_non_current","False","","account.account_tag_operating","","Provision for long-service benefits.","ເງິນແຮ ເພື່ອການເຮັດວຽກງານໄລຍະຍາວ","ເງິນແຮ ເພື່ອຜົນປະໂຫຍດ ການເຮັດວຽກງານໄລຍະຍາວ."
"l10n_la_account_4914","4914","Provisions for pensions","l10n_la_account_491","True","liability_non_current","False","","account.account_tag_operating","","Long-term provision for pensions.","ເງິນແຮ ສຳລັບເບ້ຽບຳນານ","ເງິນແຮໄລຍະຍາວ ສຳລັບເບ້ຽບຳນານ."
"l10n_la_account_4915","4915","Provisions for post - employment benefits","l10n_la_account_491","True","liability_non_current","False","","account.account_tag_operating","","Provision for benefits due when employment ends.","ເງິນແຮ ສຳລັບຜົນປະໂຫຍດຂອງພະນັກງານ ໃນເວລາສິ້ນສຸດການຈ້າງງານ","ເງິນແຮ ສຳລັບຜົນປະໂຫຍດຂອງພະນັກງານ ໃນເວລາສິ້ນສຸດການຈ້າງງານ."
"l10n_la_account_492","492","Provisions for tax","l10n_la_account_49","True","liability_non_current","False","","account.account_tag_operating","","Provision for tax.","ເງິນແຮ ອາກອນ","ເງິນແຮ ອາກອນ."
"l10n_la_account_493","493","Provisions for litigation","l10n_la_account_49","True","liability_non_current","False","","account.account_tag_operating","","Long-term provision for litigation.","ເງິນແຮ ສຳລັບການດຳເນີນຄະດີ","ເງິນແຮໄລຍະຍາວ ສຳລັບການດຳເນີນຄະດີ."
"l10n_la_account_494","494","Provisions for restructurings","l10n_la_account_49","True","liability_non_current","False","","account.account_tag_operating","","Long-term provision for restructuring.","ເງິນແຮ ສຳລັບການປັບປຸງໂຄງສ້າງ ວິສາຫະກິດ","ເງິນແຮໄລຍະຍາວ ສຳລັບການປັບປຸງໂຄງສ້າງວິສາຫະກິດ."
"l10n_la_account_495","495","Provisions for warranties","l10n_la_account_49","True","liability_non_current","False","","account.account_tag_operating","","Long-term provision for warranties.","ເງິນແຮ ສຳລັບການຄ້ຳປະກັນ","ເງິນແຮໄລຍະຍາວ ສຳລັບການຄ້ຳປະກັນ."
"l10n_la_account_496","496","Provisions for restoring, dismantling and improvement","l10n_la_account_49","True","liability_non_current","False","","account.account_tag_operating","","Provision for site restoration, dismantling and renovation.","ເງິນແຮ ເພື່ອການຟື້ນຟູ, ຮື້ຖອນ ແລະ ປົວແປງຄືນໃໝ່","ເງິນແຮ ເພື່ອການຟື້ນຟູ, ຮື້ຖອນ ແລະ ປົວແປງຄືນໃໝ່."
"l10n_la_account_497","497","Provisions for the loss of share price","l10n_la_account_49","True","liability_non_current","False","","account.account_tag_operating","","Provision for losses on share prices.","ເງິນແຮ ເພື່ອການຂາດທຶນຈາກລາຄາຮຸ້ນ","ເງິນແຮ ເພື່ອການຂາດທຶນຈາກລາຄາຮຸ້ນ."
"l10n_la_account_498","498","Provisions for other non-current liabilities","l10n_la_account_49","True","liability_non_current","False","","account.account_tag_operating","","Other non-current provisions.","ເງິນແຮ ໜີ້ສິນບໍ່ໝູນວຽນອື່ນໆ","ເງິນແຮ ໜີ້ສິນບໍ່ໝູນວຽນອື່ນໆ."
"l10n_la_account_50","50","Reciprocal branch accounts","","False","asset_current","False","","","","Group of accounts: post entries to its sub-accounts.","ບັນຊີ ພົວພັນ ລະຫວ່າງ ກົມກອງພາຍໃນ","ໝວດບັນຊີ: ໃຫ້ບັນທຶກລາຍການໃສ່ບັນຊີຍ່ອຍ."
"l10n_la_account_501","501","Reciprocal branch accounts","l10n_la_account_50","True","asset_current","False","","","","Reciprocal accounts between establishments of the same entity. Balance is zero for the entity as a whole.","ບັນຊີພົວພັນ ລະຫ່ວາງ ກົມກອງ","ບັນຊີພົວພັນ ລະຫວ່າງກົມກອງ ຂອງວິສາຫະກິດດຽວກັນ. ຍອດລວມທັງວິສາຫະກິດ ຕ້ອງເທົ່າກັບສູນ."
"l10n_la_account_506","506","Goods and services exchanged between establishments (charges)","l10n_la_account_50","True","asset_current","False","","","","Goods and services sent between establishments: expense side.","ສິນຄ້າ ແລະ ການບໍລິການ ແລກປ່ຽນລະຫວ່າງກົມກອງ ( ລາຍຈ່າຍ )","ສິນຄ້າ ແລະ ການບໍລິການ ທີ່ແລກປ່ຽນລະຫວ່າງກົມກອງ: ດ້ານລາຍຈ່າຍ."
"l10n_la_account_507","507","Goods and services exchanged between establishments (income)","l10n_la_account_50","True","asset_current","False","","","","Goods and services sent between establishments: income side.","ສິນຄ້າ ແລະ ການບໍລິການ ແລກປ່ຽນລະຫວ່າງກົມກອງ ( ລາຍຮັບ )","ສິນຄ້າ ແລະ ການບໍລິການ ທີ່ແລກປ່ຽນລະຫວ່າງກົມກອງ: ດ້ານລາຍຮັບ."
"l10n_la_account_51","51","Suspense Accounts","","False","asset_current","False","","","","Group of accounts: post entries to its sub-accounts.","ບັນຊີ ລໍຖ້າສະສາງ","ໝວດບັນຊີ: ໃຫ້ບັນທຶກລາຍການໃສ່ບັນຊີຍ່ອຍ."
"l10n_la_account_511","511","Periodic allocation of expenditures","l10n_la_account_51","True","asset_current","False","","","","Expenses of the year spread over interim periods.","ບັນຊີຕັດແບ່ງລາຍຈ່າຍໃນປີ ເປັນໄລຍະ","ລາຍຈ່າຍໃນປີ ທີ່ຕັດແບ່ງເປັນໄລຍະ."
"l10n_la_account_512","512","Periodic allocation of revenue","l10n_la_account_51","True","asset_current","False","","","","Revenue of the year spread over interim periods.","ບັນຊີຕັດແບ່ງລາຍຮັບໃນປີ ເປັນໄລຍະ","ລາຍຮັບໃນປີ ທີ່ຕັດແບ່ງເປັນໄລຍະ."
"l10n_la_account_518","518","Suspense accounts","l10n_la_account_51","True","asset_current","False","","","","Amounts awaiting identification or allocation. Used by Odoo as the bank suspense account.","ບັນຊີ ຂ້າມຜ່ານ ຫຼື ລໍຖ້າ","ຈຳນວນເງິນ ທີ່ລໍຖ້າການກວດສອບ ຫຼື ການແບ່ງເຂົ້າບັນຊີ. Odoo ໃຊ້ເປັນບັນຊີພັກທະນາຄານ."
"l10n_la_account_58","58","Internal transfer Accounts","","False","asset_current","False","","","","Group of accounts: post entries to its sub-accounts.","ບັນຊີ ໂອນເງິນພາຍໃນ","ໝວດບັນຊີ: ໃຫ້ບັນທຶກລາຍການໃສ່ບັນຊີຍ່ອຍ."
"l10n_la_account_581","581","Deposit in bank or national treasury","l10n_la_account_58","True","asset_current","True","","","","Cash deposited into a bank or the National Treasury, in transit.","ມອບເງິນສົດ ເຂົ້າທະນາຄານ ຫຼື ຄັງເງິນແຫ່ງຊາດ","ເງິນສົດ ທີ່ມອບເຂົ້າທະນາຄານ ຫຼື ຄັງເງິນແຫ່ງຊາດ, ພວມຢູ່ລະຫວ່າງທາງ."
"l10n_la_account_582","582","Withdrawals from banks or national treasury to petty cash","l10n_la_account_58","True","asset_current","True","","","","Withdrawals from a bank or the National Treasury into the cash box, in transit.","ຖອນເງິນຝາກທະນາຄານ ຫຼື ຄັງເງິນແຫ່ງຊາດ ເຂົ້າຄັງເງິນສົດ","ເງິນທີ່ຖອນຈາກທະນາຄານ ຫຼື ຄັງເງິນແຫ່ງຊາດ ເຂົ້າຄັງເງິນສົດ, ພວມຢູ່ລະຫວ່າງທາງ."
"l10n_la_account_583","583","Bank-to-bank or to national treasury transfers","l10n_la_account_58","True","asset_current","True","","","","Transfers between bank accounts or to the National Treasury, in transit. Used by Odoo as the internal transfer account.","ໂອນເງິນຝາກທະນາຄານ ຫາ ເງິນຝາກທະນາຄານ ຫຼື ຄັງເງິນແຫ່ງຊາດ","ການໂອນເງິນ ລະຫວ່າງບັນຊີທະນາຄານ ຫຼື ໄປຄັງເງິນແຫ່ງຊາດ, ພວມຢູ່ລະຫວ່າງທາງ. Odoo ໃຊ້ເປັນບັນຊີໂອນເງິນພາຍໃນ."
"l10n_la_account_60","60","Consumed Purchases, Cost of Sales","","False","expense_direct_cost","False","","account.account_tag_operating","","Group of accounts: post entries to its sub-accounts.","ຊື້ທີ່ໄດ້ຊົມໃຊ້, ຕົ້ນທຶນທີ່ໄດ້ຂາຍອອກ","ໝວດບັນຊີ: ໃຫ້ບັນທຶກລາຍການໃສ່ບັນຊີຍ່ອຍ."
"l10n_la_account_601","601","Raw materials and supplies","l10n_la_account_60","True","expense_direct_cost","False","","account.account_tag_operating","","Raw materials and supplies purchased and consumed.","ວັດຖຸດິບ, ວັດຖຸປະກອບ","ວັດຖຸດິບ ແລະ ວັດຖຸປະກອບ ທີ່ຊື້ມາ ແລະ ໄດ້ຊົມໃຊ້."
"l10n_la_account_602","602","Materials for production","l10n_la_account_60","True","expense_direct_cost","False","","account.account_tag_operating","","Materials purchased for production and consumed.","ວັດຖຸຮັບໃຊ້ການຜະລິດ","ວັດຖຸຮັບໃຊ້ການຜະລິດ ທີ່ຊື້ມາ ແລະ ໄດ້ຊົມໃຊ້."
"l10n_la_account_603","603","Products","l10n_la_account_60","True","expense_direct_cost","False","","account.account_tag_operating","","Products purchased and consumed.","ຜະລິດຕະພັນ","ຜະລິດຕະພັນ ທີ່ຊື້ມາ ແລະ ໄດ້ຊົມໃຊ້."
"l10n_la_account_604","604","Project studies and rendering services","l10n_la_account_60","True","expense_direct_cost","False","","account.account_tag_operating","","Studies and services purchased for production or projects.","ການຄົ້ນຄວ້າ ແລະ ການບໍລິການ","ການຄົ້ນຄວ້າ ແລະ ການບໍລິການ ທີ່ຊື້ມາ ເພື່ອການຜະລິດ ຫຼື ໂຄງການ."
"l10n_la_account_605","605","Biological assets","l10n_la_account_60","True","expense_direct_cost","False","","account.account_tag_operating","","Biological assets purchased and consumed.","ຊັບສິນ ຊີວະພາບ","ຊັບສິນຊີວະພາບ ທີ່ຊື້ມາ ແລະ ໄດ້ຊົມໃຊ້."
"l10n_la_account_606","606","Non-inventory items","l10n_la_account_60","True","expense_direct_cost","False","","account.account_tag_operating","","Materials and office supplies bought without passing through stock.","ຊື້ວັດຖຸ ແລະ ເຄື່ອງໃຊ້ຫ້ອງການ ທີ່ບໍ່ເອົາເຂົ້າສາງ","ວັດຖຸ ແລະ ເຄື່ອງໃຊ້ຫ້ອງການ ທີ່ຊື້ມາ ໂດຍບໍ່ເອົາເຂົ້າສາງ."
"l10n_la_account_607","607","Goods","l10n_la_account_60","True","expense_direct_cost","False","","account.account_tag_operating","","Goods purchased for resale and their cost when sold. Default expense account.","ສິນຄ້າ","ສິນຄ້າ ທີ່ຊື້ມາເພື່ອຂາຍຕໍ່ ແລະ ຕົ້ນທຶນເມື່ອຂາຍອອກ. ບັນຊີລາຍຈ່າຍເລີ່ມຕົ້ນ."
"l10n_la_account_609","609","Purchase rebates, discounts, allowances","l10n_la_account_60","True","expense_direct_cost","False","","account.account_tag_operating","","Rebates and discounts obtained on purchases.","ສ່ວນຫຼຸດຕ່າງໆ ທີ່ໄດ້ຮັບຈາກການຊື້","ສ່ວນຫຼຸດຕ່າງໆ ທີ່ໄດ້ຮັບຈາກການຊື້."
"l10n_la_account_61","61","External services","","False","expense","False","","account.account_tag_operating","","Group of accounts: post entries to its sub-accounts.","ຄ່າບໍລິການຈາກທາງນອກ","ໝວດບັນຊີ: ໃຫ້ບັນທຶກລາຍການໃສ່ບັນຊີຍ່ອຍ."
"l10n_la_account_611","611","General subcontracting","l10n_la_account_61","True","expense","False","","account.account_tag_operating","","Work subcontracted to third parties.","ຈ້າງທາງນອກ","ວຽກງານ ທີ່ຈ້າງພາກສ່ວນອື່ນເຮັດ."
"l10n_la_account_612","612","Rental, leases","l10n_la_account_61","True","expense","False","","account.account_tag_operating","","Rent and lease payments.","ຄ່າເຊົ່າ","ຄ່າເຊົ່າ."
"l10n_la_account_613","613","Fees","l10n_la_account_61","True","expense","False","","account.account_tag_operating","","Fees for professional services.","ຄ່າທຳນຽມ","ຄ່າທຳນຽມ ການບໍລິການວິຊາຊີບ."
"l10n_la_account_614","614","Maintenance and repairs","l10n_la_account_61","True","expense","False","","account.account_tag_operating","","Maintenance, upkeep and repairs.","ຄ່າບົວລະບັດ, ບຳລຸງຮັກສາ ແລະ ສ້ອມແປງ","ຄ່າບົວລະບັດ, ບຳລຸງຮັກສາ ແລະ ສ້ອມແປງ."
"l10n_la_account_615","615","Insurance premium","l10n_la_account_61","True","expense","False","","account.account_tag_operating","","Insurance premiums.","ຄ່າທຳນຽມປະກັນໄພ","ຄ່າທຳນຽມປະກັນໄພ."
"l10n_la_account_616","616","Rental and joint ownership property costs","l10n_la_account_61","True","expense","False","","account.account_tag_operating","","Rental charges and joint ownership costs.","ຄ່າໃຊ້ຈ່າຍໃນການເຊົ່າ ແລະ ການຮ່ວມກຳມະສິດ","ຄ່າໃຊ້ຈ່າຍໃນການເຊົ່າ ແລະ ການຮ່ວມກຳມະສິດ."
"l10n_la_account_617","617","Project studies and research fees","l10n_la_account_61","True","expense","False","","account.account_tag_operating","","Research and study fees.","ຄ່າວິໄຈ ແລະ ຄົ້ນຄວ້າ","ຄ່າວິໄຈ ແລະ ຄົ້ນຄວ້າ."
"l10n_la_account_618","618","Documentation fees and related charges","l10n_la_account_61","True","expense","False","","account.account_tag_operating","","Documentation and related charges.","ຄ່າປະກອບເອກະສານ ແລະ ອື່ນໆທີ່ຕິດພັນ","ຄ່າປະກອບເອກະສານ ແລະ ອື່ນໆ ທີ່ຕິດພັນ."
"l10n_la_account_619","619","Purchase rebates, discounts, allowances received","l10n_la_account_61","True","expense","False","","account.account_tag_operating","","Rebates and discounts obtained on external services.","ສ່ວນຫຼຸດຕ່າງໆ ທີ່ໄດ້ຮັບຈາກທາງນອກ","ສ່ວນຫຼຸດຕ່າງໆ ທີ່ໄດ້ຮັບຈາກການບໍລິການທາງນອກ."
"l10n_la_account_62","62","Other External Services","","False","expense","False","","account.account_tag_operating","","Group of accounts: post entries to its sub-accounts.","ຄ່າບໍລິການອື່ນໆຈາກທາງນອກ","ໝວດບັນຊີ: ໃຫ້ບັນທຶກລາຍການໃສ່ບັນຊີຍ່ອຍ."
"l10n_la_account_621","621","Transport","l10n_la_account_62","True","expense","False","","account.account_tag_operating","","Transport and freight costs.","ຄ່າຂົນສົ່ງ","ຄ່າຂົນສົ່ງ."
"l10n_la_account_622","622","Advertising, publications, printing public relations fees","l10n_la_account_62","True","expense","False","","account.account_tag_operating","","Advertising, publications, printing and public relations.","ຄ່າໂຄສະນາ, ລົງຂ່າວ, ໜັງສືພີມ-ຈັດພິມ, ປະຊາສຳພັນ","ຄ່າໂຄສະນາ, ລົງຂ່າວ, ຈັດພິມ ແລະ ປະຊາສຳພັນ."
"l10n_la_account_623","623","Postal and telecommunication costs","l10n_la_account_62","True","expense","False","","account.account_tag_operating","","Postal and telecommunication costs.","ຄ່າໄປສະນີ ແລະ ໂທລະຄົມມະນາຄົມ","ຄ່າໄປສະນີ ແລະ ໂທລະຄົມມະນາຄົມ."
"l10n_la_account_624","624","Commissions","l10n_la_account_62","True","expense","False","","account.account_tag_operating","","Commissions paid.","ຄ່ານາຍໜ້າ","ຄ່ານາຍໜ້າ ທີ່ໄດ້ຈ່າຍ."
"l10n_la_account_625","625","Business travel, missions and receptions","l10n_la_account_62","True","expense","False","","account.account_tag_operating","","Business travel, meetings and receptions.","ຄ່າເດີນທາງ, ກອງປະຊຸມ, ຮັບແຂກ","ຄ່າເດີນທາງ, ກອງປະຊຸມ ແລະ ຮັບແຂກ."
"l10n_la_account_626","626","Study tour, training and other charges","l10n_la_account_62","True","expense","False","","account.account_tag_operating","","Official missions, study tours and training.","ວຽກງານທາງການ, ທັດສະນະສຶກສາ, ຝຶກອົບຮົມ ແລະ ອື່ນໆ","ວຽກງານທາງການ, ທັດສະນະສຶກສາ ແລະ ຝຶກອົບຮົມ."
"l10n_la_account_627","627","Banking fees and similar services","l10n_la_account_62","True","expense","False","","account.account_tag_operating","","Bank fees and similar charges.","ຄ່າທຳນຽມທະນາຄານ ແລະ ຄ່າໃຊ້ຈ່າຍປະເພດດຽວກັນ","ຄ່າທຳນຽມທະນາຄານ ແລະ ຄ່າໃຊ້ຈ່າຍປະເພດດຽວກັນ."
"l10n_la_account_628","628","Other services","l10n_la_account_62","True","expense","False","","account.account_tag_operating","","Other external services.","ຄ່າບໍລິການອື່ນໆ","ຄ່າບໍລິການອື່ນໆ ຈາກທາງນອກ."
"l10n_la_account_629","629","Purchase rebates, discounts, allowances on other external services","l10n_la_account_62","True","expense","False","","account.account_tag_operating","","Rebates and discounts obtained on other external services.","ສ່ວນຫຼຸດຕ່າງໆ ທີ່ໄດ້ຮັບໃນການບໍລິການອື່ນໆຈາກທາງນອກ","ສ່ວນຫຼຸດຕ່າງໆ ທີ່ໄດ້ຮັບໃນການບໍລິການອື່ນໆ ຈາກທາງນອກ."
"l10n_la_account_63","63","Employee expenses","","False","expense","False","","account.account_tag_operating","","Group of accounts: post entries to its sub-accounts.","ຄ່າໃຊ້ຈ່າຍໃຫ້ພະນັກງານ","ໝວດບັນຊີ: ໃຫ້ບັນທຶກລາຍການໃສ່ບັນຊີຍ່ອຍ."
"l10n_la_account_631","631","Personnel wages","l10n_la_account_63","True","expense","False","","account.account_tag_operating","","Salaries and wages of employees.","ຄ່າທົດແທນແຮງງານ ໃຫ້ພະນັກງານ","ເງິນເດືອນ ແລະ ຄ່າແຮງງານ ຂອງພະນັກງານ."
"l10n_la_account_632","632","Bonus and gratifications","l10n_la_account_63","True","expense","False","","account.account_tag_operating","","Bonuses and rewards to employees.","ເງິນບຳເນັດ ແລະ ຍ້ອງຍໍ","ເງິນບຳເນັດ ແລະ ຍ້ອງຍໍ ໃຫ້ພະນັກງານ."
"l10n_la_account_633","633","Holidays pay","l10n_la_account_63","True","expense","False","","account.account_tag_operating","","Holiday pay and welfare benefits.","ເງິນນະໂຍບາຍພັກຜ່ອນ ແລະ ສະຫວັດດີການ","ເງິນນະໂຍບາຍພັກຜ່ອນ ແລະ ສະຫວັດດີການ."
"l10n_la_account_634","634","Benefits in kind","l10n_la_account_63","True","expense","False","","account.account_tag_operating","","Benefits in kind given to employees.","ຜົນປະໂຫຍດດ້ານວັດຖຸ","ຜົນປະໂຫຍດດ້ານວັດຖຸ ທີ່ໃຫ້ພະນັກງານ."
"l10n_la_account_635","635","Social security contribution","l10n_la_account_63","True","expense","False","","account.account_tag_operating","","Employer's social security contributions.","ເງິນບຳລຸງໃຫ້ອົງການປະກັນສັງຄົມ","ເງິນບຳລຸງ ບ້ວງນາຍຈ້າງ ໃຫ້ອົງການປະກັນສັງຄົມ."
"l10n_la_account_636","636","Allowances","l10n_la_account_63","True","expense","False","","account.account_tag_operating","","Allowances paid to employees.","ເງິນນະໂຍບາຍຕ່າງໆ","ເງິນນະໂຍບາຍຕ່າງໆ ທີ່ຈ່າຍໃຫ້ພະນັກງານ."
"l10n_la_account_637","637","Other welfare expenses","l10n_la_account_63","True","expense","False","","account.account_tag_operating","","Other social and welfare expenses.","ລາຍຈ່າຍດ້ານສັງຄົມອື່ນໆ","ລາຍຈ່າຍດ້ານສັງຄົມອື່ນໆ."
"l10n_la_account_638","638","Other employee expenses","l10n_la_account_63","True","expense","False","","account.account_tag_operating","","Other employee expenses.","ລາຍຈ່າຍອື່ນໆໃຫ້ພະນັກງານ","ລາຍຈ່າຍອື່ນໆ ໃຫ້ພະນັກງານ."
"l10n_la_account_64","64","Taxes - Levies, Fees and Similar Expenses","","False","expense","False","","account.account_tag_operating","","Group of accounts: post entries to its sub-accounts.","ຄ່າພາສີ-ອາກອນ, ຄ່າທຳນຽມ ແລະ ອື່ນໆ ປະເພດດຽວກັນ","ໝວດບັນຊີ: ໃຫ້ບັນທຶກລາຍການໃສ່ບັນຊີຍ່ອຍ."
"l10n_la_account_641","641","Import duties","l10n_la_account_64","True","expense","False","","account.account_tag_operating","","Import duties.","ພາສີຂາເຂົ້າ","ພາສີຂາເຂົ້າ."
"l10n_la_account_642","642","Export duties","l10n_la_account_64","True","expense","False","","account.account_tag_operating","","Export duties.","ພາສີຂາອອກ","ພາສີຂາອອກ."
"l10n_la_account_643","643","Non-deductible VAT","l10n_la_account_64","True","expense","False","","account.account_tag_operating","","VAT that cannot be deducted.","ອມພ ຫັກອອກບໍ່ໄດ້","ອມພ ທີ່ຫັກອອກບໍ່ໄດ້."
"l10n_la_account_644","644","Land tax and similar payments","l10n_la_account_64","True","expense","False","","account.account_tag_operating","","Land tax and similar taxes.","ພາສີທີ່ດິນ ແລະ ປະເພດດຽວກັນ","ພາສີທີ່ດິນ ແລະ ອາກອນປະເພດດຽວກັນ."
"l10n_la_account_647","647","Fees and stamps","l10n_la_account_64","True","expense","False","","account.account_tag_operating","","Administrative fees and stamp duty.","ຄ່າທຳນຽມ ແລະ ອາກອນສະແຕມ","ຄ່າທຳນຽມ ແລະ ອາກອນສະແຕມ."
"l10n_la_account_648","648","Other taxes and fees","l10n_la_account_64","True","expense","False","","account.account_tag_operating","","Other taxes and fees.","ອາກອນ ແລະ ຄ່າທຳນຽມອື່ນໆ","ອາກອນ ແລະ ຄ່າທຳນຽມອື່ນໆ."
"l10n_la_account_65","65","Other Expenses on Operating","","False","expense","False","","account.account_tag_operating","","Group of accounts: post entries to its sub-accounts.","ລາຍຈ່າຍອື່ນໆ ໃນການທຸລະກິດ","ໝວດບັນຊີ: ໃຫ້ບັນທຶກລາຍການໃສ່ບັນຊີຍ່ອຍ."
"l10n_la_account_651","651","Royalties fees for concessions and similar fees","l10n_la_account_65","True","expense","False","","account.account_tag_operating","","Concession royalties and similar fees.","ຄ່າທຳນຽມສຳປະທານ ແລະ ລາຍຈ່າຍປະເພດດຽວກັນ","ຄ່າທຳນຽມສຳປະທານ ແລະ ລາຍຈ່າຍປະເພດດຽວກັນ."
"l10n_la_account_652","652","Losses on disposal of fixed assets","l10n_la_account_65","True","expense","False","","account.account_tag_investing","","Losses on the sale of fixed assets.","ມູນຄ່າສ່ວນຫຼຸດ ຈາກການຂາຍ ຊັບສົມບັດຄົງທີ່","ການຂາດທຶນ ຈາກການຂາຍຊັບສົມບັດຄົງທີ່."
"l10n_la_account_653","653","Directors fees","l10n_la_account_65","True","expense","False","","account.account_tag_operating","","Directors' fees.","ເບ້ຽປະຊຸມ","ເບ້ຽປະຊຸມ ຂອງຄະນະອຳນວຍການ."
"l10n_la_account_654","654","Bad debts written off","l10n_la_account_65","True","expense","False","","account.account_tag_operating","","Receivables written off as uncollectible.","ຂາດທຶນບ້ວງໜີ້ຮຽກເກັບບໍ່ໄດ້","ໜີ້ຕ້ອງຮັບ ທີ່ຮຽກເກັບບໍ່ໄດ້ ແລະ ຕັດອອກຈາກບັນຊີ."
"l10n_la_account_655","655","Share of joint venture - loss","l10n_la_account_65","True","expense","False","","account.account_tag_operating","","Share of losses from joint ventures.","ພູດສ່ວນຜົນໄດ້ຮັບ ຈາກກິດຈະການຮ່ວມກັນ - ຂາດທຶນ","ພູດສ່ວນການຂາດທຶນ ຈາກກິດຈະການຮ່ວມກັນ."
"l10n_la_account_656","656","Fines, grant awarded, gift and donation","l10n_la_account_65","True","expense","False","","account.account_tag_operating","","Fines, grants given, gifts, prizes and donations.","ຄ່າປັບໃໝ, ເງິນຊ່ວຍໜູນທີ່ໄດ້ໃຫ້, ຂອງຂວັນ, ລາງວັນ ແລະ ເງິນຊ່ວຍບໍລິຈາກ","ຄ່າປັບໃໝ, ເງິນຊ່ວຍໜູນທີ່ໄດ້ໃຫ້, ຂອງຂວັນ, ລາງວັນ ແລະ ເງິນບໍລິຈາກ."
"l10n_la_account_657","657","Losses on exchange of fixed assets","l10n_la_account_65","True","expense","False","","account.account_tag_investing","","Losses on the exchange of fixed assets.","ຂາດທຶນຈາກການແລກປ່ຽນ ຊັບສົມບັດຄົງທີ່","ການຂາດທຶນ ຈາກການແລກປ່ຽນຊັບສົມບັດຄົງທີ່."
"l10n_la_account_658","658","Other operating expenses","l10n_la_account_65","True","expense","False","","account.account_tag_operating","","Other operating expenses. Default cash difference loss account.","ລາຍຈ່າຍອື່ນໆ ໃນການທຸລະກິດ","ລາຍຈ່າຍອື່ນໆ ໃນການທຸລະກິດ. ບັນຊີເລີ່ມຕົ້ນ ສຳລັບສ່ວນຂາດຂອງເງິນສົດ."
"l10n_la_account_66","66","Financial Expenses","","False","expense","False","","account.account_tag_financing","","Group of accounts: post entries to its sub-accounts.","ລາຍຈ່າຍການເງິນ","ໝວດບັນຊີ: ໃຫ້ບັນທຶກລາຍການໃສ່ບັນຊີຍ່ອຍ."
"l10n_la_account_661","661","Interest expenses","l10n_la_account_66","True","expense","False","","account.account_tag_financing","","Interest on loans and borrowings.","ລາຍຈ່າຍດອກເບ້ຽ","ດອກເບ້ຽ ຂອງເງິນກູ້ຢືມ."
"l10n_la_account_662","662","Discounts allowed","l10n_la_account_66","True","expense","False","","account.account_tag_operating","","Early payment discounts granted to customers.","ສ່ວນຫຼຸດການຊຳລະສະສາງ","ສ່ວນຫຼຸດ ທີ່ໃຫ້ລູກຄ້າ ຍ້ອນການຊຳລະກ່ອນກຳນົດ."
"l10n_la_account_663","663","Exchange losses","l10n_la_account_66","True","expense","False","","account.account_tag_financing","","Losses on foreign exchange differences. Default exchange loss account.","ຂາດທຶນຈາກອັດຕາແລກປ່ຽນເງິນຕາ","ການຂາດທຶນ ຈາກອັດຕາແລກປ່ຽນເງິນຕາ. ບັນຊີຂາດທຶນອັດຕາແລກປ່ຽນເລີ່ມຕົ້ນ."
"l10n_la_account_664","664","Changes in fair value of investment in associates","l10n_la_account_66","True","expense","False","","account.account_tag_financing","","Decrease in the fair value of investments in associates.","ສ່ວນປ່ຽນແປງ ມູນຄ່າຍຸຕິທຳ ຂອງເງິນລົງທຶນ ໃນວິສາຫະກິດຂາຮຸ້ນ","ການຫຼຸດລົງຂອງມູນຄ່າຍຸຕິທຳ ຂອງເງິນລົງທຶນ ໃນວິສາຫະກິດຂາຮຸ້ນ."
"l10n_la_account_665","665","Losses on investment securities","l10n_la_account_66","True","expense","False","","account.account_tag_financing","","Losses on investment securities.","ມູນຄ່າສ່ວນຫຼຸດ ບ້ວງຫຼັກຊັບລົງທຶນ","ການຂາດທຶນ ຈາກຫຼັກຊັບລົງທຶນ."
"l10n_la_account_666","666","Losses on financial instruments and similar instruments","l10n_la_account_66","True","expense","False","","account.account_tag_financing","","Losses on financial instruments.","ມູນຄ່າສ່ວນຫຼຸດ ເຄື່ອງມືການເງິນ ແລະ ເຄື່ອງມືປະເພດດຽວກັນ","ການຂາດທຶນ ຈາກເຄື່ອງມືການເງິນ ແລະ ເຄື່ອງມືປະເພດດຽວກັນ."
"l10n_la_account_667","667","Net charges on realization of short-term investment securities","l10n_la_account_66","True","expense","False","","account.account_tag_financing","","Net losses on the sale of short-term investment securities.","ລາຍຈ່າຍສຸດທິ ຈາກການຂາຍຫຼັກຊັບໝູນທຶນ","ການຂາດທຶນສຸດທິ ຈາກການຂາຍຫຼັກຊັບລົງທຶນໄລຍະສັ້ນ."
"l10n_la_account_668","668","Other financial expenses","l10n_la_account_66","True","expense","False","","account.account_tag_financing","","Other financial expenses.","ລາຍຈ່າຍການເງິນອື່ນໆ","ລາຍຈ່າຍການເງິນອື່ນໆ."
"l10n_la_account_67","67","Comprehensive expenses after tax","","False","expense_other","False","","account.account_tag_operating","","Group of accounts: post entries to its sub-accounts.","ລາຍຈ່າຍສັງລວມ ຫຼັງອາກອນ","ໝວດບັນຊີ: ໃຫ້ບັນທຶກລາຍການໃສ່ບັນຊີຍ່ອຍ."
"l10n_la_account_671","671","Expropriation fees","l10n_la_account_67","True","expense_other","False","","account.account_tag_operating","","Losses from expropriation.","ຄ່າເວນຄືນ","ລາຍຈ່າຍ ຈາກການເວນຄືນ."
"l10n_la_account_672","672","Charges related to natural calamity","l10n_la_account_67","True","expense_other","False","","account.account_tag_operating","","Losses caused by natural disasters.","ລາຍຈ່າຍຈາກໄພພິບັດທຳມະຊາດ","ລາຍຈ່າຍ ຈາກໄພພິບັດທຳມະຊາດ."
"l10n_la_account_673","673","Losses on valuation (assets-liabilities) of foreign currencies","l10n_la_account_67","True","expense_other","False","","account.account_tag_operating","","Losses on revaluation of foreign currency assets and liabilities.","ຂາດທຶນຈາກການຕີມູນຄ່າ (ຊັບສິນ-ໜີ້ສິນ) ທີ່ເປັນເງິນຕາຕ່າງປະເທດ","ການຂາດທຶນ ຈາກການຕີມູນຄ່າ ຊັບສິນ ແລະ ໜີ້ສິນ ທີ່ເປັນເງິນຕາຕ່າງປະເທດ."
"l10n_la_account_674","674","Losses on differences on revaluation of fixed assets","l10n_la_account_67","True","expense_other","False","","account.account_tag_operating","","Decrease from the revaluation of fixed assets.","ຜິດດ່ຽງຈາກການຕີມູນຄ່າ ຊັບສົມບັດຄົງທີ່ ຄືນໃໝ່ຫຼຸດລົງ","ການຫຼຸດລົງ ຈາກການຕີມູນຄ່າຊັບສົມບັດຄົງທີ່ຄືນໃໝ່."
"l10n_la_account_675","675","Losses on disposal or combination of entity","l10n_la_account_67","True","expense_other","False","","account.account_tag_investing","","Losses on the disposal or combination of entities.","ຂາດທຶນຈາກການຊຳລະສະສາງ ຫຼື ການຄວບ ບໍລິສັດ","ການຂາດທຶນ ຈາກການຊຳລະສະສາງ ຫຼື ການຄວບບໍລິສັດ."
"l10n_la_account_678","678","Other comprehensive expenses after tax","l10n_la_account_67","False","expense_other","False","","account.account_tag_operating","","Group of accounts: post entries to its sub-accounts.","ລາຍຈ່າຍສັງລວມອື່ນໆ ຫຼັງອາກອນ","ໝວດບັນຊີ: ໃຫ້ບັນທຶກລາຍການໃສ່ບັນຊີຍ່ອຍ."
"l10n_la_account_6781","6781","Losses on adjustment of first-time adoption","l10n_la_account_678","True","expense_other","False","","account.account_tag_operating","","Losses from adjustments on first-time adoption of the standards.","ສ່ວນຫຼຸດ ຈາກລາຍການດັດແກ້ການຮັບຮອງນຳໃຊ້ຄັ້ງທຳອິດ","ສ່ວນຫຼຸດ ຈາກລາຍການດັດແກ້ ການຮັບຮອງນຳໃຊ້ມາດຕະຖານຄັ້ງທຳອິດ."
"l10n_la_account_6782","6782","Losses on changes in accounting policies","l10n_la_account_678","True","expense_other","False","","account.account_tag_operating","","Losses from changes in accounting policies.","ສ່ວນຫຼຸດ ຈາກການປ່ຽນແປງນະໂຍບາຍດ້ານບັນຊີ","ສ່ວນຫຼຸດ ຈາກການປ່ຽນແປງນະໂຍບາຍດ້ານບັນຊີ."
"l10n_la_account_6783","6783","Losses on corrections of errors","l10n_la_account_678","True","expense_other","False","","account.account_tag_operating","","Losses from corrections of accounting errors.","ສ່ວນຫຼຸດ ຈາກການແກ້ໄຂຂໍ້ຜິດພາດດ້ານບັນຊີ","ສ່ວນຫຼຸດ ຈາກການແກ້ໄຂຂໍ້ຜິດພາດດ້ານບັນຊີ."
"l10n_la_account_6788","6788","Other comprehensive expenses","l10n_la_account_678","True","expense_other","False","","account.account_tag_operating","","Other comprehensive expenses after tax.","ລາຍຈ່າຍສັງລວມອື່ນໆ","ລາຍຈ່າຍສັງລວມອື່ນໆ ຫຼັງອາກອນ."
"l10n_la_account_68","68","Appropriations to Depreciation, Impairment and Provisions","","False","expense_depreciation","False","","account.account_tag_operating","","Group of accounts: post entries to its sub-accounts.","ຫັກຄ່າຫຼຸ້ຍຫ້ຽນ, ຄ່າສູນເສຍມູນຄ່າ, ເງິນແຮ","ໝວດບັນຊີ: ໃຫ້ບັນທຶກລາຍການໃສ່ບັນຊີຍ່ອຍ."
"l10n_la_account_681","681","Appropriations to depreciation on financial fixed assets","l10n_la_account_68","True","expense_depreciation","False","","account.account_tag_operating","","Charges on financial fixed assets.","ຫັກຄ່າໃຊ້ຈ່າຍ ບ້ວງຊັບສົມບັດຄົງທີ່ ການເງິນ","ລາຍຈ່າຍ ບ້ວງຊັບສົມບັດຄົງທີ່ການເງິນ."
"l10n_la_account_682","682","Appropriations to depreciation on tangible fixed assets","l10n_la_account_68","False","expense_depreciation","False","","account.account_tag_operating","","Group of accounts: post entries to its sub-accounts.","ຫັກຄ່າຫຼຸ້ຍຫ້ຽນ ຊັບສົມບັດຄົງທີ່ ມີຕົວຕົນ","ໝວດບັນຊີ: ໃຫ້ບັນທຶກລາຍການໃສ່ບັນຊີຍ່ອຍ."
"l10n_la_account_68211","68211","Depreciation expense - Furniture and office equipment","l10n_la_account_682","True","expense_depreciation","False","","account.account_tag_operating","","Depreciation expense of account 2411 (Furniture and office equipment).","ຫັກຄ່າຫຼຸ້ຍຫ້ຽນ - ເຟີນີເຈີ ແລະ ອຸປະກອນສຳນັກງານ","ລາຍຈ່າຍຄ່າຫຼຸ້ຍຫ້ຽນ ຂອງບັນຊີ 2411 (ເຟີນີເຈີ ແລະ ອຸປະກອນສຳນັກງານ)."
"l10n_la_account_68212","68212","Depreciation expense - Buildings","l10n_la_account_682","True","expense_depreciation","False","","account.account_tag_operating","","Depreciation expense of account 2412 (Buildings).","ຫັກຄ່າຫຼຸ້ຍຫ້ຽນ - ສິ່ງປຸກສ້າງ","ລາຍຈ່າຍຄ່າຫຼຸ້ຍຫ້ຽນ ຂອງບັນຊີ 2412 (ສິ່ງປຸກສ້າງ)."
"l10n_la_account_68213","68213","Depreciation expense - Machinery and material","l10n_la_account_682","True","expense_depreciation","False","","account.account_tag_operating","","Depreciation expense of account 2413 (Machinery and material).","ຫັກຄ່າຫຼຸ້ຍຫ້ຽນ - ເຄື່ອງຈັກ ແລະ ອຸປະກອນ","ລາຍຈ່າຍຄ່າຫຼຸ້ຍຫ້ຽນ ຂອງບັນຊີ 2413 (ເຄື່ອງຈັກ ແລະ ອຸປະກອນ)."
"l10n_la_account_68214","68214","Depreciation expense - Transport equipment","l10n_la_account_682","True","expense_depreciation","False","","account.account_tag_operating","","Depreciation expense of account 2414 (Transport equipment).","ຫັກຄ່າຫຼຸ້ຍຫ້ຽນ - ພາຫະນະ","ລາຍຈ່າຍຄ່າຫຼຸ້ຍຫ້ຽນ ຂອງບັນຊີ 2414 (ພາຫະນະ)."
"l10n_la_account_68217","68217","Depreciation expense - Fungible fixed assets","l10n_la_account_682","True","expense_depreciation","False","","account.account_tag_operating","","Depreciation expense of account 2417 (Fungible fixed assets).","ຫັກຄ່າຫຼຸ້ຍຫ້ຽນ - ຊັບສົມບັດຄົງທີ່ ປ່ຽນແທນກັນໄດ້","ລາຍຈ່າຍຄ່າຫຼຸ້ຍຫ້ຽນ ຂອງບັນຊີ 2417 (ຊັບສົມບັດຄົງທີ່ ປ່ຽນແທນກັນໄດ້)."
"l10n_la_account_68218","68218","Depreciation expense - Other tangible assets","l10n_la_account_682","True","expense_depreciation","False","","account.account_tag_operating","","Depreciation expense of account 2418 (Other tangible assets).","ຫັກຄ່າຫຼຸ້ຍຫ້ຽນ - ຊັບສົມບັດຄົງທີ່ ມີຕົວຕົນອື່ນໆ","ລາຍຈ່າຍຄ່າຫຼຸ້ຍຫ້ຽນ ຂອງບັນຊີ 2418 (ຊັບສົມບັດຄົງທີ່ ມີຕົວຕົນອື່ນໆ)."
"l10n_la_account_68222","68222","Depreciation expense - Lease - buildings","l10n_la_account_682","True","expense_depreciation","False","","account.account_tag_operating","","Depreciation expense of account 222 (Lease - buildings).","ຫັກຄ່າຫຼຸ້ຍຫ້ຽນ - ເຊົ່າສິນເຊື່ອ - ສິ່ງປຸກສ້າງ","ລາຍຈ່າຍຄ່າຫຼຸ້ຍຫ້ຽນ ຂອງບັນຊີ 222 (ເຊົ່າສິນເຊື່ອ - ສິ່ງປຸກສ້າງ)."
"l10n_la_account_68223","68223","Depreciation expense - Lease - machinery and material","l10n_la_account_682","True","expense_depreciation","False","","account.account_tag_operating","","Depreciation expense of account 223 (Lease - machinery and material).","ຫັກຄ່າຫຼຸ້ຍຫ້ຽນ - ເຊົ່າສິນເຊື່ອ - ເຄື່ອງຈັກ ແລະ ອຸປະກອນ","ລາຍຈ່າຍຄ່າຫຼຸ້ຍຫ້ຽນ ຂອງບັນຊີ 223 (ເຊົ່າສິນເຊື່ອ - ເຄື່ອງຈັກ ແລະ ອຸປະກອນ)."
"l10n_la_account_68224","68224","Depreciation expense - Lease - transport equipment","l10n_la_account_682","True","expense_depreciation","False","","account.account_tag_operating","","Depreciation expense of account 224 (Lease - transport equipment).","ຫັກຄ່າຫຼຸ້ຍຫ້ຽນ - ເຊົ່າສິນເຊື່ອ - ພາຫະນະ","ລາຍຈ່າຍຄ່າຫຼຸ້ຍຫ້ຽນ ຂອງບັນຊີ 224 (ເຊົ່າສິນເຊື່ອ - ພາຫະນະ)."
"l10n_la_account_68225","68225","Depreciation expense - Lease - other fixed assets","l10n_la_account_682","True","expense_depreciation","False","","account.account_tag_operating","","Depreciation expense of account 225 (Lease - other fixed assets).","ຫັກຄ່າຫຼຸ້ຍຫ້ຽນ - ເຊົ່າສິນເຊື່ອ - ຊັບສົມບັດຄົງທີ່ອື່ນໆ","ລາຍຈ່າຍຄ່າຫຼຸ້ຍຫ້ຽນ ຂອງບັນຊີ 225 (ເຊົ່າສິນເຊື່ອ - ຊັບສົມບັດຄົງທີ່ອື່ນໆ)."
"l10n_la_account_68231","68231","Depreciation expense - Furniture and office equipment - concession","l10n_la_account_682","True","expense_depreciation","False","","account.account_tag_operating","","Depreciation expense of account 2431 (Furniture and office equipment - concession).","ຫັກຄ່າຫຼຸ້ຍຫ້ຽນ - ເຟີນີເຈີ ແລະ ອຸປະກອນສຳນັກງານ - ສຳປະທານ","ລາຍຈ່າຍຄ່າຫຼຸ້ຍຫ້ຽນ ຂອງບັນຊີ 2431 (ເຟີນີເຈີ ແລະ ອຸປະກອນສຳນັກງານ - ສຳປະທານ)."
"l10n_la_account_68232","68232","Depreciation expense - Buildings - concession","l10n_la_account_682","True","expense_depreciation","False","","account.account_tag_operating","","Depreciation expense of account 2432 (Buildings - concession).","ຫັກຄ່າຫຼຸ້ຍຫ້ຽນ - ສິ່ງປຸກສ້າງ - ສຳປະທານ","ລາຍຈ່າຍຄ່າຫຼຸ້ຍຫ້ຽນ ຂອງບັນຊີ 2432 (ສິ່ງປຸກສ້າງ - ສຳປະທານ)."
"l10n_la_account_68233","68233","Depreciation expense - Machinery and material - concession","l10n_la_account_682","True","expense_depreciation","False","","account.account_tag_operating","","Depreciation expense of account 2433 (Machinery and material - concession).","ຫັກຄ່າຫຼຸ້ຍຫ້ຽນ - ເຄື່ອງຈັກ ແລະ ອຸປະກອນ - ສຳປະທານ","ລາຍຈ່າຍຄ່າຫຼຸ້ຍຫ້ຽນ ຂອງບັນຊີ 2433 (ເຄື່ອງຈັກ ແລະ ອຸປະກອນ - ສຳປະທານ)."
"l10n_la_account_68234","68234","Depreciation expense - Transport equipment - concession","l10n_la_account_682","True","expense_depreciation","False","","account.account_tag_operating","","Depreciation expense of account 2434 (Transport equipment - concession).","ຫັກຄ່າຫຼຸ້ຍຫ້ຽນ - ພາຫະນະ - ສຳປະທານ","ລາຍຈ່າຍຄ່າຫຼຸ້ຍຫ້ຽນ ຂອງບັນຊີ 2434 (ພາຫະນະ - ສຳປະທານ)."
"l10n_la_account_68238","68238","Depreciation expense - Other tangible fixed assets - concession","l10n_la_account_682","True","expense_depreciation","False","","account.account_tag_operating","","Depreciation expense of account 2438 (Other tangible fixed assets - concession).","ຫັກຄ່າຫຼຸ້ຍຫ້ຽນ - ຊັບສົມບັດຄົງທີ່ອື່ນໆ - ສຳປະທານ","ລາຍຈ່າຍຄ່າຫຼຸ້ຍຫ້ຽນ ຂອງບັນຊີ 2438 (ຊັບສົມບັດຄົງທີ່ອື່ນໆ - ສຳປະທານ)."
"l10n_la_account_68251","68251","Depreciation expense - Livestock (Breeders)","l10n_la_account_682","True","expense_depreciation","False","","account.account_tag_operating","","Depreciation expense of account 251 (Livestock (Breeders)).","ຫັກຄ່າຫຼຸ້ຍຫ້ຽນ - ສັດລ້ຽງ ( ພໍ່ແມ່ພັນ )","ລາຍຈ່າຍຄ່າຫຼຸ້ຍຫ້ຽນ ຂອງບັນຊີ 251 (ສັດລ້ຽງ ( ພໍ່ແມ່ພັນ ))."
"l10n_la_account_68252","68252","Depreciation expense - Plants (fruit trees and plantations)","l10n_la_account_682","True","expense_depreciation","False","","account.account_tag_operating","","Depreciation expense of account 252 (Plants (fruit trees and plantations)).","ຫັກຄ່າຫຼຸ້ຍຫ້ຽນ - ຕົ້ນໄມ້ ( ຕົ້ນໄມ້ກິນໝາກ ແລະ ສວນປູກຝັງ )","ລາຍຈ່າຍຄ່າຫຼຸ້ຍຫ້ຽນ ຂອງບັນຊີ 252 (ຕົ້ນໄມ້ ( ຕົ້ນໄມ້ກິນໝາກ ແລະ ສວນປູກຝັງ ))."
"l10n_la_account_68258","68258","Depreciation expense - Other biological assets - non current","l10n_la_account_682","True","expense_depreciation","False","","account.account_tag_operating","","Depreciation expense of account 258 (Other biological assets - non current).","ຫັກຄ່າຫຼຸ້ຍຫ້ຽນ - ຊັບສິນຊີວະພາບອື່ນໆ-ບໍ່ໝູນວຽນ","ລາຍຈ່າຍຄ່າຫຼຸ້ຍຫ້ຽນ ຂອງບັນຊີ 258 (ຊັບສິນຊີວະພາບອື່ນໆ-ບໍ່ໝູນວຽນ)."
"l10n_la_account_683","683","Appropriations to depreciation on intangible fixed assets","l10n_la_account_68","False","expense_depreciation","False","","account.account_tag_operating","","Group of accounts: post entries to its sub-accounts.","ຫັກຄ່າຫຼຸ້ຍຫ້ຽນ ຊັບສົມບັດຄົງທີ່ ບໍ່ມີຕົວຕົນ","ໝວດບັນຊີ: ໃຫ້ບັນທຶກລາຍການໃສ່ບັນຊີຍ່ອຍ."
"l10n_la_account_68321","68321","Depreciation expense - Capitalized development costs","l10n_la_account_683","True","expense_depreciation","False","","account.account_tag_operating","","Depreciation expense of account 2421 (Capitalized development costs).","ຫັກຄ່າຫຼຸ້ຍຫ້ຽນ - ຄ່າໃຊ້ຈ່າຍໃນການພັດທະນາ ທີ່ຈົດເປັນມູນຄ່າຄົງທີ່","ລາຍຈ່າຍຄ່າຫຼຸ້ຍຫ້ຽນ ຂອງບັນຊີ 2421 (ຄ່າໃຊ້ຈ່າຍໃນການພັດທະນາ ທີ່ຈົດເປັນມູນຄ່າຄົງທີ່)."
"l10n_la_account_68322","68322","Depreciation expense - Software, rights and similar assets","l10n_la_account_683","True","expense_depreciation","False","","account.account_tag_operating","","Depreciation expense of account 2422 (Software, rights and similar assets).","ຫັກຄ່າຫຼຸ້ຍຫ້ຽນ - ໂປຣແກມ, ສິດນຳໃຊ້ ແລະ ຊັບສິນທີ່ຄ້າຍຄືກັນ","ລາຍຈ່າຍຄ່າຫຼຸ້ຍຫ້ຽນ ຂອງບັນຊີ 2422 (ໂປຣແກມ, ສິດນຳໃຊ້ ແລະ ຊັບສິນທີ່ຄ້າຍຄືກັນ)."
"l10n_la_account_68323","68323","Depreciation expense - Concession and similar rights","l10n_la_account_683","True","expense_depreciation","False","","account.account_tag_operating","","Depreciation expense of account 2423 (Concession and similar rights).","ຫັກຄ່າຫຼຸ້ຍຫ້ຽນ - ສິດທິສຳປະທານ ແລະ ສິດທິປະເພດດຽວກັນ","ລາຍຈ່າຍຄ່າຫຼຸ້ຍຫ້ຽນ ຂອງບັນຊີ 2423 (ສິດທິສຳປະທານ ແລະ ສິດທິປະເພດດຽວກັນ)."
"l10n_la_account_68328","68328","Depreciation expense - Other intangible assets","l10n_la_account_683","True","expense_depreciation","False","","account.account_tag_operating","","Depreciation expense of account 2428 (Other intangible assets).","ຫັກຄ່າຫຼຸ້ຍຫ້ຽນ - ຊັບສົມບັດຄົງທີ່ ບໍ່ມີຕົວຕົນອື່ນໆ","ລາຍຈ່າຍຄ່າຫຼຸ້ຍຫ້ຽນ ຂອງບັນຊີ 2428 (ຊັບສົມບັດຄົງທີ່ ບໍ່ມີຕົວຕົນອື່ນໆ)."
"l10n_la_account_684","684","Appropriations to provision for charges","l10n_la_account_68","True","expense","False","","account.account_tag_operating","","Provisions recorded for liabilities and charges.","ຫັກເງິນແຮ ເພື່ອລາຍຈ່າຍ","ເງິນແຮ ທີ່ຕັ້ງໄວ້ ເພື່ອລາຍຈ່າຍ."
"l10n_la_account_685","685","Appropriations to impairment of fixed assets","l10n_la_account_68","True","expense","False","","account.account_tag_operating","","Impairment losses on fixed assets.","ຫັກຄ່າສູນເສຍມູນຄ່າ-ຊັບສົມບັດຄົງທີ່","ຄ່າສູນເສຍມູນຄ່າ ຂອງຊັບສົມບັດຄົງທີ່ ທີ່ບັນທຶກເຂົ້າລາຍຈ່າຍ."
"l10n_la_account_686","686","Appropriations to impairment of inventory","l10n_la_account_68","True","expense","False","","account.account_tag_operating","","Impairment losses on inventories.","ຫັກຄ່າສູນເສຍມູນຄ່າ-ເຄື່ອງໃນສາງ","ຄ່າສູນເສຍມູນຄ່າ ຂອງເຄື່ອງໃນສາງ ທີ່ບັນທຶກເຂົ້າລາຍຈ່າຍ."
"l10n_la_account_687","687","Appropriations to impairment of doubtful debts","l10n_la_account_68","True","expense","False","","account.account_tag_operating","","Impairment losses on doubtful receivables.","ຫັກຄ່າສູນເສຍມູນຄ່າ-ໜີ້ຕ້ອງຮັບທວງຍາກ","ຄ່າສູນເສຍມູນຄ່າ ຂອງໜີ້ຕ້ອງຮັບທວງຍາກ ທີ່ບັນທຶກເຂົ້າລາຍຈ່າຍ."
"l10n_la_account_688","688","Appropriations to impairment of financial assets","l10n_la_account_68","True","expense","False","","account.account_tag_operating","","Impairment losses on financial assets.","ຫັກຄ່າສູນເສຍມູນຄ່າ-ຊັບສິນການເງິນ","ຄ່າສູນເສຍມູນຄ່າ ຂອງຊັບສິນການເງິນ ທີ່ບັນທຶກເຂົ້າລາຍຈ່າຍ."
"l10n_la_account_69","69","Income Tax and Similar Taxes","","False","expense","False","","account.account_tag_operating","","Group of accounts: post entries to its sub-accounts.","ອາກອນກຳໄລ ແລະ ອາກອນປະເພດດຽວກັນ","ໝວດບັນຊີ: ໃຫ້ບັນທຶກລາຍການໃສ່ບັນຊີຍ່ອຍ."
"l10n_la_account_691","691","Current income tax","l10n_la_account_69","True","expense","False","","account.account_tag_operating","","Current income tax on ordinary activities.","ອາກອນກຳໄລ ທີ່ອີງໃສ່ກິດຈະການປົກກະຕິ","ອາກອນກຳໄລ ຂອງປີ ທີ່ອີງໃສ່ກິດຈະການປົກກະຕິ."
"l10n_la_account_694","694","Expenses - deferred tax","l10n_la_account_69","True","expense","False","","account.account_tag_operating","","Deferred tax expense.","ລາຍຈ່າຍ - ອາກອນເຍື້ອນຊຳລະ","ລາຍຈ່າຍອາກອນເຍື້ອນຊຳລະ."
"l10n_la_account_699","699","Revenue - deferred tax","l10n_la_account_69","True","expense","False","","account.account_tag_operating","","Deferred tax income.","ລາຍຮັບ - ອາກອນເຍື້ອນຊຳລະ","ລາຍຮັບອາກອນເຍື້ອນຊຳລະ."
"l10n_la_account_70","70","Sales of Products, Goods, Rendering of Services","","False","income","False","","account.account_tag_operating","","Group of accounts: post entries to its sub-accounts.","ຂາຍຜະລິດຕະພັນທີ່ໄດ້ຜະລິດ, ສິນຄ້າ, ການໃຫ້ການບໍລິການ","ໝວດບັນຊີ: ໃຫ້ບັນທຶກລາຍການໃສ່ບັນຊີຍ່ອຍ."
"l10n_la_account_701","701","Sales of products","l10n_la_account_70","True","income","False","","account.account_tag_operating","","Sales of finished products.","ຂາຍຜະລິດຕະພັນສຳເລັດຮູບ","ການຂາຍຜະລິດຕະພັນສຳເລັດຮູບ."
"l10n_la_account_702","702","Sales of semi-finished products","l10n_la_account_70","True","income","False","","account.account_tag_operating","","Sales of semi-finished products.","ຂາຍຜະລິດຕະພັນລະຫວ່າງກາງ","ການຂາຍຜະລິດຕະພັນລະຫວ່າງກາງ."
"l10n_la_account_704","704","Sales of constructions contract","l10n_la_account_70","True","income","False","","account.account_tag_operating","","Revenue from construction contracts.","ຂາຍການບໍລິການກໍ່ສ້າງ","ລາຍຮັບ ຈາກການບໍລິການກໍ່ສ້າງ."
"l10n_la_account_705","705","Sales of project studies","l10n_la_account_70","True","income","False","","account.account_tag_operating","","Sales of studies and research.","ຂາຍຜົນການຄົ້ນຄວ້າ, ການວິໄຈ","ການຂາຍຜົນການຄົ້ນຄວ້າ ແລະ ການວິໄຈ."
"l10n_la_account_707","707","Sales of goods","l10n_la_account_70","True","income","False","","account.account_tag_operating","","Sales of goods. Default income account.","ຂາຍສິນຄ້າ","ການຂາຍສິນຄ້າ. ບັນຊີລາຍຮັບເລີ່ມຕົ້ນ."
"l10n_la_account_708","708","Sales of other rendering of services","l10n_la_account_70","True","income","False","","account.account_tag_operating","","Revenue from other services.","ຂາຍການບໍລິການອື່ນໆ","ລາຍຮັບ ຈາກການບໍລິການອື່ນໆ."
"l10n_la_account_709","709","Sales back and sales rebates, discounts, allowances granted by the entity","l10n_la_account_70","False","income","False","","account.account_tag_operating","","Group of accounts: post entries to its sub-accounts.","ການຂາຍສົ່ງຄືນ ແລະ ສ່ວນຫຼຸດຕ່າງໆທີ່ຫຼຸດໃຫ້ລູກຄ້າ","ໝວດບັນຊີ: ໃຫ້ບັນທຶກລາຍການໃສ່ບັນຊີຍ່ອຍ."
"l10n_la_account_7091","7091","Sales back","l10n_la_account_709","True","income","False","","account.account_tag_operating","","Sales returns.","ການຂາຍສົ່ງຄືນ","ການຂາຍທີ່ລູກຄ້າສົ່ງຄືນ."
"l10n_la_account_7092","7092","Sales rebates, discounts, allowances","l10n_la_account_709","True","income","False","","account.account_tag_operating","","Rebates and discounts granted to customers.","ສ່ວນຫຼຸດຕ່າງໆທີ່ຫຼຸດໃຫ້ລູກຄ້າ","ສ່ວນຫຼຸດຕ່າງໆ ທີ່ຫຼຸດໃຫ້ລູກຄ້າ."
"l10n_la_account_71","71","Revenue from ancillary activities","","False","income","False","","account.account_tag_operating","","Group of accounts: post entries to its sub-accounts.","ລາຍຮັບຈາກ ກິດຈະການສຳຮອງ","ໝວດບັນຊີ: ໃຫ້ບັນທຶກລາຍການໃສ່ບັນຊີຍ່ອຍ."
"l10n_la_account_711","711","Sales of residual products","l10n_la_account_71","True","income","False","","account.account_tag_operating","","Sales of residual products.","ຂາຍເສດເຫຼືອຜະລິດຕະພັນ","ການຂາຍເສດເຫຼືອຜະລິດຕະພັນ."
"l10n_la_account_712","712","Rental","l10n_la_account_71","True","income","False","","account.account_tag_operating","","Rental income.","ລາຍຮັບຄ່າເຊົ່າຕ່າງໆ","ລາຍຮັບຄ່າເຊົ່າຕ່າງໆ."
"l10n_la_account_714","714","Commissions","l10n_la_account_71","True","income","False","","account.account_tag_operating","","Gains on deposits kept for returnable packaging.","ກຳໄລຈາກເງິນມັດຈຳເຄື່ອງຫຸ້ມຫໍ່","ກຳໄລ ຈາກເງິນມັດຈຳເຄື່ອງຫຸ້ມຫໍ່."
"l10n_la_account_715","715","Carriage and ancillary costs invoiced","l10n_la_account_71","True","income","False","","account.account_tag_operating","","Commissions earned.","ລາຍຮັບຄ່ານາຍໜ້າ","ລາຍຮັບຄ່ານາຍໜ້າ."
"l10n_la_account_717","717","Revenue from ancillary activities","l10n_la_account_71","True","income","False","","account.account_tag_operating","","Transport and other costs charged to customers.","ລາຍຮັບຄ່າຂົນສົ່ງ ແລະ ຄ່າໃຊ້ຈ່າຍຕ່າງໆທີ່ເກັບນຳລູກຄ້າ","ລາຍຮັບຄ່າຂົນສົ່ງ ແລະ ຄ່າໃຊ້ຈ່າຍຕ່າງໆ ທີ່ເກັບນຳລູກຄ້າ."
"l10n_la_account_718","718","Sales rebates, discounts, allowances granted by the entity","l10n_la_account_71","True","income","False","","account.account_tag_operating","","Other revenue from ancillary activities.","ລາຍຮັບຈາກ ກິດຈະການສຳຮອງອື່ນໆ","ລາຍຮັບອື່ນໆ ຈາກກິດຈະການສຳຮອງ."
"l10n_la_account_719","719","Sales of residual products","l10n_la_account_71","True","income","False","","account.account_tag_operating","","Price reductions granted on ancillary activities.","ສ່ວນຫຼຸດລາຄາ ທີ່ໄດ້ຫຼຸດໃຫ້","ສ່ວນຫຼຸດລາຄາ ທີ່ໄດ້ຫຼຸດໃຫ້ ໃນກິດຈະການສຳຮອງ."
"l10n_la_account_74","74","Revenue from operating grants","","False","income","False","","account.account_tag_operating","","Group of accounts: post entries to its sub-accounts.","ລາຍຮັບ ເງິນຊ່ວຍໜູນ ໃນການທຸລະກິດ","ໝວດບັນຊີ: ໃຫ້ບັນທຶກລາຍການໃສ່ບັນຊີຍ່ອຍ."
"l10n_la_account_741","741","Balance subsidy","l10n_la_account_74","True","income","False","","account.account_tag_operating","","Grants received to balance operations.","ເງິນຊ່ວຍໜູນ ດຸ່ນດ່ຽງ","ເງິນຊ່ວຍໜູນ ເພື່ອດຸ່ນດ່ຽງການດຳເນີນງານ."
"l10n_la_account_748","748","Operating grant","l10n_la_account_74","True","income","False","","account.account_tag_operating","","Operating grants received.","ເງິນຊ່ວຍໜູນ ໃນການທຸລະກິດ","ເງິນຊ່ວຍໜູນ ໃນການທຸລະກິດ ທີ່ໄດ້ຮັບ."
"l10n_la_account_75","75","Other current operating income","","False","income_other","False","","account.account_tag_operating","","Group of accounts: post entries to its sub-accounts.","ລາຍຮັບອື່ນໆ ໃນການດຳເນີນງານປົກກະຕິ","ໝວດບັນຊີ: ໃຫ້ບັນທຶກລາຍການໃສ່ບັນຊີຍ່ອຍ."
"l10n_la_account_751","751","Royalties fees for concessions and similar fees","l10n_la_account_75","True","income_other","False","","account.account_tag_operating","","Concession royalties and similar fees received.","ຄ່າທຳນຽມ ສຳປະທານ ແລະ ຄ່າທຳນຽມປະເພດດຽວກັນ","ຄ່າທຳນຽມສຳປະທານ ແລະ ຄ່າທຳນຽມປະເພດດຽວກັນ ທີ່ໄດ້ຮັບ."
"l10n_la_account_752","752","Gains on disposal of non-financial fixed assets","l10n_la_account_75","True","income_other","False","","account.account_tag_investing","","Gains on the sale of non-financial fixed assets.","ມູນຄ່າສ່ວນໄດ້ ຈາກການຂາຍ ຊັບສົມບັດຄົງທີ່ ທີ່ບໍ່ແມ່ນການເງິນ","ກຳໄລ ຈາກການຂາຍຊັບສົມບັດຄົງທີ່ ທີ່ບໍ່ແມ່ນການເງິນ."
"l10n_la_account_753","753","Directors fees and remuneration of administrators, managers","l10n_la_account_75","True","income_other","False","","account.account_tag_operating","","Directors' fees and management remuneration received.","ເບ້ຽປະຊຸມ ແລະ ຄ່າທົດແທນຜູ້ບໍລິຫານ, ຜູ້ຈັດການ","ເບ້ຽປະຊຸມ ແລະ ຄ່າທົດແທນຜູ້ບໍລິຫານ, ຜູ້ຈັດການ ທີ່ໄດ້ຮັບ."
"l10n_la_account_754","754","Share of investment grants transferred to profit or loss for the financial year","l10n_la_account_75","True","income_other","False","","account.account_tag_operating","","Share of investment grants transferred to profit or loss for the year.","ພູດສ່ວນເງິນຊ່ວຍໜູນກໍ່ສ້າງພື້ນຖານ ທີ່ໂອນເຂົ້າຜົນໄດ້ຮັບໃນປີ","ພູດສ່ວນເງິນຊ່ວຍໜູນການລົງທຶນ ທີ່ໂອນເຂົ້າຜົນໄດ້ຮັບໃນປີ."
"l10n_la_account_755","755","Share of joint venture - profit","l10n_la_account_75","True","income_other","False","","account.account_tag_operating","","Share of profits from joint ventures.","ພູດສ່ວນຜົນໄດ້ຮັບ ຈາກກິດຈະການຮ່ວມ - ກຳໄລ","ພູດສ່ວນກຳໄລ ຈາກກິດຈະການຮ່ວມ."
"l10n_la_account_756","756","Donations received","l10n_la_account_75","True","income_other","False","","account.account_tag_operating","","Donations received.","ເງິນບໍລິຈາກທີ່ໄດ້ຮັບ","ເງິນບໍລິຈາກ ທີ່ໄດ້ຮັບ."
"l10n_la_account_757","757","Gains on disposal assets for share of investment grants","l10n_la_account_75","True","income_other","False","","account.account_tag_investing","","Gains on disposal of assets financed by investment grants.","ສ່ວນໄດ້ຈາກການສະສາງຊັບສິນ ພູດສ່ວນເງິນຊ່ວຍໜູນກໍ່ສ້າງພື້ນຖານ","ກຳໄລ ຈາກການສະສາງຊັບສິນ ທີ່ໄດ້ມາດ້ວຍເງິນຊ່ວຍໜູນການລົງທຶນ."
"l10n_la_account_758","758","Other current operating income","l10n_la_account_75","True","income_other","False","","account.account_tag_operating","","Other operating income. Default cash difference gain account.","ລາຍຮັບອື່ນໆ ໃນການດຳເນີນງານປົກກະຕິ","ລາຍຮັບອື່ນໆ ໃນການດຳເນີນງານປົກກະຕິ. ບັນຊີເລີ່ມຕົ້ນ ສຳລັບສ່ວນເກີນຂອງເງິນສົດ."
"l10n_la_account_76","76","Financial Revenue","","False","income_other","False","","account.account_tag_financing","","Group of accounts: post entries to its sub-accounts.","ລາຍຮັບການເງິນ","ໝວດບັນຊີ: ໃຫ້ບັນທຶກລາຍການໃສ່ບັນຊີຍ່ອຍ."
"l10n_la_account_761","761","Revenue from Dividends and Interests","l10n_la_account_76","False","income_other","False","","account.account_tag_financing","","Group of accounts: post entries to its sub-accounts.","ລາຍຮັບ ເງິນປັນຜົນ ແລະ ດອກເບ້ຽ","ໝວດບັນຊີ: ໃຫ້ບັນທຶກລາຍການໃສ່ບັນຊີຍ່ອຍ."
"l10n_la_account_7611","7611","Dividends","l10n_la_account_761","True","income_other","False","","account.account_tag_financing","","Dividends received.","ລາຍຮັບ ເງິນປັນຜົນ","ເງິນປັນຜົນ ທີ່ໄດ້ຮັບ."
"l10n_la_account_7612","7612","Interests","l10n_la_account_761","True","income_other","False","","account.account_tag_financing","","Interest received.","ລາຍຮັບ ດອກເບ້ຽ","ດອກເບ້ຽ ທີ່ໄດ້ຮັບ."
"l10n_la_account_762","762","Rebates, discounts, allowances received from payment","l10n_la_account_76","True","income_other","False","","account.account_tag_operating","","Early payment discounts obtained from suppliers.","ສ່ວນຫຼຸດ ຮັບຈາກການຊຳລະເງິນ","ສ່ວນຫຼຸດ ທີ່ໄດ້ຮັບຈາກຜູ້ສະໜອງ ຍ້ອນການຊຳລະກ່ອນກຳນົດ."
"l10n_la_account_763","763","Exchange gains","l10n_la_account_76","True","income_other","False","","account.account_tag_financing","","Gains on foreign exchange differences. Default exchange gain account.","ກຳໄລຈາກອັດຕາແລກປ່ຽນເງິນຕາ","ກຳໄລ ຈາກອັດຕາແລກປ່ຽນເງິນຕາ. ບັນຊີກຳໄລອັດຕາແລກປ່ຽນເລີ່ມຕົ້ນ."
"l10n_la_account_764","764","Income from other financial fixed assets","l10n_la_account_76","True","income_other","False","","account.account_tag_financing","","Income from other financial fixed assets.","ລາຍຮັບ ຈາກຊັບສົມບັດຄົງທີ່ການເງິນອື່ນໆ","ລາຍຮັບ ຈາກຊັບສົມບັດຄົງທີ່ການເງິນອື່ນໆ."
"l10n_la_account_765","765","Gain on investment securities","l10n_la_account_76","True","income_other","False","","account.account_tag_financing","","Gains on investment securities.","ມູນຄ່າສ່ວນເກີນ ບ້ວງຫຼັກຊັບລົງທຶນ","ກຳໄລ ຈາກຫຼັກຊັບລົງທຶນ."
"l10n_la_account_766","766","Gain on financial instruments and similar instruments","l10n_la_account_76","True","income_other","False","","account.account_tag_financing","","Gains on financial instruments.","ມູນຄ່າສ່ວນເກີນ ເຄື່ອງມືການເງິນ ແລະ ເຄື່ອງມືປະເພດດຽວກັນ","ກຳໄລ ຈາກເຄື່ອງມືການເງິນ ແລະ ເຄື່ອງມືປະເພດດຽວກັນ."
"l10n_la_account_767","767","Net income on realization of short-term investment securities","l10n_la_account_76","True","income_other","False","","account.account_tag_financing","","Net gains on the sale of short-term investment securities.","ລາຍຮັບສຸດທິ ຈາກການຂາຍຫຼັກຊັບໝູນທຶນ","ກຳໄລສຸດທິ ຈາກການຂາຍຫຼັກຊັບລົງທຶນໄລຍະສັ້ນ."
"l10n_la_account_768","768","Other financial revenue","l10n_la_account_76","True","income_other","False","","account.account_tag_financing","","Other financial income.","ລາຍຮັບການເງິນອື່ນໆ","ລາຍຮັບການເງິນອື່ນໆ."
"l10n_la_account_77","77","Comprehensive Income after Tax","","False","income_other","False","","account.account_tag_operating","","Group of accounts: post entries to its sub-accounts.","ລາຍຮັບສັງລວມ ຫຼັງອາກອນ","ໝວດບັນຊີ: ໃຫ້ບັນທຶກລາຍການໃສ່ບັນຊີຍ່ອຍ."
"l10n_la_account_773","773","Gains on valuation (assets-liabilities) of foreign currencies","l10n_la_account_77","True","income_other","False","","account.account_tag_operating","","Gains on revaluation of foreign currency assets and liabilities.","ສ່ວນໄດ້ຈາກການຕີມູນຄ່າ (ຊັບສິນ-ໜີ້ສິນ) ທີ່ເປັນເງິນຕາຕ່າງປະເທດ","ກຳໄລ ຈາກການຕີມູນຄ່າ ຊັບສິນ ແລະ ໜີ້ສິນ ທີ່ເປັນເງິນຕາຕ່າງປະເທດ."
"l10n_la_account_774","774","Gains on revaluation of fixed assets","l10n_la_account_77","True","income_other","False","","account.account_tag_operating","","Increase from the revaluation of fixed assets.","ສ່ວນໄດ້ຈາກການຕີມູນຄ່າ ຊັບສົມບັດຄົງທີ່ຄືນໃໝ່ເພີ່ມຂຶ້ນ","ການເພີ່ມຂຶ້ນ ຈາກການຕີມູນຄ່າຊັບສົມບັດຄົງທີ່ຄືນໃໝ່."
"l10n_la_account_775","775","Gains on disposal or combination of entity","l10n_la_account_77","True","income_other","False","","account.account_tag_investing","","Gains on the disposal or combination of entities.","ສ່ວນໄດ້ຈາກການຊຳລະສະສາງ ຫຼື ການຄວບ ບໍລິສັດ","ກຳໄລ ຈາກການຊຳລະສະສາງ ຫຼື ການຄວບບໍລິສັດ."
"l10n_la_account_778","778","Other comprehensive income after tax","l10n_la_account_77","False","income_other","False","","account.account_tag_operating","","Group of accounts: post entries to its sub-accounts.","ລາຍຮັບສັງລວມອື່ນໆ ຫຼັງອາກອນ","ໝວດບັນຊີ: ໃຫ້ບັນທຶກລາຍການໃສ່ບັນຊີຍ່ອຍ."
"l10n_la_account_7781","7781","Gains on adjustment of first-time adoption","l10n_la_account_778","True","income_other","False","","account.account_tag_operating","","Gains from adjustments on first-time adoption of the standards.","ສ່ວນໄດ້ຈາກລາຍການດັດແກ້ການຮັບຮອງນຳໃຊ້ຄັ້ງທຳອິດ","ສ່ວນໄດ້ ຈາກລາຍການດັດແກ້ ການຮັບຮອງນຳໃຊ້ມາດຕະຖານຄັ້ງທຳອິດ."
"l10n_la_account_7782","7782","Gains on changes in accounting policies","l10n_la_account_778","True","income_other","False","","account.account_tag_operating","","Gains from changes in accounting policies.","ສ່ວນໄດ້ຈາກການປ່ຽນແປງນະໂຍບາຍດ້ານບັນຊີ","ສ່ວນໄດ້ ຈາກການປ່ຽນແປງນະໂຍບາຍດ້ານບັນຊີ."
"l10n_la_account_7783","7783","Gains on corrections of errors","l10n_la_account_778","True","income_other","False","","account.account_tag_operating","","Gains from corrections of accounting errors.","ສ່ວນໄດ້ຈາກການແກ້ໄຂຂໍ້ຜິດພາດດ້ານບັນຊີ","ສ່ວນໄດ້ ຈາກການແກ້ໄຂຂໍ້ຜິດພາດດ້ານບັນຊີ."
"l10n_la_account_7788","7788","Other comprehensive income","l10n_la_account_778","True","income_other","False","","account.account_tag_operating","","Other comprehensive income after tax.","ລາຍຮັບສັງລວມອື່ນໆ","ລາຍຮັບສັງລວມອື່ນໆ ຫຼັງອາກອນ."
"l10n_la_account_78","78","Depreciation, Impairment and Provisions Written Back","","False","income_other","False","","account.account_tag_operating","","Group of accounts: post entries to its sub-accounts.","ເກັບຄືນ ຄ່າຫຼຸ້ຍຫ້ຽນ, ຄ່າສູນເສຍມູນຄ່າ ແລະ ເງິນແຮ","ໝວດບັນຊີ: ໃຫ້ບັນທຶກລາຍການໃສ່ບັນຊີຍ່ອຍ."
"l10n_la_account_782","782","Depreciation written back of tangible fixed assets","l10n_la_account_78","True","income_other","False","","account.account_tag_operating","","Reversal of depreciation of tangible fixed assets.","ເກັບຄືນ ຄ່າຫຼຸ້ຍຫ້ຽນ - ຊັບສົມບັດຄົງທີ່ ມີຕົວຕົນ","ການເກັບຄືນ ຄ່າຫຼຸ້ຍຫ້ຽນ ຂອງຊັບສົມບັດຄົງທີ່ມີຕົວຕົນ."
"l10n_la_account_783","783","Depreciation written back of intangible fixed assets","l10n_la_account_78","True","income_other","False","","account.account_tag_operating","","Reversal of amortisation of intangible fixed assets.","ເກັບຄືນ ຄ່າຫຼຸ້ຍຫ້ຽນ - ຊັບສົມບັດຄົງທີ່ ບໍ່ມີຕົວຕົນ","ການເກັບຄືນ ຄ່າຫຼຸ້ຍຫ້ຽນ ຂອງຊັບສົມບັດຄົງທີ່ບໍ່ມີຕົວຕົນ."
"l10n_la_account_784","784","Provisions for charges written back","l10n_la_account_78","True","income_other","False","","account.account_tag_operating","","Reversal of provisions for liabilities and charges.","ເກັບຄືນ ເງິນແຮ ເພື່ອລາຍຈ່າຍ","ການເກັບຄືນ ເງິນແຮ ເພື່ອລາຍຈ່າຍ."
"l10n_la_account_785","785","Impairment written back of fixed assets","l10n_la_account_78","True","income_other","False","","account.account_tag_operating","","Reversal of impairment of fixed assets.","ເກັບຄືນ ຄ່າສູນເສຍມູນຄ່າ - ຊັບສົມບັດຄົງທີ່","ການເກັບຄືນ ຄ່າສູນເສຍມູນຄ່າ ຂອງຊັບສົມບັດຄົງທີ່."
"l10n_la_account_786","786","Impairment written back of inventory","l10n_la_account_78","True","income_other","False","","account.account_tag_operating","","Reversal of impairment of inventories.","ເກັບຄືນ ຄ່າສູນເສຍມູນຄ່າ - ເຄື່ອງໃນສາງ","ການເກັບຄືນ ຄ່າສູນເສຍມູນຄ່າ ຂອງເຄື່ອງໃນສາງ."
"l10n_la_account_787","787","Impairment written back of doubtful debts","l10n_la_account_78","True","income_other","False","","account.account_tag_operating","","Reversal of impairment of doubtful receivables.","ເກັບຄືນ ຄ່າສູນເສຍມູນຄ່າ - ໜີ້ຕ້ອງຮັບທວງຍາກ","ການເກັບຄືນ ຄ່າສູນເສຍມູນຄ່າ ຂອງໜີ້ຕ້ອງຮັບທວງຍາກ."
"l10n_la_account_788","788","Impairment written back of financial assets","l10n_la_account_78","True","income_other","False","","account.account_tag_operating","","Reversal of impairment of financial assets.","ເກັບຄືນ ຄ່າສູນເສຍມູນຄ່າ - ຊັບສິນການເງິນ","ການເກັບຄືນ ຄ່າສູນເສຍມູນຄ່າ ຂອງຊັບສິນການເງິນ."
"l10n_la_account_999999","999999","Current year earnings","","True","equity_unaffected","False","","","","Not in the MoF chart. Odoo's current year earnings account: the year-end closing entry moves the result of the year from here to 331 (profit) or 339 (loss). It starts each fiscal year at zero, like income and expenses.","ການແບ່ງປັນ ຜົນໄດ້ຮັບສຸດທິ ໃນປີ","ບໍ່ມີໃນຜັງບັນຊີ ຂອງກະຊວງການເງິນ. ບັນຊີຜົນໄດ້ຮັບປີປັດຈຸບັນ ຂອງ Odoo: ລາຍການປິດບັນຊີທ້າຍປີ ໂອນຜົນໄດ້ຮັບຂອງປີ ຈາກບັນຊີນີ້ ໄປບັນຊີ 331 (ກຳໄລ) ຫຼື 339 (ຂາດທຶນ). ເລີ່ມຕົ້ນເປັນສູນ ທຸກສົກປີ ຄືກັບລາຍຮັບ ແລະ ລາຍຈ່າຍ."
